{"type":"FeatureCollection","crs":{"type":"name","properties":{"name":"EPSG:4326"}},"features":[{"type":"Feature","id":13,"geometry":{"type":"MultiPolygon","coordinates":[[[[-104.859156070727,38.9546583351903],[-104.859125687277,38.9534161723617],[-104.859108986368,38.9527333448272],[-104.859098619315,38.952309509713],[-104.859087431137,38.9518520715779],[-104.859063842069,38.9508875943924],[-104.859061827689,38.9508052428814],[-104.859047356287,38.9502135205662],[-104.85898090215,38.9474962452973],[-104.858961287369,38.9466942128047],[-104.85895913181,38.9466060634315],[-104.858911799453,38.944670507018],[-104.858911500417,38.944658280689],[-104.856995149521,38.9443729602688],[-104.856944340669,38.9443653950514],[-104.856914641201,38.9443960024804],[-104.856860628989,38.9444516644617],[-104.85689938586,38.9444619665684],[-104.856931432387,38.944470484798],[-104.856892950035,38.9444679478394],[-104.856140578532,38.9444183375997],[-104.855390574967,38.9443688779454],[-104.855314574305,38.9443638659925],[-104.855238321172,38.944358837276],[-104.855193587993,38.944355886747],[-104.854088876357,38.9442830259351],[-104.853750284544,38.9442438479681],[-104.853395713319,38.9442028199111],[-104.85328892061,38.9441904628163],[-104.853057750305,38.9441637127852],[-104.852140952935,38.9440576212947],[-104.851469584148,38.9439799259379],[-104.850795190757,38.943901876499],[-104.850277950406,38.943842011943],[-104.849767960339,38.9437829846727],[-104.849715809725,38.9437769483633],[-104.848495263626,38.9436356680913],[-104.848394822024,38.9436240420326],[-104.848342090743,38.9436087833361],[-104.848254755872,38.9437914275231],[-104.848401897137,38.9438340076494],[-104.848200228788,38.9442624086709],[-104.848161012307,38.944345715016],[-104.848183851101,38.9444498988075],[-104.848360964986,38.9452578026485],[-104.848137669316,38.9452116355623],[-104.847374554009,38.9450538527979],[-104.846953312398,38.9449667546769],[-104.846238712823,38.9448189958075],[-104.846690000853,38.943847142005],[-104.846786151842,38.9436400774676],[-104.846785421159,38.9436388761193],[-104.846560533991,38.9432689471122],[-104.846632456922,38.9431140569352],[-104.845653513429,38.9428307610409],[-104.845542652882,38.9427986783869],[-104.845224820988,38.9427066982159],[-104.844423309813,38.9424747369679],[-104.843003776487,38.9422894223505],[-104.842921614779,38.9422600721327],[-104.841958115477,38.9419158744499],[-104.841273037786,38.9416313225099],[-104.840339529433,38.9412435721846],[-104.83967053811,38.9409622144136],[-104.839554725547,38.9409322104255],[-104.839486076519,38.9409144222789],[-104.839024709102,38.9407948759315],[-104.838873244805,38.9407556294179],[-104.838403342115,38.9406338691095],[-104.838320511962,38.9406124060724],[-104.837847715481,38.9404905585802],[-104.836968192159,38.9402113521433],[-104.836852251817,38.9401599744512],[-104.836843938208,38.9402031936968],[-104.83677249586,38.9402051196138],[-104.836506326812,38.9401024411082],[-104.835986231349,38.939908003034],[-104.832463215933,38.9385908325516],[-104.831177111614,38.9381099499547],[-104.831042379012,38.9380603321553],[-104.829462737173,38.9374785856523],[-104.829462729974,38.9374799576262],[-104.829462571393,38.9375089420015],[-104.829460037521,38.937972083929],[-104.829457108485,38.9385073016482],[-104.829447587382,38.9402473375635],[-104.830040478674,38.9402492782349],[-104.831169679762,38.9402529675281],[-104.831169447601,38.9403627571015],[-104.832469805121,38.9403669916464],[-104.832469088224,38.9407100821606],[-104.832469069553,38.9407190546502],[-104.832467443061,38.9414971883216],[-104.83246601915,38.9421785127446],[-104.831253055445,38.9423869844976],[-104.83116514989,38.9424020919587],[-104.831163614852,38.9431304605874],[-104.831162097303,38.9438499962907],[-104.831161859359,38.9439632108627],[-104.831160182211,38.9447587702842],[-104.831158939284,38.94534822465],[-104.831154457018,38.947473753509],[-104.831154456937,38.9474741291682],[-104.829455773619,38.9474744085521],[-104.828337119747,38.9474745793365],[-104.825139807241,38.9434148313764],[-104.824938437631,38.9431591231257],[-104.824812509409,38.9429992133142],[-104.82332700419,38.9411127709613],[-104.823090177661,38.9408040120303],[-104.822986479559,38.9406642512059],[-104.822921131049,38.9405761762604],[-104.822681861991,38.9402366719705],[-104.822681643515,38.9402365995302],[-104.822680834297,38.940235212893],[-104.822673565268,38.9402248989166],[-104.822674815634,38.9402249034947],[-104.821667660868,38.9384994914158],[-104.821682774297,38.9366731790617],[-104.822913462593,38.9366846835857],[-104.82293249084,38.9366686418531],[-104.822929670968,38.9366686074215],[-104.823035904002,38.9352455186679],[-104.823038025214,38.9352171042369],[-104.823017709896,38.9352149185132],[-104.822920813885,38.9351717247012],[-104.822730602719,38.9350333507777],[-104.822654288093,38.9349614876539],[-104.822538854577,38.934838945524],[-104.822473010696,38.9347596408637],[-104.822383761958,38.934646248933],[-104.822345097059,38.9345851234274],[-104.822307487805,38.9345256679557],[-104.822246954435,38.9344026922618],[-104.822199123493,38.9342719070907],[-104.822137431467,38.9342229261041],[-104.821772775793,38.9331076883234],[-104.821711532227,38.9330331665922],[-104.821697111524,38.9347811446078],[-104.821013150746,38.9347806637035],[-104.819778948442,38.9347797845637],[-104.819599973721,38.9347796557267],[-104.819456524273,38.9347795525024],[-104.819465354959,38.9347972241835],[-104.820559577021,38.9369868745116],[-104.820968604909,38.937805344339],[-104.821406722283,38.9386819988525],[-104.821579808413,38.9390224919278],[-104.821662057659,38.9391765085768],[-104.821666933859,38.9391856393437],[-104.821648460939,38.9402240981159],[-104.822216780426,38.9402228589183],[-104.822275676634,38.9402227300267],[-104.822286518037,38.94023799527],[-104.822788674082,38.9409450593484],[-104.823025500923,38.9412538188946],[-104.823519340601,38.9418638604821],[-104.825070545251,38.9438505771196],[-104.825392948604,38.9442620184223],[-104.825421093567,38.944297935997],[-104.82531890001,38.9442974712636],[-104.824966185765,38.9438481896757],[-104.822955320674,38.9438550054671],[-104.822111786559,38.9438551071262],[-104.822112709284,38.944404059984],[-104.821690938385,38.9444041085198],[-104.821083721676,38.9446798916248],[-104.821083242776,38.9446785825777],[-104.82107993892,38.9446695402468],[-104.821079238639,38.9446680992826],[-104.821076428541,38.9446623092479],[-104.821074745179,38.9446588428101],[-104.821074230763,38.9446579902935],[-104.821069833922,38.9446506919612],[-104.821068836915,38.9446490366613],[-104.82106859208,38.9446487037146],[-104.821062768317,38.9446407961781],[-104.821062080495,38.9446398615717],[-104.821690826655,38.9443395429809],[-104.821690361737,38.9440650660721],[-104.820637834643,38.9440585771927],[-104.820634105941,38.9425858351492],[-104.821012847183,38.9418619457345],[-104.821425595828,38.9413841001065],[-104.821536494653,38.9409956467589],[-104.821064985067,38.9407319964808],[-104.820562119967,38.940635111941],[-104.820360763327,38.9406840317931],[-104.820164521235,38.9406237559302],[-104.819346860389,38.940372604198],[-104.819117458997,38.9402412651419],[-104.819078095895,38.9402187284283],[-104.818177865405,38.9402343408329],[-104.817866725688,38.9402320464156],[-104.817278842835,38.9402277092213],[-104.816993806404,38.9398443469107],[-104.816900090788,38.9397196268605],[-104.816884130816,38.9396990267578],[-104.816876170202,38.939689350668],[-104.816867993984,38.9396797841177],[-104.816859604434,38.9396703307237],[-104.81685100613,38.9396609941163],[-104.816842200218,38.9396517752031],[-104.816833188969,38.9396426776008],[-104.81682397581,38.9396337049329],[-104.81681456303,38.9396248590146],[-104.816804955216,38.9396161425753],[-104.816795152343,38.9396075583174],[-104.816785160144,38.9395991098781],[-104.816774980915,38.9395907981716],[-104.816764616931,38.9395826268147],[-104.816754071633,38.9395745976293],[-104.816743348447,38.9395667142389],[-104.816732450824,38.9395589775647],[-104.816721382192,38.9395513912301],[-104.816710146,38.9395439561562],[-104.816698744522,38.9395366759598],[-104.816687182353,38.9395295524696],[-104.816675462936,38.9395225875075],[-104.81665188798,38.9395084198526],[-104.816856466803,38.9391231092315],[-104.816634725237,38.9388292491969],[-104.816027643717,38.9387945255709],[-104.816029966137,38.9382675325491],[-104.815898583445,38.9383144084567],[-104.815207364681,38.938312547376],[-104.814773461548,38.9382008171943],[-104.814337669267,38.9382441256828],[-104.813687177328,38.9385729094027],[-104.813846375517,38.9394241982058],[-104.813877100922,38.9395884863514],[-104.813882621085,38.9396180006077],[-104.813989019589,38.9401868881198],[-104.813988916914,38.940186889316],[-104.81380976388,38.9401875586739],[-104.813769285427,38.9401873694292],[-104.813769238136,38.9401873691502],[-104.813205037099,38.9401847266826],[-104.812849789215,38.9401830619763],[-104.81232256521,38.9401868514256],[-104.811591348629,38.9401921024711],[-104.811591643971,38.9401925735695],[-104.811591743928,38.9401927336141],[-104.811636048846,38.9402633974852],[-104.811636179483,38.9402636054572],[-104.81194902809,38.9405994880083],[-104.812005609823,38.9406602355613],[-104.811634064501,38.941119301766],[-104.81153405286,38.9412428706496],[-104.81093064583,38.9419883964486],[-104.810885001396,38.9420447913396],[-104.810593838122,38.9424045245039],[-104.810156900057,38.9426387777581],[-104.810172952089,38.9429438768563],[-104.810175527366,38.942992818981],[-104.810207641007,38.9436031469102],[-104.810235252879,38.9441279200234],[-104.810232465254,38.9441728277994],[-104.810187282616,38.9453579468821],[-104.810187279381,38.9453580423545],[-104.810136740168,38.9466836156441],[-104.810119999818,38.947122670496],[-104.810106898362,38.9474662958555],[-104.809224387669,38.9480196568377],[-104.807389316839,38.9491702535297],[-104.807317404956,38.949215341535],[-104.807301283041,38.949225449629],[-104.806730061205,38.949583593498],[-104.806076149817,38.9499995209867],[-104.805771046181,38.9502005636002],[-104.805477893933,38.9503937284438],[-104.805458640535,38.9503754250576],[-104.805456395934,38.950376791781],[-104.805453354463,38.9503738836515],[-104.804295631217,38.9492668110519],[-104.802276369599,38.9472095331574],[-104.802272376592,38.9472044022071],[-104.802266229562,38.9471965935798],[-104.802249831832,38.9471764239653],[-104.802205436542,38.9471248381233],[-104.802067788721,38.9469733752103],[-104.801897088963,38.9467860458538],[-104.801861227852,38.9467427485946],[-104.801803408685,38.9466723818821],[-104.801745555017,38.9466020158334],[-104.801687703762,38.9465316506699],[-104.801629851487,38.9464612836684],[-104.801536099793,38.9463442975545],[-104.801491098947,38.9462863639025],[-104.801441005244,38.946220904455],[-104.801370149542,38.9461249242199],[-104.801295358433,38.9460178811049],[-104.801223311751,38.9459107445187],[-104.801053688145,38.9456432424575],[-104.800964394289,38.9454845176433],[-104.800901792622,38.9453645597353],[-104.800841187284,38.9452525215816],[-104.800770410183,38.9451379791083],[-104.800736868411,38.9451479077191],[-104.800737044511,38.9451300419222],[-104.79993756056,38.9430140387906],[-104.799322966946,38.9410593026509],[-104.798835886251,38.9395910240732],[-104.797305213442,38.9396056936045],[-104.794639105365,38.9396186766473],[-104.793781569601,38.9396134734461],[-104.792420261449,38.9396488808621],[-104.790313559271,38.9396506065016],[-104.787945722588,38.9396652555582],[-104.785167903803,38.9396627787507],[-104.783657895378,38.9396534894092],[-104.783248064275,38.9396218442838],[-104.782446896568,38.9395732253985],[-104.781348047423,38.9394645211714],[-104.780454706339,38.9393133985287],[-104.77900344236,38.9390277719437],[-104.777850460273,38.9387439802909],[-104.777218269338,38.938579892976],[-104.776976519127,38.9385201503504],[-104.775201423461,38.9385213719393],[-104.775114218936,38.9402434694034],[-104.775114219715,38.9402436189523],[-104.775115866887,38.94027117144],[-104.775115871126,38.9402713210105],[-104.775044936588,38.9402706438181],[-104.775035103747,38.9402706672177],[-104.775035102968,38.9402705176688],[-104.775035027617,38.9402643453557],[-104.775034967758,38.9402643332713],[-104.775020144788,38.9402643570994],[-104.774861380905,38.9402647323022],[-104.774521893046,38.9402655342808],[-104.773763967347,38.9402673225355],[-104.773505655288,38.9402649347712],[-104.773370076495,38.9402636816345],[-104.773222967059,38.940262322064],[-104.772351966505,38.9402553218965],[-104.772253625482,38.9402553228777],[-104.772218327782,38.9402553227508],[-104.771087230164,38.9402553230098],[-104.771066492187,38.9402553227813],[-104.770839966284,38.9402553218947],[-104.77017896643,38.9402603221604],[-104.76999641397,38.9402599712181],[-104.769914611415,38.9402598136609],[-104.768787740456,38.940257642493],[-104.768762798384,38.9402575947063],[-104.76810496592,38.9402563222466],[-104.767789965916,38.9402533227608],[-104.767671366518,38.9402525626389],[-104.767611019488,38.9402521763888],[-104.766497634881,38.9402450393009],[-104.766385965398,38.9402443224678],[-104.766118965265,38.9402283225537],[-104.766046398529,38.9402014458395],[-104.766037965162,38.9401983224681],[-104.766037940327,38.9401982700611],[-104.766035319583,38.94019280147],[-104.766014965715,38.9401503223215],[-104.766006965482,38.9401343228681],[-104.766006969336,38.9401341733483],[-104.766012945934,38.9399303328574],[-104.766012949787,38.9399301833376],[-104.766015682479,38.93983696882],[-104.766015686333,38.9398368193001],[-104.766015965686,38.9398273223075],[-104.766015970693,38.9398271727949],[-104.766017344339,38.9397903963071],[-104.766017350499,38.9397902468018],[-104.766019964504,38.9397203225831],[-104.766019968358,38.9397201730633],[-104.76602614665,38.9393383871117],[-104.76602614935,38.9393382375846],[-104.766026159651,38.9393375764122],[-104.766026162351,38.9393374268851],[-104.766032808785,38.9389267728391],[-104.766032811485,38.938926623312],[-104.766033489232,38.9388847480181],[-104.766033491933,38.938884598491],[-104.766033965515,38.9388553223551],[-104.766033968216,38.938855172828],[-104.766039965733,38.9385313223471],[-104.766039966127,38.9385311728054],[-104.766040162934,38.938458627111],[-104.766040163327,38.9384584775694],[-104.766040235092,38.9384319159158],[-104.766040235486,38.9384317663741],[-104.766040965045,38.9381623221189],[-104.766040965439,38.9381621725772],[-104.766041748456,38.9379894738206],[-104.76604174885,38.9379893242788],[-104.766041795153,38.9379790501657],[-104.766041795547,38.937978900624],[-104.766043773982,38.9375423450114],[-104.766043774375,38.9375421954697],[-104.766043846533,38.9375261883917],[-104.766043846927,38.93752603885],[-104.766045768586,38.9371018824106],[-104.766045768979,38.9371017328688],[-104.766045897887,38.9370733265925],[-104.766045898281,38.9370731770509],[-104.76604596544,38.9370583221513],[-104.766045965833,38.9370581726096],[-104.766047964788,38.9366903218253],[-104.766047966335,38.9366901722908],[-104.766048459021,38.9366204670843],[-104.766048460568,38.9366203175499],[-104.766048469613,38.9366191086412],[-104.76604847116,38.9366189591068],[-104.766048964299,38.9365493214677],[-104.766048961233,38.9365491719042],[-104.766044965736,38.9363733223519],[-104.76604496267,38.9363731727884],[-104.766040591346,38.936175451372],[-104.766040588279,38.9361753018085],[-104.76604041595,38.9361675415388],[-104.766040412883,38.9361673919753],[-104.766030404177,38.9357146035443],[-104.766030401111,38.9357144539807],[-104.76603033891,38.9357116581924],[-104.766030335843,38.9357115086289],[-104.76602396493,38.9354233219464],[-104.766023961863,38.9354231723829],[-104.76602046832,38.9352654892893],[-104.766020465254,38.9352653397257],[-104.766017200637,38.9351179748232],[-104.766017109452,38.9351138554755],[-104.766017106386,38.935113705912],[-104.766016964813,38.9351073214621],[-104.765697964486,38.9352493217954],[-104.76511596487,38.9355093223031],[-104.764886964658,38.9356133219271],[-104.76446896472,38.9357253221554],[-104.763980963869,38.9359603222177],[-104.763046963522,38.936456321989],[-104.762951963952,38.9365553219186],[-104.762471964158,38.9367973229034],[-104.761842963534,38.9371153223578],[-104.761726963712,38.937162322296],[-104.761680855539,38.9371812136374],[-104.76165013798,38.9371937992812],[-104.761582964056,38.9372213223165],[-104.761406964126,38.9372943220673],[-104.761094963746,38.9373943224648],[-104.760931964413,38.9374473219158],[-104.760860783873,38.9374438499058],[-104.760685963217,38.9374353229175],[-104.760362963617,38.9375163223886],[-104.759962963773,38.9376023218952],[-104.759351963717,38.9377113226699],[-104.759062964003,38.9377673224112],[-104.758887963878,38.937800322548],[-104.758714963651,38.9378343234211],[-104.758659963819,38.9378443229825],[-104.758185963848,38.9378863228539],[-104.757064962811,38.9378913228084],[-104.756822963551,38.937888322874],[-104.756828722306,38.9379641416903],[-104.756828963509,38.9379673232998],[-104.756830962889,38.9380373228041],[-104.756703639831,38.9380358011684],[-104.756579963647,38.9380343225206],[-104.756376963146,38.9380323222319],[-104.755729962755,38.9380443232148],[-104.755374962974,38.9380513229226],[-104.754950963639,38.9380893235514],[-104.75438596188,38.9381703227495],[-104.753934962934,38.938258323235],[-104.753574962688,38.9383643224699],[-104.753109962717,38.9385233229395],[-104.752528961909,38.9387553231714],[-104.752466962019,38.9387813229203],[-104.751524961564,38.9392063232491],[-104.750888961983,38.9395043239872],[-104.750755962581,38.9395673237227],[-104.750267962094,38.9397333230558],[-104.750014961672,38.9398263230399],[-104.749603962195,38.9399433231709],[-104.749167961139,38.9400373243342],[-104.748872961083,38.9400953240162],[-104.748727962076,38.9401253234805],[-104.748358961566,38.9401733244107],[-104.748187823356,38.9401961419257],[-104.748178961022,38.9401973233419],[-104.748167986361,38.9401224387824],[-104.748162891712,38.9400876728215],[-104.7481619612,38.9400813237834],[-104.740672959477,38.9401023240403],[-104.740678959347,38.9400543242955],[-104.740694959389,38.9400053240988],[-104.740694959847,38.9399823239809],[-104.740710410601,38.939939484852],[-104.740713063279,38.9399318708947],[-104.740716837677,38.9399214075994],[-104.740716818589,38.9399213588278],[-104.740716959684,38.9399213246149],[-104.741090960105,38.9394783245484],[-104.741472959689,38.9392113244432],[-104.741960959537,38.9389563243607],[-104.742532959972,38.938910324375],[-104.7429219597,38.9388983240398],[-104.743303960304,38.9388603237018],[-104.743562960537,38.9388223240647],[-104.743867959931,38.9387083236758],[-104.7442499604,38.9383113234562],[-104.744714960261,38.9384293236183],[-104.745347960178,38.9381853234776],[-104.745889960492,38.9379563240426],[-104.746301960184,38.9377693233909],[-104.746705960981,38.9375563235271],[-104.746957961203,38.9374183230982],[-104.747308960843,38.9372243232954],[-104.747995961434,38.9367893233691],[-104.748323961384,38.9364033234301],[-104.748555961351,38.9357933235452],[-104.748681960585,38.9356333231592],[-104.748934961457,38.9350453231711],[-104.749103961152,38.9347983227783],[-104.749204961143,38.9345533227779],[-104.749644960666,38.934199322944],[-104.749847960942,38.9338803225514],[-104.750122961293,38.9336713228422],[-104.750438960677,38.9334353227756],[-104.750689961565,38.9331393222741],[-104.751139961145,38.9325783225219],[-104.751594961581,38.9318863225263],[-104.751939961513,38.9315003227268],[-104.752310961732,38.9310843225137],[-104.752730961139,38.9306803220474],[-104.752927961917,38.930275322102],[-104.753233799325,38.9301574082907],[-104.753201567135,38.9300987141217],[-104.753158002818,38.9300193532774],[-104.753114438295,38.929940021242],[-104.753070872735,38.9298606873804],[-104.753027308407,38.9297813553109],[-104.752983743335,38.9297019934901],[-104.752940179212,38.9296226604855],[-104.752896615176,38.9295433283647],[-104.752853050103,38.9294639944178],[-104.752743048304,38.9292507849586],[-104.752634620589,38.9290251760088],[-104.752601606187,38.9289355038013],[-104.752551088557,38.9287854193218],[-104.752365778059,38.9281829952656],[-104.75230812838,38.9279526593928],[-104.752186268152,38.9275775325757],[-104.752164308213,38.9275097603001],[-104.752094379724,38.9273038931673],[-104.751954556961,38.9269588279196],[-104.751953776085,38.9269566481947],[-104.751501115417,38.92624134146],[-104.751181931368,38.925911022865],[-104.749999034691,38.9248667211088],[-104.749410941842,38.9243607308575],[-104.74883743276,38.9240351069293],[-104.747780590195,38.9235285461883],[-104.747778802872,38.9235253707665],[-104.747777249415,38.9235273318253],[-104.746903158765,38.9231354268448],[-104.746489961262,38.9229602901283],[-104.746525210473,38.9228122107082],[-104.746478629343,38.9226154747105],[-104.746378568923,38.922107900359],[-104.746220452924,38.9217203439078],[-104.746103163657,38.9213077067646],[-104.746023406307,38.9208530105777],[-104.745967474949,38.9202158800534],[-104.74545645425,38.9191349583368],[-104.745172206531,38.9183493988687],[-104.744552725454,38.9176432991688],[-104.743665234848,38.9165925783187],[-104.743667844685,38.9163476840595],[-104.743669410578,38.9162007475006],[-104.743694833163,38.9157764009261],[-104.743698138776,38.9154662024007],[-104.743827522323,38.9150915132493],[-104.743849986542,38.9149447134709],[-104.743769875604,38.9146176450207],[-104.743703388711,38.9145421104347],[-104.743746274877,38.9145261042871],[-104.743702958074,38.9145113203047],[-104.743358878475,38.9142885292464],[-104.743094385316,38.9141308433253],[-104.742518957754,38.9140413204731],[-104.743036957124,38.9137223199869],[-104.743198119373,38.9136134940651],[-104.74299766655,38.9133593024645],[-104.743008000608,38.9132179921359],[-104.742986219138,38.9132173179147],[-104.742998980558,38.9132172946936],[-104.743029349545,38.9114221549783],[-104.743030155541,38.9114221539194],[-104.747561180818,38.9114139080967],[-104.748094869313,38.9114129282194],[-104.748750561291,38.9114117207442],[-104.749041937787,38.9114111832299],[-104.749161522132,38.9114109618454],[-104.74945552648,38.9114104186432],[-104.749521079989,38.911410297644],[-104.749572482956,38.9114102023949],[-104.749983447229,38.9114094415144],[-104.75039441035,38.911408678273],[-104.750821313572,38.9114078847586],[-104.751248216784,38.9114070896769],[-104.751730677486,38.9114061884288],[-104.752097408586,38.9114055020651],[-104.752097538194,38.911397469819],[-104.752105755489,38.9108891269941],[-104.752110190787,38.9106147299301],[-104.752114626051,38.9103403328573],[-104.752115158653,38.910307404886],[-104.752118327645,38.9101113773769],[-104.752118618808,38.91009337441],[-104.752121496667,38.9099153453593],[-104.752122194955,38.9098721638191],[-104.752126203338,38.9096241550417],[-104.752127567622,38.9095397610582],[-104.752129863435,38.9093977082062],[-104.752132414278,38.9092398764055],[-104.752135052894,38.9090766678574],[-104.752137262047,38.9089399917498],[-104.752140144411,38.9087616356881],[-104.752142108621,38.9086401070763],[-104.752147002232,38.9083373957564],[-104.752151803963,38.908040336812],[-104.752152724967,38.9079833454142],[-104.752156650415,38.9077404521073],[-104.752157159873,38.9077089509601],[-104.752161545781,38.9074375623952],[-104.752164090812,38.9072801593377],[-104.752166030717,38.907160163835],[-104.75216634551,38.9071406817807],[-104.752170465521,38.9068857693549],[-104.752171193002,38.9068407961514],[-104.752174901434,38.9066113757743],[-104.752176040452,38.9065409105118],[-104.752179336169,38.9063369812768],[-104.752180886699,38.9062410257553],[-104.752183775458,38.9060622606842],[-104.752185732905,38.9059411409884],[-104.752188213602,38.9057876454779],[-104.75219057907,38.9056412562111],[-104.752192638996,38.9055137995267],[-104.752195426356,38.9053413705302],[-104.752214903476,38.9041362833971],[-104.752218007637,38.9039441687284],[-104.752290845999,38.8994367205599],[-104.752290795277,38.8994367202337],[-104.751491291526,38.8994355022369],[-104.751492297047,38.8991350249761],[-104.751493302551,38.8988345486061],[-104.752300501531,38.8988356746888],[-104.75230055917,38.8988356750595],[-104.752311656245,38.8981407628673],[-104.752312669489,38.8979366367859],[-104.751325283108,38.8979329270509],[-104.751322140524,38.8979329230279],[-104.75059307967,38.897932092028],[-104.750446027064,38.897931924128],[-104.750309210328,38.8979317698016],[-104.749742389264,38.8979311273897],[-104.749609985546,38.8979309754962],[-104.748794049357,38.8979300327579],[-104.748792950601,38.8982546934709],[-104.748789984404,38.8982546878167],[-104.748091134489,38.8982532408922],[-104.748084386335,38.8982608060283],[-104.74808691988,38.8984924569692],[-104.747837943324,38.8984829186463],[-104.747196651494,38.8984819018114],[-104.747018685744,38.8984836545606],[-104.747021893378,38.8979472443788],[-104.746963975337,38.8979470998446],[-104.746864230884,38.8979489500153],[-104.745392200799,38.8991914266581],[-104.742226253372,38.9018634548627],[-104.740350410171,38.9034465117959],[-104.740227098142,38.9033573050171],[-104.740270567544,38.9033245972684],[-104.740340855769,38.9032715671522],[-104.740399775577,38.9032234328406],[-104.740474350422,38.9031605732852],[-104.740548923991,38.9030977127732],[-104.740623532877,38.9030348794707],[-104.740698106172,38.902972019763],[-104.740772715937,38.9029091872722],[-104.740847288968,38.9028463274678],[-104.740897038608,38.9028045859891],[-104.740921482931,38.9027861281254],[-104.740933515775,38.9027781609813],[-104.740944165546,38.9027714478316],[-104.740947490722,38.9027693831168],[-104.740985059695,38.9027393968583],[-104.741017920084,38.902712866232],[-104.741102300132,38.9026366697841],[-104.741142015438,38.9025998048968],[-104.741216445398,38.9025372177897],[-104.7412909101,38.9024746038358],[-104.741365338923,38.9024119905014],[-104.741439698154,38.9023495117969],[-104.741514127877,38.9022868974731],[-104.741588592054,38.9022242833268],[-104.741663020073,38.9021616959236],[-104.741737449403,38.9020990814555],[-104.741811913195,38.9020364662641],[-104.741886341099,38.9019738525931],[-104.741942189767,38.9019269046516],[-104.742118705042,38.9017783779255],[-104.746714525695,38.8978390373275],[-104.747951151544,38.8968709349019],[-104.747965176409,38.8978535298713],[-104.748051735046,38.8978501124309],[-104.749559929816,38.897843263996],[-104.751316688211,38.8978376574351],[-104.751317208644,38.8978194640349],[-104.75231174018,38.8978250035342],[-104.75231690311,38.8978250610638],[-104.752316787683,38.8978322988426],[-104.752730959644,38.8978349618962],[-104.753268163493,38.8978459117971],[-104.753479159792,38.8978547648959],[-104.753785784697,38.8978942233748],[-104.754120799236,38.8979713530537],[-104.754455183438,38.8981084605877],[-104.754817801315,38.8982982339279],[-104.755762774117,38.8987691588412],[-104.756106838329,38.8988988264694],[-104.756307929406,38.8989376029046],[-104.757055592916,38.8990098642505],[-104.757784460792,38.8990445118396],[-104.758436416353,38.899093660203],[-104.75873321995,38.899155535928],[-104.758953110986,38.8992319174812],[-104.759239147491,38.8994061927762],[-104.759496479759,38.8995727865552],[-104.759566311477,38.8995356937616],[-104.759668366386,38.899331376173],[-104.759833987124,38.89902009807],[-104.760061343276,38.8987775358031],[-104.760288188231,38.89858377194],[-104.760766143343,38.8982647194148],[-104.761420367085,38.8978101396297],[-104.761799496134,38.8975726911777],[-104.76187650813,38.8975155107927],[-104.761862960093,38.8975033170359],[-104.761839937581,38.8974827507616],[-104.761784759439,38.8974334604522],[-104.761459959474,38.897143317145],[-104.7612236378,38.8969321084892],[-104.761048204116,38.8967753171678],[-104.761044868923,38.8967723365987],[-104.760292959726,38.8961003173409],[-104.760253959623,38.896066316149],[-104.760062395092,38.895899288525],[-104.759847959229,38.8957123173626],[-104.759786959407,38.89565931615],[-104.759641195235,38.8955319737333],[-104.759604958768,38.8955003159739],[-104.759544958707,38.8954483164636],[-104.75925995917,38.8951993172945],[-104.758990959041,38.8949653171419],[-104.758891895658,38.8948796197365],[-104.758738958531,38.8947473170624],[-104.758585958424,38.8945713169044],[-104.758483971001,38.8944707658052],[-104.758445036898,38.8944323798581],[-104.758443958634,38.8944313162548],[-104.758435958994,38.8944223168451],[-104.758301959036,38.8942803166605],[-104.758184959314,38.894141316608],[-104.758152958901,38.8941033162375],[-104.757963958621,38.8938493166529],[-104.757785958064,38.8935683157209],[-104.75752295904,38.8931503162621],[-104.757404958441,38.8928783165841],[-104.7572689584,38.8924233162485],[-104.757191721573,38.8921361538098],[-104.757151958885,38.8919883158312],[-104.757127958062,38.891842316353],[-104.757112958403,38.8917033165281],[-104.757106958487,38.8916123169312],[-104.757101958095,38.8915333161565],[-104.757095958192,38.8909143169572],[-104.757092958247,38.8907663156966],[-104.75709295844,38.89073831653],[-104.757102781395,38.8907383639948],[-104.757708958474,38.8907413158468],[-104.758619958449,38.8907253160358],[-104.759595958649,38.890684315786],[-104.760158958671,38.8906613157388],[-104.760811046217,38.8906475810657],[-104.761677958976,38.8906293157315],[-104.762701343595,38.8906057700521],[-104.764892959518,38.8905553156652],[-104.766216959744,38.8905253157052],[-104.766699083971,38.8905129271446],[-104.7667011963,38.8905128729048],[-104.766710577498,38.8905112690737],[-104.767236927769,38.8904212443408],[-104.767319559012,38.8904116051628],[-104.767442753087,38.890393462375],[-104.76751198534,38.8903814603087],[-104.767618400164,38.8903618945218],[-104.767724813508,38.8903423547539],[-104.767831227072,38.8903227878641],[-104.76793764173,38.8903032208841],[-104.768043879382,38.89028359864],[-104.76815029277,38.890264031458],[-104.768256707252,38.8902444641858],[-104.768356564441,38.8902268599861],[-104.768463146084,38.8902080629234],[-104.768569762259,38.8901892650798],[-104.768676344067,38.8901704407972],[-104.768782925541,38.8901516434412],[-104.768889506967,38.8901328450867],[-104.768996122907,38.8901140477527],[-104.769102701915,38.8900952491881],[-104.76922811586,38.8900731104872],[-104.76933532867,38.8900542057881],[-104.76944236708,38.8900353287222],[-104.769549405441,38.8900164506569],[-104.769656444899,38.8899975725003],[-104.769763483147,38.8899786942379],[-104.769870520185,38.8899598158696],[-104.769977522579,38.8899409380863],[-104.770084560943,38.8899220316028],[-104.770191598963,38.8899031529459],[-104.770298636926,38.8898842741905],[-104.770405673671,38.88986539623],[-104.77051271152,38.8898465172773],[-104.770619749313,38.8898276382261],[-104.770726788201,38.8898087590835],[-104.770833826157,38.8897898528106],[-104.770940863779,38.8897709734635],[-104.771118945465,38.8897414461763],[-104.771467327047,38.8896775097298],[-104.771574576364,38.8896584113149],[-104.771681861622,38.8896392869012],[-104.771789111975,38.8896201882955],[-104.77189639685,38.8896010898074],[-104.772003648518,38.8895819639864],[-104.772110933277,38.8895628653002],[-104.772218182238,38.889543767192],[-104.77232543258,38.8895246410668],[-104.772432717166,38.8895055420835],[-104.772539967116,38.8894864427847],[-104.772622866788,38.8894716872711],[-104.774106831265,38.8894769289464],[-104.780836617355,38.8895004561358],[-104.782278084705,38.8895054440593],[-104.782552726793,38.8891774905687],[-104.783077505274,38.8891754718661],[-104.784709964503,38.889188314498],[-104.785576095249,38.8891937673049],[-104.785576820372,38.8891376285166],[-104.785756360936,38.8891335969088],[-104.785854159015,38.8891315897836],[-104.785878518389,38.8891303665129],[-104.785983032176,38.889124446611],[-104.786087507919,38.8891185254807],[-104.786169672643,38.8891129068689],[-104.786229607065,38.8891063273952],[-104.78630033006,38.8890961349722],[-104.786351179225,38.88908815465],[-104.78644309425,38.8890737266233],[-104.786517040705,38.8890608350254],[-104.786601573213,38.8890432589554],[-104.786694819206,38.8890187617454],[-104.786781796144,38.888995709731],[-104.786843427196,38.8889810937639],[-104.786923654095,38.8889619262295],[-104.786975741715,38.8889459624985],[-104.787027100557,38.8889293357367],[-104.787102362273,38.8889008009874],[-104.787177635776,38.8888710861197],[-104.787243864827,38.8888429075845],[-104.78731460497,38.8888099514202],[-104.787368523747,38.8887829882851],[-104.787448204274,38.8887412727211],[-104.787527958323,38.8886923361644],[-104.787613196756,38.8886392594265],[-104.787692788,38.8885889488309],[-104.787761597842,38.8885452169498],[-104.787825868266,38.8885056309551],[-104.787901823938,38.8884603500322],[-104.787988596816,38.8884085733709],[-104.788075368153,38.8883568227613],[-104.788137683617,38.8883195038276],[-104.788203918365,38.8882765252607],[-104.788288512757,38.8882212477617],[-104.788373064365,38.8881665455968],[-104.788457537646,38.8881128599758],[-104.788523584446,38.8880711142721],[-104.78859552541,38.8880303397108],[-104.788670110481,38.8879886479833],[-104.788744083177,38.8879518108632],[-104.788792759316,38.8879290157575],[-104.788793888104,38.8879286379919],[-104.788797025602,38.8879277238859],[-104.788800865198,38.8879265672368],[-104.788812192313,38.8879217493125],[-104.788843846248,38.8879042048161],[-104.788932305859,38.8878592735914],[-104.789003550913,38.8878247546808],[-104.789043167808,38.8878049796329],[-104.789048613051,38.887801636471],[-104.78904946083,38.8878011191507],[-104.789050910107,38.8878002757904],[-104.789053946989,38.8877987034256],[-104.78906061398,38.8877959433931],[-104.789099065332,38.8877840131966],[-104.789155114804,38.8877687051381],[-104.789227042505,38.8877501438063],[-104.789323816545,38.8877273678207],[-104.789456109722,38.8877048368158],[-104.789757974546,38.8876696405761],[-104.790019834576,38.8876650072199],[-104.790292734132,38.8876945711086],[-104.79050290165,38.887743824681],[-104.790578359539,38.8877657584301],[-104.790676586866,38.8877944200584],[-104.790750256968,38.8878159031598],[-104.790835343499,38.8878412719604],[-104.790885158445,38.887859259088],[-104.790965244598,38.8878892656042],[-104.791063776116,38.8879261672303],[-104.791162308898,38.8879630678789],[-104.791260839468,38.8879999693307],[-104.791358878426,38.888037169493],[-104.79145673889,38.8880744783902],[-104.791554599736,38.8881117592795],[-104.791652143979,38.8881490120309],[-104.791715251376,38.888173065195],[-104.791756266562,38.888189159645],[-104.791841106357,38.8882250159493],[-104.791938088974,38.8882660252749],[-104.792010789132,38.8882967815407],[-104.792089475953,38.8883297732489],[-104.792138193052,38.8883486855505],[-104.792235911277,38.8883862397579],[-104.792333630748,38.8884237947908],[-104.792431350332,38.8884613488406],[-104.792529067445,38.8884989298186],[-104.792626787235,38.8885364837038],[-104.792724505968,38.8885740384005],[-104.792797970763,38.888602272778],[-104.792812323491,38.8886075229962],[-104.79287679751,38.8886283452052],[-104.793016398509,38.8886692011846],[-104.794633268095,38.8892829214964],[-104.794729486912,38.8893196672179],[-104.794826232281,38.8893564457822],[-104.79487130968,38.8893734781509],[-104.794873413517,38.8893742728696],[-104.79521718681,38.8895041526672],[-104.795534373019,38.8896222103336],[-104.795854001784,38.8897361901664],[-104.796174346905,38.8898489401575],[-104.79649538402,38.8899604745679],[-104.796813540365,38.8900768986025],[-104.797133678121,38.8901899428612],[-104.797457856834,38.8902957937764],[-104.797782882028,38.8903999534551],[-104.797979030824,38.89045397433],[-104.798003182532,38.8904645657886],[-104.798521465251,38.8906918529562],[-104.798992998141,38.8909195044907],[-104.799736035029,38.8910694467274],[-104.800462414706,38.8911928361902],[-104.800884890424,38.8912482734048],[-104.801426066747,38.8912779756385],[-104.802069282298,38.8912553907395],[-104.802627898519,38.8912322956725],[-104.803084734958,38.8912350355075],[-104.803524003045,38.8913037885709],[-104.804233732206,38.8914006059922],[-104.804790665572,38.8915494017374],[-104.805077010052,38.891683353586],[-104.805328092527,38.8919625575137],[-104.805813084717,38.8925473088748],[-104.8062809074,38.8931584025066],[-104.806464189398,38.8934504231102],[-104.806564290562,38.8935964837646],[-104.806596710593,38.8937421406286],[-104.80671102226,38.894165988975],[-104.806807767982,38.8946558517775],[-104.806870545648,38.895158735802],[-104.806916273111,38.8956747419728],[-104.806963550298,38.8960320700354],[-104.807028524585,38.8963101603621],[-104.807144648596,38.8965488830108],[-104.807328458983,38.89678800976],[-104.807512528591,38.8970006891196],[-104.807606311244,38.8970585916829],[-104.80781530682,38.8971876273291],[-104.808118343241,38.897348118547],[-104.808522394695,38.8975621062094],[-104.809062721459,38.8976843336424],[-104.809671121268,38.8977672921229],[-104.810144921383,38.8977701046912],[-104.81576233386,38.8978561989647],[-104.816727494688,38.8977957564594],[-104.817100148672,38.8977582745877],[-104.81754099615,38.8976682955658],[-104.817618665641,38.8976658624155],[-104.817750438735,38.8976535444075],[-104.817750092785,38.8976549945776],[-104.817750945155,38.8976554292943],[-104.817750972785,38.8976553132444],[-104.817845280209,38.8976446787826],[-104.818184119424,38.8976064689088],[-104.818190174938,38.897605655806],[-104.818197695929,38.8976049377812],[-104.818220972405,38.8976023131303],[-104.818957972361,38.8975193127764],[-104.819181973085,38.8974953131316],[-104.819815973434,38.8973573132504],[-104.820250973005,38.8972433131491],[-104.820288636551,38.8972333310349],[-104.820948973162,38.8970583136487],[-104.82098297352,38.8970503125436],[-104.821153337689,38.8970137494023],[-104.821406974106,38.8969593133306],[-104.821818973754,38.8969353131272],[-104.822688889923,38.8969388884457],[-104.822735624196,38.8969390805476],[-104.82303597386,38.8969403128722],[-104.823102974387,38.8969393129791],[-104.823824974096,38.8969353132574],[-104.824145973688,38.8969333124942],[-104.824223781765,38.8969330414301],[-104.824308709841,38.896932745034],[-104.824432974264,38.8969323123266],[-104.825109974076,38.8969273125038],[-104.825431974197,38.8969253121969],[-104.825583975109,38.8969233122387],[-104.825758724491,38.8969217899565],[-104.825842576478,38.8969210591872],[-104.82604297454,38.8969193131579],[-104.826195974367,38.8969193127129],[-104.826416974652,38.8969163125276],[-104.827078974468,38.8969083126292],[-104.827293705971,38.8969063771528],[-104.827300975055,38.8969063120133],[-104.827327644173,38.8969059456331],[-104.827664974867,38.8969013126338],[-104.827817975121,38.8968993128324],[-104.828375974751,38.8968923122034],[-104.828759975865,38.896886312378],[-104.828828737697,38.8968855589864],[-104.829124975845,38.896882312365],[-104.82930497502,38.8968793124016],[-104.829847975078,38.8968723118596],[-104.829961072702,38.8968716872526],[-104.829961117667,38.8968716866109],[-104.830017481442,38.8968713754519],[-104.830028975547,38.8968713119701],[-104.830029163595,38.8968708085678],[-104.830053974753,38.8968043125555],[-104.830091951684,38.8967075610864],[-104.830095974853,38.8966973125745],[-104.830119123361,38.8966340122546],[-104.830796975002,38.8947803112918],[-104.830967975467,38.8944483113149],[-104.831104976292,38.8941083121301],[-104.831229975659,38.8938553117366],[-104.831546975993,38.8932093117616],[-104.83215197615,38.8919803114485],[-104.834466975069,38.8875103106013],[-104.834951739129,38.8865464794516],[-104.835233976313,38.8859853096764],[-104.835316460224,38.8856886578172],[-104.835404975329,38.8853703105275],[-104.835639975244,38.8843363099541],[-104.835770348528,38.8835461923251],[-104.835821975739,38.8832333093295],[-104.835824158174,38.8830861234402],[-104.835830020641,38.8826906665117],[-104.835830975307,38.8826263102921],[-104.83582997449,38.8820063094839],[-104.835825412749,38.8819323653186],[-104.835786974433,38.881309309178],[-104.835715975019,38.8805203096742],[-104.835591974729,38.8796293088552],[-104.835355975727,38.8786593097469],[-104.835200974278,38.8779453094777],[-104.834858736268,38.8763757348521],[-104.834854331701,38.8763555355712],[-104.834852973639,38.8763493081954],[-104.834934974568,38.8763493090341],[-104.835170974614,38.8763523088301],[-104.835263974783,38.8763523083968],[-104.835542974997,38.8763543083805],[-104.835636974217,38.8763553088214],[-104.835684974826,38.8763553084466],[-104.835831974226,38.8763553090194],[-104.83588097518,38.8763553088753],[-104.836136974565,38.87635530849],[-104.836471974851,38.8763563090478],[-104.836551975088,38.876356309034],[-104.836635974412,38.8763563092704],[-104.836904974864,38.8763563084324],[-104.836943974633,38.8763563084316],[-104.837042974452,38.8763573092392],[-104.837108975568,38.8763573091605],[-104.837160975266,38.8763573084648],[-104.83727497467,38.8763573090762],[-104.837384974996,38.8763573083956],[-104.837408975289,38.8763573092009],[-104.837447975058,38.8763573090311],[-104.83830497542,38.8763563089679],[-104.838416975179,38.8763573087499],[-104.838975974972,38.8763733089806],[-104.839642975846,38.8763743081842],[-104.840072975664,38.8763783083052],[-104.841054975388,38.876346308724],[-104.842908976214,38.8762883085108],[-104.843716636351,38.8762534321991],[-104.843788975992,38.8762503083777],[-104.843832688587,38.8762483895021],[-104.84529197711,38.8761843086715],[-104.846703977428,38.8761233084606],[-104.846942977387,38.8760983076236],[-104.846944000196,38.876098245806],[-104.847207977126,38.8760823078801],[-104.847787976892,38.8760393074219],[-104.848360978173,38.8759973080374],[-104.849394978089,38.8759273075474],[-104.849561977878,38.8759143086004],[-104.850276978107,38.8758577039986],[-104.850281977665,38.8758573085411],[-104.850287135241,38.8758557653596],[-104.850729978219,38.8757233081885],[-104.85101197864,38.8756303074493],[-104.851047978362,38.8756193079818],[-104.851533978009,38.8754033079788],[-104.852000978785,38.8751753076574],[-104.852107979136,38.875122307064],[-104.852339978895,38.875010307915],[-104.852425977817,38.8749593079298],[-104.852529978129,38.8748993076023],[-104.852749156649,38.8747886992195],[-104.852749278209,38.8747886386375],[-104.852959978852,38.874682307711],[-104.853189978302,38.8745673075581],[-104.853753978038,38.874249307295],[-104.854159977809,38.8739993076466],[-104.854208978957,38.8739593075359],[-104.854209466551,38.8739589147642],[-104.854583978635,38.8736573071883],[-104.854801978492,38.8734713073516],[-104.855436979042,38.8729353064372],[-104.855457978848,38.8729143074568],[-104.855665978624,38.8727163077343],[-104.855884978681,38.8725063068867],[-104.856000978782,38.8723963069267],[-104.856552979841,38.8718903064371],[-104.85677697938,38.8716863070613],[-104.85731397988,38.8711783074072],[-104.857417979151,38.8710813067673],[-104.857594979472,38.8709243072876],[-104.857917161173,38.8706380244069],[-104.857944978396,38.8706133069278],[-104.85876236307,38.869843187775],[-104.858826979767,38.8697823059869],[-104.858933980084,38.8696663059278],[-104.859105687084,38.8694821669289],[-104.859154979279,38.8694293064551],[-104.859323160382,38.8691880335338],[-104.859379504567,38.8691072029443],[-104.859380073122,38.8691063871892],[-104.859391978918,38.8690893065944],[-104.859407017643,38.8690592302243],[-104.85941597985,38.8690413064029],[-104.859434815186,38.8690112716782],[-104.859452979412,38.8689823061854],[-104.859520979048,38.8688923067736],[-104.85956922708,38.8688345252315],[-104.859670209062,38.8687135879021],[-104.859687978873,38.8686923064091],[-104.859726979985,38.8686633070447],[-104.859763044435,38.8686366580691],[-104.859862734286,38.8685629946347],[-104.859929979053,38.8685133055911],[-104.860266518194,38.8683413794946],[-104.860267966439,38.8683406397468],[-104.860481978894,38.868231306414],[-104.861150979901,38.8680713066163],[-104.861224979955,38.8680573067353],[-104.861762979483,38.8679643060117],[-104.86212397963,38.8678843055988],[-104.862395979692,38.8677953061558],[-104.862551979758,38.8677453062046],[-104.863037979326,38.8674483063798],[-104.863356980271,38.8671113055323],[-104.863525979611,38.8668003056536],[-104.863566979649,38.8666413053368],[-104.863613980831,38.8664603053319],[-104.863616979135,38.8663933061525],[-104.863654980064,38.8657383063497],[-104.863655979988,38.8656793058424],[-104.863661759098,38.8655097625143],[-104.863661982874,38.8655033063146],[-104.86366327938,38.8654665048294],[-104.863663290163,38.8654653013282],[-104.863663568131,38.8654342769399],[-104.863664133556,38.8654344448953],[-104.863673557089,38.8647679736169],[-104.863674979854,38.8646673048438],[-104.86367597947,38.8646073061662],[-104.863675979697,38.864323305549],[-104.863665706224,38.86412444831],[-104.863664324493,38.8640977146743],[-104.863644979307,38.8637233050256],[-104.86360689362,38.863437663414],[-104.863600293418,38.8633881578637],[-104.863572980243,38.8631833056775],[-104.863524918419,38.8627507506591],[-104.863516831886,38.8626779774283],[-104.863507979875,38.8625983056547],[-104.86349497961,38.8623443056619],[-104.863482501594,38.8620640554031],[-104.863481978926,38.8620523052107],[-104.863479301631,38.8619987618208],[-104.86346897962,38.861792305419],[-104.86351497948,38.861573304853],[-104.863531979077,38.8614953052567],[-104.863610474765,38.8613782925397],[-104.863692979322,38.8612553046398],[-104.863763980023,38.8611993044579],[-104.863871979326,38.8611153051003],[-104.86426051824,38.8609382614332],[-104.8642779788,38.8609303050016],[-104.86428116521,38.8609299900149],[-104.864388820316,38.8609193604605],[-104.864392307707,38.8609190173886],[-104.864782346414,38.86088050769],[-104.864835185568,38.8608752904398],[-104.864840094912,38.8608748055835],[-104.865067979664,38.8608523050938],[-104.865085979393,38.8608513043929],[-104.865485236695,38.8608621436567],[-104.865525940568,38.8608632487832],[-104.865527761665,38.8608631830545],[-104.865527979506,38.8608633040596],[-104.865534254858,38.8608632644553],[-104.865685979875,38.8608623055327],[-104.86606704895,38.8608599088353],[-104.86616298022,38.8608593052053],[-104.866321979852,38.8608593049229],[-104.866647979526,38.8608573050464],[-104.866825980123,38.8608563049829],[-104.866986326942,38.8608560174498],[-104.86738297967,38.8608553048825],[-104.867559979905,38.8608573044467],[-104.867625980595,38.860858305095],[-104.86779544922,38.8608606425748],[-104.867915980963,38.8608623046048],[-104.867951980135,38.8608633040109],[-104.868031980328,38.8608643040073],[-104.868086303861,38.8608649787281],[-104.868192980848,38.8608663038679],[-104.868397049705,38.8608690132871],[-104.868397107305,38.860869014501],[-104.86864498077,38.8608723048247],[-104.868843980256,38.860870304099],[-104.869171980917,38.860867304443],[-104.869394981128,38.8608653042526],[-104.869591471802,38.8608629562105],[-104.869645981095,38.8608623051315],[-104.869698241385,38.860863975977],[-104.869808672336,38.860867507306],[-104.869989981671,38.8608733047817],[-104.870157981184,38.8608763046989],[-104.87020198141,38.8608773044383],[-104.870347980656,38.8608973049328],[-104.870420980706,38.860926303978],[-104.870477981397,38.8609433041108],[-104.870559980672,38.8608403043349],[-104.870618980138,38.8606303035909],[-104.870618980186,38.8605303044919],[-104.870619450849,38.8603869473407],[-104.870619451262,38.8603867707728],[-104.870619451725,38.8603867185249],[-104.870619452943,38.8603864509736],[-104.870619980197,38.8602263046413],[-104.87062098009,38.8596603042917],[-104.870620980201,38.8595982668823],[-104.870621949206,38.8589487594166],[-104.870621980701,38.8589413039988],[-104.870613084596,38.8587722708787],[-104.870610981126,38.8587323041601],[-104.87081698046,38.8587353044943],[-104.871644981764,38.8587503039049],[-104.872511690427,38.8583528492394],[-104.872658981414,38.8582853038318],[-104.872670981106,38.8583773040543],[-104.872678519435,38.8583825661896],[-104.87277698155,38.858451303422],[-104.872820980395,38.8584823046939],[-104.872828528795,38.8584870813055],[-104.873340981839,38.8588113041458],[-104.87341993456,38.8588614335631],[-104.87341998956,38.8588614680926],[-104.873529981379,38.8589313046536],[-104.873543895469,38.8589398982871],[-104.873597981907,38.8589733040148],[-104.873791900594,38.8590968809324],[-104.87380198095,38.8591033044003],[-104.873869982199,38.8591463044685],[-104.873947981317,38.8590613044375],[-104.874182982256,38.8588063040326],[-104.874261982283,38.8587223037419],[-104.874344981205,38.8586323035273],[-104.874356982047,38.8586203046216],[-104.874613980712,38.8583843040017],[-104.87470398159,38.858302303996],[-104.875005981245,38.8584723039025],[-104.875276981245,38.8586413030338],[-104.875982981613,38.8590823036128],[-104.875990296599,38.859086925616],[-104.876532475577,38.859429502251],[-104.876968982435,38.859705304033],[-104.87701832105,38.8597366791647],[-104.877106413382,38.8597926989882],[-104.877174982313,38.8598363037298],[-104.877188231756,38.8598441591526],[-104.877281804406,38.8598996343643],[-104.87736050577,38.8599462931897],[-104.877450724759,38.8599997800932],[-104.877454983079,38.8600023046199],[-104.877542982341,38.8600443033998],[-104.877545734211,38.8600445208375],[-104.877580982345,38.8600473032632],[-104.877607982307,38.8600353041958],[-104.877611269094,38.8600310174547],[-104.877630982837,38.8600053032748],[-104.877628908899,38.8599830767605],[-104.877626652657,38.8599589069983],[-104.87762398245,38.8599303036487],[-104.877623542032,38.8597207332613],[-104.877623542317,38.8597207008316],[-104.877622981802,38.8594533039768],[-104.877614932981,38.8591128210147],[-104.877612982949,38.8590303036637],[-104.877612818818,38.8590232625003],[-104.877606982468,38.8587723043338],[-104.877614982861,38.8587613034477],[-104.877598981401,38.8585133033251],[-104.878851982888,38.8580083039617],[-104.878333982408,38.8571383037479],[-104.87872198277,38.8569893035597],[-104.878759819393,38.8569743118353],[-104.879304982482,38.856758302867],[-104.880247720145,38.856401295469],[-104.880252982107,38.8563993028902],[-104.88039898324,38.8563733032913],[-104.880405922317,38.856372942113],[-104.880543231855,38.856365798898],[-104.88057198291,38.8563643026968],[-104.880713233839,38.8563643034585],[-104.880770982913,38.8563643031634],[-104.880830535569,38.8563775984543],[-104.880985982714,38.8564123030071],[-104.881131982192,38.8564543036066],[-104.881334983211,38.8565393033027],[-104.881443427945,38.8565980731792],[-104.881644982547,38.856707303383],[-104.881700089215,38.8567423377325],[-104.881795983467,38.8568033034654],[-104.881978983107,38.8569853028603],[-104.882238982904,38.857181302792],[-104.88266698157,38.8573673033947],[-104.882981982169,38.8574743034436],[-104.883386982906,38.8575233031765],[-104.883947981989,38.8575473026714],[-104.884645982359,38.8575843030622],[-104.884726982955,38.857841302771],[-104.884845984453,38.8582253034466],[-104.884824983806,38.8586353032518],[-104.884878568833,38.8587523339952],[-104.88498005589,38.8588588916517],[-104.885088518633,38.8589216589263],[-104.885189667028,38.8589698347794],[-104.885292967861,38.8590044296412],[-104.88590042711,38.8591697295782],[-104.886013143672,38.8591959990965],[-104.886186123131,38.859222174287],[-104.886400088245,38.8592075707987],[-104.88657793619,38.8591702059064],[-104.886744798661,38.8591160599578],[-104.886904967791,38.859055908403],[-104.886921147772,38.8590774263174],[-104.886925548219,38.8590830060872],[-104.886928673719,38.8598938699297],[-104.886932359492,38.8608500789921],[-104.886932357191,38.8608503456367],[-104.88691863834,38.8627632864201],[-104.886917393723,38.8629368418152],[-104.886916176914,38.8631065074099],[-104.886911550514,38.8637516569751],[-104.886906493984,38.864285508418],[-104.88691301076,38.8642854319959],[-104.888100004601,38.8642714364546],[-104.888181598405,38.8642704913814],[-104.888564569447,38.8642659570285],[-104.888588010255,38.8642656794875],[-104.888663608304,38.8642647872082],[-104.888663692424,38.86426478675],[-104.89148049243,38.8642315138578],[-104.892153187426,38.8642344933761],[-104.892294128224,38.8642351170688],[-104.892769101912,38.8642376001968],[-104.892820715883,38.8642374456058],[-104.892979825058,38.8642381489892],[-104.896023785341,38.8642515606211],[-104.896023787539,38.8642513020838],[-104.896030350189,38.8637810587],[-104.896046482614,38.8626251173381],[-104.896219708045,38.8624810321387],[-104.896220651479,38.8624802487829],[-104.896500187964,38.8622477369559],[-104.896688593544,38.8620910249843],[-104.896765713248,38.8616936135247],[-104.896804630172,38.8614930520382],[-104.896891383225,38.8610460040903],[-104.896734256778,38.8609935363073],[-104.896734136137,38.8609934960428],[-104.89645232366,38.8608993910065],[-104.896072345166,38.860772504238],[-104.896072586007,38.8607725009855],[-104.896779898878,38.8607659792296],[-104.897212137742,38.8607619560176],[-104.897667542557,38.860757715269],[-104.897667457293,38.8607573076353],[-104.897662147085,38.8607319936824],[-104.897659264414,38.8607182504323],[-104.897531414486,38.860108740463],[-104.897422446921,38.8595892428412],[-104.89742240373,38.8595890372196],[-104.897531007051,38.8595751117656],[-104.898018469415,38.859512604788],[-104.89804071947,38.8595097517088],[-104.898098650875,38.85955719148],[-104.898251625701,38.8596824637982],[-104.898262160914,38.8596910910071],[-104.898364987774,38.8597752968913],[-104.898418159014,38.8598203885161],[-104.898421270289,38.8598229342585],[-104.898470729079,38.85986341492],[-104.898524251311,38.8599057156259],[-104.898567341996,38.8599392554343],[-104.898607332986,38.8599703819767],[-104.898656677806,38.8600106034188],[-104.898700365991,38.8600474830792],[-104.898705117152,38.8600514931008],[-104.898708993292,38.8600548815004],[-104.898752635009,38.8600930374282],[-104.8987992188,38.8601352246257],[-104.898840367033,38.8601743576701],[-104.898887610968,38.8602192886829],[-104.898888751193,38.8602204323763],[-104.898905637554,38.8602373623382],[-104.89893144581,38.8602632390138],[-104.898974292861,38.8603077814928],[-104.899016138416,38.860352901636],[-104.899056971059,38.8603985867733],[-104.899096775941,38.8604448215144],[-104.899105348462,38.8604551645548],[-104.899135542797,38.8604915931949],[-104.899155530229,38.8605166550627],[-104.899173260235,38.8605388864424],[-104.899185305361,38.8605547003787],[-104.899195457321,38.8605686172092],[-104.899205297035,38.8605826702567],[-104.899214821085,38.8605968549994],[-104.899224027188,38.860611168723],[-104.899232913094,38.8606256051097],[-104.899241474225,38.8606401605327],[-104.899249709466,38.8606548304818],[-104.899251839631,38.8606588143168],[-104.899256029655,38.860666648295],[-104.89925761539,38.8606696113359],[-104.899262199913,38.8606786193808],[-104.8992651909,38.8606844967833],[-104.899272432561,38.8606994841039],[-104.899279338114,38.8607145678806],[-104.899291203361,38.860741984036],[-104.899360258879,38.8607413356661],[-104.899896661696,38.860736297705],[-104.900601681615,38.8607296732804],[-104.900589601699,38.8611717742069],[-104.900558191258,38.862321277048],[-104.900555365481,38.8624246828185],[-104.9005505372,38.8626013889509],[-104.900518446878,38.863775729501],[-104.900509522094,38.8641023285067],[-104.903386866316,38.8640065124594],[-104.903576904466,38.8640001820362],[-104.904995599615,38.8639529088494],[-104.909422966271,38.863941774423],[-104.909423472125,38.8639417733905],[-104.909230918689,38.86758595813],[-104.909227801786,38.8676449543617],[-104.909227209481,38.8676561761312],[-104.909227199872,38.8676563616606],[-104.909248759719,38.8681521975725],[-104.909258795541,38.8683829826842],[-104.909386221811,38.8713133020068],[-104.909386231708,38.8713134975448],[-104.910421439465,38.8713067087703],[-104.910670377841,38.8713050752006],[-104.91381899534,38.8712843647024],[-104.913819308805,38.8712843626801],[-104.914013811908,38.8747436117382],[-104.914019309076,38.8748413724189],[-104.914024979324,38.8749421815947],[-104.918199432653,38.875012885371],[-104.918498260863,38.8787818185656],[-104.922761347053,38.8788287422812],[-104.923148840695,38.8825740426037],[-104.918797958664,38.8825507555002],[-104.914766001828,38.8825290289357],[-104.914436272927,38.8822559010801],[-104.914436311165,38.8822565751187],[-104.91443634025,38.8822571013696],[-104.914437167903,38.8822577865922],[-104.915938506887,38.883500723595],[-104.915940774709,38.8835026015798],[-104.917038319552,38.8844112018],[-104.917087238515,38.8858735236234],[-104.914560999197,38.8859386290868],[-104.914560701758,38.8859386365973],[-104.914561264698,38.8859554954836],[-104.914802446178,38.8931778623523],[-104.913897012892,38.8931980618091],[-104.913702956817,38.8932023902017],[-104.913654920127,38.8932034604684],[-104.91351723197,38.8932065323856],[-104.913047153821,38.8932170159854],[-104.912525266344,38.8932286511188],[-104.912430337756,38.8932307676181],[-104.912022186849,38.8932398664534],[-104.905498737069,38.893385087722],[-104.903359213602,38.8933608725529],[-104.900861735019,38.8933325565855],[-104.899144136485,38.8933130520094],[-104.89877943608,38.8933089078778],[-104.898543233684,38.8933062220903],[-104.898543236387,38.8933063112898],[-104.898545302153,38.8933656312274],[-104.898550597215,38.8935176973548],[-104.898585107846,38.8945087860402],[-104.898587395259,38.8945744726162],[-104.898597158705,38.8948548528869],[-104.898601700255,38.8949852610359],[-104.898606750723,38.8951303036377],[-104.89860675535,38.8951304378902],[-104.898487492593,38.895128957811],[-104.897855150425,38.8951211050105],[-104.896289446648,38.8951016479026],[-104.89635416024,38.8969234540406],[-104.894855908505,38.8969032443283],[-104.887089686812,38.8967981766036],[-104.887089684221,38.8967983432498],[-104.887084851754,38.8970863437797],[-104.886994529722,38.9024686312983],[-104.886967082193,38.9041040434873],[-104.886944930149,38.9054225308523],[-104.886900467908,38.9080687190869],[-104.88684430171,38.9114111898952],[-104.886831902419,38.9124404381807],[-104.88679184412,38.9157657074246],[-104.886758978887,38.9184936528399],[-104.886728319121,38.9210368198182],[-104.886715085892,38.9221346865765],[-104.886713985172,38.9222304288192],[-104.886711714781,38.9224280225791],[-104.886705246677,38.9229908393921],[-104.886671908968,38.9258914309204],[-104.886684800232,38.9300894639241],[-104.88669410402,38.9331190648384],[-104.886704785066,38.9350764261147],[-104.886707756546,38.9356678058713],[-104.886708453547,38.9358064131448],[-104.886713060713,38.9367232532869],[-104.886967711204,38.9367241074059],[-104.891280710257,38.9367384923178],[-104.89127692617,38.9385440081857],[-104.891273141913,38.9403495209515],[-104.886712319937,38.9403335495146],[-104.886717122094,38.940619773346],[-104.88674861563,38.942496843562],[-104.886771881652,38.9438834180205],[-104.886772795164,38.9439378806617],[-104.886772967786,38.9439482045146],[-104.886773013661,38.9439509046307],[-104.889327239119,38.9439361533597],[-104.889328293534,38.9439361471837],[-104.891314819928,38.9439246352977],[-104.891326103053,38.944892420077],[-104.891326254721,38.9449056670948],[-104.891356470197,38.947497017373],[-104.900408826577,38.9476296450496],[-104.900411275269,38.9493571204893],[-104.90041386654,38.9511852598784],[-104.900414036983,38.9513055441162],[-104.895893198613,38.9512693992284],[-104.892294691407,38.9512077700179],[-104.891539264685,38.9511948184123],[-104.891562580333,38.9524214131453],[-104.891562581991,38.952421488826],[-104.891563067226,38.9524469658173],[-104.891563231323,38.9524556770684],[-104.891563388831,38.9524639459639],[-104.891606692925,38.9547485832124],[-104.891606809211,38.9547546646081],[-104.890107515277,38.954767372468],[-104.887506068125,38.9547893759377],[-104.886955526479,38.9547940246482],[-104.885739455619,38.9547865791677],[-104.879476292652,38.9547480222807],[-104.879469294415,38.9547479786499],[-104.877687631177,38.9547369436849],[-104.873112453609,38.9547197240087],[-104.873112407461,38.9547197237601],[-104.871749818729,38.9547145603637],[-104.868419855204,38.9547018762355],[-104.865113616048,38.9546864056683],[-104.864454762776,38.9546833111979],[-104.86176041808,38.9546706412029],[-104.861627997941,38.954670016507],[-104.8591561561,38.9546583356605],[-104.859156070727,38.9546583351903]]],[[[-104.856923253486,38.9441906411762],[-104.858560156067,38.9424745208707],[-104.858722320907,38.9423045027008],[-104.858771904084,38.942252517982],[-104.858850651704,38.9421699557105],[-104.858819459446,38.94086734666],[-104.858807648924,38.9403741248862],[-104.858804156008,38.9402282480825],[-104.858101459556,38.9402040941349],[-104.857871395676,38.9401965354351],[-104.85720845676,38.9401733919165],[-104.856806869845,38.9401596950916],[-104.856771913102,38.9401583811241],[-104.856387260228,38.940145153049],[-104.8557177531,38.9401219944155],[-104.85542017601,38.9401118894308],[-104.85460404323,38.9400834309015],[-104.853670037543,38.9400516722287],[-104.853465742605,38.9400440056579],[-104.852712151064,38.9400187020416],[-104.852377913783,38.940006090768],[-104.852377864301,38.9400065832639],[-104.852188547491,38.9418719361189],[-104.85245481171,38.9418885026631],[-104.852707062743,38.9419041969622],[-104.852952306656,38.9419194544574],[-104.853078144043,38.9419272837679],[-104.853204557901,38.9419351485785],[-104.853271019442,38.9419392828026],[-104.853268392299,38.9419650292317],[-104.853465871259,38.9419774463124],[-104.853707595507,38.9419926448142],[-104.85387872901,38.9420034040722],[-104.85395282347,38.9420080622635],[-104.854219070856,38.9420248012394],[-104.854464299033,38.9420402185112],[-104.854744559936,38.9420578376172],[-104.85504233788,38.9420765567304],[-104.855315871997,38.9420937515933],[-104.855568107876,38.9421096071566],[-104.856048054669,38.9421397737326],[-104.85628627756,38.9421547465947],[-104.856249650603,38.9425104129221],[-104.856208235006,38.9429125903101],[-104.856179256931,38.943193977873],[-104.85577241429,38.9431687742184],[-104.855302926299,38.9431396869887],[-104.855289862154,38.9432682854924],[-104.855260055947,38.943561681229],[-104.855218360793,38.9439721013783],[-104.855198903426,38.9441636310121],[-104.855196936047,38.9441908504358],[-104.856751958317,38.9442933940228],[-104.856820904483,38.9442979399253],[-104.856846893567,38.9442706938382],[-104.856885666929,38.9442300460469],[-104.856923253486,38.9441906411762]]],[[[-104.819393359425,38.9328123490158],[-104.819393451063,38.9328059218806],[-104.819392873219,38.9328059212019],[-104.818774886429,38.932805624784],[-104.818590172345,38.9328065012475],[-104.818273588176,38.9328080018025],[-104.816741254958,38.9328078305979],[-104.816720752246,38.9328078281666],[-104.816720668424,38.9329699617792],[-104.816720597633,38.9331070270915],[-104.818545439907,38.9331030498641],[-104.818609799762,38.93310290893],[-104.819356550219,38.9345802889997],[-104.819376386352,38.9346195323352],[-104.819378531011,38.9343793653288],[-104.819381936285,38.9339979203604],[-104.81938647165,38.933489882546],[-104.819391107712,38.9329706187111],[-104.819392161903,38.9328965503593],[-104.819393359425,38.9328123490158]]],[[[-104.784464166224,38.9294502699968],[-104.784464041806,38.9294168587405],[-104.78288449055,38.9294193044663],[-104.782619786257,38.9294197124951],[-104.782619499066,38.9294197134263],[-104.782619512692,38.9294279483459],[-104.782454468116,38.9294286418564],[-104.78209187637,38.9294301653764],[-104.781983788625,38.9294324376658],[-104.781983789629,38.9294327944158],[-104.781984283773,38.9296728968489],[-104.7819844715,38.9297636505638],[-104.782508462295,38.9296527298869],[-104.782509290978,38.929652558429],[-104.782509775229,38.9296524596183],[-104.782518675686,38.9296506263061],[-104.78252141463,38.9296500810609],[-104.782526593209,38.9296490490821],[-104.782531487481,38.9296480748066],[-104.782532941188,38.9296477981992],[-104.782548707739,38.9296448018791],[-104.782580159215,38.9296392393441],[-104.782605101523,38.9296352419973],[-104.782630128026,38.9296315865936],[-104.78265523412,38.9296282722036],[-104.782680409398,38.9296253014656],[-104.782705648104,38.9296226734432],[-104.782730940984,38.929620390782],[-104.782756281119,38.9296184534391],[-104.782781660436,38.9296168613649],[-104.782807071999,38.9296156163181],[-104.782832507743,38.9296147173483],[-104.782857958424,38.9296141662001],[-104.782882523218,38.9296139690304],[-104.782908879256,38.9296141045097],[-104.782934333262,38.929614593868],[-104.782959772222,38.9296154308629],[-104.782985188072,38.9296166145441],[-104.783010573893,38.9296181448688],[-104.783035921622,38.9296200208864],[-104.783078284802,38.9296239377519],[-104.783103492887,38.9296267362838],[-104.783128634066,38.9296298785294],[-104.783153701441,38.9296333626445],[-104.78317868809,38.9296371885865],[-104.783203583653,38.9296413544899],[-104.783228383536,38.9296458585247],[-104.783253078512,38.929650700634],[-104.783277661682,38.9296558789737],[-104.783302126142,38.9296613916996],[-104.783326462687,38.9296672369532],[-104.783350664405,38.9296734137913],[-104.783374725566,38.9296799185751],[-104.783398636946,38.9296867512478],[-104.783422391652,38.9296939090645],[-104.783445983945,38.9297013892873],[-104.783469404608,38.9297091909586],[-104.783492647911,38.9297173104399],[-104.783515704657,38.9297257449718],[-104.783538571394,38.9297344936324],[-104.783561237788,38.9297435518539],[-104.783583698092,38.9297529177991],[-104.783605946558,38.9297625896311],[-104.783627975158,38.9297725627962],[-104.783649777,38.9297828345494],[-104.783671346345,38.929793402153],[-104.783692676302,38.929804262862],[-104.783718682128,38.9298180756809],[-104.784041876822,38.9299936674443],[-104.784055759073,38.9300007039981],[-104.784056449857,38.9300010541837],[-104.784059636539,38.9300025431157],[-104.784068884356,38.9300068629496],[-104.784069475541,38.9300071395517],[-104.784081727627,38.9300125093715],[-104.784090957779,38.9300162939792],[-104.784094138989,38.9300175252284],[-104.784098364513,38.9300191610892],[-104.784101259646,38.9300202824731],[-104.784103867006,38.9300212336233],[-104.784109594234,38.9300233228551],[-104.784111331705,38.9300239569504],[-104.784113123599,38.9300245697598],[-104.78411908548,38.9300266072843],[-104.784121847462,38.9300275512779],[-104.78412476421,38.9300284737025],[-104.784131301324,38.9300305399914],[-104.784135067694,38.9300317306986],[-104.784144421406,38.9300344719566],[-104.784145521906,38.9300347949348],[-104.784147453828,38.9300353608596],[-104.784159454617,38.9300385463213],[-104.784160747796,38.9300388623775],[-104.784166397991,38.9300402421493],[-104.784171688071,38.930041534122],[-104.784175611018,38.9300424095869],[-104.784178432692,38.9300430386429],[-104.784182544368,38.9300439558082],[-104.784188302909,38.9300451137314],[-104.784193797858,38.9300462195835],[-104.784194311213,38.9300463227393],[-104.784195578758,38.9300465503522],[-104.784204670315,38.9300481828253],[-104.784207023505,38.9300486054011],[-104.784210863917,38.9300492019887],[-104.784218846457,38.9300504411629],[-104.784221006768,38.930050776068],[-104.784224479521,38.9300512325597],[-104.78423444743,38.9300525416069],[-104.784236438936,38.9300528034035],[-104.784238974735,38.9300530739549],[-104.784246002617,38.9300538243869],[-104.784248783811,38.9300541216726],[-104.784251521881,38.930054349326],[-104.784259361564,38.9300550011533],[-104.784264072524,38.9300553922933],[-104.784270908927,38.9300558019183],[-104.78427531899,38.9300560659856],[-104.784277767233,38.9300562125785],[-104.784282776703,38.9300563956526],[-104.78429054168,38.930056678563],[-104.784291813358,38.9300567251259],[-104.78429775795,38.9300568184618],[-104.7843020489,38.9300568854059],[-104.784303907807,38.9300569148623],[-104.784466414155,38.9300565607473],[-104.784464166224,38.9294502699968]]],[[[-104.811287751392,38.9257697119588],[-104.811401818774,38.9256027424904],[-104.811390052758,38.9256060988179],[-104.81128169125,38.9256630882698],[-104.811221447428,38.9256826937857],[-104.811070212109,38.9257226162434],[-104.810900788793,38.9257527428207],[-104.810761702683,38.9257675207156],[-104.810977383897,38.9257684203844],[-104.811015430228,38.9257685791248],[-104.811043059401,38.9257686941585],[-104.811088999622,38.9257688852246],[-104.811164325389,38.9257691989783],[-104.811216102132,38.9257694137535],[-104.811235645983,38.9257694952691],[-104.811257827278,38.9257695878965],[-104.811287751392,38.9257697119588]]],[[[-104.73911790403,38.906288139657],[-104.739118792935,38.9059588003261],[-104.738482828941,38.9059555374663],[-104.73845423796,38.9059463783903],[-104.738455202621,38.905827987323],[-104.738249174302,38.9057576748134],[-104.738250969585,38.9057545479303],[-104.738352193478,38.9055336735168],[-104.738396109974,38.9054561707193],[-104.738440024922,38.905378695822],[-104.738453331988,38.905355194496],[-104.738483906641,38.9053011927633],[-104.738526377159,38.9052273334903],[-104.738574121963,38.9051498556989],[-104.738621114048,38.9050739657042],[-104.738668211842,38.9049979926015],[-104.738715379013,38.9049218839019],[-104.73874716923,38.904870607997],[-104.738802063282,38.9047820277034],[-104.738844407081,38.9047100340958],[-104.738860816364,38.9046808432919],[-104.738884043513,38.9046383785943],[-104.738893592329,38.9046130977112],[-104.738894298892,38.904599674806],[-104.738894372493,38.9045928106261],[-104.738894431515,38.9045905318006],[-104.738894728006,38.9045857834316],[-104.738899879673,38.904567474456],[-104.73891793541,38.9045385962151],[-104.738987398384,38.9044315495915],[-104.739078307139,38.9043106130729],[-104.739223647935,38.9041536499725],[-104.739229954837,38.9041488850783],[-104.739239448171,38.9041417798428],[-104.739250866744,38.9041321080012],[-104.73930765249,38.9040833548867],[-104.7393558575,38.9040448714262],[-104.739385942033,38.9040215365145],[-104.739436480943,38.903981612477],[-104.739486830408,38.9039431159651],[-104.739538787012,38.9038988075934],[-104.739639333403,38.9038128876003],[-104.739776092114,38.9037145686544],[-104.739913817451,38.9038133149047],[-104.740248880396,38.9040557420036],[-104.740583944467,38.9042981690236],[-104.740058916864,38.9047410026212],[-104.740393922313,38.9049834396797],[-104.74042857215,38.9051647498563],[-104.740463222154,38.9053460609197],[-104.740465343543,38.905357163637],[-104.741368480834,38.9053589522134],[-104.741475340152,38.9053674834311],[-104.741476012429,38.9058669071005],[-104.740547351211,38.9058643707149],[-104.739921743555,38.9058626571987],[-104.739929558339,38.9062891496141],[-104.739785339524,38.9062892039786],[-104.73911790403,38.906288139657]]]]},"properties":{"DIST_ID":"D1","NAME":"Council District 1","RepName":"Dave Donelson","RepPhone":"(719) 385-5487","RepEmail":"Dave.Donelson@coloradosprings.gov","ImageURL":"https://gis.coloradosprings.gov/SiteElements/CityCouncil/Images/D1.jpg","RepURL":"https://coloradosprings.gov/davedonelson","DISTRICT":1,"OBJECTID":13,"Shape__Area":966289145.20532227,"Shape__Length":249935.20896713948}},{"type":"Feature","id":14,"geometry":{"type":"Polygon","coordinates":[[[-104.817279750691,39.0358777763327],[-104.817264241382,39.034690632965],[-104.816815132385,39.0346851493587],[-104.812683213094,39.0346346306585],[-104.809984788728,39.0346011044569],[-104.809192984616,39.0345912546465],[-104.809192933797,39.0345912543451],[-104.809191557082,39.0345217039147],[-104.809122103217,39.0310123325729],[-104.80912209533,39.0310119568701],[-104.809335347972,39.0310121505094],[-104.810019733297,39.0310127700536],[-104.810282249439,39.0310130069512],[-104.8102825994,39.0310130072219],[-104.810282568296,39.0310113377559],[-104.81028251995,39.0310087105804],[-104.810282116073,39.0309869588797],[-104.810282110087,39.0309866246275],[-104.81027932324,39.0308718718021],[-104.810238726806,39.0292001152583],[-104.812553935356,39.0291937442035],[-104.81254313742,39.0287681820293],[-104.81250793461,39.02738077191],[-104.810302237023,39.0274002184463],[-104.807956191995,39.02742420259],[-104.807956854419,39.027310020542],[-104.802275779142,39.0273379334901],[-104.799195277302,39.0273529535109],[-104.799109800241,39.0274083326897],[-104.799066105024,39.0274366412409],[-104.798957138222,39.0275072394145],[-104.798955786367,39.027508115016],[-104.798926432572,39.0275271328401],[-104.798937161821,39.0286071620782],[-104.798942406812,39.0291352332792],[-104.798948340249,39.0297324113409],[-104.798959734023,39.0308793569853],[-104.798957794801,39.0308885781709],[-104.798955464926,39.0308979429436],[-104.79895475166,39.0309008087729],[-104.798951163104,39.0309129487091],[-104.798947033894,39.0309249835943],[-104.798943601608,39.0309339363467],[-104.798939836342,39.0309428069187],[-104.798934376346,39.0309545148908],[-104.798928396973,39.0309660683928],[-104.798921903014,39.0309774503373],[-104.798914904969,39.0309886499771],[-104.798907408774,39.0309996511326],[-104.798899424946,39.0310104412548],[-104.798890962842,39.031021008689],[-104.798884323203,39.0310287863365],[-104.798877395181,39.0310364100032],[-104.798870243196,39.0310439062017],[-104.798862813339,39.0310512367715],[-104.798852548,39.0310607816882],[-104.798844584522,39.0310677631165],[-104.798836364148,39.0310745601242],[-104.798825070036,39.0310833709548],[-104.798813388631,39.031091868658],[-104.798804393663,39.0310980403115],[-104.79879517205,39.031104005205],[-104.79878258522,39.0311116758748],[-104.798772934714,39.0311172129812],[-104.798763080813,39.0311225281527],[-104.798753071615,39.0311276631184],[-104.798742875262,39.0311325690403],[-104.798732535233,39.0311372876193],[-104.79872202198,39.0311417700315],[-104.798709442701,39.031146809343],[-104.797156249916,39.0317410385531],[-104.795881920116,39.0322285568835],[-104.794163216972,39.0328860442045],[-104.791714583963,39.0338227004142],[-104.791620216605,39.0338587958254],[-104.790176418008,39.0344110440131],[-104.790028424427,39.0344588044056],[-104.789993931614,39.034469935916],[-104.789976913484,39.0344754282879],[-104.789738330121,39.0345291690616],[-104.789616048058,39.0345334411044],[-104.789454248618,39.0345419284878],[-104.788188796831,39.0345426142147],[-104.787077321358,39.0345432053616],[-104.784680745317,39.0345413528558],[-104.784649872134,39.0345413290095],[-104.782992435591,39.0345400186914],[-104.780595187533,39.0345380815912],[-104.780533725318,39.0345380316779],[-104.780482719726,39.0345379895722],[-104.780175697435,39.0345377375659],[-104.779722337976,39.0345373645659],[-104.779635090565,39.0345400185444],[-104.779627751395,39.0345402416096],[-104.779627587314,39.0345402478016],[-104.779533066166,39.0345444133965],[-104.779532915936,39.034544420575],[-104.77943845212,39.034549875572],[-104.779438352728,39.0345498812632],[-104.779344010947,39.0345566233603],[-104.779343925405,39.0345566300379],[-104.779249755372,39.034564654138],[-104.779249664037,39.0345646625814],[-104.779155794089,39.0345739559663],[-104.779155597513,39.0345739772711],[-104.779061879631,39.0345845561415],[-104.779061752418,39.0345845715696],[-104.778968255971,39.0345964291486],[-104.77896815997,39.0345964420671],[-104.778874882633,39.0346095792417],[-104.778874846774,39.0346095844249],[-104.778781894938,39.0346239883416],[-104.778781841727,39.0346239961198],[-104.778689216561,39.034639664985],[-104.778689173753,39.0346396719267],[-104.778596911121,39.0346565996573],[-104.778596871779,39.0346566066205],[-104.778505070051,39.0346747740078],[-104.778504961244,39.0346747967561],[-104.778413476887,39.0346942335411],[-104.778322513631,39.0347148959443],[-104.778322433745,39.0347149143673],[-104.778229416193,39.0347374449564],[-104.776023492322,39.0352298330379],[-104.776014389245,39.0352117476323],[-104.775825446593,39.0348363891466],[-104.776546477974,39.0329123617098],[-104.776751821939,39.0323643949791],[-104.777045871718,39.0316058025117],[-104.777425408385,39.0306266433995],[-104.777562333024,39.0302733851199],[-104.778026193092,39.0290766307125],[-104.778157021769,39.0288436477769],[-104.778301793943,39.028434393134],[-104.778340010028,39.0282462797706],[-104.778858397668,39.0269056631965],[-104.779044649013,39.0264239823753],[-104.779130686408,39.0262571781189],[-104.779130824256,39.0262569105168],[-104.779188685745,39.0261447327273],[-104.779339971055,39.025770401786],[-104.779340846577,39.0257682343372],[-104.780038179499,39.0240427337812],[-104.78022244756,39.0226951079339],[-104.780222644637,39.0226936695824],[-104.780222799314,39.0226925399628],[-104.780372799254,39.0215954923851],[-104.780378573905,39.0215532580474],[-104.780633485106,39.0196888466828],[-104.78080314605,39.0184479030997],[-104.780824798694,39.0182783206596],[-104.780842652413,39.0181084688169],[-104.780856702076,39.0179384006923],[-104.780866943733,39.0177681667105],[-104.780873373428,39.0175978181969],[-104.780875989484,39.0174274091929],[-104.780874791417,39.0172569901438],[-104.780870858409,39.0171232596496],[-104.78086977987,39.0170866142036],[-104.780860956668,39.0169163318313],[-104.780848322463,39.0167461952795],[-104.78083188368,39.0165762568362],[-104.780811644435,39.0164065687749],[-104.780805371267,39.0163623555659],[-104.780787610017,39.0162371815741],[-104.780759789159,39.016068147535],[-104.780726143362,39.0158892653602],[-104.780674633872,39.0156349466837],[-104.780638515241,39.0154566131313],[-104.779842167636,39.0115244945882],[-104.779815039143,39.011436474172],[-104.779785945038,39.0113488361661],[-104.779754894279,39.0112616085511],[-104.779721895854,39.0111748166048],[-104.779686961041,39.0110884874214],[-104.779650098818,39.0110026471793],[-104.779611321625,39.0109173220786],[-104.779570641905,39.0108325383193],[-104.779528070942,39.0107483220941],[-104.779483621196,39.0106646978012],[-104.779437307417,39.0105816916546],[-104.7793891432,39.010499329861],[-104.779339143321,39.0104176359321],[-104.779287322529,39.0103366360815],[-104.77923369791,39.010256353835],[-104.779178285375,39.0101768145126],[-104.779121100855,39.0100980416328],[-104.77906216257,39.0100200605297],[-104.779003320612,39.0099452221872],[-104.779001488779,39.0099428929344],[-104.778993327649,39.0099329086286],[-104.778939096546,39.0098665641739],[-104.778907663615,39.0098295505123],[-104.778875006428,39.0097910968941],[-104.778809237817,39.0097165146349],[-104.778741810125,39.0096428391342],[-104.778640232407,39.0095367490243],[-104.778628488108,39.0094817653096],[-104.778580383743,39.0092565399122],[-104.778095620325,39.0086840213118],[-104.778038827732,39.0086143895139],[-104.778011038601,39.0085782909421],[-104.777984062687,39.0085418199463],[-104.777957905654,39.0085049873722],[-104.77793257778,39.0084678040946],[-104.777908085882,39.0084302809665],[-104.777884436767,39.0083924297419],[-104.777861638397,39.0083542621819],[-104.777839697579,39.0083157900402],[-104.777818621119,39.0082770250709],[-104.777798415825,39.0082379790277],[-104.777779087348,39.0081986636574],[-104.777760640186,39.0081590906994],[-104.777743083446,39.0081192728227],[-104.777726419316,39.0080792217525],[-104.777710653449,39.0080389492353],[-104.777695792632,39.0079984688265],[-104.777681839063,39.0079577913505],[-104.777668797212,39.007916931249],[-104.77765667275,39.007875898467],[-104.777645467836,39.0078347074319],[-104.777635186968,39.007793369883],[-104.777625832326,39.0077518984463],[-104.777617407242,39.0077103057545],[-104.777609913887,39.0076686053343],[-104.777603354449,39.0076268089106],[-104.77759773226,39.0075849291163],[-104.777593047183,39.0075429794635],[-104.777589302549,39.0075009725852],[-104.777586497084,39.0074589201845],[-104.777584634103,39.007416836696],[-104.777583713476,39.0073747347309],[-104.777583733926,39.0073326259924],[-104.777584697623,39.0072905240071],[-104.777586602129,39.0072484413717],[-104.777589449613,39.0072063916125],[-104.777593236491,39.0071643864185],[-104.777597962622,39.0071224393016],[-104.777603627868,39.0070805637736],[-104.777610227498,39.0070387706155],[-104.777617762519,39.0069970742471],[-104.777626229337,39.0069554872579],[-104.777635625513,39.0069140222447],[-104.777645947462,39.006872690896],[-104.777657193899,39.0068315058159],[-104.777669358904,39.0067904813812],[-104.777682440056,39.0067496283866],[-104.777696433761,39.0067089594218],[-104.777711336416,39.0066684879769],[-104.777727140974,39.006628225719],[-104.77774384385,39.0065881843368],[-104.777761441442,39.0065483773205],[-104.777779926711,39.0065088154361],[-104.779987893888,39.001907814265],[-104.780831178268,39.0002082221634],[-104.78230507824,38.997237451924],[-104.782338385126,38.997176788832],[-104.782373043738,38.9971165889972],[-104.7824090435,38.9970568703705],[-104.782446373829,38.9969976518034],[-104.782485023005,38.9969389503389],[-104.782486234548,38.9969371867149],[-104.782469613316,38.9969469549962],[-104.782909976827,38.9960309089142],[-104.783024760361,38.9957880025556],[-104.782989464154,38.9958174252724],[-104.782927215488,38.9958711682474],[-104.782866179622,38.9959257501545],[-104.782806372881,38.9959811548806],[-104.782747815054,38.9960373663341],[-104.782720308697,38.9960647334556],[-104.782690524785,38.9960943675153],[-104.782634517273,38.9961521396018],[-104.782579811153,38.9962106664946],[-104.782526422771,38.9962699302791],[-104.782474368489,38.9963299112391],[-104.78242366348,38.9963905932542],[-104.782374324107,38.9964519566083],[-104.782326365572,38.9965139824786],[-104.782279800765,38.9965766520283],[-104.782234646042,38.9966399464417],[-104.782204041684,38.9966846647285],[-104.782190914295,38.9967038468818],[-104.782148618425,38.996768333611],[-104.782107772498,38.9968333859976],[-104.782068387097,38.9968989851904],[-104.782030476279,38.9969651114585],[-104.781994049501,38.9970317432411],[-104.781944272778,38.9971284525702],[-104.781845091819,38.9973283659607],[-104.781738239309,38.9975437420434],[-104.78163138615,38.9977591180214],[-104.781103407674,38.998823304273],[-104.781099585611,38.9988310064475],[-104.779627067064,39.0017988077946],[-104.779538951768,39.0019240973502],[-104.776952182046,39.0019368407737],[-104.775073062271,39.0019460625318],[-104.775070854303,39.0055730658522],[-104.775072627309,39.0062756285145],[-104.775077052556,39.0080295430375],[-104.777257101456,39.0080261739748],[-104.7772686679,39.0080686915545],[-104.77728347091,39.008118782026],[-104.777299392597,39.0081686632324],[-104.7773164285,39.0082183198311],[-104.777334572996,39.0082677373729],[-104.77735382048,39.008316899607],[-104.777374164173,39.008365792077],[-104.777395599606,39.0084144003409],[-104.77741812001,39.0084627090415],[-104.777441717452,39.0085107037151],[-104.777466385153,39.0085583699052],[-104.777492116344,39.0086056922546],[-104.777518901928,39.0086526571933],[-104.777546735135,39.0086992493639],[-104.777575606859,39.008745456097],[-104.777605506867,39.0087912620139],[-104.777666126024,39.008878530458],[-104.777702650754,39.0093950609779],[-104.77744138581,39.009700762605],[-104.777196126134,39.009897489701],[-104.776907466141,39.0100495173052],[-104.776194219639,39.010371064293],[-104.775083785446,39.0106893781005],[-104.774391163453,39.0108879166928],[-104.768937157394,39.0123588229796],[-104.768833252371,39.0123855666093],[-104.768728764933,39.012410891239],[-104.768623726343,39.0124347889557],[-104.768518169031,39.0124572509531],[-104.768412125377,39.0124782729288],[-104.768305626647,39.0124978469704],[-104.768198706395,39.0125159669812],[-104.768091397013,39.0125326277588],[-104.767983730892,39.0125478241002],[-104.767965277701,39.0125501701402],[-104.76787574157,39.0125615517112],[-104.767767461429,39.01257380629],[-104.767658922852,39.0125845835354],[-104.767550159357,39.0125938809547],[-104.767441205627,39.0126016951621],[-104.767332092862,39.0126080245515],[-104.76722285458,39.0126128666309],[-104.767113525457,39.0126162189155],[-104.766972079518,39.0126183464432],[-104.761309947156,39.0126774274821],[-104.756822817409,39.0126598224943],[-104.756806274795,39.006160464782],[-104.756804603244,39.0055038137262],[-104.756804596396,39.0055011633489],[-104.758739594118,39.0055089070917],[-104.761289780492,39.0055190631866],[-104.765505935798,39.005535731191],[-104.765946979965,39.0055374658727],[-104.765948558927,39.0052784171882],[-104.765963536262,39.0028202701571],[-104.765969375328,39.0018619504821],[-104.765977633666,39.0005065355671],[-104.765991768089,38.9981864601951],[-104.764389070117,38.9982012223994],[-104.756785682577,38.9982709558708],[-104.756680180891,38.9982719200635],[-104.756680162403,38.9982663066736],[-104.756679360309,38.9980183419534],[-104.756668824974,38.9947638733998],[-104.75666382464,38.9932187403994],[-104.756656675085,38.9910098501031],[-104.756653601255,38.9901178498986],[-104.756650587737,38.9892430042067],[-104.756647574303,38.9883681575082],[-104.756644560943,38.9874933107043],[-104.756644135992,38.9873698032115],[-104.756643992806,38.9873286337366],[-104.756640944309,38.9864434951169],[-104.756639395889,38.9859942614733],[-104.756637894744,38.9855583554815],[-104.7566331899,38.9841926843911],[-104.756631654192,38.98374687127],[-104.756631635914,38.9837414587628],[-104.756631528241,38.9837095638884],[-104.756631377102,38.9836645305366],[-104.755804078525,38.9836670814115],[-104.754191064743,38.983672038304],[-104.740118228687,38.9837143334792],[-104.738150945251,38.9837201104136],[-104.738128980711,38.9837201747432],[-104.738029260148,38.9837204669716],[-104.7380292467,38.9838028077881],[-104.735186431933,38.983808106668],[-104.734875963411,38.9838073310017],[-104.734246962799,38.9838033305342],[-104.733389962542,38.9837983314875],[-104.733228962593,38.9837973313291],[-104.733039962593,38.9838033308539],[-104.732805962633,38.9837903305919],[-104.732495962562,38.9837953316201],[-104.732363963099,38.9838013311377],[-104.732125962468,38.9838123310191],[-104.732113852992,38.9838137555756],[-104.728550597231,38.983820205407],[-104.728218981927,38.9838207996918],[-104.726061960938,38.9838243312104],[-104.725264335658,38.9838260569692],[-104.724106243162,38.9838280964171],[-104.724103400226,38.9838281017891],[-104.723532037841,38.9838294193293],[-104.722101095862,38.9838327073834],[-104.721351796838,38.9838344221083],[-104.721219267829,38.9838347245851],[-104.720602498932,38.9838361320174],[-104.72056303582,38.9838361181975],[-104.720460383261,38.9838360811578],[-104.720451985087,38.9838360780622],[-104.71987231369,38.9838358679892],[-104.719462169755,38.9838357181757],[-104.708915149433,38.9838533110559],[-104.703174146585,38.9838624850627],[-104.700553194973,38.9838665793573],[-104.700459949735,38.9838766294738],[-104.700366655145,38.9838913600902],[-104.700397645982,38.9802447161658],[-104.700490619893,38.9802757078587],[-104.700539642727,38.9768146606598],[-104.70052603521,38.9766282907925],[-104.700509798553,38.9766275171156],[-104.700325333203,38.9766187338163],[-104.700345994269,38.9743770291626],[-104.700366655099,38.9721249944656],[-104.700400213466,38.969380002268],[-104.700400522206,38.9693547692076],[-104.700407665317,38.968770465976],[-104.70041830763,38.967899845937],[-104.70042863742,38.9675279501475],[-104.700428637059,38.9657201242109],[-104.700542272695,38.9657304551159],[-104.700569811489,38.9623706431592],[-104.700573263596,38.9619495158787],[-104.700666237606,38.9619598461892],[-104.700676568236,38.9610404374523],[-104.700562933377,38.9610507672099],[-104.700573264154,38.9601416895609],[-104.700469958742,38.9601416896273],[-104.700500951076,38.9583132026345],[-104.700376985039,38.958220228503],[-104.691441158875,38.9582512194345],[-104.691451489109,38.9580756021654],[-104.695666306955,38.9580652718388],[-104.70025302009,38.958054941269],[-104.700253020444,38.9576933763885],[-104.700511280535,38.9577243674591],[-104.700521610967,38.9548731670943],[-104.700614468282,38.9548731673182],[-104.70061408707,38.9548687044812],[-104.700591029782,38.9548687442487],[-104.700580038569,38.9548687840391],[-104.700590952542,38.9548683293168],[-104.700677899348,38.9548676943032],[-104.700727952631,38.9548673291851],[-104.700727952204,38.9548443290173],[-104.700730952729,38.9547143285648],[-104.700768951936,38.952659328053],[-104.700778951185,38.9522233285855],[-104.700797951747,38.9514423288588],[-104.700799951727,38.951393327929],[-104.700803951679,38.9511973282595],[-104.700824951058,38.9502843282943],[-104.700839950941,38.949644328005],[-104.700860951551,38.9487903287287],[-104.70088295069,38.9472863276064],[-104.70088395142,38.9472033280494],[-104.700886950958,38.9469573283611],[-104.700890951169,38.9467343276194],[-104.700918951251,38.9458493284228],[-104.700923951105,38.9456673278464],[-104.700941950575,38.9451493278188],[-104.700941951022,38.9451213277832],[-104.700944950682,38.9449403278341],[-104.70094695108,38.9447373279997],[-104.700947951636,38.9446583282924],[-104.700949951082,38.944405328178],[-104.700950950992,38.9442943276435],[-104.700952950454,38.9441303274912],[-104.700955950089,38.9439283272625],[-104.700955951079,38.9438473270487],[-104.700956950792,38.9438203275359],[-104.700972950178,38.9437073273846],[-104.700975773719,38.9436883149292],[-104.700987951472,38.9436063281147],[-104.700990014822,38.9435927418027],[-104.700999951368,38.9435273273727],[-104.701006247225,38.9433143131697],[-104.701011950649,38.9431213267122],[-104.701016950479,38.9430083266687],[-104.701034950326,38.9426273276961],[-104.701040950637,38.9424863272623],[-104.701085950768,38.9415603275758],[-104.701109624131,38.9410848802691],[-104.701109950552,38.9410783268538],[-104.701112930546,38.9410782914659],[-104.701853275931,38.9410694092611],[-104.702609950534,38.9410603270857],[-104.703892952055,38.9410113275579],[-104.704389866899,38.9409755186577],[-104.704905951223,38.940938326102],[-104.704915983876,38.9409375757836],[-104.705226950913,38.9409143268885],[-104.706346951764,38.9408553273184],[-104.707010134267,38.9408336024092],[-104.707258216866,38.9408254747548],[-104.708513952404,38.9407843265247],[-104.709629580653,38.9407644833279],[-104.709856305511,38.9407604490275],[-104.710368953562,38.9407513260642],[-104.711183953577,38.940727325982],[-104.712231952917,38.9406473262999],[-104.712249569458,38.9406459942974],[-104.712561746676,38.9406223826739],[-104.713368953555,38.9405613265152],[-104.713884952809,38.9405273268305],[-104.71396195305,38.9405243265715],[-104.714612954157,38.940493325876],[-104.71487002014,38.9404848147416],[-104.715234327422,38.9404727528555],[-104.717239953921,38.9404063258564],[-104.717489613769,38.9404003058648],[-104.718400954823,38.9403783257978],[-104.719243061615,38.9403313017225],[-104.719265588833,38.9403300439606],[-104.719345809365,38.9403255645055],[-104.719424432435,38.9403211733712],[-104.71944341153,38.9403201133796],[-104.719511653393,38.9403163020533],[-104.719564954823,38.9403133255533],[-104.719724436131,38.9403167368188],[-104.719742264295,38.9403171185613],[-104.719751953942,38.9403173258946],[-104.719751986252,38.9403166955009],[-104.71975264366,38.9403173341246],[-104.719911954882,38.9403193251184],[-104.719952955275,38.940318325339],[-104.720052954527,38.9403163257028],[-104.720075954888,38.9401273256166],[-104.720210954474,38.940130326129],[-104.720467955135,38.9401393250607],[-104.722117955229,38.940138325366],[-104.722729956274,38.9401353256711],[-104.724538610247,38.9401299995969],[-104.724739698801,38.9401294058204],[-104.724766956266,38.94012932533],[-104.727141957032,38.9401213248759],[-104.728992980801,38.94010675821],[-104.729174956362,38.9401053246973],[-104.729186278762,38.9401052709024],[-104.729340278461,38.9401045336957],[-104.729383957675,38.9401043248927],[-104.729383687722,38.9401106994712],[-104.729380971522,38.9401747054974],[-104.72937695729,38.9402693253397],[-104.729387183282,38.9402693255206],[-104.730610957241,38.9402693248819],[-104.731093957797,38.9402483248146],[-104.731433956997,38.9402373244677],[-104.731697957148,38.9402293246664],[-104.733526958028,38.940230325438],[-104.734271958318,38.9402313249869],[-104.734486958493,38.9402323248049],[-104.737606958888,38.9402333245113],[-104.738168959497,38.9402343247252],[-104.739416958953,38.94023532431],[-104.739590959787,38.9402353241087],[-104.739624500134,38.9401801695601],[-104.739680959921,38.940087324653],[-104.740009737675,38.9400921478892],[-104.740089959338,38.9400933242242],[-104.740672959477,38.9401023240403],[-104.7481619612,38.9400813237834],[-104.748162891712,38.9400876728215],[-104.748167986361,38.9401224387824],[-104.748178961022,38.9401973233419],[-104.748187823356,38.9401961419257],[-104.748358961566,38.9401733244107],[-104.748727962076,38.9401253234805],[-104.748872961083,38.9400953240162],[-104.749167961139,38.9400373243342],[-104.749603962195,38.9399433231709],[-104.750014961672,38.9398263230399],[-104.750267962094,38.9397333230558],[-104.750755962581,38.9395673237227],[-104.750888961983,38.9395043239872],[-104.751524961564,38.9392063232491],[-104.752466962019,38.9387813229203],[-104.752528961909,38.9387553231714],[-104.753109962717,38.9385233229395],[-104.753574962688,38.9383643224699],[-104.753934962934,38.938258323235],[-104.75438596188,38.9381703227495],[-104.754950963639,38.9380893235514],[-104.755374962974,38.9380513229226],[-104.755729962755,38.9380443232148],[-104.756376963146,38.9380323222319],[-104.756579963647,38.9380343225206],[-104.756703639831,38.9380358011684],[-104.756830962889,38.9380373228041],[-104.756828963509,38.9379673232998],[-104.756828722306,38.9379641416903],[-104.756822963551,38.937888322874],[-104.757064962811,38.9378913228084],[-104.758185963848,38.9378863228539],[-104.758659963819,38.9378443229825],[-104.758714963651,38.9378343234211],[-104.758887963878,38.937800322548],[-104.759062964003,38.9377673224112],[-104.759351963717,38.9377113226699],[-104.759962963773,38.9376023218952],[-104.760362963617,38.9375163223886],[-104.760685963217,38.9374353229175],[-104.760860783873,38.9374438499058],[-104.760931964413,38.9374473219158],[-104.761094963746,38.9373943224648],[-104.761406964126,38.9372943220673],[-104.761582964056,38.9372213223165],[-104.76165013798,38.9371937992812],[-104.761680855539,38.9371812136374],[-104.761726963712,38.937162322296],[-104.761842963534,38.9371153223578],[-104.762471964158,38.9367973229034],[-104.762951963952,38.9365553219186],[-104.763046963522,38.936456321989],[-104.763980963869,38.9359603222177],[-104.76446896472,38.9357253221554],[-104.764886964658,38.9356133219271],[-104.76511596487,38.9355093223031],[-104.765697964486,38.9352493217954],[-104.766016964813,38.9351073214621],[-104.766017106386,38.935113705912],[-104.766017109452,38.9351138554755],[-104.766017200637,38.9351179748232],[-104.766020465254,38.9352653397257],[-104.76602046832,38.9352654892893],[-104.766023961863,38.9354231723829],[-104.76602396493,38.9354233219464],[-104.766030335843,38.9357115086289],[-104.76603033891,38.9357116581924],[-104.766030401111,38.9357144539807],[-104.766030404177,38.9357146035443],[-104.766040412883,38.9361673919753],[-104.76604041595,38.9361675415388],[-104.766040588279,38.9361753018085],[-104.766040591346,38.936175451372],[-104.76604496267,38.9363731727884],[-104.766044965736,38.9363733223519],[-104.766048961233,38.9365491719042],[-104.766048964299,38.9365493214677],[-104.76604847116,38.9366189591068],[-104.766048469613,38.9366191086412],[-104.766048460568,38.9366203175499],[-104.766048459021,38.9366204670843],[-104.766047966335,38.9366901722908],[-104.766047964788,38.9366903218253],[-104.766045965833,38.9370581726096],[-104.76604596544,38.9370583221513],[-104.766045898281,38.9370731770509],[-104.766045897887,38.9370733265925],[-104.766045768979,38.9371017328688],[-104.766045768586,38.9371018824106],[-104.766043846927,38.93752603885],[-104.766043846533,38.9375261883917],[-104.766043774375,38.9375421954697],[-104.766043773982,38.9375423450114],[-104.766041795547,38.937978900624],[-104.766041795153,38.9379790501657],[-104.76604174885,38.9379893242788],[-104.766041748456,38.9379894738206],[-104.766040965439,38.9381621725772],[-104.766040965045,38.9381623221189],[-104.766040235486,38.9384317663741],[-104.766040235092,38.9384319159158],[-104.766040163327,38.9384584775694],[-104.766040162934,38.938458627111],[-104.766039966127,38.9385311728054],[-104.766039965733,38.9385313223471],[-104.766033968216,38.938855172828],[-104.766033965515,38.9388553223551],[-104.766033491933,38.938884598491],[-104.766033489232,38.9388847480181],[-104.766032811485,38.938926623312],[-104.766032808785,38.9389267728391],[-104.766026162351,38.9393374268851],[-104.766026159651,38.9393375764122],[-104.76602614935,38.9393382375846],[-104.76602614665,38.9393383871117],[-104.766019968358,38.9397201730633],[-104.766019964504,38.9397203225831],[-104.766017350499,38.9397902468018],[-104.766017344339,38.9397903963071],[-104.766015970693,38.9398271727949],[-104.766015965686,38.9398273223075],[-104.766015686333,38.9398368193001],[-104.766015682479,38.93983696882],[-104.766012949787,38.9399301833376],[-104.766012945934,38.9399303328574],[-104.766006969336,38.9401341733483],[-104.766006965482,38.9401343228681],[-104.766014965715,38.9401503223215],[-104.766035319583,38.94019280147],[-104.766037940327,38.9401982700611],[-104.766037965162,38.9401983224681],[-104.766046398529,38.9402014458395],[-104.766118965265,38.9402283225537],[-104.766385965398,38.9402443224678],[-104.766497634881,38.9402450393009],[-104.767611019488,38.9402521763888],[-104.767671366518,38.9402525626389],[-104.767789965916,38.9402533227608],[-104.76810496592,38.9402563222466],[-104.768762798384,38.9402575947063],[-104.768787740456,38.940257642493],[-104.769914611415,38.9402598136609],[-104.76999641397,38.9402599712181],[-104.77017896643,38.9402603221604],[-104.770839966284,38.9402553218947],[-104.771066492187,38.9402553227813],[-104.771087230164,38.9402553230098],[-104.772218327782,38.9402553227508],[-104.772253625482,38.9402553228777],[-104.772351966505,38.9402553218965],[-104.773222967059,38.940262322064],[-104.773370076495,38.9402636816345],[-104.773505655288,38.9402649347712],[-104.773763967347,38.9402673225355],[-104.774521893046,38.9402655342808],[-104.774861380905,38.9402647323022],[-104.775020144788,38.9402643570994],[-104.775034967758,38.9402643332713],[-104.775035027617,38.9402643453557],[-104.775035102968,38.9402705176688],[-104.775035103747,38.9402706672177],[-104.775044936588,38.9402706438181],[-104.775115871126,38.9402713210105],[-104.775115866887,38.94027117144],[-104.775114219715,38.9402436189523],[-104.775114218936,38.9402434694034],[-104.775201423461,38.9385213719393],[-104.776976519127,38.9385201503504],[-104.777218269338,38.938579892976],[-104.777850460273,38.9387439802909],[-104.77900344236,38.9390277719437],[-104.780454706339,38.9393133985287],[-104.781348047423,38.9394645211714],[-104.782446896568,38.9395732253985],[-104.783248064275,38.9396218442838],[-104.783657895378,38.9396534894092],[-104.785167903803,38.9396627787507],[-104.787945722588,38.9396652555582],[-104.790313559271,38.9396506065016],[-104.792420261449,38.9396488808621],[-104.793781569601,38.9396134734461],[-104.794639105365,38.9396186766473],[-104.797305213442,38.9396056936045],[-104.798835886251,38.9395910240732],[-104.799322966946,38.9410593026509],[-104.79993756056,38.9430140387906],[-104.800737044511,38.9451300419222],[-104.800736868411,38.9451479077191],[-104.800770410183,38.9451379791083],[-104.800841187284,38.9452525215816],[-104.800901792622,38.9453645597353],[-104.800964394289,38.9454845176433],[-104.801053688145,38.9456432424575],[-104.801223311751,38.9459107445187],[-104.801295358433,38.9460178811049],[-104.801370149542,38.9461249242199],[-104.801441005244,38.946220904455],[-104.801491098947,38.9462863639025],[-104.801536099793,38.9463442975545],[-104.801629851487,38.9464612836684],[-104.801687703762,38.9465316506699],[-104.801745555017,38.9466020158334],[-104.801803408685,38.9466723818821],[-104.801861227852,38.9467427485946],[-104.801897088963,38.9467860458538],[-104.802067788721,38.9469733752103],[-104.802205436542,38.9471248381233],[-104.802249831832,38.9471764239653],[-104.802266229562,38.9471965935798],[-104.802272376592,38.9472044022071],[-104.802276369599,38.9472095331574],[-104.804295631217,38.9492668110519],[-104.805453354463,38.9503738836515],[-104.805456395934,38.950376791781],[-104.805458640535,38.9503754250576],[-104.805477893933,38.9503937284438],[-104.804815363242,38.9508302794728],[-104.804764910825,38.9508635225573],[-104.804733637289,38.95088299432],[-104.804322610737,38.9511389104377],[-104.804156756885,38.9512421755594],[-104.80368853502,38.951533698127],[-104.800316095634,38.9536333063219],[-104.799928451949,38.9538673854726],[-104.798477444203,38.9547435533837],[-104.798452864388,38.9547583955519],[-104.798446691306,38.9574756422834],[-104.798445983,38.9578762151831],[-104.798445092666,38.9583799971132],[-104.798444592442,38.9586137150624],[-104.798443891638,38.9589407360401],[-104.798439228858,38.961118290418],[-104.798437165972,38.9620262824129],[-104.798431761678,38.9643588942926],[-104.798429180919,38.9654730794784],[-104.798427768731,38.9660825514911],[-104.798420508657,38.9692159095533],[-104.798420341818,38.9692881820342],[-104.798683224256,38.9692874595155],[-104.798734416485,38.9694389255157],[-104.798770933348,38.9696659250447],[-104.798791877377,38.9700486006161],[-104.798792227868,38.9707387406643],[-104.798412369295,38.9707199843233],[-104.795988444543,38.9707141263619],[-104.795742949547,38.9706902599166],[-104.79575721386,38.9693428811559],[-104.795756265712,38.969342953793],[-104.795757715876,38.9692954654902],[-104.795757566199,38.969291828703],[-104.795646855109,38.9692915595369],[-104.795646279647,38.9693738993988],[-104.795645705345,38.969456238366],[-104.793748739086,38.9694516146989],[-104.793746140781,38.9699611899285],[-104.793746026541,38.969983669362],[-104.793744281183,38.9703260181022],[-104.793743460377,38.970486884661],[-104.793742473543,38.9706804127833],[-104.793742177589,38.9707385193257],[-104.793740479741,38.9710714588111],[-104.793739643811,38.9712353485569],[-104.793738660614,38.9714282776087],[-104.79373712045,38.9717302013266],[-104.793736811915,38.9717906130916],[-104.79373602576,38.9719448684004],[-104.793734402342,38.9722632602578],[-104.793733977964,38.9723464270992],[-104.793732694517,38.972598121155],[-104.793731127324,38.9729055345172],[-104.793477898621,38.9729053460217],[-104.793055967732,38.9729050304476],[-104.792845003442,38.972904872094],[-104.792602252274,38.9729046895058],[-104.792533547656,38.97290463761],[-104.792373587327,38.9729045163913],[-104.792105285716,38.9729043134335],[-104.791848553354,38.9729041189986],[-104.791602404698,38.9729039316681],[-104.791406306759,38.9729037819233],[-104.791377355359,38.9729037596867],[-104.79114878966,38.97290358477],[-104.790902641008,38.9729033959594],[-104.790566297209,38.9729031369878],[-104.790180020404,38.9729028391497],[-104.790130195878,38.9729028009947],[-104.789655898153,38.9729024320206],[-104.789110998571,38.9729020064192],[-104.788927671245,38.9729018629427],[-104.788478213089,38.9729015085127],[-104.786556231171,38.9728999772374],[-104.78442026931,38.9728975788407],[-104.784420267281,38.9728982373591],[-104.78441772846,38.9733834824164],[-104.784417395029,38.9734471749818],[-104.784414523887,38.9739961125713],[-104.784411652691,38.9745450510214],[-104.78440878146,38.9750939885304],[-104.78440558598,38.9757049015577],[-104.784402389574,38.9763157866029],[-104.784401616351,38.9764804667414],[-104.784401276268,38.9765528210335],[-104.784401062616,38.9765970935129],[-104.784395143529,38.9778223346411],[-104.784387710478,38.9793609906591],[-104.784387188731,38.97946895399],[-104.7843806465,38.9808231339079],[-104.784380639951,38.9808864518595],[-104.784381864712,38.9808868918037],[-104.784646999152,38.9808473279635],[-104.784719706448,38.9808364780065],[-104.784901343958,38.9808093737335],[-104.785141605959,38.9807735206475],[-104.785252457174,38.9807569787615],[-104.785557846201,38.9807145304551],[-104.785848195866,38.9806765591429],[-104.786168899797,38.9806421641244],[-104.786179932329,38.9806412696677],[-104.786207346489,38.9806380406472],[-104.786863644145,38.9805858076435],[-104.787078668011,38.9805558425115],[-104.787429924385,38.9805229058853],[-104.788787564646,38.9804860596219],[-104.790377567539,38.9804333557766],[-104.790661731546,38.9804281567565],[-104.790681088151,38.978524461962],[-104.792087620424,38.9785205343464],[-104.792624876128,38.9785190291006],[-104.792624774944,38.9785158673618],[-104.792651051965,38.9785160270676],[-104.793688993814,38.9785223306976],[-104.793692434493,38.9775172781997],[-104.794722497605,38.978974727327],[-104.794748193964,38.9803542937512],[-104.795931006896,38.9803255610596],[-104.795923387671,38.9794688526285],[-104.795917437078,38.9788231521564],[-104.796404206335,38.9786951403632],[-104.797778984086,38.9783275544283],[-104.797756162303,38.9784212396353],[-104.797735440357,38.9785152221795],[-104.797716823166,38.9786094723633],[-104.797700316796,38.9787039613966],[-104.797685927292,38.978798662291],[-104.797673657283,38.9788935435329],[-104.797663511661,38.9789885781266],[-104.797655493029,38.9790837372607],[-104.79764960516,38.9791789903292],[-104.797645847195,38.9792743084995],[-104.797644314179,38.9794319896016],[-104.797649892423,38.9796158367874],[-104.797655092383,38.980328897069],[-104.797654512516,38.9804095773931],[-104.797653988045,38.9804824511884],[-104.797654323933,38.980482448711],[-104.797937740323,38.98047950029],[-104.798220042794,38.9804765633805],[-104.800994381458,38.9804476939379],[-104.803622059762,38.9804202898696],[-104.803721879151,38.9804192475029],[-104.807035257387,38.9803846039265],[-104.807035415525,38.9803846021655],[-104.807685734959,38.980377802499],[-104.80768589078,38.9803778016241],[-104.807685686511,38.9804221281429],[-104.80776177855,38.98059769357],[-104.807784987857,38.9806512445168],[-104.807985521547,38.9811139260962],[-104.808975126902,38.9833970943027],[-104.81224140386,38.9909317849094],[-104.812280769155,38.9910225826099],[-104.812244249895,38.9910221587522],[-104.811006556621,38.9910077822369],[-104.811003919251,38.991007751312],[-104.811002763605,38.9911611093717],[-104.81100381516,38.9911611146949],[-104.812248282793,38.9911668929139],[-104.812307889284,38.9911671693941],[-104.81229916884,38.9929623695179],[-104.812299169007,38.9929624713159],[-104.812299168727,38.9929625001417],[-104.81229204808,38.994715430192],[-104.812285851569,38.9966334339878],[-104.813627093227,38.9980630833048],[-104.815958599297,39.0005480955867],[-104.816167300811,39.0006447016915],[-104.817045445289,39.0010511783006],[-104.817107588781,39.0010799423469],[-104.817143983893,39.0010967892462],[-104.817144945924,39.001097234507],[-104.817144673989,39.0023307574426],[-104.817144571426,39.0027993366365],[-104.817144571261,39.0027995933796],[-104.817010951496,39.0028024571694],[-104.816887787025,39.0028050965799],[-104.817032758372,39.0030865603873],[-104.81717645194,39.0033520524197],[-104.817184004458,39.003366006843],[-104.817195785599,39.0033864821435],[-104.817433095973,39.0037989354683],[-104.817946237912,39.0046586203684],[-104.817979191352,39.0047138278166],[-104.818718377984,39.0059521693097],[-104.818816961622,39.006117418145],[-104.819069810943,39.0065412519072],[-104.819577020906,39.0073914326677],[-104.820274970096,39.0085612916645],[-104.820280821375,39.0085712028065],[-104.821219762839,39.0101615638362],[-104.82122163874,39.0101647412792],[-104.821684486233,39.010948673042],[-104.822138850473,39.0117052845412],[-104.822151206198,39.0117258590357],[-104.822891620502,39.0129587658419],[-104.823188259988,39.0134556219604],[-104.823423827798,39.0138502195258],[-104.824275252896,39.015276396104],[-104.825064733106,39.0165987519203],[-104.825640333905,39.0175627388366],[-104.825792672893,39.0178178636197],[-104.826000591896,39.0181660690427],[-104.826003206001,39.0181659814753],[-104.826004816295,39.0181654403735],[-104.829832863548,39.0168802564666],[-104.830802735686,39.0165546152747],[-104.83127134409,39.017403993796],[-104.831109697587,39.0174582679321],[-104.831396013917,39.0179772220985],[-104.832299285143,39.0196143668564],[-104.832645806447,39.0201506295338],[-104.832930728587,39.0204982464145],[-104.833445985227,39.0210002514371],[-104.833770311561,39.0212782494599],[-104.834362016311,39.0217854252122],[-104.834959502369,39.0222975468412],[-104.835452394753,39.0227200093058],[-104.835870365702,39.0230782503069],[-104.835750057333,39.0231791001851],[-104.836554918066,39.0238689306996],[-104.836583401748,39.0238608020943],[-104.836610599453,39.023850331016],[-104.836636195664,39.0238376389383],[-104.836659893443,39.0238228731004],[-104.836681417878,39.0238062047988],[-104.836700519269,39.0237878274],[-104.836716976024,39.0237679540974],[-104.836730597234,39.0237468154379],[-104.836734197679,39.0233614070269],[-104.83679626159,39.0233537379015],[-104.83685700093,39.0233411764233],[-104.836915783618,39.0233238533129],[-104.836971997938,39.0233019488421],[-104.8370250589,39.0232756909587],[-104.837074414334,39.0232453529133],[-104.837119550631,39.0232112504162],[-104.837159998091,39.0231737383518],[-104.837195335811,39.0231332070851],[-104.83722519606,39.0230900783994],[-104.837249268115,39.023044801107],[-104.837267301483,39.0229978463784],[-104.837279108516,39.0229497028392],[-104.837284566361,39.0229008714851],[-104.837283618233,39.0228518604684],[-104.837276274013,39.0228031798099],[-104.837343190431,39.0227130915501],[-104.837390034794,39.0226468268992],[-104.837433235974,39.0225790727984],[-104.837472716313,39.0225099510564],[-104.837508404845,39.0224395859405],[-104.83754023742,39.0223681039526],[-104.837568156822,39.0222956336025],[-104.83759211287,39.0222223051764],[-104.837612062509,39.0221482505026],[-104.837699263466,39.0217898232669],[-104.838474391487,39.0216173419502],[-104.838541259705,39.0216559812991],[-104.838610937563,39.0216914714602],[-104.838683181646,39.021723688449],[-104.838757739571,39.0217525197157],[-104.838834350875,39.0217778645383],[-104.838912747916,39.0217996343746],[-104.838992656817,39.0218177531715],[-104.839073798414,39.0218321576307],[-104.839155889241,39.0218427974303],[-104.83923864251,39.0218496353999],[-104.839321769124,39.021852647651],[-104.839404978678,39.0218518236602],[-104.839487980477,39.0218471663061],[-104.839570484553,39.0218386918593],[-104.839652202678,39.0218264299254],[-104.839732849369,39.0218104233416],[-104.840273325358,39.0217447810481],[-104.840328207839,39.02173711084],[-104.840382357426,39.0217267447083],[-104.840435556716,39.0217137242715],[-104.840487592122,39.0216981018049],[-104.840538254731,39.0216799400303],[-104.84058734114,39.0216593118645],[-104.840634654277,39.0216363001264],[-104.840680004189,39.0216109972045],[-104.840723208805,39.0215835046859],[-104.840764094668,39.0215539329486],[-104.840802497633,39.021522400718],[-104.84083826352,39.0214890345905],[-104.840871248741,39.021453968525],[-104.84090132087,39.0214173433052],[-104.840928359177,39.0213793059743],[-104.840952255115,39.0213400092444],[-104.841820988837,39.0214138285406],[-104.841799200293,39.0214472683099],[-104.841780548402,39.0214818429606],[-104.8417651296,39.0215173737384],[-104.841753023609,39.0215536769454],[-104.841744293024,39.0215905648899],[-104.841738982988,39.0216278468567],[-104.841737120961,39.0216653300932],[-104.841738716573,39.021702820806],[-104.841743761583,39.0217401251625],[-104.84175222991,39.0217770502936],[-104.841764077779,39.0218134052902],[-104.841779243939,39.021849002191],[-104.841797649982,39.0218836569535],[-104.841819200751,39.0219171904063],[-104.841843784829,39.0219494291749],[-104.841871275115,39.0219802065785],[-104.841901529482,39.0220093634914],[-104.841934391513,39.0220367491664],[-104.841969691305,39.0220622220134],[-104.842007246354,39.0220856503321],[-104.842046862494,39.0221069129927],[-104.842088334901,39.0221259000622],[-104.842131449155,39.0221425133729],[-104.842175982345,39.02215666703],[-104.842221704225,39.0221682878556],[-104.842268378402,39.0221773157672],[-104.842315763558,39.0221837040881],[-104.8423636147,39.022187419789],[-104.842411684427,39.022188443659],[-104.842459724204,39.0221867704043],[-104.842507485655,39.0221824086761],[-104.842554721839,39.0221753810256],[-104.842729816083,39.0240367050404],[-104.842721132929,39.0247183542667],[-104.841247625754,39.0270952283289],[-104.841221194674,39.0272051789061],[-104.841200357464,39.027315858631],[-104.841185146735,39.0274270944211],[-104.841175586301,39.0275387123235],[-104.841171691138,39.0276505377869],[-104.841173467366,39.0277623959347],[-104.841180912233,39.0278741118383],[-104.841194014124,39.0279855107907],[-104.841302823948,39.0288480620302],[-104.84130996524,39.0288952403562],[-104.84131945242,39.028942166494],[-104.841331271153,39.0289887695054],[-104.841345403575,39.0290349789405],[-104.841361828327,39.0290807249443],[-104.841380520585,39.0291259383622],[-104.841401452095,39.0291705508446],[-104.84142459122,39.0292144949503],[-104.841449902982,39.0292577042481],[-104.841477349123,39.0293001134178],[-104.841506888155,39.0293416583484],[-104.841538475426,39.0293822762356],[-104.841572063189,39.0294219056762],[-104.841607600672,39.0294604867611],[-104.841645034154,39.0294979611661],[-104.841684307049,39.0295342722398],[-104.84172535999,39.0295693650895],[-104.841768130917,39.0296031866639],[-104.841812555174,39.0296356858336],[-104.841858565606,39.0296668134682],[-104.841906092658,39.0296965225105],[-104.841955064484,39.0297247680481],[-104.842005407052,39.0297515073807],[-104.842057044258,39.0297767000852],[-104.842109898041,39.0298003080764],[-104.842163888499,39.0298222956649],[-104.842218934014,39.0298426296108],[-104.842274951371,39.029861279174],[-104.842331855886,39.0298782161611],[-104.842389561533,39.0298934149672],[-104.842447981077,39.0299068526156],[-104.8425070262,39.0299185087917],[-104.843167927847,39.0300586951567],[-104.843224211897,39.0308555605691],[-104.842501191931,39.031811465269],[-104.842437499227,39.0318192560015],[-104.842374283391,39.0318291307847],[-104.842311656463,39.0318410721165],[-104.842249729444,39.0318550588325],[-104.842188612091,39.031871066143],[-104.842128412728,39.0318890656768],[-104.842069238053,39.0319090255321],[-104.842011192945,39.0319309103323],[-104.841954380284,39.0319546812891],[-104.841898900766,39.0319802962712],[-104.841844852723,39.032007709879],[-104.841792331951,39.0320368735249],[-104.841741431539,39.0320677355195],[-104.841692241705,39.0321002411632],[-104.841644849635,39.0321343328432],[-104.841599339329,39.0321699501354],[-104.841555791453,39.0322070299116],[-104.841514283194,39.0322455064517],[-104.841474888125,39.0322853115595],[-104.841437676074,39.032326374684],[-104.841402713,39.0323686230446],[-104.841370060875,39.0324119817594],[-104.841339777578,39.0324563739789],[-104.841311916788,39.0325017210211],[-104.84128652789,39.032547942512],[-104.841263655889,39.0325949565271],[-104.84124334133,39.0326426797375],[-104.841225620224,39.0326910275567],[-104.841210523986,39.0327399142911],[-104.841198079378,39.032789253292],[-104.841188308464,39.0328389571085],[-104.841181228567,39.032888937643],[-104.840279515802,39.0328722452604],[-104.838684667773,39.027099315177],[-104.838647989484,39.0269764833601],[-104.838606100972,39.0268546695769],[-104.83855904849,39.026734008252],[-104.838506883985,39.0266146325375],[-104.838449665048,39.0264966741661],[-104.838387454847,39.0263802633059],[-104.838320322053,39.0262655284166],[-104.838248340773,39.0261525961079],[-104.838171590458,39.0260415909996],[-104.838090155826,39.0259326355847],[-104.838004126758,39.0258258500932],[-104.837913598206,39.0257213523607],[-104.837818670086,39.0256192576974],[-104.837719447166,39.0255196787615],[-104.837616038953,39.0254227254346],[-104.83750855957,39.0253285047008],[-104.835365304308,39.0234915990414],[-104.83532331507,39.0234401900628],[-104.830254037874,39.0252816076885],[-104.830246751298,39.0252754102572],[-104.829795846669,39.024520061758],[-104.829405486672,39.0238661222262],[-104.829375128192,39.0238152645139],[-104.829373912906,39.0238132278936],[-104.829373271496,39.0238131539335],[-104.82937297782,39.0238133116934],[-104.826624877635,39.0252910792243],[-104.825965974368,39.0256453793263],[-104.825973473362,39.0256538574149],[-104.826319876626,39.0260454977854],[-104.826628023517,39.0263938821483],[-104.826630201383,39.0263963450604],[-104.826630614869,39.0263968285066],[-104.826644595532,39.0264131940586],[-104.826645409929,39.0264141473654],[-104.826646156292,39.0264150894686],[-104.826659994841,39.0264325559403],[-104.826660638509,39.0264333668259],[-104.826661482298,39.0264345085808],[-104.82667073559,39.0264470172721],[-104.826671481321,39.0264480260346],[-104.826672436189,39.0264493891405],[-104.826678686174,39.0264583067839],[-104.826679554455,39.0264595450714],[-104.826680564551,39.0264610517322],[-104.826684929521,39.0264675586048],[-104.826685927093,39.0264690462753],[-104.826686820515,39.0264704342498],[-104.826691553941,39.0264777882524],[-104.826692362007,39.0264790433081],[-104.826693043288,39.0264801498908],[-104.826698285384,39.0264886662316],[-104.826698935955,39.0264897230899],[-104.826699538304,39.0264907499412],[-104.826704710655,39.0264995568541],[-104.826705261858,39.0265004969278],[-104.826705846714,39.026501541695],[-104.826710246311,39.0265093883352],[-104.826710767573,39.0265103192272],[-104.826711157911,39.0265110511747],[-104.826716708878,39.02652145929],[-104.826717054963,39.0265221081031],[-104.826717468756,39.0265229239655],[-104.826721476295,39.0265308277951],[-104.826721843612,39.0265315515018],[-104.826722160749,39.0265322082553],[-104.826726489762,39.0265411634369],[-104.826726767258,39.0265417379836],[-104.826726836215,39.0265418951306],[-104.826731713337,39.0265530884968],[-104.8267360369,39.0265624958748],[-104.826736139741,39.0265627333936],[-104.826738794185,39.0265691294803],[-104.826738847239,39.0265692586089],[-104.826741328037,39.0265754546032],[-104.826741445326,39.0265757516619],[-104.826741466764,39.0265758049361],[-104.826743958844,39.0265822721522],[-104.826743997151,39.0265823732692],[-104.826746396766,39.0265888480585],[-104.826746438417,39.0265889618067],[-104.826748787227,39.0265955570166],[-104.826748805252,39.026595604866],[-104.826751010963,39.0266020668231],[-104.826751055925,39.0266021968059],[-104.826753126656,39.0266085219539],[-104.826753229865,39.0266088423533],[-104.826755282246,39.0266153971128],[-104.826755315865,39.0266155054095],[-104.826757278039,39.0266220731602],[-104.826757310477,39.0266221841526],[-104.826759209314,39.0266288542344],[-104.826759236106,39.0266289516814],[-104.8267609956,39.0266354579033],[-104.826761031297,39.026635590535],[-104.826762682885,39.0266420276683],[-104.826762755221,39.0266423154585],[-104.826764362291,39.0266489406126],[-104.826764390084,39.0266490542808],[-104.82676590805,39.0266556978377],[-104.82676593243,39.026655806081],[-104.826767376845,39.0266625329921],[-104.826767407794,39.0266626791092],[-104.826768718914,39.0266692133681],[-104.826768745372,39.0266693459464],[-104.826769968731,39.0266758787971],[-104.826770015985,39.0266761322099],[-104.826771173286,39.0266828106169],[-104.826771194107,39.026682928749],[-104.826772263425,39.0266896291687],[-104.826772279747,39.0266897346629],[-104.826773268755,39.0266965003806],[-104.826773295778,39.0266966951211],[-104.826774161021,39.0267032376127],[-104.826774178232,39.0267033710384],[-104.826774965457,39.026709980643],[-104.826774989931,39.0267102005926],[-104.826775696496,39.0267169124281],[-104.82677570919,39.0267170350176],[-104.826776327721,39.0267237742706],[-104.826776335992,39.0267238761148],[-104.826776867455,39.0267306626099],[-104.826776884785,39.0267309050395],[-104.826777306623,39.026737438662],[-104.826777314604,39.0267375711335],[-104.82677765661,39.0267442412241],[-104.826777665267,39.0267444241474],[-104.826777918939,39.0267511531837],[-104.826777923515,39.0267512793296],[-104.826778086809,39.0267580393733],[-104.82677808935,39.0267581366801],[-104.826778162282,39.0267649259297],[-104.826778164155,39.0267652151143],[-104.826778145059,39.0267717227658],[-104.826778144973,39.026771853389],[-104.826778037328,39.0267785641214],[-104.826778033624,39.026778710939],[-104.826777834583,39.0267854382593],[-104.826777829894,39.0267855670542],[-104.826777539277,39.0267923298792],[-104.82677753494,39.0267924217411],[-104.826777151814,39.0267991966434],[-104.82677713017,39.0267995298338],[-104.826776676094,39.0268059926308],[-104.826776666786,39.026806121399],[-104.826776103879,39.0268128556244],[-104.82677609475,39.0268129654757],[-104.826775443167,39.0268196730638],[-104.826775430369,39.0268198045144],[-104.826774683718,39.0268265502897],[-104.826774673649,39.0268266376142],[-104.826773835808,39.0268333783581],[-104.826773786027,39.0268337555277],[-104.826772902908,39.0268401563882],[-104.826772885542,39.0268402824073],[-104.826771865249,39.0268470202948],[-104.826771853007,39.0268470931931],[-104.826770751352,39.0268537639471],[-104.826770729315,39.0268538953442],[-104.826769529103,39.0268606069678],[-104.826769514475,39.02686068796],[-104.826768225535,39.026867378351],[-104.826768141879,39.0268677958632],[-104.826766835643,39.0268741186062],[-104.826766810227,39.0268742409753],[-104.826766227918,39.0268769392672],[-104.82676532562,39.0268809824846],[-104.826763772747,39.026887615497],[-104.826763741462,39.0268877477416],[-104.826762091332,39.0268944063164],[-104.826762072144,39.0268944809763],[-104.826760336897,39.026901103025],[-104.826760213607,39.0269015590448],[-104.826758537927,39.0269076247107],[-104.826758492502,39.0269077866016],[-104.826758459044,39.0269079044199],[-104.826756517581,39.0269145937414],[-104.82662018388,39.0273730739052],[-104.826617922682,39.027380835192],[-104.826617877282,39.0273809943804],[-104.826615734855,39.0273886536567],[-104.826615658307,39.0273889306768],[-104.826613568832,39.0273967298913],[-104.826613529283,39.027396881006],[-104.826611515438,39.0274047428166],[-104.826611489055,39.0274048453613],[-104.826609567608,39.0274127068053],[-104.826609438875,39.0274132492752],[-104.826607709797,39.0274206776203],[-104.82660767846,39.0274208152696],[-104.826605918993,39.0274287677354],[-104.826605876681,39.0274289665792],[-104.826604259264,39.027436676636],[-104.826604226575,39.0274368349971],[-104.826602661682,39.0274447300323],[-104.82660263618,39.0274448614094],[-104.826601165001,39.0274527389694],[-104.826601135769,39.0274528982513],[-104.826599795093,39.0274605333355],[-104.826599781636,39.0274606125328],[-104.826599725344,39.0274609455229],[-104.826598427028,39.027468862819],[-104.826598404913,39.0274690023233],[-104.826597192964,39.0274769462435],[-104.82659717564,39.0274770677585],[-104.826596048799,39.0274850491057],[-104.826595996588,39.0274854388731],[-104.826595007034,39.0274930714832],[-104.826594988281,39.0274932218172],[-104.826594028998,39.0275013149381],[-104.826593179866,39.0275092411372],[-104.826593163311,39.027509403195],[-104.826592412069,39.0275172371723],[-104.826592387601,39.0275175027824],[-104.82659171495,39.0275254525233],[-104.826591701928,39.0275256073947],[-104.826591115352,39.0275336143869],[-104.826591108611,39.0275337161443],[-104.826590612269,39.0275417074429],[-104.826590581443,39.0275422775046],[-104.826590200368,39.0275498064313],[-104.826590193284,39.0275499442208],[-104.826589874133,39.0275580059096],[-104.826589867391,39.0275582292821],[-104.826589646636,39.0275660239865],[-104.82658964282,39.0275661825146],[-104.826589505532,39.0275741876003],[-104.826589504427,39.0275743038039],[-104.826589457647,39.0275822643703],[-104.826589457261,39.0275824265216],[-104.82658949821,39.0275901488692],[-104.826589501346,39.0275905479652],[-104.826589633409,39.0275985266818],[-104.826589636667,39.0275986699362],[-104.826589858621,39.0276066689913],[-104.826589862093,39.0276067897257],[-104.82659017506,39.0276148127293],[-104.826590194245,39.02761522453],[-104.826590580057,39.0276228741007],[-104.826590587875,39.0276230236875],[-104.826591086048,39.0276311243343],[-104.826591089076,39.0276311702954],[-104.826591666416,39.0276390831217],[-104.826591677578,39.0276392453398],[-104.826592337462,39.0276471009888],[-104.826592359343,39.0276473506515],[-104.82659311656,39.027655294246],[-104.826593132402,39.0276554501852],[-104.826593984995,39.0276634447789],[-104.826593995602,39.0276635439341],[-104.826594935102,39.0276715084012],[-104.826595008052,39.0276720961791],[-104.826595976392,39.0276795779559],[-104.826595994741,39.0276797131899],[-104.826597120886,39.0276877255805],[-104.826597156685,39.0276879690178],[-104.826598331747,39.0276956952201],[-104.82659835682,39.0276958521134],[-104.826599656718,39.0277038105567],[-104.826599673099,39.0277039097452],[-104.826601051068,39.0277117956707],[-104.826601080717,39.0277119570948],[-104.826602505884,39.0277196162783],[-104.826602577355,39.0277199950497],[-104.826604136674,39.0277278784203],[-104.826604165339,39.0277280218216],[-104.826605818058,39.0277359210467],[-104.826605842361,39.0277360373972],[-104.826607588556,39.0277439443695],[-104.82660768499,39.0277443701297],[-104.826609432574,39.0277518879415],[-104.826609466988,39.0277520340787],[-104.826611409017,39.0277599944327],[-104.826611425698,39.0277600620931],[-104.826613408927,39.0277678190925],[-104.826613450151,39.0277679778809],[-104.826615514547,39.0277757011172],[-104.8266155759,39.0277759293877],[-104.826617747144,39.0277837117971],[-104.826617790728,39.027783865194],[-104.826620066656,39.0277916914496],[-104.826620094629,39.0277917862009],[-104.826622449524,39.0277995669694],[-104.8266226333,39.0278001598922],[-104.826624927042,39.0278074484415],[-104.826624968531,39.027807579305],[-104.826627517216,39.0278153855169],[-104.826627602539,39.0278156436542],[-104.826630144827,39.0278231507458],[-104.826630196505,39.0278233032887],[-104.826632913153,39.0278310573212],[-104.826632942418,39.0278311376664],[-104.826635718873,39.0278387965541],[-104.826635776291,39.0278389527337],[-104.826638565169,39.0278463981911],[-104.826638698115,39.0278467493915],[-104.826641651507,39.0278543840782],[-104.82664170676,39.0278545249307],[-104.82664475824,39.0278621682921],[-104.826644802228,39.0278622793514],[-104.826647945029,39.0278699142321],[-104.826648124572,39.0278703449769],[-104.826651196065,39.027877583971],[-104.826651254792,39.0278777239427],[-104.826654600571,39.0278853897249],[-104.826654639023,39.0278854755282],[-104.826657984548,39.0278929251042],[-104.826658053549,39.0278930777472],[-104.826661486956,39.02790051612],[-104.826661580876,39.0279007202558],[-104.82666512487,39.027908188996],[-104.826665195068,39.0279083371417],[-104.826668850761,39.0279158407599],[-104.826668894962,39.0279159292991],[-104.826672618194,39.0279233747522],[-104.826672679411,39.0279234958204],[-104.826676484906,39.0279309138226],[-104.826676548415,39.0279310367057],[-104.826680466806,39.0279384850885],[-104.826680608649,39.0279387507593],[-104.826684460651,39.0279458933691],[-104.826684538976,39.0279460370575],[-104.826688626469,39.027953435069],[-104.826688660534,39.0279534965239],[-104.826692781477,39.0279607776178],[-104.826692865526,39.0279609267444],[-104.82669696872,39.0279680095479],[-104.826697153952,39.0279683277189],[-104.826701445093,39.0279755647538],[-104.826701525814,39.0279756994475],[-104.826705916266,39.0279829379571],[-104.826705979963,39.0279830410226],[-104.8267104561,39.0279902566052],[-104.826710722327,39.0279906806442],[-104.826715050925,39.0279975008001],[-104.82671513399,39.027997631904],[-104.826719815663,39.0280048522778],[-104.826719881687,39.028004953555],[-104.826724518125,39.0280119511565],[-104.826724613774,39.028012094945],[-104.82672935523,39.028019101261],[-104.826729474823,39.0280192776187],[-104.826734320193,39.0280262872377],[-104.82673441704,39.0280264265289],[-104.826739139533,39.0280331192381],[-104.82673943927,39.0280335416691],[-104.826744458302,39.028040507249],[-104.826744541521,39.0280406221383],[-104.826749638257,39.0280475539347],[-104.826749721493,39.0280476670224],[-104.826754932443,39.0280546120908],[-104.82675513434,39.0280548781086],[-104.826760217691,39.02806151705],[-104.826760320363,39.0280616509697],[-104.826765702734,39.028068544779],[-104.826765735823,39.0280685873103],[-104.826771120607,39.0280753487079],[-104.826771231321,39.0280754871783],[-104.826776572778,39.0280820681546],[-104.826776802256,39.0280823487455],[-104.826782345869,39.0280890471],[-104.826782449782,39.0280891720184],[-104.826788096249,39.0280958637604],[-104.826788175054,39.0280959570037],[-104.826793896949,39.0281026113456],[-104.826794251111,39.0281030187764],[-104.826799746822,39.0281092889482],[-104.826799850795,39.0281094075609],[-104.826805774985,39.0281160432527],[-104.826805875562,39.028116154639],[-104.826811707183,39.028122565483],[-104.826811827204,39.0281226968004],[-104.826817789106,39.0281291318193],[-104.826817927451,39.028129279458],[-104.826823978502,39.0281356915698],[-104.826824100859,39.028135820198],[-104.826829987158,39.0281419466878],[-104.826830347428,39.0281423190206],[-104.826836560781,39.0281486672083],[-104.82683666602,39.0281487741172],[-104.826842955955,39.0281550849114],[-104.826843057781,39.0281551863955],[-104.826849457483,39.0281614924186],[-104.826849720675,39.028161749782],[-104.826855930328,39.0281677583258],[-104.826856055072,39.0281678788602],[-104.82686264688,39.0281741445537],[-104.826869201948,39.028180265898],[-104.826869335888,39.0281803909898],[-104.826875817532,39.0281863389456],[-104.826876080887,39.0281865791937],[-104.826882767366,39.0281926058063],[-104.826882895626,39.0281927209559],[-104.826889685035,39.0281987328485],[-104.826889777802,39.0281988153622],[-104.826896632348,39.0282047789848],[-104.826897073401,39.0282051580902],[-104.826903624198,39.0282107569133],[-104.826903747933,39.0282108621272],[-104.826910796912,39.0282167836317],[-104.826910935566,39.0282168988414],[-104.826917844576,39.0282226006293],[-104.826917986686,39.0282227167597],[-104.826925055917,39.0282284519038],[-104.826925203776,39.0282285707699],[-104.826932343884,39.0282342612805],[-104.826932488322,39.0282343756227],[-104.826939428722,39.02823981274],[-104.826939836866,39.0282401303971],[-104.826947124442,39.0282457379797],[-104.826947249418,39.0282458341923],[-104.826954609009,39.0282513989496],[-104.826954725977,39.0282514870083],[-104.826962187396,39.028257031634],[-104.82696251427,39.0282572722489],[-104.826969724285,39.0282625343552],[-104.826969868816,39.0282626387885],[-104.826977524754,39.0282681322877],[-104.826985103599,39.0282734739978],[-104.826985258481,39.0282735829951],[-104.826992757879,39.0282787774065],[-104.82699304589,39.0282789754567],[-104.827000744674,39.0282842142606],[-104.827000892704,39.0282843151107],[-104.827008694496,39.0282895310871],[-104.82700879894,39.0282896001555],[-104.827016650958,39.0282947569654],[-104.827017174377,39.0282950978096],[-104.827024648458,39.0282999182187],[-104.827024788507,39.0283000082124],[-104.827032823623,39.0283051003169],[-104.827033003879,39.0283052130642],[-104.827040848107,39.0283100959681],[-104.827041010005,39.0283101959974],[-104.827049053704,39.0283151142857],[-104.827049205284,39.0283152061477],[-104.827057292305,39.028320062527],[-104.82705745653,39.028320160768],[-104.827065319257,39.0283247987452],[-104.827065762595,39.0283250589506],[-104.82707398107,39.0283298160936],[-104.827074124653,39.0283298989008],[-104.827082410557,39.0283346095883],[-104.827082540374,39.0283346824066],[-104.827090916703,39.0283393575819],[-104.827091305044,39.028339571526],[-104.827099370829,39.0283439890643],[-104.827099530537,39.0283440764689],[-104.827108103831,39.0283486861179],[-104.827113163665,39.0283481991623],[-104.827110298172,39.0283471114931],[-104.827523097172,39.0282020837597],[-104.827592777441,39.0282149772919],[-104.827653464938,39.0282262072436],[-104.827716994802,39.0282298873086],[-104.82791551817,39.0282252982411],[-104.828043178098,39.0282009136629],[-104.828332016509,39.0281032850652],[-104.828685725309,39.0279789194232],[-104.829429872916,39.0277172727922],[-104.8294605142,39.0277690599572],[-104.829551100313,39.0279221642703],[-104.828637830149,39.0282798533401],[-104.82831546102,39.0284061094023],[-104.828255477735,39.0286442668914],[-104.828061176188,39.028670608566],[-104.827839450657,39.0287006671198],[-104.827473399045,39.0286704176645],[-104.827539989315,39.0285573316583],[-104.827334989659,39.0289003312317],[-104.827277516877,39.0289965355536],[-104.827258528336,39.0290281494001],[-104.827076224163,39.0293334816256],[-104.826708140602,39.0299499590374],[-104.826557987666,39.0302014359501],[-104.826574376138,39.0311613025188],[-104.826574381338,39.0311616061362],[-104.826651495421,39.0348013252494],[-104.824698788439,39.0347791283242],[-104.822081316894,39.0347493245397],[-104.822077861833,39.0350574274175],[-104.820812690705,39.0355514507419],[-104.818567508718,39.0355327937317],[-104.817951306248,39.0358745190443],[-104.817279750691,39.0358777763327]],[[-104.808016957598,39.0200877618521],[-104.807995491253,39.0200875901528],[-104.80799005341,39.0212270117307],[-104.807988540303,39.0215440956239],[-104.807985240687,39.0222357029573],[-104.807980535464,39.0232216643032],[-104.807980505068,39.0232280881185],[-104.808001933269,39.0232278875351],[-104.809438302941,39.0232144128706],[-104.809442823503,39.02321437031],[-104.809429607516,39.0223436680323],[-104.809429460647,39.0223339712606],[-104.809457384008,39.022333714336],[-104.810104296417,39.0223277696594],[-104.811322154915,39.022316568012],[-104.81131437352,39.0218366087451],[-104.811307068181,39.021385984092],[-104.811305830645,39.0213096491441],[-104.811295342809,39.0206627102466],[-104.811286445174,39.0201138207413],[-104.811269445296,39.0201136850689],[-104.811113523748,39.0201124448151],[-104.808016957598,39.0200877618521]],[[-104.785107222772,38.9848852885374],[-104.786083531626,38.9840578263202],[-104.786087197927,38.9840652313682],[-104.786087923465,38.9840669979036],[-104.786090837967,38.9840740983533],[-104.786091059912,38.9840746384298],[-104.786091867019,38.9840762135819],[-104.786095356924,38.9840830256816],[-104.786095996499,38.9840842736943],[-104.786097515548,38.9840866729971],[-104.786101629603,38.9840931700198],[-104.786102241991,38.9840941376977],[-104.786104012246,38.9840964637696],[-104.786108294356,38.9841020897889],[-104.786109143022,38.9841032057564],[-104.786111084835,38.9841053446004],[-104.786116374886,38.9841111704867],[-104.786117293845,38.9841121832861],[-104.786120106968,38.9841147941202],[-104.786126086559,38.9841203449681],[-104.786127164919,38.9841213461331],[-104.786129521589,38.9841232073532],[-104.786135685823,38.9841280737774],[-104.786136664903,38.9841288473163],[-104.78613999881,38.9841310919907],[-104.786145247306,38.984134625829],[-104.786146537075,38.9841354940621],[-104.786155491164,38.9841408118107],[-104.786156857741,38.984141503045],[-104.786160530256,38.984143362425],[-104.786165329334,38.9841457917525],[-104.786166475145,38.984146284344],[-104.786176118591,38.9841504279919],[-104.786178574568,38.9841514826482],[-104.786179599361,38.9841518429716],[-104.786189043286,38.9841551683134],[-104.786190693757,38.9841557495815],[-104.786191056302,38.9841558527013],[-104.786199448967,38.984158236501],[-104.78620222734,38.984159025578],[-104.786203039201,38.9841592116299],[-104.786210474916,38.9841609166167],[-104.786213390696,38.9841615858206],[-104.786213829706,38.9841616605817],[-104.786219165758,38.9841625743474],[-104.786223808157,38.9841633694497],[-104.786224593234,38.9841634643502],[-104.786229936614,38.9841641088028],[-104.786235128972,38.9841647352126],[-104.786235448511,38.9841647533876],[-104.786251440552,38.9841656559237],[-104.78625147864,38.9841656561572],[-104.786268473447,38.984165323453],[-104.786271080224,38.9841652718731],[-104.786272902259,38.9841650920632],[-104.786282049384,38.9841641914378],[-104.786286297715,38.9841637724624],[-104.786287938262,38.9841635050567],[-104.786296935234,38.9841620413718],[-104.786298846309,38.9841617305816],[-104.786299711643,38.9841615349955],[-104.786310706444,38.9841590538751],[-104.786311385523,38.9841589003882],[-104.786311599678,38.984158838641],[-104.786325193433,38.9841549041498],[-104.786325466622,38.9841548256482],[-104.786326626335,38.9841543958412],[-104.786336621238,38.9841506861183],[-104.786337520286,38.984150352006],[-104.786339202572,38.9841496073987],[-104.786347900375,38.9841457572952],[-104.786348527605,38.9841454800722],[-104.786349243603,38.9841450988935],[-104.786359886178,38.9841394247573],[-104.7863630287,38.9841377495042],[-104.786366937675,38.9841352672741],[-104.7863701787,38.9841332088578],[-104.786371913051,38.9841321078282],[-104.786373633273,38.984130804919],[-104.786385125816,38.9841221036919],[-104.786397886172,38.9841101446135],[-104.78639810524,38.9841099387584],[-104.786398337665,38.9841096672223],[-104.7864047216,38.9841022247065],[-104.786406844904,38.9840997495446],[-104.786407671736,38.984098562774],[-104.786413307258,38.9840904787602],[-104.786414710295,38.9840884649278],[-104.786415033509,38.9840878885562],[-104.786420703097,38.9840777958298],[-104.786420822979,38.9840775821597],[-104.78642105486,38.9840770205428],[-104.78642592926,38.9840651995929],[-104.786426203734,38.9840645346381],[-104.78642636374,38.9840640041108],[-104.786429091034,38.9840549590648],[-104.786429348954,38.9840541039267],[-104.786429388127,38.984053881654],[-104.786431423475,38.9840424838199],[-104.786432298632,38.9840304167399],[-104.786432364324,38.9840295090742],[-104.786432236166,38.9840250400153],[-104.786432138842,38.9840216359638],[-104.78643210206,38.9840203592175],[-104.786431008021,38.9840116258648],[-104.786430692495,38.9840099474271],[-104.786429439033,38.9840032922854],[-104.787022414846,38.983498303289],[-104.790375740184,38.9806423562485],[-104.790076169598,38.9806537567247],[-104.78747005444,38.9807529010715],[-104.787404640241,38.9825412732855],[-104.784372777456,38.9829106177928],[-104.78437252091,38.9829106486465],[-104.784368973113,38.983758815218],[-104.784367165638,38.9843665064785],[-104.784364720064,38.9851890519498],[-104.784957139099,38.9851879713833],[-104.785107222772,38.9848852885374]],[[-104.700580919152,38.9812375112222],[-104.700581799917,38.9811539652788],[-104.700552864532,38.981320089464],[-104.700580919152,38.9812375112222]],[[-104.79593105223,38.9803306430922],[-104.795931012856,38.9803262394441],[-104.795930788219,38.9803308459906],[-104.79593105223,38.9803306430922]],[[-104.792056679133,38.9788516065176],[-104.792053078347,38.9787149536187],[-104.791874308505,38.9787148344898],[-104.79188409736,38.9788534637006],[-104.792056679133,38.9788516065176]],[[-104.719469289498,38.9512822948317],[-104.719479499959,38.9499768815294],[-104.719478828436,38.9499768887354],[-104.719478156913,38.9499768959414],[-104.7178568942,38.9499956847849],[-104.716234323323,38.9500144674523],[-104.715675807556,38.9500209264746],[-104.715668886539,38.9504365256205],[-104.714826484358,38.9507753679705],[-104.714757943626,38.9507746026737],[-104.714748580217,38.9512860082516],[-104.714587542629,38.9512916317818],[-104.71458698654,38.9513199739424],[-104.714586817228,38.9513285968401],[-104.714585203005,38.9514109300811],[-104.714584395311,38.9514520971477],[-104.714578098758,38.9517731972205],[-104.714518278933,38.9548234139191],[-104.714527980587,38.9584475947499],[-104.71944416552,38.9584313279144],[-104.71944972368,38.9584313093479],[-104.719449441312,38.9583035766924],[-104.719449431162,38.9582985227433],[-104.719441712299,38.9548078671531],[-104.719469289498,38.9512822948317]],[[-104.703093246187,38.9513955488382],[-104.703137544292,38.9487822934904],[-104.705504176495,38.9487624830983],[-104.705505615757,38.9486763118745],[-104.705518859076,38.9478833129898],[-104.705526425585,38.9474303014825],[-104.705528717471,38.9472930250652],[-104.705536283853,38.9468400135238],[-104.705543128613,38.9464301064858],[-104.705547639361,38.9461600016252],[-104.706301609494,38.9461474911261],[-104.707074433045,38.9461346628235],[-104.707072223125,38.9460535016685],[-104.706988737582,38.9460551802655],[-104.70699976585,38.9442637413985],[-104.705574053303,38.9442970069113],[-104.704168791112,38.9443300813646],[-104.703993133236,38.9443342153785],[-104.701131181048,38.9444015171943],[-104.700985717791,38.9488064483017],[-104.700906975469,38.9510143966866],[-104.700931009697,38.9513155792963],[-104.700931267582,38.9513188025875],[-104.700929789388,38.9513715736509],[-104.700928976909,38.9514005815686],[-104.70092915574,38.9514005809951],[-104.703093246187,38.9513955488382]],[[-104.708562938552,38.9451199864674],[-104.708557655906,38.9460275921292],[-104.708666888056,38.946025172263],[-104.709710538518,38.9460084749169],[-104.709709246887,38.9457027425098],[-104.709707954877,38.9453967344215],[-104.709706728281,38.9451064983389],[-104.708562938552,38.9451199864674]]]},"properties":{"DIST_ID":"D2","NAME":"Council District 2","RepName":"Kenneth Casey","RepPhone":"(719) 385-5015​","RepEmail":"Ken.Casey@coloradosprings.gov","ImageURL":"https://gis.coloradosprings.gov/SiteElements/CityCouncil/Images/NoPhoto.jpg","RepURL":"https://coloradosprings.gov/citycouncil","DISTRICT":2,"OBJECTID":14,"Shape__Area":704035516.0705204,"Shape__Length":234168.4696260909}},{"type":"Feature","id":15,"geometry":{"type":"Polygon","coordinates":[[[-104.835542974997,38.8763543083805],[-104.835263974783,38.8763523083968],[-104.835170974614,38.8763523088301],[-104.834934974568,38.8763493090341],[-104.834852973639,38.8763493081954],[-104.833877973564,38.8719313085885],[-104.833761973959,38.8714543076763],[-104.833413973441,38.8698273080132],[-104.833318973771,38.8693113075875],[-104.833262973078,38.86886530773],[-104.833192972918,38.867866307468],[-104.833211973007,38.8668613081],[-104.833184973232,38.8659063078415],[-104.833207972696,38.8652593075093],[-104.833213971982,38.8648433072415],[-104.833216972853,38.8646313072423],[-104.833265972994,38.8641663075951],[-104.833404972687,38.8634683077345],[-104.833582972336,38.862784307478],[-104.833760972464,38.8622253072668],[-104.834029973157,38.8607743066885],[-104.834029973302,38.8607443067839],[-104.834002883153,38.8586526368988],[-104.83400197217,38.8585823060674],[-104.833996945258,38.8585564925169],[-104.83384697219,38.8577863058175],[-104.833674971809,38.8573443060777],[-104.833594112414,38.8571132156485],[-104.833491972362,38.8568213068669],[-104.833389276061,38.8565837254459],[-104.833357971903,38.8565113067542],[-104.833309990767,38.8564000584891],[-104.833307940775,38.8563953045384],[-104.833269005476,38.8563050300002],[-104.833244971604,38.8562493065057],[-104.833166179047,38.8561073643293],[-104.832972971832,38.8557593062117],[-104.832810046785,38.8554264752173],[-104.832692971485,38.8551873069947],[-104.832548970917,38.8548413054474],[-104.832428971511,38.8544383065309],[-104.83233397066,38.8540113059683],[-104.832265970894,38.8536453062747],[-104.832252257361,38.8535696866554],[-104.832230971938,38.8534523059421],[-104.832225944003,38.8533585674582],[-104.832199970462,38.8528743058658],[-104.832025970398,38.8516233052617],[-104.831874421493,38.850754889557],[-104.831873971143,38.8507523059686],[-104.831691222262,38.850750695382],[-104.831646970676,38.8507503056793],[-104.831609970719,38.8507523053536],[-104.831514356063,38.8507603207022],[-104.831499389359,38.850761575078],[-104.831455766726,38.8507652320355],[-104.831442971056,38.8507663052102],[-104.831409971035,38.8507683053177],[-104.831357971393,38.8507753058115],[-104.831339208249,38.850777948181],[-104.831307463747,38.850782419371],[-104.831144970089,38.8508053057141],[-104.831115713437,38.8508106947498],[-104.83111546762,38.8508107401799],[-104.83110697025,38.850812305618],[-104.831071791642,38.8508199343471],[-104.831023970971,38.8508303054938],[-104.830969112444,38.8508415216486],[-104.830873003216,38.8508611710881],[-104.83079897081,38.8508763063267],[-104.830778991956,38.8508808082102],[-104.830727970525,38.850892305806],[-104.830687563866,38.8509015141592],[-104.830426665978,38.8509609727808],[-104.830303277496,38.8509890921757],[-104.830218970286,38.8510083055215],[-104.830126971247,38.8510233061194],[-104.830037540012,38.851038807023],[-104.829919154913,38.8510593271805],[-104.829901970257,38.8510623054396],[-104.829740970065,38.8510893064161],[-104.829665969689,38.8510933050748],[-104.82960058213,38.8510979158964],[-104.829535285629,38.8511025209006],[-104.829509970551,38.8511043062702],[-104.829261970796,38.8510693064023],[-104.829193871662,38.8510675312722],[-104.82915216562,38.8510664445304],[-104.828954970117,38.8510613057904],[-104.828768789464,38.8510573942844],[-104.828766645893,38.8510573494679],[-104.828716970617,38.8510563057112],[-104.828412392375,38.8510478663251],[-104.828385426124,38.8510471194622],[-104.82831997023,38.8510453059488],[-104.828250969803,38.8510443061111],[-104.828005936876,38.8510383486193],[-104.828002048398,38.8510382540572],[-104.827633134786,38.8510292828168],[-104.827618676234,38.8510289315772],[-104.827592970357,38.8510283062357],[-104.827532970759,38.8510653064132],[-104.8273499698,38.851060305668],[-104.827234940042,38.851057934239],[-104.827234878995,38.8510579329846],[-104.826889816255,38.8510508190685],[-104.826864969898,38.8510503066505],[-104.826851554249,38.8510500469411],[-104.826470493158,38.8510426709384],[-104.826399969722,38.8510413062278],[-104.826276969432,38.8510413055768],[-104.826205969847,38.8510373056377],[-104.826161812166,38.8510396296207],[-104.826148969438,38.8510403055561],[-104.826083428209,38.8510370488915],[-104.826011266877,38.8510334637024],[-104.82598796927,38.8510323060486],[-104.825545970149,38.8510113063024],[-104.825253427867,38.8510038537017],[-104.825247501922,38.8510037030709],[-104.824917970092,38.8509953068756],[-104.824867629489,38.8509853632917],[-104.824849004462,38.8509816839947],[-104.82475596904,38.8509633060038],[-104.824724969877,38.850957305285],[-104.824546969215,38.8509013055658],[-104.824467969162,38.8508763064536],[-104.824458235671,38.8508732472465],[-104.82439597534,38.8508536794901],[-104.824362969477,38.8508433058801],[-104.824319514087,38.850829454476],[-104.82431854124,38.8508291443229],[-104.82424462553,38.8508055844943],[-104.824243054275,38.8508050834783],[-104.824226858159,38.8507999209591],[-104.824202968859,38.8507923065543],[-104.824166578503,38.8507822744501],[-104.824165606406,38.8507820066411],[-104.824090087543,38.8507611877514],[-104.824089114296,38.850760919935],[-104.824017968749,38.8507413065854],[-104.824013596578,38.8507401064071],[-104.824012623322,38.850739839491],[-104.823937103623,38.8507191177906],[-104.82393613152,38.8507188508804],[-104.82389089074,38.8507064366273],[-104.823860611873,38.8506981282295],[-104.823859638619,38.850697861312],[-104.823853969158,38.8506963058405],[-104.823785028677,38.850690379527],[-104.823783994973,38.8506902906298],[-104.823707732237,38.8506837351813],[-104.823707365034,38.8506837033149],[-104.82363287504,38.8506772995739],[-104.823630736261,38.8506771159561],[-104.823560698796,38.8506710957379],[-104.823545956428,38.8506698288535],[-104.823504968581,38.850666305602],[-104.823455969474,38.8506653058721],[-104.823425898981,38.8506641569082],[-104.823414929609,38.8506637371796],[-104.82322897305,38.8506566308052],[-104.823223270126,38.8506564129038],[-104.823141968918,38.8506533060009],[-104.823032910972,38.850649370655],[-104.823031608443,38.8506493234266],[-104.822947968873,38.8506463054612],[-104.822839945372,38.8506423831697],[-104.822839374145,38.8506423627236],[-104.822660576497,38.8506358701217],[-104.822659203714,38.8506358206777],[-104.82265894344,38.8506358110523],[-104.822648281367,38.8506354236726],[-104.822589968179,38.8506333062415],[-104.822458999977,38.8506288137804],[-104.822456615991,38.8506287323112],[-104.822265145313,38.8506221651888],[-104.822264949526,38.8506221586414],[-104.822210969023,38.8506203068287],[-104.822074707228,38.8506161686234],[-104.822073277938,38.8506161251488],[-104.821898823796,38.8506108269538],[-104.821881603201,38.8506103039275],[-104.821749967924,38.8506063058564],[-104.821696763691,38.8506049619246],[-104.821689926714,38.8506047895772],[-104.82149824383,38.850599947825],[-104.821496843262,38.850599912619],[-104.821311854558,38.8505952393814],[-104.821306560972,38.8505951057566],[-104.821123010867,38.8505904685496],[-104.821114876988,38.8505902633652],[-104.821076968425,38.8505893058198],[-104.820937872986,38.8505868226413],[-104.820915439317,38.8505864221485],[-104.820914634167,38.8505864075324],[-104.820908968161,38.8505863059457],[-104.820898915501,38.8505859228686],[-104.820698967876,38.8505783063443],[-104.820350968547,38.8505663064192],[-104.819855968103,38.8505503062792],[-104.819309967963,38.8505233064532],[-104.819106968295,38.8505143062834],[-104.818963968294,38.8505103060099],[-104.818621967927,38.8504993063093],[-104.818131410961,38.8504849491521],[-104.817596967384,38.8504693060467],[-104.81725596813,38.8504593063704],[-104.817171256732,38.8504557770587],[-104.817039967906,38.8504503063598],[-104.816900967312,38.8504453063679],[-104.816000967003,38.8504163062181],[-104.815835966597,38.8504093068798],[-104.815481967405,38.850395306635],[-104.815050967769,38.8503773064119],[-104.815012967624,38.8503763067082],[-104.813995967306,38.850352306328],[-104.813136966304,38.8503383067015],[-104.813117967062,38.8503373061078],[-104.813074259225,38.8503373062252],[-104.813064966745,38.8503373062323],[-104.813046965878,38.8503373060947],[-104.81299870411,38.8503361000121],[-104.812926966829,38.8503343064379],[-104.812566966058,38.8503283066109],[-104.8124479661,38.8503273069051],[-104.812206966537,38.8503123068801],[-104.81148396612,38.8502673073948],[-104.811242965794,38.8502523071648],[-104.811009966474,38.8502423068892],[-104.810606966794,38.8502273065875],[-104.810312966555,38.8502263065877],[-104.810080965905,38.8502263073721],[-104.810080993645,38.8502242814719],[-104.810084965059,38.8499303067208],[-104.810085590827,38.8498943430533],[-104.810090965358,38.8495853068094],[-104.810107966041,38.8490433069715],[-104.810108586013,38.8490272741986],[-104.810114965559,38.8488623071353],[-104.810119966516,38.8487483069274],[-104.810130965406,38.8484913069927],[-104.810125977202,38.8480634046236],[-104.810121965455,38.8477193064265],[-104.810120243815,38.8474980010266],[-104.810119816575,38.8474979849762],[-104.804564950171,38.8472844531062],[-104.804564527771,38.8472917098232],[-104.80430191804,38.8472842339982],[-104.804235259238,38.84728202222],[-104.804131147631,38.8472786257285],[-104.804021733856,38.8472750595441],[-104.803912321517,38.8472714653381],[-104.803802908029,38.8472678719229],[-104.80369346088,38.8472643052291],[-104.803584047414,38.8472607116078],[-104.803474634846,38.847257144915],[-104.803365221402,38.8472535510877],[-104.803255808865,38.8472499832879],[-104.803187362154,38.847247542173],[-104.803184308573,38.847247385122],[-104.803064885108,38.8472441705944],[-104.802853633059,38.8472381247875],[-104.802744956185,38.8472347266821],[-104.802636278169,38.8472313284682],[-104.802527602459,38.8472279310672],[-104.802418924464,38.8472245326499],[-104.802335764538,38.8472221927648],[-104.802248792935,38.8472216983396],[-104.802139449994,38.847221727098],[-104.802029891453,38.8472223598458],[-104.801920367203,38.8472230197226],[-104.801810807507,38.8472236522569],[-104.801721789034,38.847224187447],[-104.801549866872,38.8472213972039],[-104.801349354627,38.8472159897916],[-104.801241408277,38.8472131712323],[-104.801133428254,38.8472103802971],[-104.801025483072,38.847207561544],[-104.800916242564,38.8472043231958],[-104.800806546644,38.8472008892165],[-104.800696852764,38.847197483073],[-104.800587156591,38.8471940768121],[-104.800477497556,38.847190643645],[-104.800367801404,38.8471872371769],[-104.800258106414,38.8471838306122],[-104.80004139335,38.8471762369281],[-104.799829242072,38.8471687802411],[-104.799718985533,38.847165314829],[-104.799608694438,38.8471618500048],[-104.799498437929,38.8471583834826],[-104.799388146864,38.8471549175482],[-104.799277890368,38.8471514517175],[-104.79916759702,38.8471479855598],[-104.799030246639,38.8471433416506],[-104.79888564532,38.8498798290573],[-104.7968821524,38.8498154931707],[-104.79565506659,38.8497772193747],[-104.794251410136,38.8497339385662],[-104.794251410259,38.8497340421676],[-104.794217955254,38.8497337641506],[-104.794208050771,38.8497336814555],[-104.794207963026,38.8497243082194],[-104.794208961405,38.8495663080232],[-104.794211962126,38.8493633077709],[-104.794208961359,38.8490953080554],[-104.794207962536,38.8489383073985],[-104.794217961888,38.8486743081625],[-104.794235961416,38.8482043084743],[-104.794238962414,38.847885307915],[-104.794242962264,38.8476223073086],[-104.794243962738,38.8474933071657],[-104.79424796191,38.8471093081991],[-104.794249962033,38.846982306859],[-104.794249961072,38.8468393082307],[-104.794252961636,38.8464133070728],[-104.794253962194,38.8462713072859],[-104.794254961177,38.8461363072884],[-104.794261961396,38.8457343071975],[-104.794263961864,38.8456003069428],[-104.794265962032,38.8454683075288],[-104.794269960855,38.8452433066792],[-104.794262962406,38.8451313069778],[-104.794261961527,38.8450733070465],[-104.794259961326,38.8449423076177],[-104.794267961064,38.8448743067962],[-104.794268961122,38.8448003068611],[-104.794277961413,38.8445003078762],[-104.794277962036,38.8443743069416],[-104.794278961798,38.8442333070945],[-104.794278961125,38.8441123069084],[-104.794281530569,38.8438804326756],[-104.794282961843,38.8437513071804],[-104.794284946749,38.8436322000798],[-104.794284961376,38.8436313074011],[-104.794294961422,38.8433633072485],[-104.794300961718,38.8432223071376],[-104.794288961383,38.8425603069261],[-104.79428848839,38.8425287184544],[-104.794284962324,38.8422933072535],[-104.794284962,38.8422023062049],[-104.794284961861,38.8419313066068],[-104.794285961822,38.8418413070998],[-104.794286960454,38.8416633064486],[-104.794292960625,38.84113230643],[-104.794294960663,38.8409553064178],[-104.794296961136,38.8407873070547],[-104.794301961344,38.8406993065608],[-104.794326357079,38.8403174447235],[-104.79435096133,38.8399323067498],[-104.794364960871,38.839727306523],[-104.794362961325,38.8396773065799],[-104.794369961354,38.8394683071797],[-104.794393403185,38.8388831766779],[-104.794394960663,38.8388443070395],[-104.794396960727,38.8388003068989],[-104.794398936589,38.8387679062888],[-104.79440696122,38.8386363064405],[-104.794423960752,38.8383463060471],[-104.794445960448,38.8379773057754],[-104.794457961205,38.8377863064884],[-104.794459961633,38.8376773054424],[-104.794462960123,38.83747730667],[-104.794464532354,38.8374013336377],[-104.794468960191,38.8371873060927],[-104.79447415072,38.8371873898719],[-104.794474158507,38.8371868376822],[-104.794475193691,38.8371156477399],[-104.794476077538,38.8370549421738],[-104.794476702393,38.8370415463395],[-104.794481009383,38.8369613657079],[-104.794484490547,38.8368971877254],[-104.794486804791,38.8368585397871],[-104.794489710908,38.8368346409824],[-104.794495945039,38.8368184783953],[-104.794505690942,38.8367915455442],[-104.794508986352,38.8367743768457],[-104.794512120138,38.8367167596334],[-104.794515464894,38.8366522790268],[-104.794519970408,38.8365662502089],[-104.794524475624,38.8364802502164],[-104.794528979687,38.8363942493153],[-104.794533486052,38.8363082475265],[-104.794537990093,38.8362222466237],[-104.794542496418,38.8361362466349],[-104.794547000714,38.8360502178049],[-104.794551505884,38.8359642160056],[-104.794555713422,38.8358835960335],[-104.794555995618,38.8358728070536],[-104.794559849106,38.835781557295],[-104.794569145909,38.8356019232083],[-104.794573959293,38.8355167755058],[-104.794578771514,38.8354316277955],[-104.794583548296,38.835346451942],[-104.794588361636,38.8352613051377],[-104.794593174108,38.8351761285985],[-104.794597986274,38.8350909817855],[-104.794602799598,38.835005833177],[-104.794607576322,38.8349206573191],[-104.794612388453,38.8348355105036],[-104.794617203171,38.834750333974],[-104.794622014128,38.8346651871498],[-104.794626826242,38.83458003853],[-104.794634359771,38.8344046512529],[-104.794638618997,38.8343045348182],[-104.794640698591,38.8342682745674],[-104.794644632279,38.8341833133969],[-104.794648564537,38.8340983792433],[-104.794652498197,38.8340134189721],[-104.794656429285,38.83392848481],[-104.794660362658,38.8338435515619],[-104.794664260596,38.8337585901706],[-104.794669002334,38.8336734420163],[-104.794673955371,38.8335882401908],[-104.794678908664,38.8335030113399],[-104.794683897666,38.8334177809032],[-104.794688850667,38.8333325790752],[-104.794693839628,38.8332473504384],[-104.794698792873,38.8331621215839],[-104.794701413156,38.8331068903552],[-104.794705221984,38.8329800737024],[-104.794705218244,38.8329799862947],[-104.794704196971,38.8329678831257],[-104.794705414826,38.8329471856806],[-104.79471896004,38.8329472679338],[-104.79472195137,38.8328963100115],[-104.794759960044,38.8322483053208],[-104.79476695998,38.8321453055846],[-104.794796959646,38.8317113049543],[-104.794806960813,38.8313653048086],[-104.794834960314,38.8309883048655],[-104.79485395956,38.8305403044336],[-104.794869960699,38.8301993054081],[-104.794886003756,38.8298791366932],[-104.794892960345,38.8297403043012],[-104.794933960326,38.8289393045563],[-104.794941301704,38.8289396148836],[-104.795004959995,38.8289423048684],[-104.795045960311,38.8282003043544],[-104.795071959645,38.827744305053],[-104.795095959894,38.8270853053411],[-104.795110959087,38.8265393046901],[-104.795118960375,38.8262513041967],[-104.795099485506,38.826251903089],[-104.795053960037,38.8262533041854],[-104.795035959771,38.8260493048684],[-104.79496195996,38.8258423043971],[-104.794953959545,38.8258193041864],[-104.794826960264,38.8256133043352],[-104.794643959726,38.8253903042968],[-104.794487958963,38.8251843044776],[-104.794431959309,38.8250533046681],[-104.794390959862,38.8249113043725],[-104.794386658349,38.8246959353],[-104.794375959876,38.8241603043031],[-104.794363960137,38.8237983040266],[-104.794362426708,38.8237446672977],[-104.794360959384,38.8236933038831],[-104.794360959746,38.8235037575412],[-104.794370919308,38.823503608154],[-104.794378383831,38.8235029418171],[-104.794382078472,38.8233930824831],[-104.794385360001,38.8233240159576],[-104.794385599799,38.823250456293],[-104.794385821253,38.8231645941383],[-104.794386076379,38.8230787042604],[-104.794386297831,38.8229928421044],[-104.794386518141,38.8229069790399],[-104.794386775568,38.8228210891741],[-104.794386994716,38.8227352270022],[-104.794387216444,38.8226493369181],[-104.794387472441,38.8225634749688],[-104.794387691587,38.822477612795],[-104.794387913305,38.8223917236098],[-104.794388169299,38.8223058616586],[-104.794388530083,38.8222200003434],[-104.794388787227,38.8221341383979],[-104.794389006648,38.8220482482953],[-104.794389228094,38.8219623861316],[-104.794389448398,38.8218765230594],[-104.794389705817,38.8217906331858],[-104.79438992611,38.8217047710132],[-104.794390147822,38.8216188818222],[-104.794390227906,38.8215329908692],[-104.794385699623,38.8214445188276],[-104.79437088863,38.8213736955507],[-104.794348640014,38.8213095539266],[-104.794346690536,38.821304435007],[-104.794344734182,38.8212998926071],[-104.794341710439,38.8212933653943],[-104.794289077549,38.8212173691539],[-104.794219554229,38.8211420945364],[-104.794191017615,38.8211173172344],[-104.794118407257,38.8210560558566],[-104.794045831588,38.8209947928415],[-104.793938280569,38.8209033593533],[-104.793797040143,38.8207828630839],[-104.79372265986,38.8207196952431],[-104.793648242601,38.8206565532541],[-104.79357386143,38.8205933853103],[-104.793499480392,38.8205302173185],[-104.793425065833,38.8204670751994],[-104.793350683908,38.8204039071046],[-104.79327626873,38.8203407378578],[-104.793201888221,38.820277569674],[-104.793127473022,38.8202144291575],[-104.793053092786,38.8201512599769],[-104.792978676977,38.8200880914318],[-104.792904297015,38.8200249212544],[-104.79282991804,38.8199617807631],[-104.792755502628,38.819898612074],[-104.792681123054,38.8198354426534],[-104.792606707637,38.8197723008929],[-104.792479911845,38.8196646861387],[-104.792433019185,38.8196258203374],[-104.792393681396,38.8195720910296],[-104.792341133956,38.8194983736154],[-104.792322987324,38.8194703105976],[-104.792287173232,38.8193974086281],[-104.792261495501,38.8193219324581],[-104.792245468141,38.8192465421264],[-104.792234672183,38.8190970459541],[-104.792233699123,38.819011479171],[-104.792232726958,38.8189259385182],[-104.792231718216,38.8188403706155],[-104.792230744904,38.8187548299545],[-104.792229771854,38.8186692631688],[-104.792228763993,38.8185837231968],[-104.792227615117,38.8184982364172],[-104.792226466234,38.8184127505378],[-104.792225316481,38.8183272367252],[-104.792224131909,38.818241750627],[-104.792222983044,38.8181562638448],[-104.792221834172,38.8180707779628],[-104.792220649609,38.8179852918626],[-104.792220539452,38.8179726491744],[-104.792219501021,38.8178997780539],[-104.792218349864,38.8178142912552],[-104.792217166469,38.8177288042593],[-104.792216016469,38.8176433174662],[-104.792214867614,38.8175578315804],[-104.792211328053,38.8172957978198],[-104.792209282787,38.8172958141812],[-104.792199743981,38.817295889368],[-104.792196460733,38.8172959152998],[-104.792199702194,38.8172934945802],[-104.792199958585,38.8172933033552],[-104.792183957982,38.8163673034407],[-104.792099958626,38.8157723029748],[-104.792016957362,38.815213303073],[-104.791720957462,38.814621303022],[-104.791115957904,38.8139323031888],[-104.790472957277,38.8132773030583],[-104.789755956981,38.81264730275],[-104.789357189717,38.8122790584789],[-104.789350956937,38.8122733033576],[-104.790449957198,38.8116173024085],[-104.791541957375,38.8110143029575],[-104.793062373624,38.8103430521114],[-104.794972957506,38.8096843024376],[-104.795147958198,38.8096293024068],[-104.796036614113,38.8093827965904],[-104.796701036,38.8096820913237],[-104.796879230268,38.8097623604509],[-104.796922605095,38.8097027165294],[-104.796737200759,38.8096192011749],[-104.796856287466,38.809477204436],[-104.797032111408,38.8095497150302],[-104.797186214862,38.8096138148108],[-104.797450713732,38.809725650599],[-104.799109826057,38.8104970340013],[-104.799502686394,38.8106741490062],[-104.800138285461,38.810668756941],[-104.80023096954,38.8104278488298],[-104.801701308333,38.811466823005],[-104.801857545684,38.8115772209468],[-104.803778116,38.812934255569],[-104.803774576105,38.8125618999853],[-104.803774120422,38.8123549873708],[-104.803772451272,38.8123384859033],[-104.803756315593,38.8106412020426],[-104.805679526949,38.8106090882879],[-104.805683492127,38.8105424029405],[-104.805864372406,38.8096510204774],[-104.805903808099,38.8094566721425],[-104.805904281042,38.8094543425985],[-104.805251535271,38.8088651187216],[-104.805070308706,38.8087015257819],[-104.80446772929,38.8089801994097],[-104.803714268687,38.8080325411219],[-104.803713428366,38.808031464939],[-104.802509749766,38.8064888534749],[-104.802574402201,38.8064255119665],[-104.802311448149,38.8059113353087],[-104.802257882241,38.8052270516006],[-104.801664585384,38.804256504537],[-104.800833440539,38.8029543331508],[-104.800391105778,38.8019611023336],[-104.800304173294,38.8016068044161],[-104.800305855481,38.8016037443614],[-104.80030426713,38.8015972709865],[-104.800337289577,38.8015371985465],[-104.799749864506,38.8003898340133],[-104.799398864075,38.7995088336277],[-104.799000863101,38.798502833327],[-104.798587864102,38.7974178338246],[-104.798195863151,38.7961008337769],[-104.798195985243,38.7960998939975],[-104.798198295542,38.7960821804701],[-104.798194337402,38.7960823367164],[-104.798192536258,38.7960824078072],[-104.798092361966,38.7960863668958],[-104.798014463969,38.7960866093524],[-104.797912076009,38.7960903287783],[-104.797804529018,38.7960906115847],[-104.797735047847,38.796091262416],[-104.797608173274,38.7960945037151],[-104.797503617489,38.7960973033798],[-104.797496075919,38.7960975568327],[-104.797495709803,38.7960831153296],[-104.797490054499,38.7960833045234],[-104.797508001575,38.7960305090176],[-104.797409338638,38.7958307573025],[-104.797386001626,38.7957835090933],[-104.797229484277,38.7954648189225],[-104.796813524746,38.7946173078223],[-104.79602136989,38.7930771443757],[-104.795808572876,38.7926904106384],[-104.795178000992,38.7916395076615],[-104.794878884084,38.7912205964511],[-104.794776000694,38.7910765081688],[-104.793467045336,38.7894753713407],[-104.793464275003,38.789471982485],[-104.792339209229,38.7881394318424],[-104.791375091012,38.7870132839119],[-104.789876405503,38.7852459315085],[-104.789878684221,38.7846384890729],[-104.789878722079,38.7846283598062],[-104.789579388172,38.7842734027289],[-104.789111189042,38.7833894163638],[-104.791388903597,38.7846649431354],[-104.792142182356,38.7850867615755],[-104.79215643058,38.7850947401807],[-104.792548525862,38.7853142996135],[-104.792950278812,38.7855394695603],[-104.796183532119,38.7873514947325],[-104.796338020262,38.7871825579364],[-104.796372514801,38.7871448373159],[-104.796507196049,38.7869975598899],[-104.796526130675,38.7868912113967],[-104.796563691285,38.7866802593345],[-104.796626303987,38.7863286047371],[-104.796917706361,38.7858892121978],[-104.796972537762,38.7857154673452],[-104.797106363501,38.7852914103813],[-104.797128596905,38.7852912306167],[-104.797150286955,38.7848976090575],[-104.797150831136,38.7848877360082],[-104.797150967237,38.7848852621157],[-104.797151539269,38.7848766468633],[-104.797152302267,38.784868041776],[-104.79715325622,38.7848594477548],[-104.797154403403,38.7848508675159],[-104.797155741472,38.7848423055497],[-104.797157269265,38.7848337627499],[-104.797158987906,38.7848252418261],[-104.79716089737,38.7848167454806],[-104.797162995326,38.7848082764021],[-104.79716528174,38.7847998381937],[-104.797167755452,38.7847914317493],[-104.797168523413,38.7847890778966],[-104.797172018986,38.7847783650816],[-104.797174745419,38.784770008815],[-104.797178916405,38.7847597838622],[-104.797182654457,38.7847506229293],[-104.797182917498,38.7847499785914],[-104.797185069953,38.7847450782271],[-104.797186323995,38.784742221924],[-104.797186500614,38.7847418203002],[-104.797188473983,38.7847375710884],[-104.797190031011,38.7847342211361],[-104.797190266227,38.7847337135633],[-104.797194212036,38.7847256583666],[-104.797198336846,38.7847176592074],[-104.797202638345,38.7847097169725],[-104.797207117648,38.7847018352721],[-104.797211771286,38.7846940158869],[-104.79721659924,38.7846862606187],[-104.797221599173,38.7846785730567],[-104.797226769916,38.7846709549955],[-104.797232110291,38.7846634091308],[-104.797237617978,38.7846559372502],[-104.797243290659,38.7846485411413],[-104.797249128305,38.7846412235066],[-104.79725512743,38.7846339879285],[-104.797261288032,38.784626834407],[-104.797267606623,38.7846197665244],[-104.797274082035,38.7846127860754],[-104.797280711939,38.7846058957486],[-104.797287495175,38.7845990964377],[-104.797294428264,38.7845923908242],[-104.797301510037,38.7845857807029],[-104.797308739316,38.7845792687692],[-104.797316111479,38.784572856797],[-104.797323625359,38.7845665465808],[-104.797337331539,38.7845553478421],[-104.797346639093,38.7845485277749],[-104.797354874218,38.7845424930878],[-104.797355056239,38.7845423599587],[-104.797363053809,38.78453672022],[-104.797363089728,38.7845366961137],[-104.797363245046,38.7845365862458],[-104.797371365828,38.7845310571597],[-104.797371417958,38.7845310232419],[-104.797371561651,38.784530925015],[-104.797379802166,38.7845255092632],[-104.797379863557,38.7845254699962],[-104.797380002575,38.784525378948],[-104.797385649033,38.7845217988],[-104.797385697683,38.7845217675638],[-104.797388429985,38.7845200354965],[-104.797388566658,38.7845199489385],[-104.797397041999,38.7845147634305],[-104.797397080202,38.7845147411398],[-104.797397250429,38.7845146367673],[-104.797405838552,38.7845095690558],[-104.797406050426,38.7845094433143],[-104.797414749022,38.7845044942861],[-104.797414795317,38.7845044684409],[-104.797414965464,38.7845043721758],[-104.797423772212,38.7844995436186],[-104.797423993249,38.784499422437],[-104.797432903528,38.7844947161246],[-104.797432938234,38.784494698317],[-104.797433129141,38.7844945976732],[-104.797442142943,38.7844900145064],[-104.79744237084,38.7844898978706],[-104.797451483551,38.7844854387223],[-104.797451548306,38.7844854084844],[-104.797451717168,38.7844853257247],[-104.797460936872,38.7844809879412],[-104.79746116352,38.7844808812075],[-104.797470465932,38.7844766763532],[-104.797470706418,38.7844765670006],[-104.79748010773,38.7844724870656],[-104.797480345852,38.7844723840048],[-104.79748982873,38.7844684360911],[-104.79749007606,38.7844683330861],[-104.797499650898,38.7844645136531],[-104.797499895872,38.7844644160391],[-104.797509290028,38.7844608270379],[-104.797519193689,38.7844570438269],[-104.797695500969,38.7843940176999],[-104.798076873336,38.7842576847605],[-104.798158039553,38.7842286690869],[-104.798170909909,38.7842238848653],[-104.798172301215,38.7842233257241],[-104.798195097142,38.7842141637846],[-104.798207061453,38.7842088182377],[-104.798218822389,38.7842032038986],[-104.798230412792,38.7841973750187],[-104.798241781317,38.7841912862437],[-104.798256630805,38.7841828257775],[-104.798267528984,38.7841762287626],[-104.798278176369,38.7841693860921],[-104.798292026114,38.7841599448252],[-104.798305447916,38.7841501307078],[-104.798315235961,38.7841425423155],[-104.798324737257,38.7841347359776],[-104.798334005454,38.7841267570626],[-104.798342971824,38.7841185718225],[-104.798354517187,38.7841073905318],[-104.798365555713,38.7840958998769],[-104.79837544611,38.7840848193876],[-104.798376074591,38.7840841150954],[-104.79837721383,38.7840827391319],[-104.798384870527,38.7840734883387],[-104.798386062179,38.7840720496304],[-104.798386632354,38.784071305347],[-104.798395504506,38.7840597196134],[-104.798402241941,38.7840503137161],[-104.7984086252,38.7840407579333],[-104.798416657708,38.7840278302171],[-104.798424109912,38.7840146899884],[-104.798430971278,38.7840013552014],[-104.798440612388,38.7839793752581],[-104.798441806688,38.7839762681359],[-104.798446993748,38.7839627781859],[-104.798447931704,38.783960337967],[-104.798449566311,38.7839548335627],[-104.798453440363,38.7839417834131],[-104.798453955853,38.783940048732],[-104.798524014337,38.7836829728289],[-104.798601798752,38.7833975478425],[-104.798605896014,38.7833793658237],[-104.798606032837,38.7833782135246],[-104.798607599228,38.7833650368139],[-104.798608046075,38.7833559081973],[-104.798608106596,38.783354673457],[-104.798608054219,38.7833488985013],[-104.798608031873,38.7833464966209],[-104.798608028788,38.783346109224],[-104.798607851131,38.7833432334432],[-104.798607467409,38.783336978118],[-104.798607440574,38.7833365482362],[-104.798606406956,38.7833275683268],[-104.798606268673,38.7833267684108],[-104.798606183701,38.7833262814222],[-104.798604691852,38.7833176663026],[-104.798604180715,38.7833155767762],[-104.798601912775,38.7833062957207],[-104.798601401594,38.7833042106984],[-104.798814160885,38.7832563550735],[-104.798871199413,38.783243525188],[-104.798956718335,38.783123211278],[-104.798955024987,38.7827625140289],[-104.798954225138,38.782592417695],[-104.798952908545,38.7823121163177],[-104.798951783721,38.7820726025245],[-104.798950664258,38.7818342968392],[-104.798949806387,38.7816514094512],[-104.798949178341,38.7815172394267],[-104.798948418019,38.7813550440318],[-104.79894769249,38.7812001766017],[-104.79894681061,38.7810119045009],[-104.798946207795,38.7808831146769],[-104.798945183208,38.7806643739518],[-104.798944723121,38.7805660518438],[-104.798943576973,38.780321235311],[-104.798943413918,38.7802865261257],[-104.798943242396,38.7802499908055],[-104.798941836524,38.7799498028153],[-104.798941757962,38.7799329063375],[-104.798940484768,38.7796611707325],[-104.798932747267,38.77800876681],[-104.798913218154,38.7738381176097],[-104.798893846439,38.7697285414805],[-104.798887531259,38.7683888352331],[-104.79888341005,38.7675144731559],[-104.798882955359,38.7674179554495],[-104.798878953776,38.7665683556444],[-104.798897127294,38.7665684204085],[-104.798914228388,38.7665684822937],[-104.800667213139,38.7665747624509],[-104.801819202383,38.7665789267147],[-104.802813020985,38.7665825103721],[-104.803599991401,38.7665853424692],[-104.803782831461,38.766585735169],[-104.803880469747,38.7665859443916],[-104.809323148115,38.7665974994552],[-104.810065408967,38.7665990558261],[-104.812429119892,38.7666039799842],[-104.812523049597,38.7666041743732],[-104.812564073503,38.7666042597661],[-104.812849786421,38.7666048511996],[-104.81278127756,38.7658101415745],[-104.812691503573,38.7647687035441],[-104.812332862849,38.7606079731214],[-104.812219445519,38.7592920670939],[-104.81219937154,38.7590590678438],[-104.812160171482,38.758604073787],[-104.812086233162,38.7577462360746],[-104.811932204939,38.7559591236612],[-104.811938304655,38.7558111983247],[-104.811942861963,38.7557006918201],[-104.811948772065,38.7555573778643],[-104.811954915504,38.7554076609313],[-104.811931323554,38.7551337983788],[-104.811814218275,38.7545897584094],[-104.811725459101,38.7535593226365],[-104.811912011752,38.7535494700272],[-104.811906442956,38.753485764557],[-104.811902295662,38.7534219927443],[-104.811899570834,38.7533581735134],[-104.811898270568,38.7532943275972],[-104.811898392386,38.7532304729986],[-104.811899939543,38.7531666295564],[-104.811902908383,38.753102817969],[-104.811907299888,38.753039055359],[-104.811913113844,38.752975363346],[-104.811920345463,38.75291176082],[-104.811928994568,38.7528482657974],[-104.811939057494,38.7527848998771],[-104.811950532921,38.7527216801678],[-104.811963414885,38.7526586282548],[-104.811977700915,38.7525957612399],[-104.811993387366,38.7525330989201],[-104.812010467138,38.7524706610723],[-104.812028937755,38.7524084656988],[-104.812048790967,38.7523465325694],[-104.812070023138,38.7522848805804],[-104.812092626036,38.7522235276998],[-104.812116593716,38.7521624937109],[-104.812141917946,38.7521017965819],[-104.812168591648,38.7520414542873],[-104.812201767487,38.7519707841018],[-104.812726239675,38.7519777634321],[-104.812792322966,38.7519786422782],[-104.813490849441,38.7519879346044],[-104.813646323739,38.7519900022528],[-104.818283955811,38.7520515803134],[-104.821941207792,38.7521000102649],[-104.822905514439,38.7521127602132],[-104.82651660226,38.7521604377204],[-104.826516668992,38.7521604372069],[-104.826482763917,38.7493299321681],[-104.826473165092,38.7485285501454],[-104.820289662284,38.7484447258607],[-104.819871331707,38.7484390344327],[-104.819498116496,38.7484339556967],[-104.817306283069,38.7484041526639],[-104.816601161241,38.7483945514644],[-104.812841867221,38.7483433098236],[-104.812740562254,38.7483420412485],[-104.812141873551,38.7483338416159],[-104.812146704418,38.7479874617237],[-104.811671547592,38.7479833973917],[-104.811440566381,38.7477022661266],[-104.811209490577,38.7471063668853],[-104.808764174288,38.7407997306668],[-104.80834815364,38.737465714431],[-104.808350313213,38.7374017574921],[-104.808353897524,38.7373378405797],[-104.808358906392,38.7372739817102],[-104.808365338465,38.7372102015956],[-104.80837319011,38.7371465182318],[-104.808382461116,38.7370829532382],[-104.808393147861,38.7370195237099],[-104.808405245539,38.7369562503381],[-104.808418752814,38.7368931520328],[-104.808433664896,38.7368302476836],[-104.808449975838,38.7367675570739],[-104.808467682004,38.7367050991],[-104.808486778595,38.736642893552],[-104.808507258543,38.736580957504],[-104.80852911474,38.736519311633],[-104.808552342416,38.7364579730268],[-104.808576934467,38.7363969623623],[-104.808602882672,38.7363362967065],[-104.808630178783,38.7362759958287],[-104.808658814581,38.7362160767959],[-104.808688781829,38.7361565584764],[-104.808720071137,38.7360974597318],[-104.808752673146,38.7360387967211],[-104.808786577308,38.7359805891998],[-104.808821774253,38.7359228542278],[-104.808858253463,38.7358656088578],[-104.808896002098,38.7358088719307],[-104.808959583962,38.7357184049398],[-104.809237778591,38.7353354522001],[-104.809409955734,38.73509843658],[-104.809461651461,38.7350402005653],[-104.80951463757,38.734982680303],[-104.809568897791,38.7349258928112],[-104.809599280793,38.7348952265755],[-104.809624414687,38.734869856903],[-104.809681173158,38.7348145878017],[-104.809739154617,38.7347601043133],[-104.80977275848,38.7347296247652],[-104.809798341671,38.7347064207466],[-104.809858715734,38.7346535559078],[-104.809920259415,38.7346015241056],[-104.809982953003,38.7345503414367],[-104.810046779089,38.7345000240117],[-104.810111715674,38.7344505870128],[-104.810177744197,38.7344020465436],[-104.810244844985,38.7343544150977],[-104.81031299718,38.7343077087649],[-104.810382179939,38.7342619418337],[-104.810452372431,38.7342171276916],[-104.810523552666,38.7341732806202],[-104.810595699819,38.7341304131061],[-104.81066879076,38.7340885385233],[-104.810742804657,38.7340476702595],[-104.810817717245,38.7340078198802],[-104.810893507703,38.7339689998723],[-104.810970151757,38.7339312227022],[-104.811047625154,38.7338944990347],[-104.811125905929,38.7338588404491],[-104.811187394435,38.7338319449591],[-104.811204968679,38.7338242576035],[-104.81128479144,38.7337907620774],[-104.811365347684,38.7337583618197],[-104.811455582555,38.7337236991947],[-104.811829550808,38.7334244413266],[-104.811864070951,38.7333968179069],[-104.81251984532,38.7331361007795],[-104.814231492526,38.7324555721665],[-104.814359056304,38.7324035473059],[-104.814465691429,38.7323580128755],[-104.814571294923,38.7323110263358],[-104.814675834432,38.7322626028136],[-104.814779279902,38.7322127574492],[-104.814881597839,38.7321615044616],[-104.814982757021,38.7321088607863],[-104.815082727405,38.7320548406629],[-104.815181478913,38.7319994619347],[-104.815278980324,38.7319427415371],[-104.815375202729,38.7318846955185],[-104.815470116041,38.731825342623],[-104.815563692484,38.7317647007076],[-104.815655901972,38.7317027885164],[-104.81574671787,38.7316396248142],[-104.815836111244,38.7315752283519],[-104.815924055442,38.7315096196959],[-104.816010524981,38.7314428176178],[-104.8160954909,38.7313748435712],[-104.816178928858,38.7313057172354],[-104.816260813338,38.731235460985],[-104.81634111884,38.7311640953935],[-104.816419822147,38.7310916428493],[-104.816496897753,38.7310181248263],[-104.816572322449,38.7309435628124],[-104.816646074144,38.7308679819051],[-104.816718129632,38.7307914035921],[-104.816788466839,38.7307138511694],[-104.816857064833,38.7306353488405],[-104.816923901543,38.7305559199016],[-104.816988958327,38.7304755894704],[-104.817052215406,38.7303943817573],[-104.817113650699,38.730312320959],[-104.817173249017,38.7302294322136],[-104.817230990563,38.7301457415329],[-104.817286856699,38.7300612740345],[-104.817313934413,38.730018521738],[-104.817734339946,38.7292443501937],[-104.818403605887,38.7279392406199],[-104.818776555202,38.7271523425439],[-104.818896468707,38.7267227659899],[-104.818935866332,38.7265936848215],[-104.818961630506,38.7265007191992],[-104.818985317404,38.7264074161544],[-104.819006922166,38.7263138035872],[-104.819026436483,38.726219909377],[-104.819043855488,38.7261257623246],[-104.819059174303,38.7260313921314],[-104.81907238578,38.7259368257825],[-104.819083488483,38.7258420939002],[-104.819092477553,38.7257472243839],[-104.819099351564,38.7256522469546],[-104.818929878083,38.7230190474211],[-104.818878064482,38.7222139565387],[-104.81886194075,38.7219425180198],[-104.818851868865,38.7216708997309],[-104.818847852555,38.7213991854779],[-104.818853291631,38.7209879396134],[-104.818823312892,38.7208465709964],[-104.81883244522,38.720627250883],[-104.818880254085,38.7194789846877],[-104.81899492768,38.7183475765391],[-104.819088477571,38.7174245641545],[-104.819122740346,38.7166015437946],[-104.81927941648,38.71630409153],[-104.819590577133,38.7157133409944],[-104.820117813336,38.7157233595979],[-104.821158724708,38.7157431318437],[-104.821674830271,38.7157529313567],[-104.821733363337,38.7157540422137],[-104.822403347565,38.7157667645797],[-104.824447095683,38.7171323888039],[-104.830787296944,38.7213683188958],[-104.830851314675,38.7214192917097],[-104.831095419779,38.721613655234],[-104.833004075266,38.7231333227565],[-104.833041279426,38.7231629441887],[-104.836688406786,38.7231295749156],[-104.840083359401,38.7230984101615],[-104.841458886785,38.7230857544641],[-104.843664131432,38.7230654312817],[-104.839396415559,38.7344387231849],[-104.839264211029,38.7345415046163],[-104.839243668916,38.7345574745988],[-104.835292373158,38.7376291661432],[-104.835249282057,38.7376626625431],[-104.835249103548,38.7376625633242],[-104.835232395088,38.7376532317439],[-104.835228441679,38.7376510235511],[-104.835218967719,38.737645925226],[-104.835207345585,38.7376396704704],[-104.835185999478,38.7376286087387],[-104.835164410247,38.7376178392962],[-104.835142583595,38.7376073675809],[-104.835120526405,38.7375971954338],[-104.835098246694,38.7375873265042],[-104.835075750179,38.7375777644285],[-104.835053044894,38.737568511054],[-104.835030135415,38.7375595691097],[-104.835007030908,38.7375509422516],[-104.834983737108,38.7375426323141],[-104.834960262041,38.7375346420458],[-104.834936612581,38.7375269741886],[-104.834912795605,38.7375196314845],[-104.834888818004,38.7375126148738],[-104.834864687796,38.7375059280059],[-104.834840413031,38.7374995709269],[-104.834815999427,38.737493547273],[-104.834791456167,38.7374878588985],[-104.834766788994,38.7374825067371],[-104.83474200595,38.7374774917359],[-104.834717116203,38.7374728175507],[-104.834692125502,38.7374684842147],[-104.834667041891,38.7374644926746],[-104.834641872244,38.7374608456725],[-104.834616626921,38.737457542367],[-104.834591310498,38.7374545854868],[-104.834565932174,38.7374519750847],[-104.834540499994,38.7374497121076],[-104.834515020856,38.7374477965952],[-104.834489502795,38.7374462303953],[-104.834463955012,38.7374450135606],[-104.834438382108,38.7374441461175],[-104.834412794433,38.7374436281254],[-104.834387200029,38.7374434605313],[-104.834361604656,38.7374436424674],[-104.834336017506,38.7374441748874],[-104.834310446639,38.7374450569365],[-104.834284898954,38.7374462886545],[-104.834259382512,38.7374478691867],[-104.834233905362,38.7374497985793],[-104.834208475564,38.7374520759778],[-104.834183100028,38.737454700521],[-104.834157786803,38.7374576722551],[-104.834132542808,38.7374609894182],[-104.834107377251,38.7374646511622],[-104.834082298193,38.7374686566327],[-104.834057311399,38.7374730040609],[-104.834032424931,38.7374776925924],[-104.834007646846,38.7374827213727],[-104.833982985221,38.7374880877455],[-104.833958446973,38.7374937899489],[-104.833934039004,38.7374998280225],[-104.833909769406,38.7375061975087],[-104.833885646221,38.7375128993544],[-104.833861675243,38.7375199290887],[-104.83383786453,38.737527285857],[-104.833816319654,38.7375342853728],[-104.833814222159,38.7375349670033],[-104.833790753905,38.7375429698581],[-104.833767467837,38.7375512926662],[-104.83374437203,38.7375599327713],[-104.833721471111,38.7375688874976],[-104.833698773155,38.737578154189],[-104.833676285097,38.7375877292817],[-104.833654015006,38.7375976110207],[-104.833631967522,38.7376077949282],[-104.833610150716,38.737618279249],[-104.83358857152,38.7376290604196],[-104.833567235719,38.7376401348697],[-104.83354614909,38.7376514999302],[-104.833525319726,38.7376631511431],[-104.833498926134,38.7376785459667],[-104.833480005552,38.7376787174163],[-104.833117363724,38.7376820049018],[-104.831122755423,38.7377000667097],[-104.831121334771,38.7377000792375],[-104.831043987869,38.7377007790901],[-104.831115973323,38.7422730376784],[-104.831116018112,38.7422758594924],[-104.831120571853,38.7425651366513],[-104.831120969144,38.7425904176307],[-104.831121305827,38.7426117451998],[-104.831126250029,38.7429256888915],[-104.831480752115,38.7427383396506],[-104.83222652203,38.742344201417],[-104.832676505472,38.7421063822629],[-104.833541341243,38.7416493004387],[-104.833925144738,38.7414464494412],[-104.83418639681,38.741308368833],[-104.834752426959,38.7410091992945],[-104.835062547671,38.7408452849918],[-104.835701504747,38.7405075595398],[-104.83666595385,38.7399977821632],[-104.836703522816,38.7400370068931],[-104.837083556128,38.74043379534],[-104.837460508733,38.7408273595821],[-104.837565453755,38.7409350501118],[-104.83767267458,38.7410413571756],[-104.837787472178,38.7411512992003],[-104.837904702795,38.7412596550344],[-104.838024332245,38.7413663902421],[-104.838146322858,38.741471473971],[-104.83827063813,38.7415748735739],[-104.838296852187,38.7415958937897],[-104.838409181506,38.7416859684256],[-104.838505902006,38.7417620191363],[-104.838820283314,38.7420092137842],[-104.839013962672,38.7421614995624],[-104.839611270855,38.742631144541],[-104.840199357356,38.7430935305023],[-104.840049590098,38.7432099216378],[-104.840049271479,38.7432101675669],[-104.840023067902,38.7432304315037],[-104.840196533851,38.7434358151858],[-104.84033487701,38.74359961158],[-104.840386379778,38.7437063910708],[-104.840706371283,38.744369811311],[-104.840709678048,38.7443773083022],[-104.840829851617,38.7446496900629],[-104.841075858814,38.7454454792211],[-104.841077343151,38.7454502821304],[-104.840533707794,38.7455580901476],[-104.840616732244,38.7457698542662],[-104.840790733524,38.7462136657447],[-104.840821292501,38.746297525646],[-104.840880531583,38.7464600880249],[-104.840935061462,38.7466097194261],[-104.841215386432,38.7471408258115],[-104.841215704085,38.7471411825617],[-104.841617050524,38.7475914023707],[-104.8417086799,38.747539091239],[-104.841752888929,38.7474959909148],[-104.841752931074,38.7474960361979],[-104.841798590914,38.7475434833848],[-104.841846963676,38.7475892522944],[-104.84189794891,38.74763324788],[-104.841951440743,38.7476753787773],[-104.841977670432,38.747694695562],[-104.842014110213,38.7477201926253],[-104.842023856536,38.7477267621607],[-104.842069559263,38.7477562440808],[-104.842093906789,38.7477711025256],[-104.842131075064,38.7477927199948],[-104.842162625961,38.7478101111059],[-104.842245008044,38.747851668574],[-104.842330368688,38.7478893597773],[-104.842418412367,38.7479230542229],[-104.842508834262,38.7479526352553],[-104.8425222777,38.7479566266676],[-104.842659236815,38.7484683262591],[-104.842661941223,38.7484784314245],[-104.846282107438,38.748436430335],[-104.846633649211,38.7484323460949],[-104.847387177161,38.7484242402015],[-104.848015114698,38.7484174803374],[-104.849825989719,38.7483979661536],[-104.858490755672,38.7485246394863],[-104.858754049369,38.7485284789084],[-104.858834416615,38.7518901742619],[-104.858839692016,38.7521108075519],[-104.867576831477,38.7521989880127],[-104.868107475884,38.7669137213926],[-104.868194417325,38.7722999136896],[-104.868223553653,38.7741048256214],[-104.868223686644,38.7741130432288],[-104.868217984145,38.7777019051573],[-104.868217953349,38.7777214341589],[-104.864118902347,38.7776686038929],[-104.863675507,38.7776628809086],[-104.863679402317,38.7780302450017],[-104.863680979178,38.7781789052848],[-104.86369577686,38.7795741818773],[-104.863697012805,38.779690723171],[-104.863699901113,38.779963059171],[-104.863700097827,38.7799815903516],[-104.863700397014,38.7800097632606],[-104.863701025214,38.7800689497013],[-104.863701739739,38.7801363670108],[-104.863706281345,38.7805646571618],[-104.863711180464,38.7810265708197],[-104.863715142724,38.7814001287013],[-104.863726544932,38.7814090143826],[-104.864998736061,38.7824004526731],[-104.865378383607,38.7826963090031],[-104.866263276962,38.783385886503],[-104.868412659925,38.7850607686143],[-104.868537010777,38.7852080102935],[-104.870187072392,38.7871617427355],[-104.872609661185,38.7900299379068],[-104.872613117428,38.7900340303397],[-104.873110198226,38.7906225083323],[-104.873817109966,38.791459377273],[-104.87753769589,38.7958635560662],[-104.887188568992,38.8065945424482],[-104.887192956151,38.8065994195013],[-104.887417963618,38.8101173077641],[-104.887422519553,38.8101885321756],[-104.887258814341,38.8127984106608],[-104.887200258112,38.8137318915942],[-104.887199570655,38.8137428470641],[-104.8881717871,38.8137538341211],[-104.891789349438,38.8137946459652],[-104.891981061073,38.8137968058209],[-104.891978017772,38.8138362435244],[-104.896414587151,38.81391716968],[-104.896595761062,38.8104834346483],[-104.901182409762,38.8106306141048],[-104.901110508937,38.807096422344],[-104.905730511811,38.8071351304971],[-104.914639199049,38.8073310994869],[-104.914509680839,38.8109262851402],[-104.914440552347,38.8141709008878],[-104.909967898203,38.814115736179],[-104.90988150118,38.8174025962101],[-104.909864873273,38.8209090922328],[-104.905136125699,38.8208958908048],[-104.904917437744,38.8243911279946],[-104.904917493497,38.8244143130498],[-104.90495274042,38.8389957465121],[-104.895848245139,38.8389469883198],[-104.895848206845,38.8389470214528],[-104.895848279417,38.8389470209294],[-104.895847941442,38.8389827034777],[-104.895846766657,38.8391069073274],[-104.895871097843,38.8408379914717],[-104.895879273214,38.8414196463532],[-104.895895397785,38.8427045675565],[-104.895866173483,38.8427048362755],[-104.89547948827,38.8427083955226],[-104.895304006771,38.8427094352414],[-104.894645015081,38.8427142881744],[-104.894527391984,38.8427160543356],[-104.894412001161,38.8429035199055],[-104.894351237531,38.8430025022259],[-104.893956083612,38.8436430694254],[-104.893945689922,38.8436599181916],[-104.89341232749,38.8445253208973],[-104.893191359282,38.8448838439059],[-104.89310754329,38.8450198353415],[-104.892917766666,38.8453277442427],[-104.892712034612,38.8456615414551],[-104.892574876536,38.8458840721091],[-104.892421667844,38.8461326429316],[-104.892313452333,38.846308214646],[-104.892149875566,38.846310208285],[-104.891763833383,38.8463149135437],[-104.891641911639,38.8465127165708],[-104.891526726326,38.8466995929899],[-104.891057593437,38.8474606899775],[-104.890745096607,38.8479676600582],[-104.890623170342,38.8481654619911],[-104.890501242239,38.8483632646872],[-104.890455518158,38.8484374409976],[-104.890326960253,38.8486459984219],[-104.889972965349,38.849220267798],[-104.889952161306,38.849254018582],[-104.889828354343,38.8494548601431],[-104.88971806876,38.849633771603],[-104.889704548968,38.8496557033823],[-104.889614775598,38.8498184375071],[-104.889566618072,38.849891497118],[-104.888643096675,38.8498969908652],[-104.886919179626,38.8499072260444],[-104.886918255956,38.849972070172],[-104.886884619,38.8523290232121],[-104.886886380436,38.8525293891661],[-104.886889122239,38.852841220186],[-104.886890935794,38.8530474303357],[-104.886893232217,38.8533086202996],[-104.886895018272,38.8535117457228],[-104.886895073361,38.8535180439814],[-104.886895335963,38.8535645049294],[-104.886895055999,38.8535645052537],[-104.886501067892,38.8535655081876],[-104.886411030354,38.8535657371768],[-104.886414326133,38.853554310857],[-104.886461357554,38.853391269708],[-104.88616773079,38.8533394817941],[-104.885819768028,38.8532781089421],[-104.885776514011,38.8532704796401],[-104.88509167279,38.8531496864347],[-104.885081297914,38.8531856509318],[-104.884970588447,38.8535694139755],[-104.884880550899,38.8535696417786],[-104.88461047397,38.8535703240576],[-104.884504727028,38.8539353289452],[-104.884333940502,38.8539052034722],[-104.884162728486,38.8538750034223],[-104.883991517775,38.8538448022254],[-104.883307420852,38.8537246348784],[-104.883131723156,38.8536936671782],[-104.883091442573,38.8538303915678],[-104.882451019513,38.8537189021127],[-104.882403923165,38.853761114188],[-104.882161241387,38.8539786276476],[-104.882059452012,38.854068622649],[-104.882016896906,38.8541040706803],[-104.881918560457,38.8541961370045],[-104.881904296676,38.854208921014],[-104.881736715442,38.854202788085],[-104.881558857153,38.8541956245683],[-104.881381015435,38.8541894725425],[-104.881202578832,38.8541832368985],[-104.881024532977,38.8541767192885],[-104.880846488298,38.8541702023127],[-104.880668442508,38.854163684157],[-104.880490396751,38.8541571657285],[-104.880312351026,38.8541506470271],[-104.880134306486,38.8541441280591],[-104.879956260827,38.854137608812],[-104.8797782152,38.8541310892921],[-104.879680986225,38.8541275297683],[-104.879411073065,38.854111843779],[-104.878075751941,38.8539578131211],[-104.877087076258,38.8537509776975],[-104.875443881358,38.8531059281118],[-104.875021822163,38.8529402399214],[-104.875002508973,38.8529225078238],[-104.873647654147,38.851678558727],[-104.873625564548,38.8516508343016],[-104.873606464362,38.851633195904],[-104.873074589433,38.8509451853713],[-104.872995131972,38.8508739068068],[-104.872988708456,38.8496781502785],[-104.872982731356,38.8485653633842],[-104.872980291334,38.8481111562134],[-104.872981472601,38.8477288093],[-104.872977389786,38.8465588389203],[-104.872976029146,38.846142888409],[-104.872976027269,38.8461421875224],[-104.872974150641,38.8460610099485],[-104.872972625645,38.8457486522251],[-104.872972539989,38.8457312091262],[-104.872743726859,38.8456904698096],[-104.872710357076,38.8456845285587],[-104.872690018685,38.8456809071412],[-104.872847090071,38.845252146741],[-104.873052909949,38.8446903061082],[-104.873443815111,38.8434352533553],[-104.873448473296,38.8434196078515],[-104.873604017671,38.8429140624275],[-104.873648935197,38.842791857515],[-104.873674917473,38.8427034655343],[-104.872479862492,38.8426953158759],[-104.871832279443,38.8426908950416],[-104.871645046308,38.8426896157281],[-104.871333799593,38.8430754336634],[-104.871137348224,38.8433192735919],[-104.870940896667,38.8435631122881],[-104.870798064231,38.8434927330021],[-104.870783513075,38.8434855634368],[-104.870658646494,38.8434240359454],[-104.87054001599,38.8433655807446],[-104.87051299432,38.8433522663006],[-104.870418268327,38.8433055896601],[-104.870370459792,38.8432820322364],[-104.870089810022,38.8436303716585],[-104.870059873362,38.843667527856],[-104.869779220538,38.844015867416],[-104.870206827641,38.8442265703435],[-104.870349660966,38.8442969503516],[-104.870202236036,38.8444804745425],[-104.870156135463,38.8445263950752],[-104.869797142051,38.8448857347097],[-104.868836552203,38.844346964824],[-104.868812529091,38.8443709830151],[-104.86879762869,38.8443858799155],[-104.868477876275,38.8447055733401],[-104.868341903304,38.8448415203485],[-104.867819138206,38.8453641774612],[-104.867742095529,38.8454412032519],[-104.867694430196,38.8454888583831],[-104.867607931794,38.8455753376951],[-104.868380917231,38.8458278877582],[-104.868371829033,38.8464007375179],[-104.86877435953,38.8466441063314],[-104.869310405406,38.8469681941055],[-104.869782150751,38.8472534039639],[-104.870335050016,38.8475876735145],[-104.871056181208,38.8480250306472],[-104.871111653466,38.8480586739425],[-104.871373714808,38.8482176084469],[-104.871373786999,38.8482176520793],[-104.871537170392,38.8482171424273],[-104.872042084033,38.8482155675776],[-104.872744077257,38.8482133747011],[-104.87275836336,38.8506522076438],[-104.872745776555,38.850640924765],[-104.872634982637,38.8505416119661],[-104.872352211723,38.8505461078103],[-104.872256128481,38.8505476354416],[-104.872254007376,38.8505456997236],[-104.870580074518,38.8490179479581],[-104.86985409213,38.8483490012256],[-104.869239782606,38.8476768365515],[-104.86891013163,38.8473730710658],[-104.868555733908,38.8470464997224],[-104.868553015579,38.8470439940418],[-104.868538168516,38.8470346767202],[-104.86837434927,38.8469318752307],[-104.868360014336,38.8469228795784],[-104.868360793548,38.8473037517343],[-104.868361000633,38.8474051034095],[-104.868363710502,38.8487287164268],[-104.868365279696,38.8494954784953],[-104.868365526059,38.8496158657366],[-104.868387727671,38.8496293949879],[-104.869315682828,38.8501948475021],[-104.869897526182,38.8505493879652],[-104.870058194399,38.850647288317],[-104.870229125439,38.8507514420586],[-104.870643654676,38.8510040238027],[-104.871878446929,38.8517563937433],[-104.871880563412,38.8517576826187],[-104.871751110385,38.8518875933532],[-104.871535362803,38.8521041034586],[-104.871319598818,38.8523206256895],[-104.871455587396,38.852452105532],[-104.871714748431,38.852675930132],[-104.872039834409,38.8529984700749],[-104.872122557373,38.8530805449154],[-104.872489178731,38.8532845753094],[-104.872466387805,38.852895826342],[-104.872598032621,38.8524759459334],[-104.872641152277,38.8524323100705],[-104.872616402789,38.852417356224],[-104.872671267753,38.8522423659043],[-104.873019025471,38.8524524124001],[-104.874480167041,38.8533343287179],[-104.875282862862,38.8537549761324],[-104.875566048178,38.8539172134994],[-104.875735467891,38.8540016461974],[-104.875788051214,38.8539451496799],[-104.875898552522,38.8539877337192],[-104.876009987805,38.8540288029035],[-104.876122323749,38.8540683453398],[-104.876235524755,38.8541063473214],[-104.876349558653,38.8541427978628],[-104.876464387515,38.8541776859475],[-104.876579979162,38.8542110014912],[-104.876696296819,38.8542427334836],[-104.876900981634,38.8542943043947],[-104.877457324888,38.854401296621],[-104.877609527878,38.8544305669198],[-104.87794907914,38.8544958651297],[-104.878365680719,38.8546394213772],[-104.878337201826,38.8547061260452],[-104.878169443274,38.8546618415545],[-104.877612743755,38.8545062697136],[-104.877612970831,38.8546522134272],[-104.877862552899,38.8547247467183],[-104.878114942772,38.8547919325306],[-104.878129663685,38.8547958517287],[-104.87845137483,38.8548814900651],[-104.878453254175,38.8548819901916],[-104.878792399805,38.8549722666301],[-104.879125220852,38.8550608596858],[-104.878973085708,38.8557476045966],[-104.87897111499,38.8557564982448],[-104.879903953529,38.8558764513841],[-104.880496885697,38.8559536208119],[-104.880521960963,38.855902881587],[-104.88069564306,38.8555092921142],[-104.879440970549,38.8551748993172],[-104.879480090267,38.8550403320535],[-104.879042703989,38.8549076323136],[-104.879502245443,38.8549651765264],[-104.879539810934,38.8548284739902],[-104.879710938669,38.8548590029089],[-104.881770206068,38.8555746164855],[-104.8817107721,38.8557799089442],[-104.881499875711,38.8562636543585],[-104.882130151873,38.8563482031422],[-104.882474009388,38.8563823409126],[-104.88282767062,38.8563996645921],[-104.884422490827,38.8563574740872],[-104.884447508628,38.8563061445592],[-104.884785491728,38.8563962071723],[-104.884968548311,38.8557483199619],[-104.885338523213,38.8557516958582],[-104.885140856501,38.8564117896485],[-104.886174070724,38.8565725093978],[-104.886816241794,38.8566539794555],[-104.886900081471,38.8566642656857],[-104.886914609699,38.8566660476922],[-104.88691566177,38.8568328885315],[-104.886915763484,38.8568490028882],[-104.886915839155,38.856860926271],[-104.886916074553,38.8568983945992],[-104.886916306254,38.8569350899632],[-104.886917298504,38.8570923101169],[-104.886918224903,38.8572392726418],[-104.886918780748,38.8573274497955],[-104.886918791176,38.8573301128152],[-104.886924061836,38.8586973629999],[-104.886925548219,38.8590830060872],[-104.886921147772,38.8590774263174],[-104.886904967791,38.859055908403],[-104.886744798661,38.8591160599578],[-104.88657793619,38.8591702059064],[-104.886400088245,38.8592075707987],[-104.886186123131,38.859222174287],[-104.886013143672,38.8591959990965],[-104.88590042711,38.8591697295782],[-104.885292967861,38.8590044296412],[-104.885189667028,38.8589698347794],[-104.885088518633,38.8589216589263],[-104.88498005589,38.8588588916517],[-104.884878568833,38.8587523339952],[-104.884824983806,38.8586353032518],[-104.884845984453,38.8582253034466],[-104.884726982955,38.857841302771],[-104.884645982359,38.8575843030622],[-104.883947981989,38.8575473026714],[-104.883386982906,38.8575233031765],[-104.882981982169,38.8574743034436],[-104.88266698157,38.8573673033947],[-104.882238982904,38.857181302792],[-104.881978983107,38.8569853028603],[-104.881795983467,38.8568033034654],[-104.881700089215,38.8567423377325],[-104.881644982547,38.856707303383],[-104.881443427945,38.8565980731792],[-104.881334983211,38.8565393033027],[-104.881131982192,38.8564543036066],[-104.880985982714,38.8564123030071],[-104.880830535569,38.8563775984543],[-104.880770982913,38.8563643031634],[-104.880713233839,38.8563643034585],[-104.88057198291,38.8563643026968],[-104.880543231855,38.856365798898],[-104.880405922317,38.856372942113],[-104.88039898324,38.8563733032913],[-104.880252982107,38.8563993028902],[-104.880247720145,38.856401295469],[-104.879304982482,38.856758302867],[-104.878759819393,38.8569743118353],[-104.87872198277,38.8569893035597],[-104.878333982408,38.8571383037479],[-104.878851982888,38.8580083039617],[-104.877598981401,38.8585133033251],[-104.877614982861,38.8587613034477],[-104.877606982468,38.8587723043338],[-104.877612818818,38.8590232625003],[-104.877612982949,38.8590303036637],[-104.877614932981,38.8591128210147],[-104.877622981802,38.8594533039768],[-104.877623542317,38.8597207008316],[-104.877623542032,38.8597207332613],[-104.87762398245,38.8599303036487],[-104.877626652657,38.8599589069983],[-104.877628908899,38.8599830767605],[-104.877630982837,38.8600053032748],[-104.877611269094,38.8600310174547],[-104.877607982307,38.8600353041958],[-104.877580982345,38.8600473032632],[-104.877545734211,38.8600445208375],[-104.877542982341,38.8600443033998],[-104.877454983079,38.8600023046199],[-104.877450724759,38.8599997800932],[-104.87736050577,38.8599462931897],[-104.877281804406,38.8598996343643],[-104.877188231756,38.8598441591526],[-104.877174982313,38.8598363037298],[-104.877106413382,38.8597926989882],[-104.87701832105,38.8597366791647],[-104.876968982435,38.859705304033],[-104.876532475577,38.859429502251],[-104.875990296599,38.859086925616],[-104.875982981613,38.8590823036128],[-104.875276981245,38.8586413030338],[-104.875005981245,38.8584723039025],[-104.87470398159,38.858302303996],[-104.874613980712,38.8583843040017],[-104.874356982047,38.8586203046216],[-104.874344981205,38.8586323035273],[-104.874261982283,38.8587223037419],[-104.874182982256,38.8588063040326],[-104.873947981317,38.8590613044375],[-104.873869982199,38.8591463044685],[-104.87380198095,38.8591033044003],[-104.873791900594,38.8590968809324],[-104.873597981907,38.8589733040148],[-104.873543895469,38.8589398982871],[-104.873529981379,38.8589313046536],[-104.87341998956,38.8588614680926],[-104.87341993456,38.8588614335631],[-104.873340981839,38.8588113041458],[-104.872828528795,38.8584870813055],[-104.872820980395,38.8584823046939],[-104.87277698155,38.858451303422],[-104.872678519435,38.8583825661896],[-104.872670981106,38.8583773040543],[-104.872658981414,38.8582853038318],[-104.872511690427,38.8583528492394],[-104.871644981764,38.8587503039049],[-104.87081698046,38.8587353044943],[-104.870610981126,38.8587323041601],[-104.870613084596,38.8587722708787],[-104.870621980701,38.8589413039988],[-104.870621949206,38.8589487594166],[-104.870620980201,38.8595982668823],[-104.87062098009,38.8596603042917],[-104.870619980197,38.8602263046413],[-104.870619452943,38.8603864509736],[-104.870619451725,38.8603867185249],[-104.870619451262,38.8603867707728],[-104.870619450849,38.8603869473407],[-104.870618980186,38.8605303044919],[-104.870618980138,38.8606303035909],[-104.870559980672,38.8608403043349],[-104.870477981397,38.8609433041108],[-104.870420980706,38.860926303978],[-104.870347980656,38.8608973049328],[-104.87020198141,38.8608773044383],[-104.870157981184,38.8608763046989],[-104.869989981671,38.8608733047817],[-104.869808672336,38.860867507306],[-104.869698241385,38.860863975977],[-104.869645981095,38.8608623051315],[-104.869591471802,38.8608629562105],[-104.869394981128,38.8608653042526],[-104.869171980917,38.860867304443],[-104.868843980256,38.860870304099],[-104.86864498077,38.8608723048247],[-104.868397107305,38.860869014501],[-104.868397049705,38.8608690132871],[-104.868192980848,38.8608663038679],[-104.868086303861,38.8608649787281],[-104.868031980328,38.8608643040073],[-104.867951980135,38.8608633040109],[-104.867915980963,38.8608623046048],[-104.86779544922,38.8608606425748],[-104.867625980595,38.860858305095],[-104.867559979905,38.8608573044467],[-104.86738297967,38.8608553048825],[-104.866986326942,38.8608560174498],[-104.866825980123,38.8608563049829],[-104.866647979526,38.8608573050464],[-104.866321979852,38.8608593049229],[-104.86616298022,38.8608593052053],[-104.86606704895,38.8608599088353],[-104.865685979875,38.8608623055327],[-104.865534254858,38.8608632644553],[-104.865527979506,38.8608633040596],[-104.865527761665,38.8608631830545],[-104.865525940568,38.8608632487832],[-104.865485236695,38.8608621436567],[-104.865085979393,38.8608513043929],[-104.865067979664,38.8608523050938],[-104.864840094912,38.8608748055835],[-104.864835185568,38.8608752904398],[-104.864782346414,38.86088050769],[-104.864392307707,38.8609190173886],[-104.864388820316,38.8609193604605],[-104.86428116521,38.8609299900149],[-104.8642779788,38.8609303050016],[-104.86426051824,38.8609382614332],[-104.863871979326,38.8611153051003],[-104.863763980023,38.8611993044579],[-104.863692979322,38.8612553046398],[-104.863610474765,38.8613782925397],[-104.863531979077,38.8614953052567],[-104.86351497948,38.861573304853],[-104.86346897962,38.861792305419],[-104.863479301631,38.8619987618208],[-104.863481978926,38.8620523052107],[-104.863482501594,38.8620640554031],[-104.86349497961,38.8623443056619],[-104.863507979875,38.8625983056547],[-104.863516831886,38.8626779774283],[-104.863524918419,38.8627507506591],[-104.863572980243,38.8631833056775],[-104.863600293418,38.8633881578637],[-104.86360689362,38.863437663414],[-104.863644979307,38.8637233050256],[-104.863664324493,38.8640977146743],[-104.863665706224,38.86412444831],[-104.863675979697,38.864323305549],[-104.86367597947,38.8646073061662],[-104.863674979854,38.8646673048438],[-104.863673557089,38.8647679736169],[-104.863664133556,38.8654344448953],[-104.863663568131,38.8654342769399],[-104.863663290163,38.8654653013282],[-104.86366327938,38.8654665048294],[-104.863661982874,38.8655033063146],[-104.863661759098,38.8655097625143],[-104.863655979988,38.8656793058424],[-104.863654980064,38.8657383063497],[-104.863616979135,38.8663933061525],[-104.863613980831,38.8664603053319],[-104.863566979649,38.8666413053368],[-104.863525979611,38.8668003056536],[-104.863356980271,38.8671113055323],[-104.863037979326,38.8674483063798],[-104.862551979758,38.8677453062046],[-104.862395979692,38.8677953061558],[-104.86212397963,38.8678843055988],[-104.861762979483,38.8679643060117],[-104.861224979955,38.8680573067353],[-104.861150979901,38.8680713066163],[-104.860481978894,38.868231306414],[-104.860267966439,38.8683406397468],[-104.860266518194,38.8683413794946],[-104.859929979053,38.8685133055911],[-104.859862734286,38.8685629946347],[-104.859763044435,38.8686366580691],[-104.859726979985,38.8686633070447],[-104.859687978873,38.8686923064091],[-104.859670209062,38.8687135879021],[-104.85956922708,38.8688345252315],[-104.859520979048,38.8688923067736],[-104.859452979412,38.8689823061854],[-104.859434815186,38.8690112716782],[-104.85941597985,38.8690413064029],[-104.859407017643,38.8690592302243],[-104.859391978918,38.8690893065944],[-104.859380073122,38.8691063871892],[-104.859379504567,38.8691072029443],[-104.859323160382,38.8691880335338],[-104.859154979279,38.8694293064551],[-104.859105687084,38.8694821669289],[-104.858933980084,38.8696663059278],[-104.858826979767,38.8697823059869],[-104.85876236307,38.869843187775],[-104.857944978396,38.8706133069278],[-104.857917161173,38.8706380244069],[-104.857594979472,38.8709243072876],[-104.857417979151,38.8710813067673],[-104.85731397988,38.8711783074072],[-104.85677697938,38.8716863070613],[-104.856552979841,38.8718903064371],[-104.856000978782,38.8723963069267],[-104.855884978681,38.8725063068867],[-104.855665978624,38.8727163077343],[-104.855457978848,38.8729143074568],[-104.855436979042,38.8729353064372],[-104.854801978492,38.8734713073516],[-104.854583978635,38.8736573071883],[-104.854209466551,38.8739589147642],[-104.854208978957,38.8739593075359],[-104.854159977809,38.8739993076466],[-104.853753978038,38.874249307295],[-104.853189978302,38.8745673075581],[-104.852959978852,38.874682307711],[-104.852749278209,38.8747886386375],[-104.852749156649,38.8747886992195],[-104.852529978129,38.8748993076023],[-104.852425977817,38.8749593079298],[-104.852339978895,38.875010307915],[-104.852107979136,38.875122307064],[-104.852000978785,38.8751753076574],[-104.851533978009,38.8754033079788],[-104.851047978362,38.8756193079818],[-104.85101197864,38.8756303074493],[-104.850729978219,38.8757233081885],[-104.850287135241,38.8758557653596],[-104.850281977665,38.8758573085411],[-104.850276978107,38.8758577039986],[-104.849561977878,38.8759143086004],[-104.849394978089,38.8759273075474],[-104.848360978173,38.8759973080374],[-104.847787976892,38.8760393074219],[-104.847207977126,38.8760823078801],[-104.846944000196,38.876098245806],[-104.846942977387,38.8760983076236],[-104.846703977428,38.8761233084606],[-104.84529197711,38.8761843086715],[-104.843832688587,38.8762483895021],[-104.843788975992,38.8762503083777],[-104.843716636351,38.8762534321991],[-104.842908976214,38.8762883085108],[-104.841054975388,38.876346308724],[-104.840072975664,38.8763783083052],[-104.839642975846,38.8763743081842],[-104.838975974972,38.8763733089806],[-104.838416975179,38.8763573087499],[-104.83830497542,38.8763563089679],[-104.837447975058,38.8763573090311],[-104.837408975289,38.8763573092009],[-104.837384974996,38.8763573083956],[-104.83727497467,38.8763573090762],[-104.837160975266,38.8763573084648],[-104.837108975568,38.8763573091605],[-104.837042974452,38.8763573092392],[-104.836943974633,38.8763563084316],[-104.836904974864,38.8763563084324],[-104.836635974412,38.8763563092704],[-104.836551975088,38.876356309034],[-104.836471974851,38.8763563090478],[-104.836136974565,38.87635530849],[-104.83588097518,38.8763553088753],[-104.835831974226,38.8763553090194],[-104.835684974826,38.8763553084466],[-104.835636974217,38.8763553088214],[-104.835542974997,38.8763543083805]],[[-104.881455342155,38.8557117571788],[-104.88102889216,38.8555981062838],[-104.88084313745,38.8560219425163],[-104.880830519765,38.8560455365759],[-104.88083039561,38.8560457692391],[-104.880851900401,38.8560525034207],[-104.881250241535,38.8561823082634],[-104.881455342155,38.8557117571788]],[[-104.877529990966,38.8552338109762],[-104.877482080818,38.8551892459636],[-104.877350440146,38.8551893360073],[-104.877350508754,38.8551727027398],[-104.877289325452,38.8551676560768],[-104.877086908794,38.8551453708505],[-104.877012630837,38.8554841946035],[-104.877535763944,38.8555513637926],[-104.877529990966,38.8552338109762]],[[-104.873025494095,38.8465613687478],[-104.873695520172,38.846683347386],[-104.874069544812,38.8454268900869],[-104.874167414776,38.8454447068817],[-104.874629294989,38.8441430054749],[-104.873714228479,38.8439444309423],[-104.873454825834,38.8447669936125],[-104.873095093278,38.8460799800701],[-104.873094131503,38.8460834900727],[-104.873163967531,38.8460962133458],[-104.873141140607,38.8461728956025],[-104.873025494095,38.8465613687478]],[[-104.886588488059,38.8244310237148],[-104.886619885828,38.8238949572508],[-104.886619285231,38.8238950270491],[-104.886392687144,38.8239604592548],[-104.886373121151,38.823966321435],[-104.886359174659,38.8239707638052],[-104.88634532903,38.8239753949887],[-104.886331588868,38.8239802150098],[-104.886317957646,38.8239852220851],[-104.886304441135,38.8239904144434],[-104.886291042806,38.8239957903015],[-104.886277766121,38.8240013487767],[-104.886264615703,38.8240070880918],[-104.886251595029,38.8240130055626],[-104.88623870872,38.8240190994118],[-104.886225960233,38.8240253696578],[-104.886213354211,38.8240318118207],[-104.886200892957,38.8240384259128],[-104.886188582254,38.824045209262],[-104.886176424427,38.8240521591783],[-104.886164422947,38.824059273878],[-104.886152582427,38.8240665524849],[-104.886140906361,38.8240739905131],[-104.886129398204,38.8240815879809],[-104.88611806145,38.8240893404025],[-104.886106898409,38.8240972468892],[-104.886034589456,38.8241483935145],[-104.885961148895,38.8241985440551],[-104.885884913844,38.8242487572469],[-104.885812592566,38.8242947642038],[-104.885734271484,38.8243428717411],[-104.885656536105,38.8243888905031],[-104.885562800466,38.824442168455],[-104.885559529886,38.8244440276638],[-104.885559487068,38.8244440517608],[-104.885190873626,38.8246491740615],[-104.885132323716,38.8246817557611],[-104.885106507263,38.8247070776707],[-104.885027308584,38.8247847592689],[-104.884917917784,38.8248920546767],[-104.884594118798,38.8252096491931],[-104.884233402887,38.8254955121054],[-104.883238449774,38.82614686245],[-104.882587946911,38.8267154812482],[-104.882584876647,38.8267182558224],[-104.880834498775,38.8283004563291],[-104.880176316291,38.8294241740837],[-104.87998334614,38.8297536247758],[-104.879459603587,38.8306477738031],[-104.879377890752,38.8307872738853],[-104.879295934404,38.8309271897115],[-104.879152793666,38.8311438623032],[-104.878666764155,38.831879552566],[-104.879285734838,38.8318876701722],[-104.879784115061,38.8318942036734],[-104.880216543315,38.8318998705157],[-104.880210190259,38.8317658465802],[-104.880191899264,38.8316324958471],[-104.880170399807,38.8315333160128],[-104.880131468877,38.8314027027648],[-104.880080985562,38.8312745313587],[-104.880019194389,38.8311494273879],[-104.879946396458,38.8310279996281],[-104.879880083988,38.8309333857195],[-104.880071432712,38.8309330478226],[-104.880262747339,38.8309186594553],[-104.880389799664,38.8309003145645],[-104.88054580538,38.8308676992295],[-104.880697582414,38.8308245723043],[-104.880843976107,38.8307712627741],[-104.880983872606,38.8307081764204],[-104.881116206954,38.8306357922599],[-104.881239972317,38.8305546616924],[-104.88135422579,38.8304654031248],[-104.881496561718,38.830328088433],[-104.881567937058,38.8302438506742],[-104.881631625485,38.8301559243208],[-104.881682271416,38.83007371839],[-104.882005734667,38.829495522795],[-104.882629280875,38.8283808986877],[-104.882766783041,38.8281599622906],[-104.884345271433,38.8281602410042],[-104.885807503851,38.8281604807795],[-104.886593453655,38.8281606014204],[-104.886596033507,38.8250710328728],[-104.886591243183,38.8248469683202],[-104.886587743335,38.8246832697956],[-104.886588250916,38.8245113296526],[-104.886588488059,38.8244310237148]],[[-104.891225319128,38.8244095652437],[-104.891224670084,38.8244212055872],[-104.900359387464,38.8244013196344],[-104.900360012296,38.824390870072],[-104.900569286528,38.8208898144412],[-104.891422085544,38.8208771042978],[-104.891225319128,38.8244095652437]],[[-104.843275429154,38.7812712892981],[-104.842879770686,38.7804688236173],[-104.842615854067,38.7805511258763],[-104.842571919841,38.7805648270896],[-104.842575684528,38.7811565027523],[-104.842575686601,38.7811569009515],[-104.842575899555,38.7811576444801],[-104.842578296515,38.7811660317059],[-104.842578864002,38.7811680150472],[-104.842579595106,38.7811693560894],[-104.842581371933,38.7811726156162],[-104.842583306076,38.7811761634137],[-104.842586031164,38.7811794346179],[-104.842589170598,38.7811832027504],[-104.842590108556,38.7811843287538],[-104.842591645628,38.7811856356236],[-104.842600018429,38.7811927567333],[-104.842601053032,38.7811936373448],[-104.842602219825,38.7811942871798],[-104.842609675128,38.7811984428112],[-104.842611621684,38.7811995276818],[-104.842622253852,38.7812047724491],[-104.842640319811,38.7812071630021],[-104.842640537301,38.7812071669365],[-104.842675899508,38.7812078113536],[-104.8427019881,38.7812082663064],[-104.842728061878,38.7812090788175],[-104.842754113953,38.7812102470461],[-104.84278013627,38.7812117709466],[-104.842806120774,38.7812136504734],[-104.842832058266,38.7812158846735],[-104.842857943,38.7812184726136],[-104.84288376577,38.7812214142416],[-104.842909518528,38.7812247086111],[-104.842935194386,38.7812283538813],[-104.842960785289,38.7812323500068],[-104.842986283205,38.7812366942395],[-104.843011680071,38.7812413874346],[-104.843036967855,38.7812464268442],[-104.84306213967,38.7812518106276],[-104.843087188627,38.7812575369441],[-104.843112104369,38.781263605735],[-104.843139890342,38.7812708177619],[-104.843275429154,38.7812712892981]],[[-104.860217311993,38.7790785782251],[-104.861182479757,38.7788130799984],[-104.861193776496,38.7788101801009],[-104.86120652388,38.7788073503473],[-104.861222523431,38.7788042925534],[-104.861234187794,38.7788024910408],[-104.861247280832,38.7788008991864],[-104.861263635897,38.7787993910476],[-104.861275493849,38.7787987157898],[-104.861287374199,38.7787983658701],[-104.861303842594,38.7787984628085],[-104.861321645879,38.778799216622],[-104.861334835373,38.7788002117019],[-104.861346612553,38.7788014818833],[-104.861358326994,38.7788030742317],[-104.861369962617,38.778804985055],[-104.861381505627,38.7788072124758],[-104.861392942239,38.7788097537154],[-104.86140425981,38.7788126069028],[-104.861415442278,38.7788157665441],[-104.861426476999,38.7788192307682],[-104.86143735022,38.7788229931932],[-104.861448271687,38.7788271504661],[-104.861451147483,38.7788283356253],[-104.861453526771,38.7788293171574],[-104.861458132861,38.7788312154203],[-104.861316841296,38.7776133848872],[-104.861944901489,38.777605295784],[-104.86195847977,38.7772884451376],[-104.861383451938,38.7770662605507],[-104.861494697583,38.7763528828171],[-104.861581111707,38.776131233832],[-104.861796636922,38.7755784177025],[-104.861147353548,38.7754233026501],[-104.86101382976,38.7751208029976],[-104.860386990692,38.7752903486266],[-104.860287972288,38.7750660144929],[-104.860265023569,38.7746590759059],[-104.86004704554,38.7741905348261],[-104.860404202334,38.7741918822227],[-104.860314582102,38.7739993710712],[-104.860273027601,38.7739992140756],[-104.860279218337,38.7730385307478],[-104.85983381512,38.7730367709334],[-104.859813403535,38.7729419005971],[-104.859798981507,38.7724355755903],[-104.8596237473,38.7720768510461],[-104.859389547228,38.7718509312806],[-104.859369679197,38.7748920914119],[-104.859369185819,38.7749676820813],[-104.859367281729,38.7752591436398],[-104.85936431715,38.775712777702],[-104.859362536076,38.7759872584155],[-104.859361681808,38.7761190031778],[-104.859360394652,38.7763173220694],[-104.859351851633,38.7776341434934],[-104.859340359681,38.7779771857555],[-104.859325172934,38.7784305054172],[-104.85897456911,38.7784270703515],[-104.858957540873,38.7789352791519],[-104.858956576896,38.7789640793248],[-104.85897439773,38.7789773152267],[-104.858987245307,38.778987258884],[-104.8589998692,38.7789973760742],[-104.859012265973,38.7790076649768],[-104.859024431063,38.7790181210622],[-104.859036361035,38.7790287425098],[-104.859048052476,38.7790395247963],[-104.859059500807,38.779050465194],[-104.859070703751,38.7790615609877],[-104.859081657896,38.7790728076544],[-104.859092359813,38.7790842024723],[-104.859102804932,38.7790957418131],[-104.859112992134,38.7791074220669],[-104.859122916849,38.7791192396052],[-104.859132575656,38.7791311908055],[-104.859141967428,38.7791432729592],[-104.859260315677,38.7792984310751],[-104.859296374364,38.7792901475019],[-104.859364650117,38.7792744626944],[-104.859630616305,38.7792133620167],[-104.859876561036,38.7791568609811],[-104.860217311993,38.7790785782251]],[[-104.849774291426,38.7748625605789],[-104.849772553781,38.774860660804],[-104.849701717058,38.7749002727109],[-104.849695892841,38.7749035300752],[-104.849106150092,38.7752333130515],[-104.849362393253,38.7754761542442],[-104.850122691154,38.7753961373688],[-104.850482235437,38.7753628061573],[-104.850480588424,38.7753620681301],[-104.850406750559,38.7753274487132],[-104.850334667896,38.7752906323395],[-104.850264447054,38.7752516734665],[-104.850196191897,38.7752106297203],[-104.850130003383,38.7751675618112],[-104.85006597941,38.775122533443],[-104.850004214675,38.7750756112196],[-104.849944800533,38.7750268645459],[-104.849943472461,38.7750257328128],[-104.849864339406,38.7749543643256],[-104.849790237729,38.7748797593719],[-104.849774291426,38.7748625605789]],[[-104.848594042946,38.7735713158662],[-104.848045394614,38.7729656672261],[-104.847203142548,38.7736434834758],[-104.847237558614,38.7737198425982],[-104.847492776634,38.7742860933907],[-104.847682711638,38.7742601051531],[-104.847829679827,38.7742423641094],[-104.847977020765,38.7742266357311],[-104.848124690712,38.7742129224736],[-104.848272643601,38.7742012294821],[-104.84842083453,38.7741915601069],[-104.8485692186,38.7741839176984],[-104.848717750927,38.7741783038058],[-104.84886638547,38.7741747208727],[-104.848710891123,38.7738302071064],[-104.848594042946,38.7735713158662]]]},"properties":{"DIST_ID":"D3","NAME":"Council District 3","RepName":"Brandy Williams","RepPhone":"(719) 385-5193","RepEmail":"Brandy.Williams@coloradosprings.gov","ImageURL":"https://gis.coloradosprings.gov/SiteElements/CityCouncil/Images/D3.jpg","RepURL":"https://coloradosprings.gov/BrandyWilliams","DISTRICT":3,"OBJECTID":15,"Shape__Area":1049420471.7277862,"Shape__Length":267013.41664800665}},{"type":"Feature","id":16,"geometry":{"type":"Polygon","coordinates":[[[-104.780426544403,38.846915231768],[-104.780452731278,38.8434300292392],[-104.778162491416,38.8434492039048],[-104.77601901369,38.8434661257756],[-104.775871967692,38.8434934625181],[-104.775862155135,38.8422620637834],[-104.775827858774,38.8412086895448],[-104.775884244831,38.839975418613],[-104.775886305896,38.8398385188444],[-104.775886408643,38.8398356709111],[-104.775886410336,38.8398356177699],[-104.775883939306,38.8398356402024],[-104.76661987215,38.8397366601289],[-104.757435451548,38.8397419855073],[-104.748070123436,38.8397616701128],[-104.748070163824,38.8396996250029],[-104.748070167515,38.8396932900424],[-104.748060187077,38.8396932254338],[-104.748059953347,38.8396931068064],[-104.74805995005,38.8396933094829],[-104.747263950154,38.8397003102691],[-104.746863949772,38.8396993101671],[-104.74642494986,38.8396983097274],[-104.746185950249,38.8396973102768],[-104.745978949901,38.8396973099346],[-104.745702950445,38.8396963098355],[-104.744360949993,38.8397063094104],[-104.743278949566,38.8396943097766],[-104.742791948894,38.8396903099738],[-104.742083949091,38.8396973101718],[-104.741414948965,38.8397033103384],[-104.740895948196,38.8397083095996],[-104.739452947996,38.8397333100326],[-104.739407948896,38.8397313100188],[-104.738739948424,38.8397093100783],[-104.737141947924,38.8396523100495],[-104.737072947742,38.8396483100997],[-104.733501946233,38.8394553104024],[-104.732629946787,38.8394183103274],[-104.732075947444,38.8393883108947],[-104.731011946831,38.8393323106181],[-104.730410945898,38.8392953102234],[-104.729948946573,38.83926631104],[-104.729662946344,38.8392493104694],[-104.728561946075,38.8392103113268],[-104.728323636093,38.8392020582281],[-104.728099944981,38.8391943107902],[-104.727935946254,38.8391883110257],[-104.727824944705,38.8391843110692],[-104.727444945136,38.8391573109376],[-104.727281945468,38.8391463106965],[-104.727044945065,38.8391293107215],[-104.726336945894,38.8390813107041],[-104.726100945218,38.8390653109327],[-104.725778945243,38.8390383115885],[-104.725315945085,38.8390153114768],[-104.725015945806,38.8390003114432],[-104.724605944787,38.8389803115901],[-104.724045944742,38.8389753115943],[-104.722922944167,38.8389673113129],[-104.721755944777,38.8389583117058],[-104.720915944172,38.838952311221],[-104.720807041288,38.8389514257708],[-104.720706023471,38.8389506048321],[-104.720679828588,38.8389503921479],[-104.720671440199,38.8389503232545],[-104.72067039037,38.8389503657593],[-104.720669944388,38.8389503843881],[-104.720261470662,38.8389671462281],[-104.720261436927,38.8389533219695],[-104.720268096222,38.8353332777002],[-104.720268114659,38.8353235158648],[-104.7202714309,38.8335205169199],[-104.720270465709,38.8335205158454],[-104.720169603561,38.8335204873086],[-104.719044163055,38.8335201630309],[-104.718877927675,38.8335201144989],[-104.718868694935,38.833520111863],[-104.7188632908,38.8343368902735],[-104.718863287787,38.8343370596191],[-104.718863160624,38.8343565889927],[-104.718880280503,38.8345114937366],[-104.717830844111,38.8344932260666],[-104.717802743965,38.8344893071745],[-104.717808680555,38.8347719981167],[-104.717827561686,38.8353293120224],[-104.717827566384,38.8353294084485],[-104.717902336194,38.8353293687121],[-104.719148802576,38.8353287022897],[-104.719149737906,38.8353305842147],[-104.719149227537,38.8357563251188],[-104.719149227844,38.8357572404172],[-104.719167855041,38.8357572566367],[-104.71925451088,38.8357573337693],[-104.71925450443,38.8357615894935],[-104.719254454821,38.8358039450382],[-104.719254003822,38.8361814675015],[-104.715376702413,38.8361799709654],[-104.715376705098,38.8361793106367],[-104.715382386493,38.8353271943055],[-104.715381936124,38.8353271948666],[-104.714455896575,38.8353263416756],[-104.714154459636,38.8353259638049],[-104.714154506923,38.8353260623211],[-104.714148769905,38.8361846880934],[-104.710702257084,38.8361714586747],[-104.71070225525,38.8361713127192],[-104.710700082274,38.8353215554256],[-104.710733693088,38.835299931109],[-104.710746013185,38.8335174420306],[-104.71075164217,38.8327030215451],[-104.710754817036,38.832243401694],[-104.710754819837,38.8322430458641],[-104.710754821487,38.8322427936281],[-104.710758453747,38.8317173114885],[-104.710758474488,38.8317143035802],[-104.706984049931,38.8317163143091],[-104.706110489024,38.8317167615612],[-104.706089329054,38.834635668835],[-104.706082497112,38.8355780011271],[-104.706072471642,38.8369608416262],[-104.706069816747,38.837326976659],[-104.706069631649,38.8373524064262],[-104.706065253392,38.8379562592236],[-104.706060278855,38.838642431512],[-104.706058990924,38.8388201534317],[-104.706058947593,38.8388260926578],[-104.706058945333,38.8388263980417],[-104.706058196506,38.8389296935839],[-104.704695821857,38.8389451612206],[-104.701409311262,38.8389824072879],[-104.701409278926,38.8389733964289],[-104.701408770608,38.838826777749],[-104.701402374779,38.8369852808985],[-104.701401591372,38.8367615824952],[-104.701385940505,38.8367615442538],[-104.701298482024,38.8367613293626],[-104.701278506092,38.8367612802842],[-104.701278205463,38.8367612800186],[-104.701278135206,38.8367612795355],[-104.700533782661,38.8367594521529],[-104.699664477778,38.8367573131252],[-104.699559972441,38.8367570551364],[-104.699390418339,38.8367566369817],[-104.69938858466,38.8367566315494],[-104.699387848646,38.8367566300797],[-104.696036823726,38.8367483129289],[-104.695915814051,38.8367480112937],[-104.695915772588,38.8367480110066],[-104.695915738035,38.8367480107674],[-104.69563644597,38.8367473129645],[-104.695636375703,38.8367473133788],[-104.695423023901,38.8367467789058],[-104.69380490962,38.8367427191331],[-104.693803944396,38.8367427169379],[-104.692134717369,38.8367385061363],[-104.692134579158,38.8367385051749],[-104.692097858152,38.8367384128219],[-104.692082627471,38.8367383951681],[-104.692080479531,38.8372155814346],[-104.692100860905,38.8389571804495],[-104.692100890484,38.8389597454729],[-104.690201191911,38.8389533022021],[-104.689975567359,38.8389525343704],[-104.68997554104,38.8389571665349],[-104.689974769506,38.8390941478478],[-104.689802632137,38.8390896599568],[-104.687764197363,38.8390837630844],[-104.687758461172,38.8403118809676],[-104.687654380098,38.8403112278898],[-104.687647903171,38.8407025971189],[-104.687829005618,38.8408078039866],[-104.687891565402,38.8408498856765],[-104.688001984585,38.8409241589817],[-104.688163838472,38.8410499258771],[-104.68831151883,38.8411823231072],[-104.688458927503,38.8413417799134],[-104.688517352088,38.8414167948274],[-104.688611192039,38.8415432102171],[-104.688702845088,38.8416850351952],[-104.688797415625,38.8418655626437],[-104.688515436868,38.8418387205657],[-104.688001211138,38.8417897693162],[-104.687559353323,38.841747704733],[-104.688587122655,38.8424852382994],[-104.689012734094,38.8426061101783],[-104.688973387577,38.8428489616095],[-104.688773373141,38.84310970695],[-104.688408689695,38.8434618196731],[-104.6879173883,38.8437932537262],[-104.687282472336,38.8440722126074],[-104.686700616203,38.8442216275243],[-104.686305414252,38.8442747615663],[-104.685460081667,38.8442908763527],[-104.682824710237,38.8442418360828],[-104.682824587554,38.8431431477326],[-104.682824401818,38.8414827958327],[-104.682824401374,38.8414787283341],[-104.68279492419,38.8414755723611],[-104.682794935192,38.84147331392],[-104.682212935778,38.8414093144827],[-104.681809846853,38.8413658532071],[-104.68179397807,38.8413641423589],[-104.681601577356,38.8413433971963],[-104.681266935474,38.8413073143371],[-104.680645482178,38.8412127285596],[-104.680471935413,38.8411863146127],[-104.680051901681,38.8411230919735],[-104.679893934581,38.8410993141176],[-104.679726934513,38.8410743146205],[-104.679497359165,38.8410295398874],[-104.679016445681,38.8409357443187],[-104.67888093435,38.8409093139305],[-104.678472934065,38.8408173143641],[-104.678349897714,38.8407895481836],[-104.677475934386,38.8405923147286],[-104.677281304751,38.8405506613732],[-104.677202627243,38.8405338232829],[-104.676616815287,38.8404084508308],[-104.676535457343,38.8403910383401],[-104.676502690795,38.8403840259791],[-104.67644550103,38.8403717864812],[-104.676421416781,38.8403666320208],[-104.675877934125,38.8402503143501],[-104.674527933185,38.8399483142884],[-104.674428644299,38.8399276576211],[-104.6742629408,38.8398931821292],[-104.674229933424,38.839886314256],[-104.674020301831,38.8398426731097],[-104.67399708383,38.8398385378003],[-104.673931943805,38.8398242783925],[-104.673115501787,38.8396543070461],[-104.672812932604,38.8395913149902],[-104.672509977359,38.8395297680164],[-104.672420425931,38.8395138158533],[-104.672314287726,38.8394900122237],[-104.672301875089,38.839487228323],[-104.672301775772,38.8394868546485],[-104.672283094971,38.8394837359945],[-104.671993573487,38.8394256932486],[-104.671472932225,38.8393213147813],[-104.671465636866,38.8393200672676],[-104.670782932361,38.8392033144442],[-104.67037438544,38.839134287402],[-104.670317709136,38.8391247115581],[-104.670273932748,38.839117314288],[-104.670129932093,38.8390933147575],[-104.669841911917,38.8390459690673],[-104.669764931698,38.8390333145519],[-104.669400931859,38.8389793148471],[-104.669284409027,38.8389596359093],[-104.669169658968,38.8389402560164],[-104.668776872466,38.8388739198049],[-104.668275932458,38.8387893144572],[-104.668021703899,38.8387482754691],[-104.667658836275,38.8386896973856],[-104.666873675778,38.8385629441604],[-104.665781179456,38.8383865659372],[-104.665725654798,38.8383776015105],[-104.665290777481,38.8383073890279],[-104.665277930786,38.8383053147559],[-104.66457775697,38.8381821854477],[-104.664197900197,38.838115383448],[-104.663736930179,38.8380343153677],[-104.663429886622,38.8379850582164],[-104.663079368806,38.8379288267518],[-104.662281868644,38.8378008831933],[-104.662240930362,38.8377943150515],[-104.661299054124,38.837633542703],[-104.661133991544,38.8376053664361],[-104.660875929567,38.8375613147335],[-104.660677836222,38.8375312082182],[-104.659985927971,38.8374260475039],[-104.659687715821,38.8373807217083],[-104.658837814256,38.8372515392669],[-104.658468852453,38.8371954557516],[-104.658342929904,38.8371763147968],[-104.657689925289,38.8370584404617],[-104.656946928835,38.8369243149215],[-104.65690899525,38.8369175793169],[-104.6568399293,38.8369053150829],[-104.656542128718,38.8368581697787],[-104.655521297927,38.8366965526822],[-104.655394117206,38.8366764165012],[-104.655059844774,38.8366234923339],[-104.65438292827,38.8365163153064],[-104.654246112817,38.8364946437753],[-104.653757928013,38.836417315172],[-104.653150927892,38.8363133150473],[-104.653098213093,38.8363044749545],[-104.652989928066,38.8362863153218],[-104.652640928542,38.8362263156053],[-104.652059927771,38.8361273155757],[-104.651950376607,38.8361096078818],[-104.651595928201,38.8360523156389],[-104.651417686634,38.8360244346393],[-104.64791747556,38.83128318561],[-104.648139581062,38.8311608516851],[-104.648000520818,38.8310063859218],[-104.646796852374,38.829669333685],[-104.646055982201,38.8288463342485],[-104.645492073148,38.8282198953641],[-104.647279629265,38.8282225712039],[-104.647323000922,38.8282226355985],[-104.647344395946,38.8282226674565],[-104.647737481872,38.8282232519079],[-104.647706320401,38.8245014565118],[-104.647675561446,38.82082741088],[-104.647675435614,38.8208123614933],[-104.645335682092,38.8208088752534],[-104.643578687455,38.8208062268499],[-104.641754363883,38.820803447957],[-104.641570338906,38.8208031660874],[-104.641601043534,38.8245086842587],[-104.641601253685,38.8245340945156],[-104.641629385063,38.8279287043645],[-104.641631740001,38.8282129488936],[-104.641631749617,38.8282140597618],[-104.643489372344,38.8282168901707],[-104.645089418791,38.8282193049482],[-104.645318274846,38.828473541135],[-104.645712878185,38.8289119019485],[-104.646392039399,38.8296663590454],[-104.647496018157,38.830892687081],[-104.647345842988,38.8309754015671],[-104.647643583403,38.8313787448209],[-104.651026985297,38.8359618073866],[-104.651023927278,38.8359613156716],[-104.650802410707,38.8359259877724],[-104.650453318086,38.8358703131458],[-104.64965444537,38.8357429013124],[-104.64936564744,38.8356968394651],[-104.648506484798,38.8355598034953],[-104.64768715561,38.8354291146348],[-104.646085526612,38.8351665196973],[-104.645977831501,38.8351562982707],[-104.645733710671,38.8351173260338],[-104.645062643864,38.835010194247],[-104.644911799253,38.8349861120433],[-104.644267925577,38.8348833154265],[-104.64408492597,38.8348663158566],[-104.64391434731,38.8348569011446],[-104.643779693197,38.8348494681133],[-104.643776926046,38.8348493161843],[-104.643483925926,38.8348483161914],[-104.643303503592,38.8348580331429],[-104.643264143283,38.8348601526938],[-104.642789579911,38.8348857102739],[-104.642748110718,38.8348873411189],[-104.642693709614,38.8348907224183],[-104.642675655058,38.8348918449916],[-104.642536925657,38.8348993162789],[-104.641982924947,38.8349923156362],[-104.641611359804,38.8350808996123],[-104.641471586138,38.8351142219383],[-104.641055925039,38.8352133158906],[-104.640471830191,38.8354127030579],[-104.640457141268,38.8354177168111],[-104.64034992475,38.8354543165259],[-104.639301920808,38.8358362339605],[-104.63846494971,38.8361412373652],[-104.638146657755,38.8362572240424],[-104.637421924764,38.8365213163598],[-104.637143668596,38.8366185492182],[-104.636991458398,38.8366717366075],[-104.636984296878,38.8366742392198],[-104.636365924292,38.8368903167445],[-104.635836313187,38.8370807724738],[-104.635642924571,38.8371503163883],[-104.635600924274,38.8371663162355],[-104.63495529137,38.8374156767038],[-104.63468076492,38.8375217043461],[-104.63450418804,38.8375899022733],[-104.634478746826,38.837599727887],[-104.634432482062,38.8376175955138],[-104.634163923489,38.8377213168967],[-104.633375937727,38.837995212503],[-104.633308212146,38.838018153731],[-104.633249666096,38.8380394670443],[-104.63321050195,38.8380527160608],[-104.633037303903,38.838112916368],[-104.632713923506,38.8382253169987],[-104.632507923356,38.8382893174868],[-104.632370498957,38.8383320905033],[-104.631858923411,38.8384913173901],[-104.63161696056,38.8385661942231],[-104.631573169631,38.8385800261108],[-104.631526876846,38.8385954554723],[-104.631359753934,38.838628381035],[-104.631349924259,38.8386303174096],[-104.631331835215,38.8386336955998],[-104.631331574271,38.8385891833812],[-104.631331517569,38.8385794065],[-104.631312696641,38.8353643901128],[-104.629359988404,38.8353697967543],[-104.626608056934,38.8353773597224],[-104.626608054442,38.8353771876336],[-104.626607978417,38.8353693168815],[-104.626607977841,38.8353692700308],[-104.626573036336,38.8318142635031],[-104.622000324069,38.8317688536286],[-104.622000325213,38.831769320299],[-104.62200845978,38.8353434964615],[-104.622007971448,38.83534349277],[-104.621733095384,38.8353414632258],[-104.617425934474,38.8353095771454],[-104.617408861275,38.8353094501119],[-104.617458169879,38.8258853939664],[-104.617465535031,38.824477419218],[-104.61750330876,38.8184667346338],[-104.617550822447,38.8109047240931],[-104.617556101926,38.8100642810889],[-104.615632020139,38.8100440991725],[-104.615627083479,38.810044047156],[-104.609583167591,38.8099804437984],[-104.608312441331,38.8099670312826],[-104.608312442361,38.8099668574179],[-104.608312445733,38.8099663133036],[-104.608328471215,38.8074129203754],[-104.608357758414,38.8027458385101],[-104.60837168788,38.8005258879968],[-104.608382672636,38.7987750781765],[-104.608386891256,38.7981026877938],[-104.608392486789,38.7972108183255],[-104.608397387149,38.7964297157472],[-104.60839980582,38.7960441060598],[-104.608402285852,38.7956489203139],[-104.608403065128,38.7955246423708],[-104.608403159517,38.7955246430958],[-104.617734717055,38.7955379210749],[-104.617839941281,38.7955381225755],[-104.617941309669,38.7810450859062],[-104.617941883549,38.7809631015695],[-104.622578596747,38.7809580461779],[-104.627155696029,38.7809528752416],[-104.628341524642,38.7809519578437],[-104.628341637424,38.7809519586908],[-104.628342258044,38.7809349436527],[-104.632144982589,38.7809407194606],[-104.632138314361,38.7809487037711],[-104.632141312623,38.7809487009665],[-104.636515224084,38.7809450494394],[-104.636674340978,38.7809449295829],[-104.639093865711,38.7809430738851],[-104.639052172254,38.7805430931019],[-104.642448091961,38.7770297434306],[-104.643437292689,38.7701007204863],[-104.636549473592,38.7700818538545],[-104.636561311411,38.766461119645],[-104.63661961862,38.7596225198448],[-104.636623147946,38.7592085334509],[-104.634340703616,38.7592062901582],[-104.627277016714,38.7591990618494],[-104.622681222903,38.7592086432964],[-104.622636094059,38.7592087362721],[-104.622706994322,38.7520137422283],[-104.622707628,38.751949393253],[-104.622615395967,38.7519493092521],[-104.621819394966,38.7519485809584],[-104.618067200501,38.7519450743364],[-104.618075231979,38.7501204947582],[-104.618099031719,38.7447133874027],[-104.618119168896,38.744713386444],[-104.61983383059,38.744713268107],[-104.625599343002,38.7447126847352],[-104.627402507011,38.744712444148],[-104.630469363203,38.7447188515052],[-104.637882217876,38.7447340043673],[-104.64022917459,38.7447387028476],[-104.644494291683,38.7447471200298],[-104.645383643555,38.744748855005],[-104.64598522143,38.7447500252007],[-104.646798400513,38.744748902929],[-104.647725124636,38.7447476173728],[-104.647987218612,38.7447472526755],[-104.648077654791,38.7447471268095],[-104.648198170026,38.7447469586917],[-104.648461883739,38.7447465904017],[-104.655218001265,38.7447371838204],[-104.655225091447,38.7418614086621],[-104.655235641246,38.7375824157178],[-104.655235824885,38.7375077554105],[-104.655235845631,38.7375001952536],[-104.65523585784,38.7374952917728],[-104.655236049235,38.7374178468561],[-104.656147161361,38.7374163602855],[-104.658606292482,38.7374123111415],[-104.664458820498,38.7374024652669],[-104.669874719689,38.7373867981693],[-104.673085055797,38.7373773918178],[-104.673731730944,38.7373754860454],[-104.67373157062,38.7374578328279],[-104.673731546519,38.7374703082222],[-104.673731028529,38.737732322946],[-104.673723809502,38.7413739939744],[-104.673702944726,38.7518979187907],[-104.673693631586,38.7539975427305],[-104.673658637898,38.7618856956933],[-104.673658622393,38.7618893081579],[-104.67386645369,38.7618860674665],[-104.674074284968,38.7618828264029],[-104.674534163062,38.7618591867471],[-104.674941331822,38.7618237985188],[-104.675396636608,38.7617679007461],[-104.675748107084,38.7617127248483],[-104.676047115086,38.7616573438112],[-104.677499357977,38.7613509222482],[-104.678937909834,38.7610463685681],[-104.678942021849,38.7610454985775],[-104.679310861113,38.7609674143687],[-104.67934408017,38.760960381845],[-104.679667958992,38.7608936873715],[-104.679982408964,38.7608371774994],[-104.680312748354,38.7607863690625],[-104.680631133528,38.7607455454281],[-104.6809370488,38.7607137390996],[-104.681258007439,38.7606880885058],[-104.682004874338,38.760652667692],[-104.682013954195,38.7606508371324],[-104.682015853094,38.7606468019162],[-104.682103393132,38.7606303940094],[-104.682152405149,38.760614151396],[-104.682215352208,38.7605846026266],[-104.682279097845,38.7605435352558],[-104.682339316415,38.7604893872838],[-104.68239056401,38.760421387029],[-104.682424292331,38.7603469768861],[-104.682438693789,38.7602760692477],[-104.682438914119,38.7600564948675],[-104.682815406557,38.760056493173],[-104.683176394557,38.7600564910136],[-104.68317598182,38.7606428923373],[-104.683177622604,38.7606880790561],[-104.683185872499,38.760915121968],[-104.683202572181,38.7610962140683],[-104.683227332832,38.7612767403938],[-104.683260125982,38.7614564800202],[-104.683300911635,38.7616352137424],[-104.683349638267,38.7618127240742],[-104.683406248577,38.7619887952891],[-104.683470673748,38.7621632124789],[-104.683542833434,38.7623357624549],[-104.683665383643,38.7625906281484],[-104.683756477796,38.7627575977461],[-104.683854959386,38.7629219760178],[-104.683960708781,38.7630835630062],[-104.684073597094,38.7632421622916],[-104.684256011865,38.7634740368337],[-104.684386127809,38.7636243290881],[-104.684522863332,38.7637709740636],[-104.684666053643,38.7639137940046],[-104.684815523563,38.7640526137844],[-104.684971090919,38.7641872654345],[-104.68513256546,38.7643175827314],[-104.685299752224,38.7644434084275],[-104.685472445838,38.7645645897071],[-104.685650437418,38.7646809782347],[-104.685833508791,38.764792432817],[-104.686021437123,38.7648988167337],[-104.686213994891,38.7650000004391],[-104.68641094529,38.76509586063],[-104.686612049128,38.7651862811945],[-104.686920956602,38.7653114717798],[-104.687237809997,38.7654238344634],[-104.687561741661,38.7655230577048],[-104.68789186274,38.7656088712641],[-104.688114936175,38.7656585128221],[-104.688453354627,38.765721473198],[-104.688795519561,38.7657704787643],[-104.689140491026,38.7658053967963],[-104.689314457339,38.7658169933202],[-104.689657706576,38.7658308115502],[-104.689657705636,38.7660991352832],[-104.68965142804,38.7661107940017],[-104.689666768059,38.766110997526],[-104.689672492741,38.7662140200251],[-104.689683272679,38.7664080253577],[-104.689683276501,38.766408093852],[-104.689837859721,38.7664082579609],[-104.692055854392,38.7664105897731],[-104.70373287104,38.766383822694],[-104.710739079728,38.7663671989749],[-104.713607110009,38.7663497451821],[-104.713723110511,38.7663498312947],[-104.713839091198,38.7663515018185],[-104.713955017548,38.7663547574206],[-104.713988592282,38.7663561605167],[-104.71430211292,38.7663740223667],[-104.714381471022,38.7663806136562],[-104.714417465447,38.7663836032579],[-104.71453258773,38.7663947590289],[-104.714647442976,38.7664074876298],[-104.714761997896,38.7664217825297],[-104.714876215696,38.7664376416788],[-104.714990063075,38.7664550594473],[-104.715103504421,38.766474031091],[-104.715216505292,38.7664945500719],[-104.715329032397,38.7665166098597],[-104.715441048981,38.7665402048021],[-104.715552522915,38.7665653274762],[-104.715663420925,38.7665919695505],[-104.715773706289,38.7666201226706],[-104.715883348023,38.7666497794215],[-104.715992311716,38.7666809305637],[-104.716100564115,38.7667135659647],[-104.716208071965,38.766747675492],[-104.716314803156,38.7667832499218],[-104.716420724452,38.7668202773204],[-104.716525804911,38.7668587466703],[-104.716630011299,38.7668986460377],[-104.716733311523,38.7669399643978],[-104.716835674668,38.7669826880311],[-104.716937070962,38.7670268041264],[-104.717037466028,38.7670722998421],[-104.717136832424,38.7671191596803],[-104.717235139216,38.7671673717236],[-104.717332355517,38.7672169195502],[-104.717428452725,38.7672677885558],[-104.717523399943,38.7673199632196],[-104.717617169738,38.7673734271436],[-104.717709733503,38.7674281657234],[-104.717801062684,38.7674841598509],[-104.717891128675,38.7675413949218],[-104.717979905231,38.7675998509428],[-104.718067363755,38.767659512409],[-104.718153479143,38.7677203602355],[-104.718238225139,38.7677823753298],[-104.718321575476,38.7678455395002],[-104.718403503908,38.7679098327534],[-104.718483986478,38.7679752360123],[-104.718562998081,38.7680417301924],[-104.718640515941,38.7681092935218],[-104.718716513809,38.7681779060073],[-104.7187909712,38.7682475467937],[-104.718863864178,38.7683181950023],[-104.718935169974,38.7683898279607],[-104.719004868092,38.7684624257142],[-104.719072936936,38.7685359637965],[-104.719139356009,38.7686104222531],[-104.719204103722,38.7686857757165],[-104.719267160729,38.76876200424],[-104.719328508903,38.7688390815787],[-104.719388130057,38.7689169868925],[-104.719446003763,38.768995693921],[-104.719502112995,38.7690751809309],[-104.719556441914,38.7691554225935],[-104.719608972375,38.7692363944654],[-104.719659689689,38.7693180712252],[-104.719708578001,38.7694004293458],[-104.719755622622,38.769483443506],[-104.719800807726,38.7695670874758],[-104.719844120915,38.7696513368501],[-104.719885549824,38.7697361645214],[-104.719925079755,38.7698215460689],[-104.719962699482,38.7699074552933],[-104.720216269495,38.7699174657172],[-104.720746059611,38.7699383784367],[-104.723940167674,38.7699262512125],[-104.722608312434,38.7760869399203],[-104.722803688643,38.7774523714501],[-104.723483979649,38.7786507994435],[-104.723572340024,38.7792230677062],[-104.724876962202,38.7810427276401],[-104.724881534943,38.7809782115118],[-104.724968627011,38.7809830345083],[-104.725651450834,38.7810120504859],[-104.726166416619,38.7810339308444],[-104.726176698979,38.7810343678647],[-104.726789490247,38.7810604012107],[-104.727657902257,38.7810972892883],[-104.727868048352,38.7811061820307],[-104.728250928574,38.7811224428507],[-104.728603398951,38.7811374111185],[-104.729163666386,38.7811612026536],[-104.729987300961,38.7811961713994],[-104.730203662993,38.7812053551991],[-104.73020690141,38.7812054928929],[-104.730222682889,38.7812061552146],[-104.730500560265,38.7812178193891],[-104.730644755267,38.7812238716531],[-104.731344340709,38.7812546282521],[-104.731345608142,38.7812541798974],[-104.731360269757,38.7812543112331],[-104.731466750084,38.7812517984215],[-104.731470819716,38.7812517019488],[-104.732036938627,38.7811848496571],[-104.73228241535,38.7811454014573],[-104.732487290498,38.7811075076357],[-104.733098053331,38.7809827157965],[-104.734303971006,38.7807355321107],[-104.735615427653,38.7804691701866],[-104.736594647033,38.7802662299425],[-104.737615142704,38.7800565779723],[-104.738704564173,38.7798338298188],[-104.738723395263,38.7795455314831],[-104.738714653108,38.7783505180023],[-104.738949184001,38.7783511643446],[-104.738998970328,38.7783513016315],[-104.739092897998,38.7783515607516],[-104.739094818692,38.7787280206735],[-104.739113886547,38.7793163946171],[-104.739122684556,38.7794598389164],[-104.739133754748,38.7796789841386],[-104.739145165134,38.7799048494832],[-104.739147411882,38.780049830976],[-104.739150617427,38.7802566554779],[-104.739207238401,38.7803379855614],[-104.739253278165,38.7804041177015],[-104.739261102293,38.7804043230388],[-104.742384110668,38.7804862641408],[-104.743301648469,38.7805987886849],[-104.750278751894,38.7805215511222],[-104.750398459243,38.7805202225922],[-104.750588973232,38.7805181070521],[-104.753865279941,38.7804816852314],[-104.753867150425,38.780481663924],[-104.754249065281,38.7803736117406],[-104.754900640025,38.7801151711881],[-104.755237811461,38.7799380055194],[-104.755790146805,38.7795638523979],[-104.756163967121,38.7792287401657],[-104.756482823978,38.7788604644584],[-104.756742145114,38.7784431850374],[-104.756827509489,38.7782196288653],[-104.75690676592,38.7779714781429],[-104.756842341276,38.7773646008143],[-104.756841029134,38.7773521701303],[-104.75808278184,38.7773497946649],[-104.757802138216,38.7804051366939],[-104.757808089169,38.7804127926183],[-104.758801079184,38.7804128765012],[-104.760328389587,38.7804129738753],[-104.760669522111,38.7804129943974],[-104.761863442222,38.7804130571497],[-104.761874390929,38.7816422254794],[-104.761875125549,38.7817245753376],[-104.762051685635,38.7817245846054],[-104.762084320782,38.7817245858032],[-104.76208584464,38.7817245855823],[-104.762084801234,38.7816426878085],[-104.762084795541,38.7816422382319],[-104.762057854355,38.7786185681517],[-104.762046709093,38.777367711374],[-104.762088846542,38.777367900931],[-104.763791862595,38.7773755430573],[-104.765811230534,38.7773845727847],[-104.767449797692,38.777391874206],[-104.767461803106,38.7773919274638],[-104.767800446942,38.777756510281],[-104.76787917489,38.7778438709521],[-104.767960486034,38.7779340982543],[-104.768054853125,38.778044110141],[-104.768146753701,38.7781553955569],[-104.768236157046,38.7782679191799],[-104.768323038167,38.7783816484264],[-104.768407368667,38.7784965461868],[-104.768489124703,38.7786125798847],[-104.768568280169,38.7787297133257],[-104.768644811259,38.7788479103299],[-104.768718695316,38.7789671347244],[-104.768789907375,38.7790873512227],[-104.769347815991,38.7788895213851],[-104.770377936432,38.7782042209593],[-104.771097564499,38.7777254664686],[-104.771207453933,38.7778284761049],[-104.771315030125,38.7779329728806],[-104.771505916573,38.7781280717485],[-104.771583157082,38.7782116926858],[-104.771639468381,38.7782726565622],[-104.771671560071,38.7783089301887],[-104.771737161158,38.77838307907],[-104.77176794815,38.7784192093494],[-104.771832375536,38.7784948183472],[-104.771861908276,38.7785308236165],[-104.771925083059,38.7786078426905],[-104.771953411976,38.7786437430881],[-104.772015257612,38.7787221168077],[-104.772042430796,38.7787579360608],[-104.772102868474,38.7788376053777],[-104.772128933961,38.7788733726182],[-104.77218789068,38.7789542731153],[-104.772212894183,38.778990019262],[-104.772270298101,38.7790720856289],[-104.772294284149,38.7791078451966],[-104.772350064637,38.7791910058243],[-104.772373075428,38.7792268160158],[-104.772427167622,38.7793109984303],[-104.772449241875,38.779346899129],[-104.772501583255,38.7794320263671],[-104.772522757361,38.7794680601444],[-104.772573287738,38.7795540525546],[-104.772593594614,38.7795902637615],[-104.77264225956,38.7796770408275],[-104.772661729815,38.7797134747016],[-104.772708477242,38.7798009523185],[-104.77272515233,38.7798337516236],[-104.772771922744,38.7799257490821],[-104.772843124585,38.7800739497708],[-104.773318090986,38.7810942185386],[-104.773612710252,38.7817270729153],[-104.773612858919,38.781727391857],[-104.773869779173,38.781728188765],[-104.775969401326,38.7817287567409],[-104.775969533347,38.7826938701906],[-104.775969612623,38.7832627818693],[-104.775969635891,38.7834307252436],[-104.774648996665,38.7834303718893],[-104.774402674049,38.7834275601607],[-104.774403094161,38.7834284618669],[-104.77530123526,38.7853538508589],[-104.775371151069,38.7853539414417],[-104.775678196131,38.7860130842708],[-104.775957303608,38.7866121847821],[-104.775970082689,38.7866396143526],[-104.776116570501,38.7869540203041],[-104.776268567364,38.7872802952822],[-104.776902698288,38.788641481701],[-104.777045318089,38.7889711169023],[-104.777045656623,38.7889718973721],[-104.777127727758,38.7889715364686],[-104.777152236174,38.7889714287443],[-104.777280135552,38.7889708657457],[-104.777343242042,38.7889705884031],[-104.777532308283,38.7889697554942],[-104.777864443838,38.7889682386216],[-104.777887202692,38.7872011399359],[-104.777851888765,38.7867692603487],[-104.777922177381,38.7866244251595],[-104.778385023089,38.7856706841341],[-104.778411984633,38.785616672765],[-104.778438004385,38.7855672202996],[-104.778465123069,38.7855181323098],[-104.778493332498,38.7854694213563],[-104.77852262445,38.785421103603],[-104.778552990719,38.7853731934122],[-104.778584419648,38.7853257051248],[-104.778616903025,38.7852786540039],[-104.778650431493,38.7852320544045],[-104.778684994566,38.7851859188729],[-104.778720580568,38.7851402635515],[-104.778757180162,38.7850951009937],[-104.778794781682,38.785050446441],[-104.778833373501,38.7850063115316],[-104.77887294396,38.7849627106063],[-104.778913480253,38.7849196579987],[-104.77895497076,38.784877164446],[-104.778997402665,38.7848352451827],[-104.77904076433,38.7847939127477],[-104.779085039532,38.7847531778499],[-104.779130217766,38.784713054837],[-104.779176283952,38.7846735553258],[-104.779223224149,38.7846346918411],[-104.779271023286,38.7845964750987],[-104.779319668585,38.7845589167297],[-104.779369143804,38.7845220292445],[-104.779419433864,38.78448582426],[-104.779470524852,38.7844503115984],[-104.779522399396,38.7844155019614],[-104.779575042416,38.7843814069658],[-104.779792665297,38.7842429462209],[-104.779836907129,38.7842855459403],[-104.780660559397,38.7837614968247],[-104.780650956869,38.7839734389542],[-104.781267220592,38.783815095542],[-104.781310308379,38.7838028302015],[-104.781339736048,38.7837933243447],[-104.781368721742,38.7837830202661],[-104.781397229657,38.7837719303564],[-104.781425226277,38.7837600679219],[-104.781452676931,38.7837474471623],[-104.781479546925,38.7837340840791],[-104.781505805012,38.783719995596],[-104.781531418802,38.7837051977287],[-104.78155635703,38.7836897092028],[-104.78158058958,38.7836735487506],[-104.781604085186,38.7836567350977],[-104.781626817151,38.7836392906012],[-104.781648757651,38.7836212349087],[-104.781669878838,38.7836025903704],[-104.781690155147,38.7835833811523],[-104.781844381969,38.783430172285],[-104.781856677186,38.7834184981713],[-104.78187567494,38.7834019962655],[-104.781895749952,38.7833862964997],[-104.781909705224,38.7833762956778],[-104.781931451955,38.7833620260375],[-104.781954124085,38.783348665702],[-104.781977659065,38.7833362539224],[-104.781993796664,38.7833285223975],[-104.782010268149,38.7833212361694],[-104.782035561202,38.7833111631305],[-104.782052781845,38.7833050283522],[-104.782079101007,38.7832967192701],[-104.782096939117,38.7832917837738],[-104.78212408348,38.7832853022681],[-104.782151622811,38.7832799420933],[-104.782170761796,38.7832769163913],[-104.782179484459,38.7832757172136],[-104.783372490528,38.7831253722991],[-104.783397120543,38.7831244171914],[-104.783415546522,38.7831242922234],[-104.783433967426,38.7831246708136],[-104.78346153863,38.7831261824453],[-104.783479847904,38.7831278161671],[-104.783507145844,38.7831312035367],[-104.783534180504,38.7831357045653],[-104.783552019803,38.7831393182133],[-104.784338034771,38.7833102287368],[-104.784500833521,38.7833456262915],[-104.784529109549,38.7833503086101],[-104.784563941112,38.783357891628],[-104.784598010194,38.7833673590828],[-104.784631152681,38.7833786640184],[-104.78466320684,38.783391751386],[-104.784694015626,38.783406558058],[-104.784723428987,38.7834230119407],[-104.784751303878,38.7834410310747],[-104.785085334317,38.7836717740594],[-104.785210956779,38.783758551266],[-104.785250212278,38.7837842951496],[-104.785294066487,38.7838102168842],[-104.785324240532,38.7838264834089],[-104.785370815714,38.7838493129294],[-104.7854188549,38.7838702028395],[-104.785468224001,38.7838890955565],[-104.785501810733,38.7839005561254],[-104.785553097461,38.7839160075353],[-104.785605347044,38.7839293360677],[-104.785640644093,38.7839370243254],[-104.785676263962,38.7839437425088],[-104.785730199065,38.7839519859773],[-104.785784613442,38.7839580071945],[-104.785839354162,38.7839617908049],[-104.785894274002,38.7839633259925],[-104.785930912072,38.7839630982661],[-104.786548748165,38.7839510494818],[-104.786726481122,38.7839296549966],[-104.786896951717,38.783909134518],[-104.787474191832,38.7837573201163],[-104.78752608286,38.7837509748546],[-104.787578510831,38.7837534155501],[-104.787600480325,38.7837571314011],[-104.787624912712,38.783763280328],[-104.787648389667,38.7837713945124],[-104.787670654247,38.7837813867941],[-104.787691461259,38.7837931457617],[-104.787710584088,38.7838065439019],[-104.787727811285,38.7838214330744],[-104.787740582695,38.7838348634009],[-104.789136715762,38.7854913644969],[-104.78936861258,38.7857664990011],[-104.789514984555,38.7856909229612],[-104.789732689343,38.7859492170772],[-104.789732434281,38.7860171526968],[-104.789873146868,38.7861144439113],[-104.789875955408,38.7853657935776],[-104.789876405503,38.7852459315085],[-104.791375091012,38.7870132839119],[-104.792339209229,38.7881394318424],[-104.793464275003,38.789471982485],[-104.793467045336,38.7894753713407],[-104.794776000694,38.7910765081688],[-104.794878884084,38.7912205964511],[-104.795178000992,38.7916395076615],[-104.795808572876,38.7926904106384],[-104.79602136989,38.7930771443757],[-104.796813524746,38.7946173078223],[-104.797229484277,38.7954648189225],[-104.797386001626,38.7957835090933],[-104.797409338638,38.7958307573025],[-104.797508001575,38.7960305090176],[-104.797490054499,38.7960833045234],[-104.797495709803,38.7960831153296],[-104.797496075919,38.7960975568327],[-104.797503617489,38.7960973033798],[-104.797608173274,38.7960945037151],[-104.797735047847,38.796091262416],[-104.797804529018,38.7960906115847],[-104.797912076009,38.7960903287783],[-104.798014463969,38.7960866093524],[-104.798092361966,38.7960863668958],[-104.798192536258,38.7960824078072],[-104.798194337402,38.7960823367164],[-104.798198295542,38.7960821804701],[-104.798195985243,38.7960998939975],[-104.798195863151,38.7961008337769],[-104.798587864102,38.7974178338246],[-104.799000863101,38.798502833327],[-104.799398864075,38.7995088336277],[-104.799749864506,38.8003898340133],[-104.800337289577,38.8015371985465],[-104.80030426713,38.8015972709865],[-104.800305855481,38.8016037443614],[-104.800304173294,38.8016068044161],[-104.800391105778,38.8019611023336],[-104.800833440539,38.8029543331508],[-104.801664585384,38.804256504537],[-104.802257882241,38.8052270516006],[-104.802311448149,38.8059113353087],[-104.802574402201,38.8064255119665],[-104.802509749766,38.8064888534749],[-104.801765775382,38.8055353517846],[-104.800677947775,38.8052035595036],[-104.800518855045,38.8051550347407],[-104.800513736813,38.8045792239065],[-104.800474695527,38.8045794769538],[-104.799822691744,38.8045837004567],[-104.79904745933,38.8045887177629],[-104.799042175255,38.8040881471138],[-104.799041386001,38.8037050231543],[-104.799039752624,38.8037044070014],[-104.798928775135,38.803662510905],[-104.798191358285,38.8033841218525],[-104.798122335871,38.80338457934],[-104.796721716595,38.8033938478279],[-104.796720961161,38.8024956178452],[-104.796718700414,38.8015883743963],[-104.796715733295,38.8015884050692],[-104.796186679601,38.8015937932762],[-104.795147141634,38.8016043589953],[-104.794863295507,38.8014545191174],[-104.794521860487,38.8014570419585],[-104.794502182771,38.8014571872369],[-104.794501567889,38.8019071715383],[-104.794501528683,38.8019360624812],[-104.794308626045,38.801936056695],[-104.793776732435,38.8016611532779],[-104.793465545027,38.8013711749933],[-104.793201123896,38.8011247741238],[-104.793728593844,38.8005856570091],[-104.793729018366,38.8005852226655],[-104.794311288399,38.8005860906787],[-104.79431224398,38.7997969013641],[-104.794312253164,38.7997894817813],[-104.794312766985,38.7993560594418],[-104.794309558527,38.7993560570548],[-104.794314407227,38.7993527226472],[-104.794324247338,38.7983614444278],[-104.793027172265,38.7983535525124],[-104.793026453731,38.7983536859711],[-104.793050151602,38.7978009004075],[-104.793092028893,38.7968240366406],[-104.793114411103,38.7963019305417],[-104.792974103377,38.7962783703052],[-104.791871299742,38.7960932732985],[-104.791907247615,38.7958454732823],[-104.791917071668,38.7957777510426],[-104.791956751999,38.7955042221364],[-104.791723024185,38.7954815949942],[-104.791598981713,38.7954720653235],[-104.79147477384,38.79546423447],[-104.791350394831,38.7954580996955],[-104.791225898724,38.7954536667349],[-104.791101323513,38.795450934018],[-104.790976706,38.795449904472],[-104.790852084169,38.7954505774282],[-104.790727647996,38.7954529486419],[-104.790727496007,38.7954529522176],[-104.790602986388,38.7954570300156],[-104.790385776889,38.795468230051],[-104.790385681285,38.7954682357727],[-104.790261827439,38.795476960347],[-104.790261557875,38.7954769794191],[-104.790261289427,38.7954770021015],[-104.790137658051,38.7954874233589],[-104.790031559896,38.7954984408976],[-104.789912638197,38.7955107897743],[-104.789724531883,38.7955347041371],[-104.789602016141,38.7955524648111],[-104.789479914167,38.7955718972186],[-104.789358265162,38.7955929943939],[-104.789237104864,38.7956157502511],[-104.789116470173,38.7956401578107],[-104.788996399139,38.7956662101005],[-104.78887692753,38.7956938983325],[-104.788758091093,38.7957232155206],[-104.788639927916,38.7957541510896],[-104.788522471464,38.795786696238],[-104.788405759815,38.7958208412916],[-104.788289827604,38.7958565756544],[-104.788174709467,38.7958938887309],[-104.788060441197,38.7959327690314],[-104.787835258592,38.7960149182385],[-104.787723750304,38.796058410529],[-104.787390262281,38.796199982055],[-104.786347260219,38.7962047978244],[-104.78630469794,38.796204993803],[-104.7859187075,38.7962067731176],[-104.785883808981,38.7962069341044],[-104.785497993507,38.7962087112949],[-104.785461872371,38.7962088781428],[-104.785234936442,38.7962099224379],[-104.784539802637,38.7962131202194],[-104.784228157688,38.7962145521205],[-104.783170261682,38.7962194069675],[-104.783080842977,38.7962198169054],[-104.782997346225,38.7962201993893],[-104.782174830386,38.7962239663953],[-104.781411071184,38.7962274597893],[-104.781544882537,38.7963199273668],[-104.781680737787,38.7964105525225],[-104.781818594622,38.7964993070601],[-104.78195841071,38.7965861645853],[-104.782100143721,38.7966710987038],[-104.782243751322,38.7967540830212],[-104.782389187708,38.796835092924],[-104.782577375558,38.7969355664143],[-104.783915914534,38.7976332230683],[-104.783938999325,38.7976452543769],[-104.78402038591,38.7976876734069],[-104.784163028685,38.7977634333187],[-104.784212289357,38.7977905904951],[-104.784303959997,38.7978411293027],[-104.784443136324,38.7979207394758],[-104.784482540618,38.7979441160483],[-104.784491419837,38.7979493832667],[-104.784580516476,38.7980022392665],[-104.784716056969,38.7980856031886],[-104.784849716619,38.7981708057702],[-104.784981456545,38.7982578215536],[-104.78511123442,38.798346624159],[-104.785239012539,38.7984371854337],[-104.785364749726,38.7985294790051],[-104.785488409425,38.7986234767276],[-104.785609953949,38.7987191486468],[-104.78572934558,38.7988164675109],[-104.785846547799,38.798915401571],[-104.785961525207,38.7990159217879],[-104.786074243566,38.7991179982285],[-104.786184666364,38.7992215982432],[-104.786292762822,38.7993266910195],[-104.786398496418,38.7994332448085],[-104.786501838692,38.7995412270101],[-104.786602755441,38.799650604088],[-104.786701217053,38.7997613434348],[-104.786797192777,38.7998734115353],[-104.786890654177,38.7999867730868],[-104.787067259665,38.8002136848419],[-104.787594840335,38.8009185338612],[-104.787845383051,38.8012532531667],[-104.787928817676,38.8013625209054],[-104.788014678342,38.8014706323171],[-104.788102937763,38.8015775538968],[-104.788193569792,38.8016832530468],[-104.788286545971,38.8017876980564],[-104.788381838999,38.801890856321],[-104.788567190524,38.8020812337067],[-104.78888989317,38.8024016346485],[-104.789650763166,38.8031569654739],[-104.789661236209,38.8031673617358],[-104.789933833826,38.8034379705275],[-104.7926081946,38.8059957996915],[-104.792707143127,38.806089044384],[-104.792808157194,38.8061809232274],[-104.792911205994,38.8062714081014],[-104.793016257573,38.8063604708787],[-104.793123282258,38.8064480852478],[-104.793232244629,38.8065342239613],[-104.793343112701,38.8066188615946],[-104.793455853355,38.8067019709142],[-104.793570431143,38.8067835273754],[-104.793686811767,38.8068635064403],[-104.793808721098,38.8069443325083],[-104.793110556519,38.8074725615416],[-104.792926276461,38.807646392707],[-104.79361384257,38.8082148485507],[-104.793678568451,38.8082575836118],[-104.793744241604,38.808299430727],[-104.793810838011,38.808340373533],[-104.793878338217,38.8083804001984],[-104.793946721611,38.8084194988848],[-104.794015966435,38.8084576577471],[-104.794086052089,38.8084948640461],[-104.794156957947,38.8085311077453],[-104.794228662247,38.8085663769995],[-104.794354031376,38.8086248375695],[-104.794506433007,38.8086934917419],[-104.795262071169,38.8090338894466],[-104.796036614113,38.8093827965904],[-104.795147958198,38.8096293024068],[-104.794972957506,38.8096843024376],[-104.793062373624,38.8103430521114],[-104.791541957375,38.8110143029575],[-104.790449957198,38.8116173024085],[-104.789350956937,38.8122733033576],[-104.789357189717,38.8122790584789],[-104.789755956981,38.81264730275],[-104.790472957277,38.8132773030583],[-104.791115957904,38.8139323031888],[-104.791720957462,38.814621303022],[-104.792016957362,38.815213303073],[-104.792099958626,38.8157723029748],[-104.792183957982,38.8163673034407],[-104.792199958585,38.8172933033552],[-104.792199702194,38.8172934945802],[-104.792196460733,38.8172959152998],[-104.792199743981,38.817295889368],[-104.792209282787,38.8172958141812],[-104.792211328053,38.8172957978198],[-104.792214867614,38.8175578315804],[-104.792216016469,38.8176433174662],[-104.792217166469,38.8177288042593],[-104.792218349864,38.8178142912552],[-104.792219501021,38.8178997780539],[-104.792220539452,38.8179726491744],[-104.792220649609,38.8179852918626],[-104.792221834172,38.8180707779628],[-104.792222983044,38.8181562638448],[-104.792224131909,38.818241750627],[-104.792225316481,38.8183272367252],[-104.792226466234,38.8184127505378],[-104.792227615117,38.8184982364172],[-104.792228763993,38.8185837231968],[-104.792229771854,38.8186692631688],[-104.792230744904,38.8187548299545],[-104.792231718216,38.8188403706155],[-104.792232726958,38.8189259385182],[-104.792233699123,38.819011479171],[-104.792234672183,38.8190970459541],[-104.792245468141,38.8192465421264],[-104.792261495501,38.8193219324581],[-104.792287173232,38.8193974086281],[-104.792322987324,38.8194703105976],[-104.792341133956,38.8194983736154],[-104.792393681396,38.8195720910296],[-104.792433019185,38.8196258203374],[-104.792479911845,38.8196646861387],[-104.792606707637,38.8197723008929],[-104.792681123054,38.8198354426534],[-104.792755502628,38.819898612074],[-104.79282991804,38.8199617807631],[-104.792904297015,38.8200249212544],[-104.792978676977,38.8200880914318],[-104.793053092786,38.8201512599769],[-104.793127473022,38.8202144291575],[-104.793201888221,38.820277569674],[-104.79327626873,38.8203407378578],[-104.793350683908,38.8204039071046],[-104.793425065833,38.8204670751994],[-104.793499480392,38.8205302173185],[-104.79357386143,38.8205933853103],[-104.793648242601,38.8206565532541],[-104.79372265986,38.8207196952431],[-104.793797040143,38.8207828630839],[-104.793938280569,38.8209033593533],[-104.794045831588,38.8209947928415],[-104.794118407257,38.8210560558566],[-104.794191017615,38.8211173172344],[-104.794219554229,38.8211420945364],[-104.794289077549,38.8212173691539],[-104.794341710439,38.8212933653943],[-104.794344734182,38.8212998926071],[-104.794346690536,38.821304435007],[-104.794348640014,38.8213095539266],[-104.79437088863,38.8213736955507],[-104.794385699623,38.8214445188276],[-104.794390227906,38.8215329908692],[-104.794390147822,38.8216188818222],[-104.79438992611,38.8217047710132],[-104.794389705817,38.8217906331858],[-104.794389448398,38.8218765230594],[-104.794389228094,38.8219623861316],[-104.794389006648,38.8220482482953],[-104.794388787227,38.8221341383979],[-104.794388530083,38.8222200003434],[-104.794388169299,38.8223058616586],[-104.794387913305,38.8223917236098],[-104.794387691587,38.822477612795],[-104.794387472441,38.8225634749688],[-104.794387216444,38.8226493369181],[-104.794386994716,38.8227352270022],[-104.794386775568,38.8228210891741],[-104.794386518141,38.8229069790399],[-104.794386297831,38.8229928421044],[-104.794386076379,38.8230787042604],[-104.794385821253,38.8231645941383],[-104.794385599799,38.823250456293],[-104.794385360001,38.8233240159576],[-104.794382078472,38.8233930824831],[-104.794378383831,38.8235029418171],[-104.794370919308,38.823503608154],[-104.794360959746,38.8235037575412],[-104.794360959384,38.8236933038831],[-104.794362426708,38.8237446672977],[-104.794363960137,38.8237983040266],[-104.794375959876,38.8241603043031],[-104.794386658349,38.8246959353],[-104.794390959862,38.8249113043725],[-104.794431959309,38.8250533046681],[-104.794487958963,38.8251843044776],[-104.794643959726,38.8253903042968],[-104.794826960264,38.8256133043352],[-104.794953959545,38.8258193041864],[-104.79496195996,38.8258423043971],[-104.795035959771,38.8260493048684],[-104.795053960037,38.8262533041854],[-104.795099485506,38.826251903089],[-104.795118960375,38.8262513041967],[-104.795110959087,38.8265393046901],[-104.795095959894,38.8270853053411],[-104.795071959645,38.827744305053],[-104.795045960311,38.8282003043544],[-104.795004959995,38.8289423048684],[-104.794941301704,38.8289396148836],[-104.794933960326,38.8289393045563],[-104.794892960345,38.8297403043012],[-104.794886003756,38.8298791366932],[-104.794869960699,38.8301993054081],[-104.79485395956,38.8305403044336],[-104.794834960314,38.8309883048655],[-104.794806960813,38.8313653048086],[-104.794796959646,38.8317113049543],[-104.79476695998,38.8321453055846],[-104.794759960044,38.8322483053208],[-104.79472195137,38.8328963100115],[-104.79471896004,38.8329472679338],[-104.794705414826,38.8329471856806],[-104.794704196971,38.8329678831257],[-104.794705218244,38.8329799862947],[-104.794705221984,38.8329800737024],[-104.794701413156,38.8331068903552],[-104.794698792873,38.8331621215839],[-104.794693839628,38.8332473504384],[-104.794688850667,38.8333325790752],[-104.794683897666,38.8334177809032],[-104.794678908664,38.8335030113399],[-104.794673955371,38.8335882401908],[-104.794669002334,38.8336734420163],[-104.794664260596,38.8337585901706],[-104.794660362658,38.8338435515619],[-104.794656429285,38.83392848481],[-104.794652498197,38.8340134189721],[-104.794648564537,38.8340983792433],[-104.794644632279,38.8341833133969],[-104.794640698591,38.8342682745674],[-104.794638618997,38.8343045348182],[-104.794634359771,38.8344046512529],[-104.794626826242,38.83458003853],[-104.794622014128,38.8346651871498],[-104.794617203171,38.834750333974],[-104.794612388453,38.8348355105036],[-104.794607576322,38.8349206573191],[-104.794602799598,38.835005833177],[-104.794597986274,38.8350909817855],[-104.794593174108,38.8351761285985],[-104.794588361636,38.8352613051377],[-104.794583548296,38.835346451942],[-104.794578771514,38.8354316277955],[-104.794573959293,38.8355167755058],[-104.794569145909,38.8356019232083],[-104.794559849106,38.835781557295],[-104.794555995618,38.8358728070536],[-104.794555713422,38.8358835960335],[-104.794551505884,38.8359642160056],[-104.794547000714,38.8360502178049],[-104.794542496418,38.8361362466349],[-104.794537990093,38.8362222466237],[-104.794533486052,38.8363082475265],[-104.794528979687,38.8363942493153],[-104.794524475624,38.8364802502164],[-104.794519970408,38.8365662502089],[-104.794515464894,38.8366522790268],[-104.794512120138,38.8367167596334],[-104.794508986352,38.8367743768457],[-104.794505690942,38.8367915455442],[-104.794495945039,38.8368184783953],[-104.794489710908,38.8368346409824],[-104.794486804791,38.8368585397871],[-104.794484490547,38.8368971877254],[-104.794481009383,38.8369613657079],[-104.794476702393,38.8370415463395],[-104.794476077538,38.8370549421738],[-104.794475193691,38.8371156477399],[-104.794474158507,38.8371868376822],[-104.79447415072,38.8371873898719],[-104.794468960191,38.8371873060927],[-104.794464532354,38.8374013336377],[-104.794462960123,38.83747730667],[-104.794459961633,38.8376773054424],[-104.794457961205,38.8377863064884],[-104.794445960448,38.8379773057754],[-104.794423960752,38.8383463060471],[-104.79440696122,38.8386363064405],[-104.794398936589,38.8387679062888],[-104.794396960727,38.8388003068989],[-104.794394960663,38.8388443070395],[-104.794393403185,38.8388831766779],[-104.794369961354,38.8394683071797],[-104.794362961325,38.8396773065799],[-104.794364960871,38.839727306523],[-104.79435096133,38.8399323067498],[-104.794326357079,38.8403174447235],[-104.794301961344,38.8406993065608],[-104.794296961136,38.8407873070547],[-104.794294960663,38.8409553064178],[-104.794292960625,38.84113230643],[-104.794286960454,38.8416633064486],[-104.794285961822,38.8418413070998],[-104.794284961861,38.8419313066068],[-104.794284962,38.8422023062049],[-104.794284962324,38.8422933072535],[-104.79428848839,38.8425287184544],[-104.794288961383,38.8425603069261],[-104.794300961718,38.8432223071376],[-104.794294961422,38.8433633072485],[-104.794284961376,38.8436313074011],[-104.794284946749,38.8436322000798],[-104.794282961843,38.8437513071804],[-104.794281530569,38.8438804326756],[-104.794278961125,38.8441123069084],[-104.794278961798,38.8442333070945],[-104.794277962036,38.8443743069416],[-104.794277961413,38.8445003078762],[-104.794268961122,38.8448003068611],[-104.794267961064,38.8448743067962],[-104.794259961326,38.8449423076177],[-104.794261961527,38.8450733070465],[-104.794262962406,38.8451313069778],[-104.794269960855,38.8452433066792],[-104.794265962032,38.8454683075288],[-104.794263961864,38.8456003069428],[-104.794261961396,38.8457343071975],[-104.794254961177,38.8461363072884],[-104.794253962194,38.8462713072859],[-104.794252961636,38.8464133070728],[-104.794249961072,38.8468393082307],[-104.794249962033,38.846982306859],[-104.79424796191,38.8471093081991],[-104.794243962738,38.8474933071657],[-104.794242962264,38.8476223073086],[-104.794238962414,38.847885307915],[-104.794235961416,38.8482043084743],[-104.794217961888,38.8486743081625],[-104.794207962536,38.8489383073985],[-104.794208961359,38.8490953080554],[-104.794211962126,38.8493633077709],[-104.794208961405,38.8495663080232],[-104.794207963026,38.8497243082194],[-104.794208050771,38.8497336814555],[-104.79420896211,38.8498313076039],[-104.794214962038,38.8501533086492],[-104.794217962689,38.8502613084489],[-104.791420961119,38.8502493082575],[-104.790043600293,38.8502592535402],[-104.790035961608,38.8502593086574],[-104.78865896151,38.8502533086513],[-104.787261961155,38.8502523082137],[-104.787259384383,38.8502538779456],[-104.784414958745,38.8502573762194],[-104.783724959312,38.8502543086722],[-104.783284959901,38.8502873084042],[-104.782945959258,38.8503853091947],[-104.782506959032,38.8505443086438],[-104.782196959028,38.8506283092832],[-104.78184752726,38.8506748627819],[-104.781518966083,38.8506844858796],[-104.78116784183,38.8506870298944],[-104.78081671661,38.850689552122],[-104.780459552407,38.850697630325],[-104.778696959089,38.850714309212],[-104.778002958608,38.8507203096408],[-104.776971958691,38.8507233090643],[-104.775832404672,38.85074060159],[-104.775826858246,38.8489937208697],[-104.775850225089,38.8470976736712],[-104.778154835478,38.8470713216472],[-104.778794695286,38.8470639493145],[-104.779195640751,38.8470595010655],[-104.779546972834,38.8470509528624],[-104.779683719474,38.8470421921143],[-104.779806868462,38.8470323442309],[-104.780010059917,38.8470040784378],[-104.780166308585,38.846976682648],[-104.780265686892,38.8469581971238],[-104.780369609225,38.8469315804276],[-104.780426544403,38.846915231768]],[[-104.652536170517,38.8316994056423],[-104.652533485286,38.8309171310434],[-104.650030603557,38.8313643588085],[-104.650032606821,38.8317069147843],[-104.652536170517,38.8316994056423]],[[-104.793965377347,38.7965342254466],[-104.793965045905,38.7968087005906],[-104.794315784443,38.7968089594361],[-104.79431588747,38.7967229666453],[-104.794316114531,38.796534484291],[-104.793965377347,38.7965342254466]],[[-104.797685149512,38.798725204986],[-104.797698079238,38.7996048561207],[-104.797698123465,38.7996078373957],[-104.797698183352,38.7996078350554],[-104.797834192661,38.7996033948493],[-104.798577931528,38.7994123065965],[-104.798238581271,38.7987266338602],[-104.798220768034,38.7986906396743],[-104.798167078999,38.7985821520005],[-104.797685149512,38.798725204986]],[[-104.657481404216,38.7809125000206],[-104.657487197407,38.7751100130215],[-104.657487198348,38.7751098364535],[-104.653206323652,38.7751468840607],[-104.653209898909,38.7717688022411],[-104.653209899732,38.7717686364828],[-104.653183345891,38.7717471086691],[-104.653157278499,38.771725224042],[-104.653131702116,38.7717029862386],[-104.653106627025,38.7716804016406],[-104.653082058881,38.7716574783976],[-104.653058005664,38.7716342228745],[-104.653034474193,38.7716106423284],[-104.653031796043,38.7716078606439],[-104.653011473597,38.7715867431326],[-104.652989008383,38.7715625334283],[-104.65296708767,38.7715380204895],[-104.652945715975,38.7715132115567],[-104.652924901267,38.7714881138954],[-104.652906134561,38.771464597833],[-104.65290464919,38.7714627365561],[-104.652899284604,38.7714557452053],[-104.652884966575,38.7714370858953],[-104.652879926966,38.7714302500676],[-104.652865859089,38.7714111691616],[-104.652860946164,38.7714042288534],[-104.652847331214,38.771384996298],[-104.652842547287,38.7713779506254],[-104.652829390932,38.7713585736692],[-104.652824507768,38.771351067816],[-104.652812042737,38.7713319103173],[-104.652807527095,38.7713246593965],[-104.652795292296,38.7713050134911],[-104.652790914802,38.7712976617772],[-104.652779144103,38.7712778922324],[-104.652774908189,38.7712704415525],[-104.652763602666,38.7712505546826],[-104.65274867365,38.7712230080904],[-104.65273436155,38.7711952614978],[-104.652720669712,38.7711673239383],[-104.652707602639,38.7711392035532],[-104.652695165978,38.7711109093927],[-104.652683361944,38.7710824486805],[-104.652672193869,38.7710538313508],[-104.65266166626,38.7710250655448],[-104.65265178131,38.7709961602876],[-104.652642543513,38.7709671246212],[-104.652633953923,38.7709379666613],[-104.652626015872,38.7709086963424],[-104.652618731566,38.7708793217886],[-104.652611934672,38.7708490255766],[-104.652611807934,38.7708484588904],[-104.652003972805,38.7710354646765],[-104.651286336931,38.7710359244739],[-104.651075955121,38.7710360585415],[-104.65086557331,38.7710361922276],[-104.650655192648,38.7710363255408],[-104.650444809685,38.7710364584558],[-104.650234429022,38.7710365910062],[-104.650164301751,38.771036635102],[-104.649953919936,38.7710367671355],[-104.649743539282,38.7710368978951],[-104.649532838704,38.7710370286313],[-104.649322883824,38.771037159947],[-104.649322850454,38.7710371597024],[-104.649389467581,38.7708043959783],[-104.649598404035,38.7700743434958],[-104.650085533137,38.7683721827519],[-104.650085573938,38.7683720425114],[-104.652198374532,38.7687426124548],[-104.652245619369,38.7687512377347],[-104.652272908623,38.7687566154351],[-104.652292664349,38.7687605083765],[-104.652319842133,38.7687662600229],[-104.652339494569,38.768770419767],[-104.652366548237,38.7687765443664],[-104.652386098545,38.7687809700208],[-104.652413018925,38.7687874648037],[-104.652432459061,38.7687921554089],[-104.652459236959,38.7687990194074],[-104.652478562342,38.7688039731284],[-104.652505192038,38.768811203598],[-104.652524395787,38.7688164185829],[-104.652550868087,38.7688240145559],[-104.652569945621,38.7688294889695],[-104.652596251352,38.7688374476764],[-104.652615195789,38.7688431796668],[-104.652641326909,38.7688515001481],[-104.652660134818,38.7688574878887],[-104.652732444067,38.7688757950088],[-104.652733380253,38.768876032473],[-104.652733401448,38.7688759920876],[-104.652738162911,38.768866652161],[-104.652740117982,38.7688628898926],[-104.652741885817,38.7688594857132],[-104.65274327674,38.7688568094061],[-104.652744847264,38.7688538362147],[-104.652747575055,38.768848674195],[-104.65274851689,38.7688468918983],[-104.652749991475,38.768844147734],[-104.652751529632,38.7688412833143],[-104.652752592324,38.7688393055052],[-104.652753587582,38.7688374821575],[-104.652756476922,38.7688321861831],[-104.652757233361,38.7688308007274],[-104.652758543508,38.7688284328365],[-104.652760948596,38.7688240846695],[-104.652761891809,38.7688223798594],[-104.652762825151,38.7688207308327],[-104.652766006037,38.7688151108636],[-104.652768429913,38.7688108276978],[-104.652769303429,38.7688108196613],[-104.657225977466,38.768766947232],[-104.657401226062,38.768765427144],[-104.657576525278,38.7687639071588],[-104.657751824487,38.7687623869088],[-104.657927123689,38.768760866394],[-104.658102421733,38.768759345606],[-104.658235440298,38.7687581917251],[-104.658277720919,38.7687578245615],[-104.658453020098,38.7687563032523],[-104.65862831927,38.7687547816782],[-104.658904731449,38.7687523819976],[-104.659201442629,38.768749805324],[-104.659306669991,38.7687488911789],[-104.659309778896,38.7655523830684],[-104.658552250849,38.7645028475257],[-104.658430229955,38.7644490954879],[-104.658287343432,38.7643861514998],[-104.658216067961,38.7643547536286],[-104.657988187211,38.7642543677251],[-104.65782120312,38.7641808078357],[-104.657788509188,38.7641664057927],[-104.657406510578,38.7639981248839],[-104.657268928107,38.7639375154205],[-104.657072607738,38.7640946618467],[-104.656852169599,38.7642711109003],[-104.656679198692,38.7642487747724],[-104.656506243969,38.7642264412061],[-104.656333267526,38.7642041045206],[-104.65519172525,38.7640566863825],[-104.654911249432,38.76402046404],[-104.654911366332,38.7639056487648],[-104.65491136751,38.7639036127549],[-104.654912562823,38.7627250622057],[-104.654912564504,38.7627237586254],[-104.654912520066,38.7627226565094],[-104.65491213905,38.7627130817439],[-104.6549110062,38.7627000591896],[-104.654910986994,38.7626998356282],[-104.654910214076,38.7626944822966],[-104.654909611215,38.7626903112746],[-104.654909509421,38.7626897754026],[-104.654907821125,38.7626808902087],[-104.654907810315,38.7626808315719],[-104.654905588779,38.7626714064627],[-104.654904877674,38.7626688886921],[-104.654904164312,38.7626663673016],[-104.654902922076,38.7626619700029],[-104.654902161176,38.7626596725885],[-104.654900782619,38.7626555148354],[-104.654899872844,38.7626527703945],[-104.654897177061,38.7626455877576],[-104.654896863656,38.7626447521487],[-104.654896450989,38.7626436518551],[-104.65489312068,38.7626358348721],[-104.654892575528,38.7626345543358],[-104.654892545298,38.7626344838459],[-104.654888266861,38.7626255041109],[-104.65488785475,38.7626247443589],[-104.654886434848,38.7626221295346],[-104.654881633564,38.7626132847287],[-104.654881251073,38.762612646813],[-104.654878748567,38.7626084691614],[-104.65487583988,38.7626036137822],[-104.654874084317,38.7626009712878],[-104.65487161886,38.7625972587668],[-104.654870144775,38.7625950399405],[-104.654868830435,38.7625932249771],[-104.654866003641,38.7625893215373],[-104.654864157223,38.7625867720739],[-104.654858921097,38.7625800493067],[-104.654858654742,38.7625797086308],[-104.654857836461,38.7625786576343],[-104.654851510659,38.7625711611705],[-104.654851124877,38.7625707034093],[-104.654851031827,38.7625705937235],[-104.65485070803,38.7625702454219],[-104.654841057841,38.7625598571995],[-104.654841032829,38.7625598317923],[-104.654834134724,38.7625529527751],[-104.654832633658,38.7625514553673],[-104.654830677024,38.762549660049],[-104.65482678196,38.7625460866617],[-104.654824687607,38.762544164215],[-104.654823157649,38.7625428710994],[-104.654815416739,38.7625363273804],[-104.654803471686,38.7625269476547],[-104.654803371358,38.7625268694471],[-104.654801411219,38.7625254659912],[-104.654794411521,38.762520455585],[-104.654785196995,38.7625142686937],[-104.654784529966,38.7625138521265],[-104.654784413455,38.7625137801072],[-104.654775625489,38.7625082990193],[-104.654775542109,38.762508247061],[-104.654769997364,38.7625050319215],[-104.654765803384,38.7625025995882],[-104.654765705111,38.762502542116],[-104.654761942394,38.7625005165244],[-104.654755611739,38.7624971091742],[-104.654755533994,38.7624970671667],[-104.654754250549,38.7624964289936],[-104.65474528821,38.7624919691468],[-104.654734841449,38.7624871291192],[-104.654724055753,38.7624825370697],[-104.654723997364,38.7624825123202],[-104.654723792326,38.7624824342506],[-104.654708747776,38.7624767057774],[-104.654691882298,38.7624710279995],[-104.654679276751,38.7624672677253],[-104.654679133435,38.7624672243392],[-104.654667526205,38.7624641794391],[-104.654655788592,38.7624614552068],[-104.654639330878,38.7624582587493],[-104.654621325524,38.7624554510101],[-104.654607845651,38.7624538068623],[-104.654595683563,38.7624527191568],[-104.654579429435,38.7624518529833],[-104.654578764781,38.76245181751],[-104.654575234409,38.762451735931],[-104.654565001028,38.7624515010072],[-104.654562282783,38.7624514388588],[-104.653312353801,38.7624506325601],[-104.653220842847,38.7624511980669],[-104.653184287284,38.762451924061],[-104.653129357261,38.7624530150276],[-104.653092833723,38.7624542403215],[-104.653037928128,38.7624560818674],[-104.6530014527,38.7624579047761],[-104.652961592339,38.7624598975554],[-104.652910179489,38.7624624672357],[-104.653134032642,38.7626691716726],[-104.652534970117,38.763399769962],[-104.651732497405,38.7636639596504],[-104.651724575287,38.7639285797198],[-104.651327838642,38.764340401274],[-104.650710885117,38.7640860315189],[-104.650165117121,38.7644558369275],[-104.650171078236,38.7647906300997],[-104.64869369277,38.7658750805054],[-104.648308027942,38.7664384854004],[-104.648159962363,38.7667040125588],[-104.648292014331,38.7669296215201],[-104.648413822461,38.7671141743964],[-104.64839660783,38.7677442924384],[-104.647725082464,38.7700904778807],[-104.647463521877,38.7710042768232],[-104.647403013278,38.7713662652676],[-104.647251297319,38.7717535021712],[-104.64699412103,38.7720382636684],[-104.646386699308,38.7724310928719],[-104.646150906706,38.7726762227688],[-104.646070806578,38.7729123647281],[-104.646521773549,38.7733829901155],[-104.646934287788,38.7735536299719],[-104.647228357769,38.7738759237388],[-104.647409496798,38.7747194880071],[-104.647840540066,38.7750778131068],[-104.648635992692,38.7752323267571],[-104.648942020163,38.775356491994],[-104.649404307903,38.7758864937411],[-104.649818509327,38.7766607454124],[-104.649828544014,38.7766795025406],[-104.650487929377,38.7766790898146],[-104.650622959648,38.7766790052136],[-104.650626575466,38.7802122125928],[-104.651776003425,38.7807733597795],[-104.651776002673,38.7807734228364],[-104.651776160138,38.7809248243472],[-104.655071892093,38.7809180236033],[-104.657481366228,38.7809125006458],[-104.657481404216,38.7809125000206]],[[-104.665894311995,38.7639978411009],[-104.665863539555,38.7640058864701],[-104.665832950889,38.7640143520671],[-104.665802556406,38.7640232334627],[-104.665772364179,38.764032528913],[-104.665742384586,38.7640422366912],[-104.665712625731,38.7640523523512],[-104.665683095712,38.7640628723479],[-104.665653806044,38.7640737958633],[-104.665624764855,38.7640851166498],[-104.665595979057,38.7640968338564],[-104.665567460222,38.7641089421613],[-104.665539215282,38.7641214389116],[-104.665511252355,38.7641343187608],[-104.665483581818,38.7641475799818],[-104.665456211787,38.7641612172279],[-104.665429149218,38.7641752260448],[-104.665402403359,38.7641896028958],[-104.665375982315,38.7642043433348],[-104.665349894204,38.7642194420152],[-104.665324145973,38.7642348953836],[-104.665298746887,38.7642506981015],[-104.665273703894,38.7642668466155],[-104.665249025132,38.7642833337773],[-104.665224716396,38.7643001560253],[-104.665200788093,38.76431730893],[-104.665177244911,38.7643347853184],[-104.665154096107,38.7643525807527],[-104.665131346337,38.7643706907623],[-104.665109004889,38.7643891082072],[-104.66508707757,38.7644078286247],[-104.665065570206,38.7644268457509],[-104.665044490925,38.7644461533383],[-104.665023845535,38.7644657469243],[-104.665003639871,38.7644856193442],[-104.664983879751,38.7645057652345],[-104.664964573302,38.7645261783479],[-104.664945724062,38.7645468515028],[-104.664927340127,38.7645677811542],[-104.66492731796,38.7645678071205],[-104.664909422775,38.7645889565008],[-104.664894235706,38.7646076073756],[-104.664893824735,38.7646081125209],[-104.664891982404,38.7646103740139],[-104.664891960225,38.7646104008811],[-104.664875021388,38.7646320274048],[-104.664858546727,38.764653908616],[-104.664842561937,38.7646760122676],[-104.664827072866,38.7646983302939],[-104.66481208418,38.7647208573233],[-104.664797599426,38.7647435852736],[-104.664783623271,38.764766508773],[-104.664770161574,38.7647896188551],[-104.664757216699,38.7648129101317],[-104.664744793356,38.764836373628],[-104.664732895048,38.7648600048649],[-104.664721525346,38.7648837939584],[-104.664710687765,38.7649077355286],[-104.664700385862,38.7649318205924],[-104.664690623154,38.7649560437699],[-104.664681402037,38.7649803969704],[-104.664672724908,38.7650048721032],[-104.664664594154,38.7650294619786],[-104.664657014473,38.7650541585224],[-104.664649985928,38.7650789563298],[-104.664643512089,38.7651038455169],[-104.66463759303,38.765128819778],[-104.664632232298,38.7651538710306],[-104.664627432291,38.7651789911841],[-104.664623191933,38.7652041739247],[-104.664619513631,38.7652294102606],[-104.664616399771,38.7652546930021],[-104.664613849289,38.7652800149343],[-104.664611863431,38.7653053679583],[-104.664610444593,38.7653307439833],[-104.664609304619,38.7653806758315],[-104.664608742173,38.7660020549222],[-104.664608532882,38.7662326556681],[-104.664607791472,38.7670511927578],[-104.665120947002,38.7670514725788],[-104.665139310935,38.7670516083098],[-104.665143145344,38.7670516890505],[-104.665157669626,38.7670519944483],[-104.665161493067,38.7670521273611],[-104.665176016163,38.7670526318451],[-104.665179844733,38.7670528179469],[-104.665194344803,38.7670535195584],[-104.665198170458,38.7670537578903],[-104.665212652083,38.7670546584639],[-104.665216472523,38.7670549490094],[-104.665230931122,38.7670560467104],[-104.665234744044,38.767056389453],[-104.665249176165,38.7670576842566],[-104.665252981571,38.7670580791963],[-104.66526738145,38.7670595719619],[-104.665271178189,38.7670600190903],[-104.665285542395,38.7670617079915],[-104.665289327025,38.7670622063831],[-104.665303653259,38.7670640914033],[-104.665307428071,38.7670646419754],[-104.665321707137,38.7670667221477],[-104.665325470991,38.7670673239912],[-104.665339700588,38.767069599299],[-104.665343441989,38.7670702514303],[-104.66535762672,38.7670727219067],[-104.66536135027,38.7670734243591],[-104.665375480941,38.7670760890371],[-104.665379200415,38.7670768446121],[-104.665393256357,38.7670796997396],[-104.66539695912,38.7670805065447],[-104.665410949527,38.7670835530886],[-104.665414634439,38.7670844102147],[-104.66542855357,38.7670876472329],[-104.665432220621,38.7670885555809],[-104.665446063882,38.7670919821395],[-104.665449702758,38.7670929380315],[-104.665463474743,38.7670965550645],[-104.665467099199,38.767097563104],[-104.66548078156,38.7671013650741],[-104.665484383573,38.7671024225007],[-104.665497977441,38.7671064112179],[-104.665501557012,38.7671075180316],[-104.665515058955,38.7671116916693],[-104.665518613782,38.7671128478537],[-104.66553201921,38.7671172054782],[-104.665535548152,38.767118410124],[-104.665548854794,38.7671229490164],[-104.665552357853,38.7671242021236],[-104.665565558795,38.767128923135],[-104.665569033679,38.7671302237865],[-104.665582127814,38.7671351233053],[-104.665585573372,38.7671364714927],[-104.665598556097,38.767141549486],[-104.66560197233,38.7671429452093],[-104.665614837912,38.7671481998342],[-104.66561822368,38.7671496421843],[-104.66563096985,38.7671550707217],[-104.665634322852,38.7671565596821],[-104.665646945008,38.7671621620991],[-104.665650265255,38.767163696769],[-104.665662761127,38.7671694703465],[-104.665666047467,38.7671710507176],[-104.665678410173,38.7671769936046],[-104.665681661466,38.7671786187678],[-104.665693889876,38.7671847291542],[-104.665697104972,38.7671863991014],[-104.665709194495,38.7671926760535],[-104.665712373405,38.7671943898837],[-104.665724320631,38.7672008297735],[-104.665727461053,38.7672025874703],[-104.665739261379,38.7672091902646],[-104.665742362173,38.7672109909189],[-104.665754013341,38.7672177529981],[-104.665757074518,38.7672195957091],[-104.665768573086,38.7672265161475],[-104.665771593495,38.767228400907],[-104.665782934893,38.7672354769691],[-104.665785913384,38.7672374037688],[-104.665797094191,38.7672446327275],[-104.665800026213,38.7672465970302],[-104.66581104757,38.7672539797947],[-104.665813939954,38.7672559879558],[-104.665824789288,38.7672635172285],[-104.665827637484,38.7672655647108],[-104.665838317096,38.7672732405084],[-104.665841119953,38.7672753273037],[-104.665851626413,38.7672831477998],[-104.665854382792,38.767285272999],[-104.665864712679,38.7672932354664],[-104.665867421429,38.7672953990612],[-104.665877571334,38.7673034998718],[-104.665880232475,38.7673057000606],[-104.665890200097,38.7673139391981],[-104.665892812479,38.7673161759727],[-104.665902593267,38.7673245488998],[-104.66590515574,38.767326822252],[-104.665914747426,38.7673353262498],[-104.665917260011,38.7673376343779],[-104.665926660303,38.7673462685292],[-104.665929121849,38.7673486114248],[-104.665938327338,38.7673573721016],[-104.665940736705,38.7673597488558],[-104.665949745122,38.767368633339],[-104.665952101169,38.7673710430428],[-104.665960910243,38.7673800486136],[-104.665963212972,38.7673824912669],[-104.665971818133,38.7673916151898],[-104.665974066413,38.7673940889827],[-104.665982466542,38.767403328547],[-104.665984660373,38.7674058334796],[-104.6659928532,38.7674151859665],[-104.665994991432,38.7674177220304],[-104.666002972398,38.7674271838034],[-104.666005042331,38.7674297545112],[-104.666016899376,38.7674444792247],[-104.666024613367,38.7674541381745],[-104.66602663543,38.7674566697993],[-104.666036642341,38.7674687253843],[-104.666038810746,38.7674712400428],[-104.666046916699,38.7674806423513],[-104.666049111158,38.7674830941344],[-104.666049139543,38.7674831267706],[-104.666057455095,38.7674924170722],[-104.666059701713,38.767494836798],[-104.666059732389,38.7674948703515],[-104.666068254118,38.767504045919],[-104.666070582464,38.7675064635293],[-104.666079311501,38.7675155261726],[-104.666081690887,38.7675179090147],[-104.666090622702,38.7675268523949],[-104.666092993962,38.7675291432874],[-104.666093300039,38.7675294391777],[-104.666102185443,38.7675380227677],[-104.666104609992,38.7675402834125],[-104.666104672579,38.7675403433212],[-104.666113995164,38.7675490336545],[-104.666116476421,38.767551266779],[-104.66611653334,38.7675513194397],[-104.666126048453,38.7675598814273],[-104.66612857617,38.7675620779487],[-104.66612863653,38.7675621315352],[-104.666138341903,38.7675705624578],[-104.666140888738,38.7675726987566],[-104.666141325164,38.7675730658532],[-104.666150870941,38.7675810740105],[-104.666153496137,38.7675832009623],[-104.666153556539,38.7675832509455],[-104.66616363331,38.7675914124655],[-104.666166308385,38.7675935055416],[-104.666166366528,38.7675935519049],[-104.666176624438,38.7676015750871],[-104.666179308339,38.7676036024613],[-104.666179756598,38.767603941715],[-104.666189839765,38.7676115582391],[-104.66619252904,38.7676135198864],[-104.666193173698,38.767613989379],[-104.66620327587,38.767621359194],[-104.666206024134,38.7676232951391],[-104.666206609626,38.7676237074502],[-104.666216929323,38.7676309761254],[-104.666219728596,38.7676328800045],[-104.666220305126,38.7676332715307],[-104.666230794434,38.7676404035869],[-104.666233583068,38.7676422335161],[-104.666234369857,38.7676427508761],[-104.666244866612,38.7676496406446],[-104.666247767924,38.7676514785902],[-104.666248237392,38.7676517756542],[-104.666259144736,38.7676586845877],[-104.666262035377,38.7676604512858],[-104.666262756327,38.7676608915966],[-104.666273620806,38.7676675308541],[-104.666276559035,38.7676692627589],[-104.666277247029,38.7676696676981],[-104.666288292531,38.7676761785265],[-104.666291206334,38.7676778345805],[-104.666292167693,38.7676783811219],[-104.666303154188,38.7676846248609],[-104.666306201339,38.7676862926833],[-104.66630675245,38.7676865948381],[-104.66631820353,38.7676928653366],[-104.666321251378,38.7676944737049],[-104.666321955883,38.7676948445286],[-104.666333432502,38.7677008998959],[-104.6663365291,38.7677024725783],[-104.666337177699,38.7677028024601],[-104.666348839996,38.767708724927],[-104.666351965888,38.7677102527749],[-104.666352638661,38.7677105819293],[-104.666364419128,38.7677163385787],[-104.666367561732,38.7677178151953],[-104.666368350244,38.7677181857213],[-104.666380165339,38.7677237372145],[-104.666383318922,38.7677251607569],[-104.666384195738,38.7677255571422],[-104.666396074036,38.7677309199005],[-104.666399298115,38.767732317823],[-104.666399987367,38.7677326155644],[-104.666412140648,38.7677378839011],[-104.666415412348,38.7677392443278],[-104.666416025003,38.767739499177],[-104.666428359444,38.7677446273732],[-104.666431645553,38.7677459365522],[-104.666432313313,38.7677462026078],[-104.666444726992,38.7677511484906],[-104.666448109988,38.7677524385454],[-104.666448186732,38.7677524688262],[-104.666461237571,38.7677574445092],[-104.666464634976,38.7677586833162],[-104.666464725486,38.7677587172994],[-104.666477886588,38.7677635144951],[-104.666481293822,38.7677647002196],[-104.666481790063,38.7677648731519],[-104.666494667181,38.7677693547953],[-104.666498135812,38.7677705058256],[-104.666498208017,38.7677705306684],[-104.6665115759,38.7677749653852],[-104.666515046326,38.7677760614735],[-104.66651514147,38.7677760927872],[-104.666515499191,38.7677762043646],[-104.666528607012,38.7677803444216],[-104.666532091836,38.7677813901629],[-104.66653260786,38.7677815443183],[-104.666545755944,38.767785489169],[-104.666549266643,38.7677864873483],[-104.666549747198,38.767786624132],[-104.666563016946,38.7677903995861],[-104.666566587921,38.7677913603603],[-104.666566649855,38.7677913779221],[-104.666580384293,38.7677950729289],[-104.666584027031,38.7677959981823],[-104.666597853395,38.7677995082636],[-104.666601520878,38.7678003841451],[-104.66661541967,38.7678037037554],[-104.666619111897,38.7678045302651],[-104.666633075074,38.7678076584456],[-104.666636784012,38.7678084337239],[-104.666650817315,38.7678113714169],[-104.666654541803,38.7678120963565],[-104.666668639502,38.7678148417189],[-104.6666865359,38.7678180675084],[-104.666690289217,38.7678186890512],[-104.666704501918,38.7678210478517],[-104.666708268494,38.7678216181383],[-104.666722531803,38.7678237827074],[-104.666740619822,38.7678262702324],[-104.666758760223,38.7678285103856],[-104.666776948412,38.7678305022329],[-104.666795177486,38.7678322457248],[-104.666813442863,38.7678337390266],[-104.66683173879,38.7678349820969],[-104.666850059503,38.7678359757953],[-104.666853758509,38.7678361257763],[-104.666854310604,38.7678361477583],[-104.66686840042,38.7678367182869],[-104.666886754627,38.7678372104233],[-104.666890582662,38.7678372496191],[-104.666912861662,38.7678374780411],[-104.669184159724,38.7678386555428],[-104.669184221869,38.7678386550868],[-104.669184963663,38.7677288579302],[-104.669465455377,38.7677290010465],[-104.671466749455,38.7677299965009],[-104.671547304871,38.7677300356295],[-104.671554062875,38.7667233134118],[-104.67155406447,38.7667231764877],[-104.671068538744,38.7667229323957],[-104.670998326312,38.7666371722225],[-104.67099826265,38.7666372041998],[-104.670827681572,38.7667228006835],[-104.669472315077,38.7667221046942],[-104.669191765231,38.7667219584472],[-104.669198499198,38.7657236862497],[-104.669189401631,38.7657125662684],[-104.669206110498,38.7640147148352],[-104.669179030572,38.7640147146282],[-104.669179030332,38.7639283461274],[-104.666468787065,38.7639269007559],[-104.666436344946,38.7639271046287],[-104.666403912589,38.7639277518016],[-104.666371500349,38.7639288423488],[-104.666339116281,38.7639303763283],[-104.666306771909,38.7639323520211],[-104.666274476439,38.7639347694934],[-104.666242240224,38.7639376288196],[-104.6662100725,38.7639409273636],[-104.666177982472,38.7639446651914],[-104.666145981654,38.7639488414851],[-104.666114078123,38.7639534545009],[-104.666082282242,38.7639585034125],[-104.666050604398,38.7639639855921],[-104.666019053806,38.7639699002049],[-104.665987638551,38.7639762446067],[-104.665956371299,38.7639830179876],[-104.665925258985,38.763990217695],[-104.665894311995,38.7639978411009]],[[-104.673290584491,38.7656505839322],[-104.673276698652,38.7657172374433],[-104.673329842268,38.7657172629229],[-104.673638241876,38.7657174092495],[-104.673643478554,38.7650029676459],[-104.673631488403,38.7650100965921],[-104.673507523368,38.7651753839742],[-104.673404219182,38.7654129843135],[-104.673290584491,38.7656505839322]],[[-104.660377069726,38.7808782133126],[-104.66038026738,38.7808782832923],[-104.661872486759,38.7808748566472],[-104.661874764054,38.7784596046796],[-104.661081835412,38.7784614250415],[-104.661063468411,38.7784615922679],[-104.661045108803,38.7784620108938],[-104.661026760049,38.778462680043],[-104.661008430195,38.7784636006747],[-104.660990123865,38.7784647710206],[-104.660971845662,38.7784661911139],[-104.660953602491,38.7784678610046],[-104.660935398955,38.778469780726],[-104.660917240839,38.7784719476173],[-104.660899133876,38.7784743635217],[-104.660881083852,38.7784770257783],[-104.66086309537,38.7784799344205],[-104.660845175345,38.7784830885975],[-104.660827328391,38.7784864874418],[-104.660809559133,38.778490129185],[-104.660791874485,38.7784940129762],[-104.66077427905,38.7784981388489],[-104.660756778615,38.7785025041422],[-104.660739377793,38.7785071079886],[-104.66072208236,38.7785119486282],[-104.660704896939,38.7785170242927],[-104.660687828435,38.778522335032],[-104.660670880333,38.7785278781687],[-104.660654058408,38.7785336519429],[-104.660637368435,38.7785396545947],[-104.660620813887,38.7785458843473],[-104.66060440169,38.7785523394492],[-104.660588135319,38.7785590181238],[-104.660572020559,38.7785659177103],[-104.660556063184,38.7785730364488],[-104.660540265519,38.7785803725543],[-104.660524634499,38.7785879233744],[-104.66050917476,38.7785956862401],[-104.660493889775,38.7786036593748],[-104.66047878532,38.7786118410184],[-104.66046386605,38.7786202267003],[-104.66044913543,38.7786288155449],[-104.660434598104,38.778637603982],[-104.660420259847,38.7786465902519],[-104.660406124156,38.7786557707763],[-104.660392195654,38.7786651437869],[-104.660378477847,38.7786747048049],[-104.66036497536,38.7786844520617],[-104.660351692827,38.7786943828886],[-104.660338632603,38.778704492798],[-104.660325801615,38.7787147800383],[-104.660313201055,38.7787252410149],[-104.66030083556,38.7787358730584],[-104.660288709775,38.7787466725992],[-104.660276826054,38.7787576351497],[-104.660265189022,38.7787687589419],[-104.660253801024,38.7787800403892],[-104.660242667857,38.7787914759299],[-104.660231789572,38.7788030610602],[-104.660221173097,38.7788147940284],[-104.660210819647,38.7788266694379],[-104.660200731554,38.7788386846033],[-104.660190913455,38.7788508368552],[-104.660181368876,38.7788631199132],[-104.660172098978,38.7788755328847],[-104.660163107289,38.7788880694891],[-104.660154396133,38.7789007279416],[-104.660145970175,38.7789135028705],[-104.660137829448,38.7789263915735],[-104.660129977457,38.7789393895717],[-104.660122416559,38.7789524923776],[-104.660115149086,38.7789656973054],[-104.660108176253,38.7789789989587],[-104.660101502706,38.7789923937677],[-104.660095128488,38.7790058781291],[-104.660089055965,38.7790194466546],[-104.660083286308,38.7790330975511],[-104.660077823045,38.7790468245379],[-104.660072666219,38.7790606240118],[-104.660067818184,38.7790744914854],[-104.660063280135,38.7790884233637],[-104.660059053274,38.7791024151512],[-104.660055139958,38.7791164623603],[-104.660051539078,38.7791305613797],[-104.66004825414,38.7791447077301],[-104.660045285209,38.7791588960068],[-104.660042633466,38.7791731235156],[-104.660040298987,38.7791873839509],[-104.660038282944,38.7792016755194],[-104.660036586573,38.7792159910228],[-104.660035209896,38.7792303286597],[-104.660034151836,38.779244682116],[-104.660033414727,38.7792590487059],[-104.66003319235,38.7792698848231],[-104.660032896891,38.7792842771318],[-104.660031764314,38.7806096552828],[-104.660032238808,38.7806196649197],[-104.660032270083,38.780620330004],[-104.66003322183,38.780629885442],[-104.660033819815,38.7806340203578],[-104.66003448916,38.7806386422716],[-104.660034599803,38.7806394088301],[-104.660035314966,38.7806431725258],[-104.660036085364,38.7806472294109],[-104.66003640068,38.7806488893335],[-104.660036985252,38.7806512367833],[-104.66003904215,38.7806595047376],[-104.660039643176,38.7806619207743],[-104.660041083464,38.7806667536709],[-104.660042079821,38.7806700968834],[-104.660042742936,38.7806723232812],[-104.660047149572,38.7806843352298],[-104.660047424999,38.7806850849631],[-104.660050246835,38.7806918314422],[-104.660051671766,38.7806952363143],[-104.660051841362,38.7806955915921],[-104.660052389439,38.7806967414929],[-104.660055953093,38.7807042158555],[-104.660056728755,38.7807056836163],[-104.660056952772,38.7807061086566],[-104.660060631801,38.7807130721477],[-104.660063004753,38.7807170919825],[-104.660065395777,38.7807211407766],[-104.660066357155,38.7807227684382],[-104.660067635874,38.7807247155103],[-104.66007475422,38.7807355515997],[-104.66008256774,38.7807461927218],[-104.660083205451,38.7807470621928],[-104.66008345957,38.7807473748395],[-104.660083985954,38.7807480227864],[-104.660089778509,38.7807551484175],[-104.660091755999,38.7807573753182],[-104.660094608097,38.7807605860158],[-104.660097569239,38.7807639191227],[-104.660100493486,38.7807669654791],[-104.660105911087,38.780772608231],[-104.660107820035,38.7807745968001],[-104.660110281971,38.7807769299079],[-104.660113557729,38.7807800337621],[-104.660115553,38.7807819247586],[-104.660123580632,38.7807890557519],[-104.660125859576,38.7807909010538],[-104.660134838505,38.7807981749652],[-104.660135438169,38.7807986603808],[-104.660145277648,38.7808060621392],[-104.660154444696,38.7808124157983],[-104.66015484105,38.780812671817],[-104.660157669215,38.7808144985703],[-104.660163889819,38.7808185156157],[-104.660164278384,38.7808187490558],[-104.660167341162,38.7808205910199],[-104.660173601616,38.7808243525],[-104.660173980078,38.7808245642454],[-104.660177340523,38.7808264425972],[-104.660183567481,38.7808299218553],[-104.660183903819,38.7808300945576],[-104.660186515639,38.7808314314615],[-104.660194988311,38.7808357693028],[-104.660196088243,38.7808362880675],[-104.660207536208,38.7808416897687],[-104.66020951402,38.7808426229894],[-104.660209950344,38.7808428081268],[-104.66021082069,38.7808431783847],[-104.660220273114,38.7808471989926],[-104.660223386084,38.780848397181],[-104.660227808621,38.7808501003354],[-104.660232518745,38.7808519136776],[-104.660237162052,38.7808535373488],[-104.66024498609,38.7808562741133],[-104.66024800521,38.780857330182],[-104.66025112231,38.7808582761499],[-104.660260407117,38.7808610919506],[-104.660260730528,38.7808611897852],[-104.660260917532,38.7808612406873],[-104.660275514356,38.7808651922076],[-104.660276760304,38.780865529147],[-104.66027714714,38.7808656166297],[-104.660289866656,38.7808685059275],[-104.660301155442,38.7808707218161],[-104.660306319285,38.7808717348427],[-104.660306823603,38.7808718150673],[-104.660310836303,38.780872454904],[-104.66031831718,38.7808736477553],[-104.660318783743,38.7808737087879],[-104.660319788117,38.7808738403775],[-104.660330393763,38.7808752324105],[-104.660334630992,38.7808756693683],[-104.66033689789,38.7808759037848],[-104.660342532966,38.7808764850884],[-104.660350567464,38.780877091859],[-104.660352931703,38.7808772702232],[-104.660354720976,38.7808774056893],[-104.660359914577,38.780877653171],[-104.660365081709,38.780877900461],[-104.660367045271,38.780877993945],[-104.660373317459,38.7808781312124],[-104.660377069726,38.7808782133126]],[[-104.663829774515,38.8379680541915],[-104.664005215733,38.8379941139592],[-104.664005423378,38.837843916885],[-104.663829947125,38.8378437681724],[-104.663829774515,38.8379680541915]]]},"properties":{"DIST_ID":"D4","NAME":"Council District 4","RepName":"Kimberly Gold","RepPhone":"(719) 385-5282","RepEmail":"Kimberly.Gold@coloradosprings.gov","ImageURL":"https://gis.coloradosprings.gov/SiteElements/CityCouncil/Images/D4.jpg","RepURL":"https://coloradosprings.gov/KimberlyGold","DISTRICT":4,"OBJECTID":16,"Shape__Area":1305007063.557373,"Shape__Length":301024.42679635156}},{"type":"Feature","id":17,"geometry":{"type":"Polygon","coordinates":[[[-104.738500293855,38.89686901532],[-104.738431954201,38.8968683180951],[-104.737553864959,38.89687746547],[-104.736801953602,38.8968613182885],[-104.736334953432,38.8968563181399],[-104.736084954434,38.8968413183049],[-104.735825953344,38.8967933182514],[-104.73542668412,38.8966805158911],[-104.734927397864,38.8965392754565],[-104.734303953711,38.8963623188268],[-104.733952256799,38.8962498057822],[-104.733874490514,38.8962249273172],[-104.733850862115,38.8962734639151],[-104.733670901816,38.8962135424463],[-104.73354945546,38.89617545365],[-104.733102280725,38.8960400982857],[-104.732999915471,38.8960084778534],[-104.732897514594,38.8959768552934],[-104.732795149834,38.8959452058547],[-104.732692783702,38.895913585144],[-104.732590384241,38.8958819632217],[-104.732488018612,38.8958503126037],[-104.732385619324,38.8958186914016],[-104.732283254718,38.8957870694367],[-104.732180854762,38.8957554201211],[-104.732090672377,38.8957280242785],[-104.731961054868,38.8956919104062],[-104.731828057142,38.8956628594393],[-104.731643927274,38.8956345406056],[-104.731437765786,38.8956127756339],[-104.731329513632,38.8956025322201],[-104.731221260366,38.8955922877971],[-104.731113007981,38.895582071206],[-104.73100475593,38.895571826589],[-104.730896502738,38.8955615836652],[-104.730662797024,38.8955395792234],[-104.730513228706,38.8955255184614],[-104.730403963179,38.8955147728951],[-104.730294661649,38.8955040549147],[-104.730185394743,38.8954933361597],[-104.730076129023,38.8954826173097],[-104.729966827592,38.895471899021],[-104.729857561938,38.8954611799654],[-104.729748295164,38.8954504607995],[-104.729638993842,38.8954397413018],[-104.729529937444,38.8954291881846],[-104.729420915053,38.8954186910447],[-104.729311891856,38.8954081649689],[-104.729202905274,38.8953976669606],[-104.729093883284,38.8953871415887],[-104.728984896766,38.895376643376],[-104.728875874841,38.8953661177997],[-104.728766887245,38.8953556184741],[-104.728657863928,38.8953451206108],[-104.728548842109,38.8953345938269],[-104.728439855743,38.895324096004],[-104.728330833979,38.8953135699165],[-104.728221846544,38.8953030700798],[-104.728112824845,38.8952925437879],[-104.728038447331,38.8952821925067],[-104.727817056758,38.8952554867659],[-104.72701105483,38.8951771446321],[-104.726944044961,38.8951643696359],[-104.726892486959,38.8951558449996],[-104.726879364887,38.8951541370533],[-104.726850527147,38.8951499633862],[-104.72680374774,38.895141415539],[-104.726776679295,38.8951361005001],[-104.726737721408,38.8951288397526],[-104.726651177067,38.895112832026],[-104.726568250775,38.8950969852401],[-104.726476037516,38.8950787163025],[-104.726387399007,38.8950615142958],[-104.72631577173,38.895047005551],[-104.726234756663,38.8950300181247],[-104.726151783621,38.8950119203402],[-104.725978715021,38.8949716664667],[-104.725816881366,38.8949323934392],[-104.725663004665,38.8948946839575],[-104.725614743688,38.8948835438489],[-104.725560416888,38.8948710183011],[-104.725368554462,38.8948208899239],[-104.725206607797,38.8947757667991],[-104.725187028291,38.8947701175292],[-104.725121210427,38.8947546585041],[-104.725017395805,38.8947307364467],[-104.724913617282,38.8947067875103],[-104.724809836239,38.8946828645895],[-104.724706057561,38.8946589424921],[-104.724615423424,38.8946379358302],[-104.724530104349,38.8946191888179],[-104.724424557739,38.8945962987898],[-104.724319045493,38.8945734350201],[-104.724213532153,38.8945505720477],[-104.724108021501,38.8945276801688],[-104.724002474858,38.8945048176824],[-104.723896961732,38.8944819535217],[-104.723804629708,38.89446192315],[-104.723761933359,38.8944528247749],[-104.723754812737,38.8944517610375],[-104.723662625017,38.8944314026961],[-104.722015834872,38.8940752906244],[-104.720478592934,38.8936957264492],[-104.719864211402,38.8936272966527],[-104.719864435152,38.8935958152077],[-104.719744493357,38.8935962200726],[-104.719743949781,38.8934963190786],[-104.719743342922,38.8932725353623],[-104.719741949888,38.8927583189257],[-104.719747950253,38.892383318678],[-104.719750949517,38.89219631943],[-104.719753949784,38.8920133182775],[-104.719764949574,38.891353318528],[-104.719743949551,38.8912103182668],[-104.71976294906,38.8888813185242],[-104.719758948691,38.8874323185234],[-104.719759948759,38.887015318016],[-104.719763949374,38.8858973178724],[-104.719773801601,38.8853573870877],[-104.719773949055,38.8853493180146],[-104.719775655552,38.8852705945556],[-104.719783194628,38.8849227964342],[-104.719788949617,38.884657317548],[-104.719806870144,38.8838074902124],[-104.719807948801,38.8837563176786],[-104.719836948129,38.8824863176528],[-104.719809948035,38.8814673171843],[-104.719828948763,38.8789803163108],[-104.719838948475,38.8778443172094],[-104.719846507497,38.8776801738427],[-104.719859948238,38.8773883163763],[-104.719873947686,38.8768643170619],[-104.719869948032,38.8766623159432],[-104.71985394809,38.8758023163023],[-104.719847947672,38.875009316295],[-104.719861947279,38.874486316832],[-104.71987594769,38.874029315728],[-104.719877947967,38.8737613159036],[-104.719879947774,38.8734283158568],[-104.719884948339,38.8728363161393],[-104.719891947057,38.8724323162139],[-104.719897593039,38.8721209247585],[-104.719897605011,38.8721202545849],[-104.719897835798,38.8721075330202],[-104.719897947885,38.8721013159058],[-104.71990128762,38.8719481465546],[-104.719904947418,38.8717803166426],[-104.719898947932,38.8715943160188],[-104.719891947081,38.8713293159895],[-104.719887946925,38.8710233163687],[-104.719911138502,38.8707377951838],[-104.71991864239,38.8706454153594],[-104.719928009285,38.8705300954414],[-104.719964947672,38.8700753156447],[-104.719976947478,38.8699303159084],[-104.719998947765,38.8695703155025],[-104.720006947099,38.8694373156419],[-104.72001678859,38.8692758180188],[-104.720020612258,38.8692130641122],[-104.720023948124,38.8691583157474],[-104.720023947626,38.8691125087368],[-104.720023947061,38.8690413158489],[-104.720025946455,38.8689093162234],[-104.720026323765,38.8688476805961],[-104.720090282455,38.8688326652041],[-104.720151407775,38.8688173055449],[-104.720214212088,38.8688015237976],[-104.720214646945,38.868784064072],[-104.720235686642,38.8679389912864],[-104.720235710884,38.8679380428231],[-104.720235721328,38.8679356222304],[-104.72025201058,38.8641385559202],[-104.720255474138,38.8633310404908],[-104.720256273301,38.8631446844602],[-104.720259143517,38.862475696866],[-104.720265638428,38.8609616090805],[-104.720268954382,38.8601885024213],[-104.7202765652,38.8584140241695],[-104.720280382704,38.8575238332752],[-104.720282331227,38.8570695486364],[-104.720297832102,38.853455213916],[-104.720297904514,38.8534382255951],[-104.720297964459,38.8534242623477],[-104.720294059879,38.8518779699188],[-104.720290216807,38.850355687949],[-104.720290204724,38.8503508059944],[-104.720289417462,38.8500391076269],[-104.720279896525,38.8462672933479],[-104.720279871794,38.8462572663736],[-104.72027986399,38.8462544087259],[-104.720261470662,38.8389671462281],[-104.720669944388,38.8389503843881],[-104.72067039037,38.8389503657593],[-104.720671440199,38.8389503232545],[-104.720679828588,38.8389503921479],[-104.720706023471,38.8389506048321],[-104.720807041288,38.8389514257708],[-104.720915944172,38.838952311221],[-104.721755944777,38.8389583117058],[-104.722922944167,38.8389673113129],[-104.724045944742,38.8389753115943],[-104.724605944787,38.8389803115901],[-104.725015945806,38.8390003114432],[-104.725315945085,38.8390153114768],[-104.725778945243,38.8390383115885],[-104.726100945218,38.8390653109327],[-104.726336945894,38.8390813107041],[-104.727044945065,38.8391293107215],[-104.727281945468,38.8391463106965],[-104.727444945136,38.8391573109376],[-104.727824944705,38.8391843110692],[-104.727935946254,38.8391883110257],[-104.728099944981,38.8391943107902],[-104.728323636093,38.8392020582281],[-104.728561946075,38.8392103113268],[-104.729662946344,38.8392493104694],[-104.729948946573,38.83926631104],[-104.730410945898,38.8392953102234],[-104.731011946831,38.8393323106181],[-104.732075947444,38.8393883108947],[-104.732629946787,38.8394183103274],[-104.733501946233,38.8394553104024],[-104.737072947742,38.8396483100997],[-104.737141947924,38.8396523100495],[-104.738739948424,38.8397093100783],[-104.739407948896,38.8397313100188],[-104.739452947996,38.8397333100326],[-104.740895948196,38.8397083095996],[-104.741414948965,38.8397033103384],[-104.742083949091,38.8396973101718],[-104.742791948894,38.8396903099738],[-104.743278949566,38.8396943097766],[-104.744360949993,38.8397063094104],[-104.745702950445,38.8396963098355],[-104.745978949901,38.8396973099346],[-104.746185950249,38.8396973102768],[-104.74642494986,38.8396983097274],[-104.746863949772,38.8396993101671],[-104.747263950154,38.8397003102691],[-104.74805995005,38.8396933094829],[-104.748059953347,38.8396931068064],[-104.748060187077,38.8396932254338],[-104.748070167515,38.8396932900424],[-104.748070163824,38.8396996250029],[-104.748070123436,38.8397616701128],[-104.757435451548,38.8397419855073],[-104.76661987215,38.8397366601289],[-104.775883939306,38.8398356402024],[-104.775886410336,38.8398356177699],[-104.775886408643,38.8398356709111],[-104.775886305896,38.8398385188444],[-104.775884244831,38.839975418613],[-104.775827858774,38.8412086895448],[-104.775862155135,38.8422620637834],[-104.775871967692,38.8434934625181],[-104.77601901369,38.8434661257756],[-104.778162491416,38.8434492039048],[-104.780452731278,38.8434300292392],[-104.780426544403,38.846915231768],[-104.780369609225,38.8469315804276],[-104.780265686892,38.8469581971238],[-104.780166308585,38.846976682648],[-104.780010059917,38.8470040784378],[-104.779806868462,38.8470323442309],[-104.779683719474,38.8470421921143],[-104.779546972834,38.8470509528624],[-104.779195640751,38.8470595010655],[-104.778794695286,38.8470639493145],[-104.778154835478,38.8470713216472],[-104.775850225089,38.8470976736712],[-104.775826858246,38.8489937208697],[-104.775832404672,38.85074060159],[-104.776971958691,38.8507233090643],[-104.778002958608,38.8507203096408],[-104.778696959089,38.850714309212],[-104.780459552407,38.850697630325],[-104.78081671661,38.850689552122],[-104.78116784183,38.8506870298944],[-104.781518966083,38.8506844858796],[-104.78184752726,38.8506748627819],[-104.782196959028,38.8506283092832],[-104.782506959032,38.8505443086438],[-104.782945959258,38.8503853091947],[-104.783284959901,38.8502873084042],[-104.783724959312,38.8502543086722],[-104.784414958745,38.8502573762194],[-104.787259384383,38.8502538779456],[-104.787261961155,38.8502523082137],[-104.78865896151,38.8502533086513],[-104.790035961608,38.8502593086574],[-104.790043600293,38.8502592535402],[-104.791420961119,38.8502493082575],[-104.794217962689,38.8502613084489],[-104.794214962038,38.8501533086492],[-104.79420896211,38.8498313076039],[-104.794208050771,38.8497336814555],[-104.794217955254,38.8497337641506],[-104.794251410259,38.8497340421676],[-104.794251410136,38.8497339385662],[-104.79565506659,38.8497772193747],[-104.7968821524,38.8498154931707],[-104.79888564532,38.8498798290573],[-104.799030246639,38.8471433416506],[-104.79916759702,38.8471479855598],[-104.799277890368,38.8471514517175],[-104.799388146864,38.8471549175482],[-104.799498437929,38.8471583834826],[-104.799608694438,38.8471618500048],[-104.799718985533,38.847165314829],[-104.799829242072,38.8471687802411],[-104.80004139335,38.8471762369281],[-104.800258106414,38.8471838306122],[-104.800367801404,38.8471872371769],[-104.800477497556,38.847190643645],[-104.800587156591,38.8471940768121],[-104.800696852764,38.847197483073],[-104.800806546644,38.8472008892165],[-104.800916242564,38.8472043231958],[-104.801025483072,38.847207561544],[-104.801133428254,38.8472103802971],[-104.801241408277,38.8472131712323],[-104.801349354627,38.8472159897916],[-104.801549866872,38.8472213972039],[-104.801721789034,38.847224187447],[-104.801810807507,38.8472236522569],[-104.801920367203,38.8472230197226],[-104.802029891453,38.8472223598458],[-104.802139449994,38.847221727098],[-104.802248792935,38.8472216983396],[-104.802335764538,38.8472221927648],[-104.802418924464,38.8472245326499],[-104.802527602459,38.8472279310672],[-104.802636278169,38.8472313284682],[-104.802744956185,38.8472347266821],[-104.802853633059,38.8472381247875],[-104.803064885108,38.8472441705944],[-104.803184308573,38.847247385122],[-104.803187362154,38.847247542173],[-104.803255808865,38.8472499832879],[-104.803365221402,38.8472535510877],[-104.803474634846,38.847257144915],[-104.803584047414,38.8472607116078],[-104.80369346088,38.8472643052291],[-104.803802908029,38.8472678719229],[-104.803912321517,38.8472714653381],[-104.804021733856,38.8472750595441],[-104.804131147631,38.8472786257285],[-104.804235259238,38.84728202222],[-104.80430191804,38.8472842339982],[-104.804564527771,38.8472917098232],[-104.804564950171,38.8472844531062],[-104.810119816575,38.8474979849762],[-104.810120243815,38.8474980010266],[-104.810121965455,38.8477193064265],[-104.810125977202,38.8480634046236],[-104.810130965406,38.8484913069927],[-104.810119966516,38.8487483069274],[-104.810114965559,38.8488623071353],[-104.810108586013,38.8490272741986],[-104.810107966041,38.8490433069715],[-104.810090965358,38.8495853068094],[-104.810085590827,38.8498943430533],[-104.810084965059,38.8499303067208],[-104.810080993645,38.8502242814719],[-104.810080965905,38.8502263073721],[-104.810312966555,38.8502263065877],[-104.810606966794,38.8502273065875],[-104.811009966474,38.8502423068892],[-104.811242965794,38.8502523071648],[-104.81148396612,38.8502673073948],[-104.812206966537,38.8503123068801],[-104.8124479661,38.8503273069051],[-104.812566966058,38.8503283066109],[-104.812926966829,38.8503343064379],[-104.81299870411,38.8503361000121],[-104.813046965878,38.8503373060947],[-104.813064966745,38.8503373062323],[-104.813074259225,38.8503373062252],[-104.813117967062,38.8503373061078],[-104.813136966304,38.8503383067015],[-104.813995967306,38.850352306328],[-104.815012967624,38.8503763067082],[-104.815050967769,38.8503773064119],[-104.815481967405,38.850395306635],[-104.815835966597,38.8504093068798],[-104.816000967003,38.8504163062181],[-104.816900967312,38.8504453063679],[-104.817039967906,38.8504503063598],[-104.817171256732,38.8504557770587],[-104.81725596813,38.8504593063704],[-104.817596967384,38.8504693060467],[-104.818131410961,38.8504849491521],[-104.818621967927,38.8504993063093],[-104.818963968294,38.8505103060099],[-104.819106968295,38.8505143062834],[-104.819309967963,38.8505233064532],[-104.819855968103,38.8505503062792],[-104.820350968547,38.8505663064192],[-104.820698967876,38.8505783063443],[-104.820898915501,38.8505859228686],[-104.820908968161,38.8505863059457],[-104.820914634167,38.8505864075324],[-104.820915439317,38.8505864221485],[-104.820937872986,38.8505868226413],[-104.821076968425,38.8505893058198],[-104.821114876988,38.8505902633652],[-104.821123010867,38.8505904685496],[-104.821306560972,38.8505951057566],[-104.821311854558,38.8505952393814],[-104.821496843262,38.850599912619],[-104.82149824383,38.850599947825],[-104.821689926714,38.8506047895772],[-104.821696763691,38.8506049619246],[-104.821749967924,38.8506063058564],[-104.821881603201,38.8506103039275],[-104.821898823796,38.8506108269538],[-104.822073277938,38.8506161251488],[-104.822074707228,38.8506161686234],[-104.822210969023,38.8506203068287],[-104.822264949526,38.8506221586414],[-104.822265145313,38.8506221651888],[-104.822456615991,38.8506287323112],[-104.822458999977,38.8506288137804],[-104.822589968179,38.8506333062415],[-104.822648281367,38.8506354236726],[-104.82265894344,38.8506358110523],[-104.822659203714,38.8506358206777],[-104.822660576497,38.8506358701217],[-104.822839374145,38.8506423627236],[-104.822839945372,38.8506423831697],[-104.822947968873,38.8506463054612],[-104.823031608443,38.8506493234266],[-104.823032910972,38.850649370655],[-104.823141968918,38.8506533060009],[-104.823223270126,38.8506564129038],[-104.82322897305,38.8506566308052],[-104.823414929609,38.8506637371796],[-104.823425898981,38.8506641569082],[-104.823455969474,38.8506653058721],[-104.823504968581,38.850666305602],[-104.823545956428,38.8506698288535],[-104.823560698796,38.8506710957379],[-104.823630736261,38.8506771159561],[-104.82363287504,38.8506772995739],[-104.823707365034,38.8506837033149],[-104.823707732237,38.8506837351813],[-104.823783994973,38.8506902906298],[-104.823785028677,38.850690379527],[-104.823853969158,38.8506963058405],[-104.823859638619,38.850697861312],[-104.823860611873,38.8506981282295],[-104.82389089074,38.8507064366273],[-104.82393613152,38.8507188508804],[-104.823937103623,38.8507191177906],[-104.824012623322,38.850739839491],[-104.824013596578,38.8507401064071],[-104.824017968749,38.8507413065854],[-104.824089114296,38.850760919935],[-104.824090087543,38.8507611877514],[-104.824165606406,38.8507820066411],[-104.824166578503,38.8507822744501],[-104.824202968859,38.8507923065543],[-104.824226858159,38.8507999209591],[-104.824243054275,38.8508050834783],[-104.82424462553,38.8508055844943],[-104.82431854124,38.8508291443229],[-104.824319514087,38.850829454476],[-104.824362969477,38.8508433058801],[-104.82439597534,38.8508536794901],[-104.824458235671,38.8508732472465],[-104.824467969162,38.8508763064536],[-104.824546969215,38.8509013055658],[-104.824724969877,38.850957305285],[-104.82475596904,38.8509633060038],[-104.824849004462,38.8509816839947],[-104.824867629489,38.8509853632917],[-104.824917970092,38.8509953068756],[-104.825247501922,38.8510037030709],[-104.825253427867,38.8510038537017],[-104.825545970149,38.8510113063024],[-104.82598796927,38.8510323060486],[-104.826011266877,38.8510334637024],[-104.826083428209,38.8510370488915],[-104.826148969438,38.8510403055561],[-104.826161812166,38.8510396296207],[-104.826205969847,38.8510373056377],[-104.826276969432,38.8510413055768],[-104.826399969722,38.8510413062278],[-104.826470493158,38.8510426709384],[-104.826851554249,38.8510500469411],[-104.826864969898,38.8510503066505],[-104.826889816255,38.8510508190685],[-104.827234878995,38.8510579329846],[-104.827234940042,38.851057934239],[-104.8273499698,38.851060305668],[-104.827532970759,38.8510653064132],[-104.827592970357,38.8510283062357],[-104.827618676234,38.8510289315772],[-104.827633134786,38.8510292828168],[-104.828002048398,38.8510382540572],[-104.828005936876,38.8510383486193],[-104.828250969803,38.8510443061111],[-104.82831997023,38.8510453059488],[-104.828385426124,38.8510471194622],[-104.828412392375,38.8510478663251],[-104.828716970617,38.8510563057112],[-104.828766645893,38.8510573494679],[-104.828768789464,38.8510573942844],[-104.828954970117,38.8510613057904],[-104.82915216562,38.8510664445304],[-104.829193871662,38.8510675312722],[-104.829261970796,38.8510693064023],[-104.829509970551,38.8511043062702],[-104.829535285629,38.8511025209006],[-104.82960058213,38.8510979158964],[-104.829665969689,38.8510933050748],[-104.829740970065,38.8510893064161],[-104.829901970257,38.8510623054396],[-104.829919154913,38.8510593271805],[-104.830037540012,38.851038807023],[-104.830126971247,38.8510233061194],[-104.830218970286,38.8510083055215],[-104.830303277496,38.8509890921757],[-104.830426665978,38.8509609727808],[-104.830687563866,38.8509015141592],[-104.830727970525,38.850892305806],[-104.830778991956,38.8508808082102],[-104.83079897081,38.8508763063267],[-104.830873003216,38.8508611710881],[-104.830969112444,38.8508415216486],[-104.831023970971,38.8508303054938],[-104.831071791642,38.8508199343471],[-104.83110697025,38.850812305618],[-104.83111546762,38.8508107401799],[-104.831115713437,38.8508106947498],[-104.831144970089,38.8508053057141],[-104.831307463747,38.850782419371],[-104.831339208249,38.850777948181],[-104.831357971393,38.8507753058115],[-104.831409971035,38.8507683053177],[-104.831442971056,38.8507663052102],[-104.831455766726,38.8507652320355],[-104.831499389359,38.850761575078],[-104.831514356063,38.8507603207022],[-104.831609970719,38.8507523053536],[-104.831646970676,38.8507503056793],[-104.831691222262,38.850750695382],[-104.831873971143,38.8507523059686],[-104.831874421493,38.850754889557],[-104.832025970398,38.8516233052617],[-104.832199970462,38.8528743058658],[-104.832225944003,38.8533585674582],[-104.832230971938,38.8534523059421],[-104.832252257361,38.8535696866554],[-104.832265970894,38.8536453062747],[-104.83233397066,38.8540113059683],[-104.832428971511,38.8544383065309],[-104.832548970917,38.8548413054474],[-104.832692971485,38.8551873069947],[-104.832810046785,38.8554264752173],[-104.832972971832,38.8557593062117],[-104.833166179047,38.8561073643293],[-104.833244971604,38.8562493065057],[-104.833269005476,38.8563050300002],[-104.833307940775,38.8563953045384],[-104.833309990767,38.8564000584891],[-104.833357971903,38.8565113067542],[-104.833389276061,38.8565837254459],[-104.833491972362,38.8568213068669],[-104.833594112414,38.8571132156485],[-104.833674971809,38.8573443060777],[-104.83384697219,38.8577863058175],[-104.833996945258,38.8585564925169],[-104.83400197217,38.8585823060674],[-104.834002883153,38.8586526368988],[-104.834029973302,38.8607443067839],[-104.834029973157,38.8607743066885],[-104.833760972464,38.8622253072668],[-104.833582972336,38.862784307478],[-104.833404972687,38.8634683077345],[-104.833265972994,38.8641663075951],[-104.833216972853,38.8646313072423],[-104.833213971982,38.8648433072415],[-104.833207972696,38.8652593075093],[-104.833184973232,38.8659063078415],[-104.833211973007,38.8668613081],[-104.833192972918,38.867866307468],[-104.833262973078,38.86886530773],[-104.833318973771,38.8693113075875],[-104.833413973441,38.8698273080132],[-104.833761973959,38.8714543076763],[-104.833877973564,38.8719313085885],[-104.834852973639,38.8763493081954],[-104.834854331701,38.8763555355712],[-104.834858736268,38.8763757348521],[-104.835200974278,38.8779453094777],[-104.835355975727,38.8786593097469],[-104.835591974729,38.8796293088552],[-104.835715975019,38.8805203096742],[-104.835786974433,38.881309309178],[-104.835825412749,38.8819323653186],[-104.83582997449,38.8820063094839],[-104.835830975307,38.8826263102921],[-104.835830020641,38.8826906665117],[-104.835824158174,38.8830861234402],[-104.835821975739,38.8832333093295],[-104.835770348528,38.8835461923251],[-104.835639975244,38.8843363099541],[-104.835404975329,38.8853703105275],[-104.835316460224,38.8856886578172],[-104.835233976313,38.8859853096764],[-104.834951739129,38.8865464794516],[-104.834466975069,38.8875103106013],[-104.83215197615,38.8919803114485],[-104.831546975993,38.8932093117616],[-104.831229975659,38.8938553117366],[-104.831104976292,38.8941083121301],[-104.830967975467,38.8944483113149],[-104.830796975002,38.8947803112918],[-104.830119123361,38.8966340122546],[-104.830095974853,38.8966973125745],[-104.830091951684,38.8967075610864],[-104.830053974753,38.8968043125555],[-104.830029163595,38.8968708085678],[-104.830028975547,38.8968713119701],[-104.830017481442,38.8968713754519],[-104.829961117667,38.8968716866109],[-104.829961072702,38.8968716872526],[-104.829847975078,38.8968723118596],[-104.82930497502,38.8968793124016],[-104.829124975845,38.896882312365],[-104.828828737697,38.8968855589864],[-104.828759975865,38.896886312378],[-104.828375974751,38.8968923122034],[-104.827817975121,38.8968993128324],[-104.827664974867,38.8969013126338],[-104.827327644173,38.8969059456331],[-104.827300975055,38.8969063120133],[-104.827293705971,38.8969063771528],[-104.827078974468,38.8969083126292],[-104.826416974652,38.8969163125276],[-104.826195974367,38.8969193127129],[-104.82604297454,38.8969193131579],[-104.825842576478,38.8969210591872],[-104.825758724491,38.8969217899565],[-104.825583975109,38.8969233122387],[-104.825431974197,38.8969253121969],[-104.825109974076,38.8969273125038],[-104.824432974264,38.8969323123266],[-104.824308709841,38.896932745034],[-104.824223781765,38.8969330414301],[-104.824145973688,38.8969333124942],[-104.823824974096,38.8969353132574],[-104.823102974387,38.8969393129791],[-104.82303597386,38.8969403128722],[-104.822735624196,38.8969390805476],[-104.822688889923,38.8969388884457],[-104.821818973754,38.8969353131272],[-104.821406974106,38.8969593133306],[-104.821153337689,38.8970137494023],[-104.82098297352,38.8970503125436],[-104.820948973162,38.8970583136487],[-104.820288636551,38.8972333310349],[-104.820250973005,38.8972433131491],[-104.819815973434,38.8973573132504],[-104.819181973085,38.8974953131316],[-104.818957972361,38.8975193127764],[-104.818220972405,38.8976023131303],[-104.818197695929,38.8976049377812],[-104.818190174938,38.897605655806],[-104.818184119424,38.8976064689088],[-104.817845280209,38.8976446787826],[-104.817750972785,38.8976553132444],[-104.817750945155,38.8976554292943],[-104.817750092785,38.8976549945776],[-104.817750438735,38.8976535444075],[-104.817618665641,38.8976658624155],[-104.81754099615,38.8976682955658],[-104.817100148672,38.8977582745877],[-104.816727494688,38.8977957564594],[-104.81576233386,38.8978561989647],[-104.810144921383,38.8977701046912],[-104.809671121268,38.8977672921229],[-104.809062721459,38.8976843336424],[-104.808522394695,38.8975621062094],[-104.808118343241,38.897348118547],[-104.80781530682,38.8971876273291],[-104.807606311244,38.8970585916829],[-104.807512528591,38.8970006891196],[-104.807328458983,38.89678800976],[-104.807144648596,38.8965488830108],[-104.807028524585,38.8963101603621],[-104.806963550298,38.8960320700354],[-104.806916273111,38.8956747419728],[-104.806870545648,38.895158735802],[-104.806807767982,38.8946558517775],[-104.80671102226,38.894165988975],[-104.806596710593,38.8937421406286],[-104.806564290562,38.8935964837646],[-104.806464189398,38.8934504231102],[-104.8062809074,38.8931584025066],[-104.805813084717,38.8925473088748],[-104.805328092527,38.8919625575137],[-104.805077010052,38.891683353586],[-104.804790665572,38.8915494017374],[-104.804233732206,38.8914006059922],[-104.803524003045,38.8913037885709],[-104.803084734958,38.8912350355075],[-104.802627898519,38.8912322956725],[-104.802069282298,38.8912553907395],[-104.801426066747,38.8912779756385],[-104.800884890424,38.8912482734048],[-104.800462414706,38.8911928361902],[-104.799736035029,38.8910694467274],[-104.798992998141,38.8909195044907],[-104.798521465251,38.8906918529562],[-104.798003182532,38.8904645657886],[-104.797979030824,38.89045397433],[-104.797782882028,38.8903999534551],[-104.797457856834,38.8902957937764],[-104.797133678121,38.8901899428612],[-104.796813540365,38.8900768986025],[-104.79649538402,38.8899604745679],[-104.796174346905,38.8898489401575],[-104.795854001784,38.8897361901664],[-104.795534373019,38.8896222103336],[-104.79521718681,38.8895041526672],[-104.794873413517,38.8893742728696],[-104.79487130968,38.8893734781509],[-104.794826232281,38.8893564457822],[-104.794729486912,38.8893196672179],[-104.794633268095,38.8892829214964],[-104.793016398509,38.8886692011846],[-104.79287679751,38.8886283452052],[-104.792812323491,38.8886075229962],[-104.792797970763,38.888602272778],[-104.792724505968,38.8885740384005],[-104.792626787235,38.8885364837038],[-104.792529067445,38.8884989298186],[-104.792431350332,38.8884613488406],[-104.792333630748,38.8884237947908],[-104.792235911277,38.8883862397579],[-104.792138193052,38.8883486855505],[-104.792089475953,38.8883297732489],[-104.792010789132,38.8882967815407],[-104.791938088974,38.8882660252749],[-104.791841106357,38.8882250159493],[-104.791756266562,38.888189159645],[-104.791715251376,38.888173065195],[-104.791652143979,38.8881490120309],[-104.791554599736,38.8881117592795],[-104.79145673889,38.8880744783902],[-104.791358878426,38.888037169493],[-104.791260839468,38.8879999693307],[-104.791162308898,38.8879630678789],[-104.791063776116,38.8879261672303],[-104.790965244598,38.8878892656042],[-104.790885158445,38.887859259088],[-104.790835343499,38.8878412719604],[-104.790750256968,38.8878159031598],[-104.790676586866,38.8877944200584],[-104.790578359539,38.8877657584301],[-104.79050290165,38.887743824681],[-104.790292734132,38.8876945711086],[-104.790019834576,38.8876650072199],[-104.789757974546,38.8876696405761],[-104.789456109722,38.8877048368158],[-104.789323816545,38.8877273678207],[-104.789227042505,38.8877501438063],[-104.789155114804,38.8877687051381],[-104.789099065332,38.8877840131966],[-104.78906061398,38.8877959433931],[-104.789053946989,38.8877987034256],[-104.789050910107,38.8878002757904],[-104.78904946083,38.8878011191507],[-104.789048613051,38.887801636471],[-104.789043167808,38.8878049796329],[-104.789003550913,38.8878247546808],[-104.788932305859,38.8878592735914],[-104.788843846248,38.8879042048161],[-104.788812192313,38.8879217493125],[-104.788800865198,38.8879265672368],[-104.788797025602,38.8879277238859],[-104.788793888104,38.8879286379919],[-104.788792759316,38.8879290157575],[-104.788744083177,38.8879518108632],[-104.788670110481,38.8879886479833],[-104.78859552541,38.8880303397108],[-104.788523584446,38.8880711142721],[-104.788457537646,38.8881128599758],[-104.788373064365,38.8881665455968],[-104.788288512757,38.8882212477617],[-104.788203918365,38.8882765252607],[-104.788137683617,38.8883195038276],[-104.788075368153,38.8883568227613],[-104.787988596816,38.8884085733709],[-104.787901823938,38.8884603500322],[-104.787825868266,38.8885056309551],[-104.787761597842,38.8885452169498],[-104.787692788,38.8885889488309],[-104.787613196756,38.8886392594265],[-104.787527958323,38.8886923361644],[-104.787448204274,38.8887412727211],[-104.787368523747,38.8887829882851],[-104.78731460497,38.8888099514202],[-104.787243864827,38.8888429075845],[-104.787177635776,38.8888710861197],[-104.787102362273,38.8889008009874],[-104.787027100557,38.8889293357367],[-104.786975741715,38.8889459624985],[-104.786923654095,38.8889619262295],[-104.786843427196,38.8889810937639],[-104.786781796144,38.888995709731],[-104.786694819206,38.8890187617454],[-104.786601573213,38.8890432589554],[-104.786517040705,38.8890608350254],[-104.78644309425,38.8890737266233],[-104.786351179225,38.88908815465],[-104.78630033006,38.8890961349722],[-104.786229607065,38.8891063273952],[-104.786169672643,38.8891129068689],[-104.786087507919,38.8891185254807],[-104.785983032176,38.889124446611],[-104.785878518389,38.8891303665129],[-104.785854159015,38.8891315897836],[-104.785756360936,38.8891335969088],[-104.785576820372,38.8891376285166],[-104.785576095249,38.8891937673049],[-104.784709964503,38.889188314498],[-104.783077505274,38.8891754718661],[-104.782552726793,38.8891774905687],[-104.782278084705,38.8895054440593],[-104.780836617355,38.8895004561358],[-104.774106831265,38.8894769289464],[-104.772622866788,38.8894716872711],[-104.772539967116,38.8894864427847],[-104.772432717166,38.8895055420835],[-104.77232543258,38.8895246410668],[-104.772218182238,38.889543767192],[-104.772110933277,38.8895628653002],[-104.772003648518,38.8895819639864],[-104.77189639685,38.8896010898074],[-104.771789111975,38.8896201882955],[-104.771681861622,38.8896392869012],[-104.771574576364,38.8896584113149],[-104.771467327047,38.8896775097298],[-104.771118945465,38.8897414461763],[-104.770940863779,38.8897709734635],[-104.770833826157,38.8897898528106],[-104.770726788201,38.8898087590835],[-104.770619749313,38.8898276382261],[-104.77051271152,38.8898465172773],[-104.770405673671,38.88986539623],[-104.770298636926,38.8898842741905],[-104.770191598963,38.8899031529459],[-104.770084560943,38.8899220316028],[-104.769977522579,38.8899409380863],[-104.769870520185,38.8899598158696],[-104.769763483147,38.8899786942379],[-104.769656444899,38.8899975725003],[-104.769549405441,38.8900164506569],[-104.76944236708,38.8900353287222],[-104.76933532867,38.8900542057881],[-104.76922811586,38.8900731104872],[-104.769102701915,38.8900952491881],[-104.768996122907,38.8901140477527],[-104.768889506967,38.8901328450867],[-104.768782925541,38.8901516434412],[-104.768676344067,38.8901704407972],[-104.768569762259,38.8901892650798],[-104.768463146084,38.8902080629234],[-104.768356564441,38.8902268599861],[-104.768256707252,38.8902444641858],[-104.76815029277,38.890264031458],[-104.768043879382,38.89028359864],[-104.76793764173,38.8903032208841],[-104.767831227072,38.8903227878641],[-104.767724813508,38.8903423547539],[-104.767618400164,38.8903618945218],[-104.76751198534,38.8903814603087],[-104.767442753087,38.890393462375],[-104.767319559012,38.8904116051628],[-104.767236927769,38.8904212443408],[-104.766710577498,38.8905112690737],[-104.7667011963,38.8905128729048],[-104.766699083971,38.8905129271446],[-104.766216959744,38.8905253157052],[-104.764892959518,38.8905553156652],[-104.762701343595,38.8906057700521],[-104.761677958976,38.8906293157315],[-104.760811046217,38.8906475810657],[-104.760158958671,38.8906613157388],[-104.759595958649,38.890684315786],[-104.758619958449,38.8907253160358],[-104.757708958474,38.8907413158468],[-104.757102781395,38.8907383639948],[-104.75709295844,38.89073831653],[-104.757092958247,38.8907663156966],[-104.757095958192,38.8909143169572],[-104.757101958095,38.8915333161565],[-104.757106958487,38.8916123169312],[-104.757112958403,38.8917033165281],[-104.757127958062,38.891842316353],[-104.757151958885,38.8919883158312],[-104.757191721573,38.8921361538098],[-104.7572689584,38.8924233162485],[-104.757404958441,38.8928783165841],[-104.75752295904,38.8931503162621],[-104.757785958064,38.8935683157209],[-104.757963958621,38.8938493166529],[-104.758152958901,38.8941033162375],[-104.758184959314,38.894141316608],[-104.758301959036,38.8942803166605],[-104.758435958994,38.8944223168451],[-104.758443958634,38.8944313162548],[-104.758445036898,38.8944323798581],[-104.758483971001,38.8944707658052],[-104.758585958424,38.8945713169044],[-104.758738958531,38.8947473170624],[-104.758891895658,38.8948796197365],[-104.758990959041,38.8949653171419],[-104.75925995917,38.8951993172945],[-104.759544958707,38.8954483164636],[-104.759604958768,38.8955003159739],[-104.759641195235,38.8955319737333],[-104.759786959407,38.89565931615],[-104.759847959229,38.8957123173626],[-104.760062395092,38.895899288525],[-104.760253959623,38.896066316149],[-104.760292959726,38.8961003173409],[-104.761044868923,38.8967723365987],[-104.761048204116,38.8967753171678],[-104.7612236378,38.8969321084892],[-104.761459959474,38.897143317145],[-104.761784759439,38.8974334604522],[-104.761839937581,38.8974827507616],[-104.761862960093,38.8975033170359],[-104.76187650813,38.8975155107927],[-104.761799496134,38.8975726911777],[-104.761420367085,38.8978101396297],[-104.760766143343,38.8982647194148],[-104.760288188231,38.89858377194],[-104.760061343276,38.8987775358031],[-104.759833987124,38.89902009807],[-104.759668366386,38.899331376173],[-104.759566311477,38.8995356937616],[-104.759496479759,38.8995727865552],[-104.759239147491,38.8994061927762],[-104.758953110986,38.8992319174812],[-104.75873321995,38.899155535928],[-104.758436416353,38.899093660203],[-104.757784460792,38.8990445118396],[-104.757055592916,38.8990098642505],[-104.756307929406,38.8989376029046],[-104.756106838329,38.8988988264694],[-104.755762774117,38.8987691588412],[-104.754817801315,38.8982982339279],[-104.754455183438,38.8981084605877],[-104.754120799236,38.8979713530537],[-104.753785784697,38.8978942233748],[-104.753479159792,38.8978547648959],[-104.753268163493,38.8978459117971],[-104.752730959644,38.8978349618962],[-104.752316787683,38.8978322988426],[-104.75231690311,38.8978250610638],[-104.75231174018,38.8978250035342],[-104.751317208644,38.8978194640349],[-104.751316688211,38.8978376574351],[-104.749559929816,38.897843263996],[-104.748051735046,38.8978501124309],[-104.747965176409,38.8978535298713],[-104.747951151544,38.8968709349019],[-104.746714525695,38.8978390373275],[-104.742118705042,38.9017783779255],[-104.741972272409,38.901669950743],[-104.741898196862,38.9016172404426],[-104.741818228702,38.9015603467422],[-104.741743426151,38.9015065343348],[-104.741663853813,38.90144887286],[-104.741584243542,38.9013912128838],[-104.741504635715,38.9013335519669],[-104.741425200063,38.9012759740973],[-104.741345592485,38.9012183139717],[-104.741233547678,38.9011378688787],[-104.741186411476,38.9011029631463],[-104.741106801981,38.9010453028409],[-104.741026775077,38.900987337061],[-104.741003969754,38.9009708499169],[-104.740923003352,38.9009121356097],[-104.740842455473,38.9008537545989],[-104.740761941168,38.9007953728493],[-104.740681392401,38.9007369917186],[-104.740600878062,38.900678637782],[-104.74052032957,38.9006202556381],[-104.740439815785,38.9005618745648],[-104.740359268711,38.900503492316],[-104.740278756343,38.900445111138],[-104.740198207229,38.9003867287618],[-104.740117695126,38.9003283474715],[-104.740037182013,38.9002699652167],[-104.739956635591,38.9002115835879],[-104.739876123896,38.9001532012283],[-104.739795575144,38.9000948464965],[-104.739715063704,38.9000364649254],[-104.739655333392,38.8999931016637],[-104.739654497766,38.8999924367582],[-104.739647561119,38.8999871473987],[-104.739632432323,38.899975818146],[-104.739561575635,38.8999247201233],[-104.739478507888,38.8998654433108],[-104.739449180329,38.8998445475484],[-104.739375151362,38.8997911764695],[-104.739325878668,38.8997557073544],[-104.739272824544,38.8997191702608],[-104.739246279943,38.899700872762],[-104.739181768832,38.8996544312083],[-104.739174907882,38.8996486468342],[-104.739168114309,38.8996431376675],[-104.739141182241,38.8996217358966],[-104.739079796867,38.8995722652814],[-104.739008577664,38.8995026848976],[-104.738946019663,38.8994281928451],[-104.738892201718,38.899348099584],[-104.738857779329,38.8992911452313],[-104.738811245147,38.8992134346861],[-104.738764710213,38.899135696189],[-104.738718176534,38.8990579576801],[-104.738671642956,38.8989802191519],[-104.738625109191,38.8989025076288],[-104.738547925324,38.8987535883762],[-104.738522839999,38.8986844206539],[-104.738501457814,38.898591058062],[-104.738492529306,38.8984964581621],[-104.738492327365,38.8984299524526],[-104.738493263193,38.8983460447878],[-104.738494199018,38.8982621371223],[-104.738494073155,38.8982443160912],[-104.738493984925,38.8982395372726],[-104.738493894187,38.8982381087915],[-104.738493765919,38.8982369548314],[-104.738493236362,38.8982338757755],[-104.738492198987,38.8982259061468],[-104.738491859993,38.8981691677244],[-104.738491859088,38.8981690370915],[-104.738494513661,38.8980165759924],[-104.73849501069,38.8979309078425],[-104.738495508571,38.8978452676246],[-104.73849604017,38.8977596006004],[-104.738496538068,38.8976739585792],[-104.738497035082,38.8975882913269],[-104.738497531805,38.8975026510982],[-104.738498028827,38.8974169829434],[-104.7384985267,38.8973313427206],[-104.738499022566,38.8972456745567],[-104.738499520447,38.8971600334314],[-104.738499690386,38.8971179681852],[-104.73849967343,38.8971065449787],[-104.738499898749,38.8969544255964],[-104.738500293855,38.89686901532]],[[-104.74881950014,38.8950201968414],[-104.748818545289,38.8950200113972],[-104.748709925127,38.8951120535651],[-104.748675813507,38.8951406493697],[-104.748359052828,38.8951092538724],[-104.748359803057,38.8952739034308],[-104.748360552147,38.8954385520779],[-104.748361003778,38.8954569778792],[-104.748361585048,38.8954675146609],[-104.748362255661,38.89547614577],[-104.748362402729,38.8954780430615],[-104.748363454573,38.8954885576613],[-104.748364741754,38.8954990566661],[-104.748366230996,38.8955093074352],[-104.748366263155,38.8955095364652],[-104.748368018816,38.8955199934553],[-104.748370005307,38.8955304249116],[-104.748372229573,38.8955408281765],[-104.74837468243,38.8955511995869],[-104.748377367375,38.895561535562],[-104.748378048583,38.8955639398958],[-104.748380283284,38.8955718333919],[-104.748380721205,38.8955732623075],[-104.74838342788,38.8955820903593],[-104.748386801211,38.89559230196],[-104.748390403296,38.8956024663923],[-104.748394230706,38.8956125809316],[-104.748398284641,38.8956226410811],[-104.748402561672,38.895632644116],[-104.748407061827,38.8956425873339],[-104.748411783982,38.8956524680249],[-104.748416724717,38.8956622825633],[-104.748421885215,38.895672028254],[-104.748427262054,38.8956817014715],[-104.748432855255,38.8956913004142],[-104.748438661396,38.8957008214563],[-104.748444679355,38.8957102618879],[-104.748450906853,38.8957196189917],[-104.748457342778,38.895728889157],[-104.748463984842,38.895738070567],[-104.748470831931,38.8957471596113],[-104.748477879453,38.8957561544582],[-104.748485127446,38.8957650515045],[-104.748492573634,38.8957738480328],[-104.748500214587,38.8957825413182],[-104.748508049172,38.8957911295517],[-104.748516073968,38.8957996091076],[-104.748524287832,38.8958079790776],[-104.748532686201,38.8958162349278],[-104.748541267942,38.895824374849],[-104.748550030778,38.895832396124],[-104.748558971269,38.8958402969286],[-104.748568087139,38.8958480745455],[-104.748577374949,38.8958557271507],[-104.748586833584,38.8958632511334],[-104.748596457299,38.8958706446547],[-104.748606244952,38.8958779068063],[-104.748715898932,38.8959580149835],[-104.748741477836,38.8959767022665],[-104.74874255816,38.8959777776851],[-104.748744101637,38.8959793146418],[-104.748748687609,38.8959838783789],[-104.748750568187,38.895986785942],[-104.748755455649,38.89599434253],[-104.748759773257,38.8960077078759],[-104.748760244741,38.8960206727022],[-104.748758790251,38.8960321872867],[-104.748782071792,38.8960128410171],[-104.749436050035,38.8954694112259],[-104.749127774112,38.8952448044452],[-104.74881950014,38.8950201968414]],[[-104.749506266093,38.893719925104],[-104.749197976453,38.8934953507618],[-104.74919972456,38.8934938846183],[-104.749198845911,38.8934936897596],[-104.749110186051,38.8934312161974],[-104.749256072023,38.89331255837],[-104.749187489981,38.8932626150702],[-104.748879208071,38.8930380281907],[-104.749022899401,38.8929175682366],[-104.74871463337,38.8926929782991],[-104.748552399081,38.892573705173],[-104.749134080319,38.8920997761118],[-104.749135573838,38.8920967651265],[-104.749853656543,38.8914965370284],[-104.75000782025,38.891608827656],[-104.749433075018,38.8920906740755],[-104.749705672845,38.8922892722993],[-104.749741345327,38.8923152612514],[-104.749885033741,38.8921947993213],[-104.750028721667,38.892074337212],[-104.750336993799,38.8922989219079],[-104.750337983486,38.8922992985499],[-104.750625188734,38.8920593133595],[-104.750624478543,38.8920579034169],[-104.750624365737,38.8920579972814],[-104.750316094895,38.8918334133492],[-104.750459780216,38.8917129497941],[-104.750603055972,38.8915930185421],[-104.750603470085,38.8915933194013],[-104.750603466182,38.8915924878689],[-104.750638206839,38.8915633622411],[-104.750747150518,38.8914720248563],[-104.750890835519,38.8913515616719],[-104.750582558823,38.8911269792779],[-104.750409947484,38.8910301555767],[-104.750431520335,38.8910118456782],[-104.750431934812,38.8910113474646],[-104.750439665135,38.8910020507385],[-104.750444372,38.8909923047984],[-104.750445683642,38.8909895899122],[-104.750446441774,38.890985584107],[-104.750447019205,38.8909825347662],[-104.750447506348,38.8909799578025],[-104.750447313943,38.8909723054334],[-104.750447297795,38.8909716512943],[-104.750446634218,38.8909689939395],[-104.750444841459,38.8909618141196],[-104.750444237969,38.8909606715225],[-104.750439448546,38.890951596758],[-104.750438564794,38.8909499226393],[-104.750438391523,38.8909497386445],[-104.750429607211,38.8909404038914],[-104.750429298288,38.8909400757827],[-104.750426863621,38.890938340313],[-104.750419117993,38.8909328193533],[-104.750418502465,38.8909323802616],[-104.750407615052,38.890926372388],[-104.750407502739,38.8909263104042],[-104.750391850234,38.8907583711098],[-104.75046587599,38.8907569016745],[-104.750676595742,38.8907561846265],[-104.750887314338,38.8907554671892],[-104.751045333399,38.8907549287325],[-104.751098032939,38.8907547484691],[-104.751203328556,38.8907543610789],[-104.751308752678,38.8907540302753],[-104.751361452207,38.8907538507934],[-104.751519471261,38.8907533116921],[-104.751730191001,38.8907525918334],[-104.751940909576,38.8907518724862],[-104.75209892862,38.8907513325972],[-104.752151628146,38.890751152757],[-104.752257028357,38.8907507921116],[-104.752362347864,38.8907504326533],[-104.752415047397,38.8907502517929],[-104.752525655762,38.8907498739506],[-104.752525802166,38.8907498730902],[-104.752520596421,38.8912443215076],[-104.752520590029,38.8912449286559],[-104.75293963116,38.8912425100635],[-104.752991962709,38.8912806236464],[-104.753155695282,38.8913798521321],[-104.753156128245,38.8913801152665],[-104.753321355495,38.8912459698995],[-104.753465013496,38.8911255295133],[-104.753752367745,38.8908845989103],[-104.75406066275,38.8911091621532],[-104.754204350663,38.8909886904235],[-104.754348024152,38.8908682283349],[-104.754039739772,38.8906436551052],[-104.75410111381,38.8905921964254],[-104.754327090065,38.890402728474],[-104.754544228912,38.8902204617568],[-104.754548416727,38.8902169463757],[-104.754555108379,38.8902115498102],[-104.754555551314,38.890211192301],[-104.754623576813,38.8901079162685],[-104.754667925122,38.8900405864154],[-104.754914920439,38.8896438050539],[-104.754913537152,38.8896438097002],[-104.754733311897,38.8896444290366],[-104.754613204366,38.8896448426463],[-104.754454114598,38.8896453898804],[-104.754154933391,38.8896464173174],[-104.754158290724,38.8899208902647],[-104.753905430266,38.8899217584318],[-104.753652570955,38.8899226260563],[-104.753442988421,38.8899229765186],[-104.753442740588,38.8899229767286],[-104.753441999206,38.889922885483],[-104.75343424458,38.8899219357039],[-104.753431506979,38.8899216001124],[-104.753419961569,38.8899184143381],[-104.753406685102,38.8899143228758],[-104.753414254128,38.8899319358413],[-104.753413649061,38.8899894753141],[-104.753412586309,38.8900905384989],[-104.752139380481,38.8901039829666],[-104.752139398521,38.8900941725583],[-104.752139270569,38.890094172636],[-104.751515802789,38.8900945901726],[-104.751305086152,38.8900953096501],[-104.751094368367,38.8900960278373],[-104.751096195481,38.8904253858736],[-104.750885476715,38.8904261036822],[-104.750674759097,38.8904268211162],[-104.750464041465,38.8904275390691],[-104.750253322686,38.8904282557317],[-104.750042603893,38.8904289729131],[-104.749831887411,38.8904296888266],[-104.74973754949,38.8904300096661],[-104.749731911935,38.8901006639091],[-104.749736076379,38.8900144086042],[-104.749739863056,38.8899359758586],[-104.750063347746,38.8899348760449],[-104.750133681696,38.8899342793783],[-104.75013284028,38.8898874536863],[-104.750132757299,38.8898828685992],[-104.750132088138,38.88966017434],[-104.750030203095,38.8896605205942],[-104.749854645186,38.889661118338],[-104.7496088104,38.8896619540268],[-104.749352440706,38.8896628247638],[-104.749156931138,38.889663488998],[-104.749099581099,38.8896636833776],[-104.748846722639,38.8896645414487],[-104.748593863021,38.8896653989624],[-104.748490647696,38.889665748781],[-104.748251661316,38.8896665583107],[-104.748170781505,38.8896668324808],[-104.747912653847,38.8896677057887],[-104.747912969018,38.8897363229708],[-104.747913814826,38.8899204654851],[-104.747914305084,38.8900272890039],[-104.747914962552,38.8901702332832],[-104.747915566903,38.8903019784403],[-104.747915718272,38.8903349154068],[-104.747916387044,38.8904803840058],[-104.747916475148,38.8904995975349],[-104.747917142771,38.8906450661239],[-104.747917230875,38.8906642796527],[-104.747917899653,38.8908097482465],[-104.747917987758,38.890828961775],[-104.747918680225,38.8909799204508],[-104.747918743492,38.8909936438869],[-104.747919461962,38.8911500917587],[-104.747919500382,38.8911583260033],[-104.747920218856,38.8913147738723],[-104.747920256123,38.8913230081093],[-104.747921025439,38.8914904352657],[-104.747921407685,38.8915738326201],[-104.747921781187,38.8916551173658],[-104.747922525672,38.8918170544246],[-104.747922562939,38.8918252886611],[-104.747923281427,38.8919817365188],[-104.747923344695,38.8919954599533],[-104.747924038338,38.8921464186176],[-104.747924163723,38.8921738654787],[-104.7479247941,38.8923111007059],[-104.747925041235,38.8923648142576],[-104.747925551018,38.8924757827988],[-104.747926306787,38.8926404648812],[-104.747926511273,38.8926849288746],[-104.747927063712,38.8928051469682],[-104.748348517467,38.8928039640438],[-104.74835221585,38.8939127582754],[-104.748339385118,38.8939351169957],[-104.748315384657,38.8939508847593],[-104.748283575612,38.8939569356391],[-104.74828432013,38.8941215626611],[-104.747933115791,38.8941226026343],[-104.747933177901,38.894136326959],[-104.74793387499,38.8942881612601],[-104.747934186826,38.8943559000333],[-104.747934631979,38.894452840615],[-104.747935069219,38.8945480253401],[-104.747935387818,38.8946175199596],[-104.747935951608,38.8947401515438],[-104.747936144805,38.8947822002094],[-104.747936538955,38.8948677416919],[-104.748357946149,38.8948656890092],[-104.748354116536,38.8941946695173],[-104.748564762766,38.8941940269255],[-104.748565760578,38.8944018741263],[-104.74856857763,38.8945566679737],[-104.74857529744,38.8946251490415],[-104.748593634916,38.8946886278763],[-104.748623523159,38.89475974511],[-104.748642762519,38.8947987944472],[-104.748700341256,38.8948785777713],[-104.748700772762,38.8948782166068],[-104.749000302251,38.8946271171773],[-104.749239789868,38.8944263493545],[-104.749383482243,38.8943058889655],[-104.749527174141,38.8941854274963],[-104.749218884795,38.8939608460294],[-104.749506266093,38.893719925104]],[[-104.750942955934,38.8920526716355],[-104.750898279757,38.8920698841238],[-104.750778542427,38.8921702707323],[-104.750634856741,38.8922907328738],[-104.750943142132,38.8925153133214],[-104.75108682775,38.8923948508018],[-104.751394584421,38.8926190248411],[-104.751559649319,38.8924803143783],[-104.751524177278,38.8924539399041],[-104.751517939999,38.8924474674992],[-104.751515828224,38.8924452755872],[-104.751254459581,38.8922543114146],[-104.750994881965,38.8920654779394],[-104.750985184917,38.8920600345326],[-104.750942955934,38.8920526716355]],[[-104.749485355947,38.893254428975],[-104.74979364543,38.8934790043626],[-104.749937333796,38.893358543269],[-104.750245623989,38.8935831192495],[-104.750676688279,38.8932217319725],[-104.75036839711,38.8929971598214],[-104.750060110245,38.8927725823579],[-104.749772733499,38.8930135055707],[-104.749485355947,38.893254428975]]]},"properties":{"DIST_ID":"D5","NAME":"Council District 5","RepName":"Nancy Henjum","RepPhone":"(719) 385-5483","RepEmail":"Nancy.Henjum@coloradosprings.gov","ImageURL":"https://gis.coloradosprings.gov/SiteElements/CityCouncil/Images/D5.jpg","RepURL":"https://coloradosprings.gov/nancyhenjum","DISTRICT":5,"OBJECTID":17,"Shape__Area":581744732.60302734,"Shape__Length":132128.69800300806}},{"type":"Feature","id":18,"geometry":{"type":"Polygon","coordinates":[[[-104.635260683351,38.9412174078995],[-104.63489548541,38.9409248083048],[-104.632154293003,38.9408920120979],[-104.631779645125,38.9411757745314],[-104.631800991564,38.9409003393796],[-104.631723794081,38.9409082476563],[-104.629739747688,38.940923215746],[-104.629366879901,38.9409056411953],[-104.6293725755,38.9404415197278],[-104.629373888839,38.9403344977819],[-104.629437255706,38.9403349044809],[-104.629756864087,38.9403369555091],[-104.63128340575,38.9403597956415],[-104.631434499061,38.9402454446455],[-104.631518842101,38.9402464807011],[-104.631522513297,38.9391602088923],[-104.63141737182,38.939076594197],[-104.631434926958,38.9389400833845],[-104.6314500649,38.9388223657976],[-104.627555070298,38.9387757386083],[-104.627514396552,38.9387752506487],[-104.627525139484,38.9357011856369],[-104.627529805758,38.9343664429559],[-104.627550737475,38.9283790270686],[-104.627557298036,38.9265021593327],[-104.627557379941,38.9264785190044],[-104.627557627091,38.9264079502747],[-104.627557646635,38.9264023271164],[-104.627557677375,38.9263935419467],[-104.62757243628,38.9217540798463],[-104.627572442264,38.9217523736199],[-104.62757135271,38.9217529158851],[-104.627560256401,38.9217584406309],[-104.626865145639,38.9221065974825],[-104.626779682968,38.9221521944707],[-104.626779676899,38.9221542808688],[-104.626767079937,38.9263943514527],[-104.626767077745,38.9263951856529],[-104.626415699994,38.9263959142628],[-104.623756008625,38.926370109865],[-104.621343543003,38.9263466523713],[-104.620891375255,38.9263422496878],[-104.620762847389,38.9263409978828],[-104.62076279506,38.9263410326215],[-104.620748957834,38.9263501386313],[-104.620736470464,38.9263582746847],[-104.61579854915,38.9295750239662],[-104.615486497519,38.9297782884396],[-104.615287554515,38.9299078762167],[-104.615250070539,38.9299075568388],[-104.614746471959,38.9299032670945],[-104.614209723378,38.9298986920666],[-104.613798228514,38.9298951248847],[-104.613664343777,38.9298939641023],[-104.613339673839,38.9298911938833],[-104.613111235267,38.9300402184729],[-104.613273571146,38.9300416040189],[-104.610980939788,38.9315371835383],[-104.610977438295,38.9315394675383],[-104.60922071566,38.9298964699112],[-104.60922049679,38.9298962646353],[-104.608837854923,38.930145863517],[-104.608181206218,38.9305741911018],[-104.607868873258,38.9282297148862],[-104.607645014451,38.926549254713],[-104.60764496251,38.9262134111301],[-104.607645021128,38.9262001289485],[-104.607645227388,38.9261541043753],[-104.607645323579,38.9261323316516],[-104.607645333536,38.9261301642015],[-104.614184464305,38.9261944038646],[-104.617202686542,38.9262239304089],[-104.61720128667,38.92631133065],[-104.617200049728,38.9263886007977],[-104.618260990773,38.9263989610911],[-104.61830930323,38.9263170749729],[-104.619135946949,38.9263270732618],[-104.619172616832,38.9263048370423],[-104.621755322398,38.9246149782372],[-104.621761951818,38.9226651360461],[-104.620531529018,38.9226576922473],[-104.624205907782,38.9173703049041],[-104.626807915016,38.9136254986636],[-104.626789073,38.9189910174899],[-104.626782933846,38.9215786288188],[-104.62678236099,38.9218200303921],[-104.626968105153,38.921724751293],[-104.627267528516,38.9215764171915],[-104.627312080619,38.921555188016],[-104.627469780632,38.9214800449949],[-104.627570470138,38.9214296888685],[-104.62757093196,38.9214294581037],[-104.627579503695,38.9189919972557],[-104.627582390577,38.9181672076199],[-104.627585091561,38.9173957145423],[-104.627602292473,38.9124820451275],[-104.627439190377,38.9124128757478],[-104.627293535997,38.9123511054202],[-104.626816756247,38.9130373422808],[-104.626564344927,38.9129257711498],[-104.626569055715,38.9115851937096],[-104.626569062055,38.9115835541491],[-104.626435844852,38.8983178256222],[-104.626423604997,38.8970985407848],[-104.62644227475,38.8954199249088],[-104.626463834775,38.8934813277211],[-104.6264638378,38.8934810818022],[-104.626462920209,38.893481080312],[-104.626358471912,38.8934808827415],[-104.621735308586,38.8934926341197],[-104.62173534701,38.8934923236044],[-104.62173878608,38.8934649004972],[-104.621740896908,38.8932304428844],[-104.621759192462,38.8911983535516],[-104.621771134374,38.8898719700391],[-104.621771133801,38.8898719231887],[-104.621261987627,38.8898728427184],[-104.617162221635,38.889880167121],[-104.617137365019,38.8898802107578],[-104.617189017525,38.882742035954],[-104.617189241523,38.8827296747788],[-104.617190943229,38.8826358215519],[-104.617191587539,38.8826358210405],[-104.620385769679,38.8826343241534],[-104.621306278935,38.8826338763904],[-104.62183592053,38.8826336155131],[-104.621836493374,38.8826336153369],[-104.621869222849,38.8790088724263],[-104.621901982123,38.8753841509063],[-104.621926501019,38.8726656057999],[-104.621934672593,38.8717594095064],[-104.617266765685,38.8717537400376],[-104.612598857139,38.8717478902601],[-104.612589996586,38.8735628944215],[-104.61025791307,38.8735605624606],[-104.610264920443,38.871744895192],[-104.611431888772,38.8717463981349],[-104.611439796371,38.869931340268],[-104.61260771768,38.8699331272027],[-104.612616579136,38.868117885448],[-104.612616588472,38.8681142792601],[-104.612614922399,38.8681139827569],[-104.612614467074,38.8681139018033],[-104.608016919697,38.8681052007824],[-104.607941257138,38.8681050559882],[-104.607941231524,38.868109205289],[-104.598944026059,38.8678894723388],[-104.598671948651,38.8678828163579],[-104.598138764535,38.8678697714122],[-104.589945568844,38.8676690100143],[-104.588327908732,38.8676404739282],[-104.586569550229,38.8676169219426],[-104.586569486373,38.8676087161188],[-104.585921794782,38.8675960130889],[-104.581862500859,38.8675922035545],[-104.581478529488,38.8603187471199],[-104.581049013554,38.853152612534],[-104.589871552602,38.8531545847452],[-104.590041382445,38.8459576063087],[-104.590408164871,38.8459605815667],[-104.590431578968,38.8450608544906],[-104.596236693283,38.8451058549811],[-104.596358050492,38.8387938760835],[-104.598932133211,38.8388077039867],[-104.598847737559,38.8438841829],[-104.597730854665,38.8438787102836],[-104.597707401113,38.8452878971738],[-104.598828596585,38.8452934303259],[-104.598811547561,38.8460284299002],[-104.598761311139,38.8489448825648],[-104.600073438052,38.8489623391842],[-104.602430680252,38.8489936623598],[-104.60264268634,38.8489951263293],[-104.603604509137,38.849001762798],[-104.60796173117,38.849031728661],[-104.607955800634,38.8497212568015],[-104.607955919297,38.8497212568118],[-104.608061723764,38.8497210989461],[-104.612669922871,38.8497438651005],[-104.612670160186,38.8497438660123],[-104.61269395687,38.8461213195399],[-104.612693960417,38.8461208511036],[-104.614085970076,38.8461274880296],[-104.61427395529,38.8461283827824],[-104.618764212354,38.8461496835101],[-104.618748377874,38.8433801014204],[-104.618743547425,38.8425353103438],[-104.618743546147,38.8425350418687],[-104.617347335343,38.8425040483866],[-104.617369977966,38.8390223215734],[-104.61736999931,38.8390190271765],[-104.619805121913,38.8390308859719],[-104.620214579245,38.8390328745585],[-104.62161886156,38.839067159962],[-104.624053522994,38.8393259963198],[-104.625976792517,38.8394312120141],[-104.626502002503,38.839378520287],[-104.627255225649,38.8396327990737],[-104.627254890232,38.8392831376391],[-104.627884993727,38.8392827640869],[-104.628539608477,38.8390908976378],[-104.63133361406,38.8389375997802],[-104.631333546683,38.8389260579763],[-104.631331835215,38.8386336955998],[-104.631349924259,38.8386303174096],[-104.631359753934,38.838628381035],[-104.631526876846,38.8385954554723],[-104.631573169631,38.8385800261108],[-104.63161696056,38.8385661942231],[-104.631858923411,38.8384913173901],[-104.632370498957,38.8383320905033],[-104.632507923356,38.8382893174868],[-104.632713923506,38.8382253169987],[-104.633037303903,38.838112916368],[-104.63321050195,38.8380527160608],[-104.633249666096,38.8380394670443],[-104.633308212146,38.838018153731],[-104.633375937727,38.837995212503],[-104.634163923489,38.8377213168967],[-104.634432482062,38.8376175955138],[-104.634478746826,38.837599727887],[-104.63450418804,38.8375899022733],[-104.63468076492,38.8375217043461],[-104.63495529137,38.8374156767038],[-104.635600924274,38.8371663162355],[-104.635642924571,38.8371503163883],[-104.635836313187,38.8370807724738],[-104.636365924292,38.8368903167445],[-104.636984296878,38.8366742392198],[-104.636991458398,38.8366717366075],[-104.637143668596,38.8366185492182],[-104.637421924764,38.8365213163598],[-104.638146657755,38.8362572240424],[-104.63846494971,38.8361412373652],[-104.639301920808,38.8358362339605],[-104.64034992475,38.8354543165259],[-104.640457141268,38.8354177168111],[-104.640471830191,38.8354127030579],[-104.641055925039,38.8352133158906],[-104.641471586138,38.8351142219383],[-104.641611359804,38.8350808996123],[-104.641982924947,38.8349923156362],[-104.642536925657,38.8348993162789],[-104.642675655058,38.8348918449916],[-104.642693709614,38.8348907224183],[-104.642748110718,38.8348873411189],[-104.642789579911,38.8348857102739],[-104.643264143283,38.8348601526938],[-104.643303503592,38.8348580331429],[-104.643483925926,38.8348483161914],[-104.643776926046,38.8348493161843],[-104.643779693197,38.8348494681133],[-104.64391434731,38.8348569011446],[-104.64408492597,38.8348663158566],[-104.644267925577,38.8348833154265],[-104.644911799253,38.8349861120433],[-104.645062643864,38.835010194247],[-104.645733710671,38.8351173260338],[-104.645977831501,38.8351562982707],[-104.646085526612,38.8351665196973],[-104.64768715561,38.8354291146348],[-104.648506484798,38.8355598034953],[-104.64936564744,38.8356968394651],[-104.64965444537,38.8357429013124],[-104.650453318086,38.8358703131458],[-104.650802410707,38.8359259877724],[-104.651023927278,38.8359613156716],[-104.651026985297,38.8359618073866],[-104.651129592877,38.8361007860272],[-104.65117132723,38.8361573136671],[-104.651253907221,38.8361200176734],[-104.651429654186,38.8360406434683],[-104.651417686634,38.8360244346393],[-104.651595928201,38.8360523156389],[-104.651950376607,38.8361096078818],[-104.652059927771,38.8361273155757],[-104.652640928542,38.8362263156053],[-104.652989928066,38.8362863153218],[-104.653098213093,38.8363044749545],[-104.653150927892,38.8363133150473],[-104.653757928013,38.836417315172],[-104.654246112817,38.8364946437753],[-104.65438292827,38.8365163153064],[-104.655059844774,38.8366234923339],[-104.655394117206,38.8366764165012],[-104.655521297927,38.8366965526822],[-104.656542128718,38.8368581697787],[-104.6568399293,38.8369053150829],[-104.65690899525,38.8369175793169],[-104.656946928835,38.8369243149215],[-104.657689925289,38.8370584404617],[-104.658342929904,38.8371763147968],[-104.658468852453,38.8371954557516],[-104.658837814256,38.8372515392669],[-104.659687715821,38.8373807217083],[-104.659985927971,38.8374260475039],[-104.660677836222,38.8375312082182],[-104.660875929567,38.8375613147335],[-104.661133991544,38.8376053664361],[-104.661299054124,38.837633542703],[-104.662240930362,38.8377943150515],[-104.662281868644,38.8378008831933],[-104.663079368806,38.8379288267518],[-104.663429886622,38.8379850582164],[-104.663736930179,38.8380343153677],[-104.664197900197,38.838115383448],[-104.66457775697,38.8381821854477],[-104.665277930786,38.8383053147559],[-104.665290777481,38.8383073890279],[-104.665725654798,38.8383776015105],[-104.665781179456,38.8383865659372],[-104.666873675778,38.8385629441604],[-104.667658836275,38.8386896973856],[-104.668021703899,38.8387482754691],[-104.668275932458,38.8387893144572],[-104.668776872466,38.8388739198049],[-104.669169658968,38.8389402560164],[-104.669284409027,38.8389596359093],[-104.669400931859,38.8389793148471],[-104.669764931698,38.8390333145519],[-104.669841911917,38.8390459690673],[-104.670129932093,38.8390933147575],[-104.670273932748,38.839117314288],[-104.670317709136,38.8391247115581],[-104.67037438544,38.839134287402],[-104.670782932361,38.8392033144442],[-104.671465636866,38.8393200672676],[-104.671472932225,38.8393213147813],[-104.671993573487,38.8394256932486],[-104.672283094971,38.8394837359945],[-104.672301775772,38.8394868546485],[-104.672301875089,38.839487228323],[-104.672314287726,38.8394900122237],[-104.672420425931,38.8395138158533],[-104.672509977359,38.8395297680164],[-104.672812932604,38.8395913149902],[-104.673115501787,38.8396543070461],[-104.673931943805,38.8398242783925],[-104.67399708383,38.8398385378003],[-104.674020301831,38.8398426731097],[-104.674229933424,38.839886314256],[-104.6742629408,38.8398931821292],[-104.674428644299,38.8399276576211],[-104.674527933185,38.8399483142884],[-104.675877934125,38.8402503143501],[-104.676421416781,38.8403666320208],[-104.67644550103,38.8403717864812],[-104.676502690795,38.8403840259791],[-104.676535457343,38.8403910383401],[-104.676616815287,38.8404084508308],[-104.677202627243,38.8405338232829],[-104.677281304751,38.8405506613732],[-104.677475934386,38.8405923147286],[-104.678349897714,38.8407895481836],[-104.678472934065,38.8408173143641],[-104.67888093435,38.8409093139305],[-104.679016445681,38.8409357443187],[-104.679497359165,38.8410295398874],[-104.679726934513,38.8410743146205],[-104.679893934581,38.8410993141176],[-104.680051901681,38.8411230919735],[-104.680471935413,38.8411863146127],[-104.680645482178,38.8412127285596],[-104.681266935474,38.8413073143371],[-104.681601577356,38.8413433971963],[-104.68179397807,38.8413641423589],[-104.681809846853,38.8413658532071],[-104.682212935778,38.8414093144827],[-104.682794935192,38.84147331392],[-104.68279492419,38.8414755723611],[-104.682824401374,38.8414787283341],[-104.682824401818,38.8414827958327],[-104.682824587554,38.8431431477326],[-104.682824710237,38.8442418360828],[-104.682798964604,38.8442413567729],[-104.682687473918,38.8442387129589],[-104.682686400981,38.8462971735916],[-104.682690001026,38.8517301753186],[-104.682654203566,38.8518229649753],[-104.682501387834,38.85200264132],[-104.682131085606,38.8524380250119],[-104.682034291419,38.8525497027086],[-104.681935018027,38.8526600421721],[-104.681833295771,38.8527690093762],[-104.681729156133,38.8528765712036],[-104.681622629445,38.8529826945289],[-104.681513750627,38.8530873480605],[-104.681402550022,38.8531904977722],[-104.681289063682,38.8532921141824],[-104.681173325378,38.8533921659913],[-104.681055370031,38.8534906219075],[-104.680935234838,38.8535874533584],[-104.680892055169,38.8536210618092],[-104.680812954722,38.8536826290525],[-104.680688568034,38.8537761204252],[-104.680562111959,38.8538678998047],[-104.680433626003,38.8539579386347],[-104.680303149657,38.8540462092597],[-104.680170721243,38.8541326858178],[-104.680036388361,38.8542173371074],[-104.679900328557,38.8543000535663],[-104.679900173081,38.8543001479625],[-104.679740083996,38.8543937421537],[-104.6795367198,38.8545101156791],[-104.679329362713,38.8542886336069],[-104.681422779878,38.8516912439391],[-104.676123497137,38.8516933156036],[-104.675988937981,38.8516933648583],[-104.675857641134,38.8519160862396],[-104.675803937579,38.8520045129574],[-104.675747679003,38.8520919629368],[-104.675688894431,38.8521783910456],[-104.675627614192,38.852263752679],[-104.675563869904,38.8523480037823],[-104.675497694456,38.8524311008741],[-104.675429121993,38.8525130010679],[-104.675358187896,38.8525936620953],[-104.675284928768,38.8526730423269],[-104.675209382408,38.8527511007945],[-104.6751315878,38.8528277972116],[-104.675051585088,38.8529030919949],[-104.674969415553,38.852976946284],[-104.674885121598,38.8530493219621],[-104.674798746721,38.8531201816754],[-104.674710335496,38.8531894888521],[-104.674709892609,38.8531898271413],[-104.674590457276,38.8532786334678],[-104.674467678794,38.8533646071761],[-104.674341666987,38.8534476713562],[-104.674212534569,38.853527751701],[-104.674099978856,38.8535936891562],[-104.673985306273,38.8536573575226],[-104.673868591616,38.8537187152693],[-104.673749911013,38.8537777223724],[-104.673629341875,38.8538343403414],[-104.673506962846,38.8538885322441],[-104.67338285375,38.8539402627306],[-104.673257095542,38.8539894980568],[-104.673129770251,38.8540362061059],[-104.673000960931,38.8540803564098],[-104.672870751602,38.8541219201686],[-104.672739227199,38.8541608702696],[-104.672606473517,38.8541971813053],[-104.672472577151,38.8542308295894],[-104.672337625441,38.8542617931724],[-104.672201706419,38.8542900518562],[-104.671991596791,38.854328255686],[-104.671989970302,38.8543285242692],[-104.672156652238,38.8558207762871],[-104.672165081089,38.8558903044615],[-104.67218575,38.8560283024827],[-104.672211595845,38.8561657660494],[-104.672251005778,38.8563361074084],[-104.672298363777,38.8565052066601],[-104.672353606425,38.8566728371552],[-104.672416659731,38.8568387742116],[-104.672489617046,38.8570075453272],[-104.672570653901,38.8571740477223],[-104.67265965531,38.8573380450275],[-104.672756494979,38.857499304428],[-104.672861035485,38.8576575969944],[-104.672973128468,38.8578126980074],[-104.673092614843,38.8579643872775],[-104.673219325027,38.8581124494568],[-104.67322724457,38.8581213155604],[-104.672683786946,38.8584323160559],[-104.671117660215,38.8593285236307],[-104.663736906997,38.863551530042],[-104.664117733069,38.8639308049243],[-104.663990438541,38.8640407123509],[-104.664067442912,38.8641890303625],[-104.664176524925,38.8642883241002],[-104.664425172497,38.8645733262077],[-104.665125473724,38.8652925506021],[-104.665328184105,38.8654663983359],[-104.665576551101,38.8657760233434],[-104.665701242804,38.8658877409811],[-104.665997149323,38.8661730789018],[-104.666261849795,38.8664335646696],[-104.666511813734,38.8666077493133],[-104.666808737651,38.8668068967054],[-104.667090203155,38.8669813050506],[-104.667387563298,38.8671435133091],[-104.667653859814,38.8672685575395],[-104.667951799446,38.8673815144521],[-104.668249596983,38.8675067828575],[-104.668516328838,38.8675948874572],[-104.668767455287,38.8676705656265],[-104.669018726335,38.8677339310022],[-104.669272039193,38.8677707487689],[-104.669601362791,38.8678264845218],[-104.669803143007,38.867855016786],[-104.670244778228,38.8678940894298],[-104.670779452595,38.8679117662243],[-104.671124372685,38.8679105433693],[-104.671325675658,38.8679098286981],[-104.673024931511,38.8679041463305],[-104.673385233126,38.8679029199264],[-104.673389939023,38.8680043298167],[-104.673451935709,38.8683778185353],[-104.673475562011,38.8697360763294],[-104.673478026951,38.8705117732514],[-104.673480491955,38.871287469211],[-104.67349749122,38.8766415136816],[-104.673497861245,38.8767579535914],[-104.673497935009,38.8767579532151],[-104.673685245523,38.876757602325],[-104.677537866816,38.8767503157096],[-104.67755660627,38.8767424692132],[-104.677562207537,38.8765436408929],[-104.677554332294,38.8762758879876],[-104.677550394527,38.876149887044],[-104.677542518569,38.8760317607676],[-104.67752676886,38.8759411971153],[-104.677495269031,38.8758112588343],[-104.677448019212,38.8756695066045],[-104.677385017975,38.8755316932249],[-104.677306267533,38.8754056923973],[-104.677231454314,38.8752993784438],[-104.677144827785,38.8751970023345],[-104.6770188273,38.8750749378195],[-104.676912513005,38.8749765004021],[-104.676810136733,38.8749056235501],[-104.676597510573,38.8747796233706],[-104.676495133736,38.8747087471323],[-104.676377007814,38.8746299962808],[-104.676286443601,38.8745433705613],[-104.676172255208,38.8744449315902],[-104.676069879333,38.8743307432417],[-104.67597537805,38.8742008046501],[-104.675853314451,38.874031490227],[-104.67577062606,38.8738503632967],[-104.675715500539,38.8737204253729],[-104.675680062863,38.8735826110189],[-104.675652500348,38.8734369220437],[-104.675640688369,38.8732794198044],[-104.6756328124,38.8731258562141],[-104.675633258847,38.8728950018621],[-104.675623644856,38.870616689099],[-104.675623645266,38.8704051996075],[-104.67560547614,38.868224826347],[-104.675607181701,38.8682248204294],[-104.675606726543,38.8682226343603],[-104.675606726203,38.8679027090988],[-104.675713133447,38.8678949704307],[-104.675885690467,38.8678943790735],[-104.675887466319,38.8678943727494],[-104.682756126866,38.8678678295193],[-104.682996840123,38.8678668916268],[-104.683007923532,38.8680714356658],[-104.683089226932,38.8695718532048],[-104.683050470498,38.8731814826547],[-104.68305766095,38.8766376766783],[-104.683063155377,38.8796603128305],[-104.682598988212,38.8796746668319],[-104.682492277549,38.8796779666326],[-104.680161683512,38.8796795330725],[-104.679898600219,38.8797696254473],[-104.678669498261,38.8797721438846],[-104.678669457118,38.8797599573647],[-104.677861758369,38.8797616058806],[-104.677862977485,38.8801272572566],[-104.677864187947,38.8804902725768],[-104.677865399011,38.88085353563],[-104.677871813613,38.882781784171],[-104.67773142288,38.8827821738817],[-104.677715031191,38.8827822272794],[-104.677719075018,38.8827710354077],[-104.67351672375,38.882798181308],[-104.673516726194,38.8827990605863],[-104.673518816776,38.8866302152447],[-104.673518817463,38.8866307503733],[-104.673520389769,38.8866308426326],[-104.675400732023,38.8867415794363],[-104.675753092393,38.88676232694],[-104.676358743287,38.8867979862378],[-104.676469485289,38.8868037464868],[-104.676580338197,38.8868079957369],[-104.676691269774,38.8868107301559],[-104.676802245415,38.8868119513004],[-104.676913231698,38.8868116580326],[-104.677024194051,38.886809849207],[-104.67713509901,38.8868065272895],[-104.677245913143,38.8868016920435],[-104.67727224013,38.8868001829377],[-104.677356601836,38.8867953459271],[-104.677467131647,38.8867874896048],[-104.677577470254,38.8867781264521],[-104.67768758189,38.886767258919],[-104.677797434235,38.8867548903812],[-104.677906993805,38.8867410251071],[-104.678016225975,38.8867256664561],[-104.678125099566,38.8867088187133],[-104.678233579912,38.8866904888415],[-104.678309593094,38.8866765544752],[-104.67834163353,38.8866706811096],[-104.678449228068,38.8866494015964],[-104.678490711604,38.8866405922977],[-104.678556331165,38.8866266572815],[-104.67866291046,38.8866024551446],[-104.678768932439,38.8865768021576],[-104.67887436473,38.8865497062012],[-104.678979174963,38.8865211751563],[-104.679083333051,38.8864912187219],[-104.679186805459,38.8864598456716],[-104.679289560959,38.8864270647957],[-104.679391568302,38.886392886686],[-104.679492797391,38.8863573219427],[-104.679593215826,38.8863203811496],[-104.679692793499,38.886282075808],[-104.679791500305,38.8862424174188],[-104.679889306128,38.8862014183842],[-104.679986182013,38.8861590902138],[-104.680082096672,38.8861154471032],[-104.680177021142,38.8860705014627],[-104.680270927602,38.886024266612],[-104.680363787048,38.8859767585647],[-104.680455570518,38.8859279897316],[-104.68054625016,38.8858779761346],[-104.680635799287,38.8858267329032],[-104.680724190059,38.8857742751588],[-104.680811394625,38.8857206189235],[-104.68089738743,38.8856657811367],[-104.680982141778,38.8856097778287],[-104.681065633254,38.8855526268479],[-104.681147833991,38.8854943460183],[-104.681228720748,38.8854349513948],[-104.681308267952,38.8853744617184],[-104.681386452322,38.8853128966473],[-104.681463248306,38.885250273121],[-104.681538634919,38.8851866117148],[-104.681612586588,38.8851219311698],[-104.681685082339,38.8850562511604],[-104.681756100037,38.8849895922537],[-104.681825617555,38.8849219741162],[-104.681893613912,38.8848534173229],[-104.681960068114,38.88478394335],[-104.682024960331,38.8847135727808],[-104.682088270712,38.8846423280002],[-104.682149980583,38.8845702295995],[-104.682210068929,38.8844973008564],[-104.682268519379,38.8844235623784],[-104.682325314379,38.8843490374673],[-104.682380435223,38.8842737494169],[-104.682433865518,38.8841977206363],[-104.682485590017,38.8841209744433],[-104.682535592328,38.8840435332469],[-104.682586934383,38.8839653465131],[-104.682593615048,38.8840546446907],[-104.682615356481,38.8848189177174],[-104.68259358387,38.8849618425261],[-104.68258003293,38.8850508011174],[-104.682580041288,38.8850522777201],[-104.682616109425,38.8909383320806],[-104.682617957011,38.8912399247093],[-104.682722845241,38.8912395325159],[-104.682723319038,38.8912395304419],[-104.682738263958,38.893677619392],[-104.682751287958,38.8958294260642],[-104.682760272604,38.8973137437973],[-104.682760508185,38.8974590132233],[-104.682765696499,38.900648472628],[-104.682766169555,38.9009389510245],[-104.682766170215,38.9009392942642],[-104.682871334035,38.9009389407099],[-104.68288301841,38.9009388552717],[-104.682935306368,38.9009384750411],[-104.684780359627,38.9009250346478],[-104.685969853051,38.9009163547169],[-104.68662983965,38.9009115328879],[-104.686666031888,38.9009112680911],[-104.689088515077,38.9008935365773],[-104.689138642617,38.9007366999661],[-104.689141283755,38.900728434806],[-104.689572161812,38.8993802614217],[-104.69006589007,38.8978353740691],[-104.690102459801,38.8977209415322],[-104.690134800846,38.8976197440682],[-104.690169671514,38.8975106292733],[-104.690259539979,38.8972294179481],[-104.690369917952,38.896097269877],[-104.690474638245,38.8950231249419],[-104.691272674653,38.8868363365239],[-104.691287283675,38.8866864461396],[-104.691289330234,38.8866654464498],[-104.691290657613,38.8866518271712],[-104.6913048084,38.8865066406926],[-104.691460737214,38.8849067857307],[-104.691677324371,38.8826844357469],[-104.691677330861,38.8826843718296],[-104.692028469662,38.8826810135138],[-104.692030461957,38.8809608528136],[-104.694270668554,38.8809464650151],[-104.694457922093,38.8809452603739],[-104.695020177156,38.8809416417591],[-104.695022569621,38.8787983313896],[-104.695025757374,38.8759416050697],[-104.695026446918,38.8753239461408],[-104.699125550226,38.8752975753698],[-104.701115862251,38.8752847190837],[-104.70129917509,38.8752835331893],[-104.701306944467,38.8752834829842],[-104.701308175384,38.8752834761289],[-104.701318035407,38.8752834204719],[-104.701502096932,38.8752823736339],[-104.70173421611,38.8752810557324],[-104.701870766224,38.8752802801324],[-104.702072203485,38.8752791355115],[-104.702243988044,38.8752781599572],[-104.702423322942,38.8752771395731],[-104.702450884909,38.8752769827899],[-104.702598882092,38.8752761407517],[-104.702661556347,38.8752757843057],[-104.702774441227,38.8752751425659],[-104.702872227767,38.8752745863405],[-104.70295000151,38.8752741441228],[-104.70308289919,38.8752733870926],[-104.703125560645,38.8752731445058],[-104.703293570597,38.8752721883637],[-104.703400653552,38.8752715792116],[-104.703400888668,38.8752715781206],[-104.70366628406,38.8752700664425],[-104.703714913387,38.87526978976],[-104.703841843165,38.8752690666443],[-104.703925584782,38.8752685889845],[-104.704017403428,38.875268065688],[-104.70413625616,38.875267388728],[-104.704192962523,38.8752670653594],[-104.704346927541,38.8752661871887],[-104.704368521623,38.8752660638648],[-104.705189614144,38.8752613772206],[-104.705948303155,38.875257043977],[-104.705953720192,38.8744787540619],[-104.70595473873,38.8743322148759],[-104.705955704226,38.874193304878],[-104.705973641614,38.8716114834172],[-104.705973642138,38.8716114365751],[-104.706867102553,38.8716080102801],[-104.707079520711,38.8716071941529],[-104.707114632733,38.8716070598621],[-104.707325295684,38.8716062502284],[-104.707360406563,38.8716061149547],[-104.707572088294,38.8716053001112],[-104.707588659528,38.8716052365377],[-104.707712530633,38.8716047604482],[-104.707804695236,38.8716044059159],[-104.707867016866,38.8716041658998],[-104.708015359314,38.87160359594],[-104.708028525038,38.8716035442287],[-104.70816896737,38.871603004014],[-104.708226022255,38.8716027837727],[-104.708323454747,38.8716024088667],[-104.708436686323,38.871601973033],[-104.709068677388,38.8715995349115],[-104.709081843101,38.8715994839817],[-104.709236330453,38.8715988885216],[-104.709360094359,38.8715984108475],[-104.709397838611,38.8715982640467],[-104.7095407737,38.871597712107],[-104.709695259891,38.871597116029],[-104.709747996488,38.8715969125184],[-104.709795616165,38.8715967282421],[-104.709856769184,38.8715964918249],[-104.709997211498,38.8715959485],[-104.710151697692,38.8715953509145],[-104.710514461172,38.871593946722],[-104.710624356353,38.8715935212245],[-104.712241687103,38.8715872443152],[-104.713231579277,38.8702493208848],[-104.713287432921,38.8701738278378],[-104.713344351045,38.8700968969591],[-104.713392511193,38.8700318019854],[-104.713432054946,38.8699783538],[-104.713494498187,38.8698939532157],[-104.713499090017,38.8698877475039],[-104.714302321417,38.8702512907445],[-104.714303290339,38.870251728817],[-104.714303703825,38.870251228021],[-104.714597764615,38.8698951756756],[-104.715248017271,38.8691078234935],[-104.715248621817,38.8690382003886],[-104.71524223431,38.8687400399496],[-104.715238221457,38.8685983450118],[-104.715233430829,38.8684292184369],[-104.715239001718,38.8684315821308],[-104.715395313652,38.8684979045932],[-104.715491330851,38.8685363762987],[-104.715588192388,38.8685735320331],[-104.715685869582,38.8686093598893],[-104.715784331436,38.8686438488456],[-104.715883549259,38.8686769878958],[-104.715983492024,38.8687087687209],[-104.716090997602,38.8687411977616],[-104.716192342075,38.8687701365776],[-104.716294318459,38.8687976877074],[-104.716396894574,38.8688238428244],[-104.716500039392,38.8688485936099],[-104.716603720723,38.8688719326385],[-104.716707908682,38.8688938525004],[-104.716812568754,38.8689143475561],[-104.716917672196,38.8689334113048],[-104.717023184513,38.8689510363058],[-104.717129074617,38.8689672196458],[-104.717235310317,38.8689819539002],[-104.717341858211,38.8689952370411],[-104.71744868725,38.8690070625527],[-104.717555764021,38.8690174293082],[-104.717663056313,38.869026331685],[-104.717770530715,38.8690337685566],[-104.717878154974,38.8690397379039],[-104.717985895784,38.8690440196876],[-104.718004759875,38.8690447691432],[-104.718017716561,38.8690451329048],[-104.718054896608,38.8690461776743],[-104.718093698115,38.8690471108228],[-104.718110057425,38.8690475037756],[-104.718125556623,38.8690477278796],[-104.718162321712,38.8690482590241],[-104.71820155654,38.8690486662358],[-104.718218099209,38.8690488378898],[-104.718233439408,38.869048850104],[-104.718269823987,38.8690488786665],[-104.718309433476,38.8690487496362],[-104.71832613305,38.8690486953087],[-104.71834132918,38.8690485002382],[-104.718377372314,38.8690480363919],[-104.718417296651,38.8690473608071],[-104.718434127829,38.8690470758232],[-104.71844919599,38.8690466762791],[-104.718484934462,38.8690457283799],[-104.718525111492,38.8690444995159],[-104.718542050093,38.869043981911],[-104.718557004083,38.8690433806891],[-104.718592475856,38.8690419543981],[-104.718632845707,38.8690401673473],[-104.718649865258,38.8690394142407],[-104.718664723493,38.8690386132668],[-104.718699965378,38.8690367142374],[-104.718740467006,38.8690343658866],[-104.718757542166,38.8690333762068],[-104.718772319613,38.8690323764824],[-104.718807369625,38.8690300058715],[-104.718847941946,38.8690270967107],[-104.718865047363,38.8690258702873],[-104.718879760155,38.8690246719213],[-104.718914656306,38.8690218308857],[-104.718955238237,38.8690183614051],[-104.71897234856,38.8690168980676],[-104.718987011665,38.8690155020615],[-104.719021791989,38.8690121899562],[-104.719062323568,38.8690081633565],[-104.719079412265,38.8690064656293],[-104.719094042996,38.8690048693969],[-104.719128744412,38.869001081966],[-104.719169164498,38.8689965041426],[-104.719186206186,38.8689945745579],[-104.719200819542,38.8689927763984],[-104.719235480105,38.8689885111951],[-104.719275729839,38.8689833898608],[-104.719292699138,38.8689812309508],[-104.719307310127,38.8689792282624],[-104.719341965653,38.8689744765188],[-104.719381984986,38.868968822982],[-104.719398856495,38.8689664390807],[-104.719413481288,38.8689642283686],[-104.719448168728,38.8689589831259],[-104.719487898771,38.8689528078023],[-104.719504648222,38.868950205053],[-104.719519301858,38.8689477810129],[-104.719554055896,38.8689420316936],[-104.719593438856,38.8689353504114],[-104.719610042001,38.868932533156],[-104.719624738354,38.8689298913767],[-104.719659594839,38.8689236265102],[-104.719698572931,38.868916454197],[-104.719715005482,38.8689134303806],[-104.719729758439,38.8689105655502],[-104.719764752093,38.8689037709554],[-104.719803268646,38.8688961261501],[-104.719813786172,38.868894039159],[-104.719831742146,38.8688902805273],[-104.71998696003,38.8688569215516],[-104.720026323765,38.8688476805961],[-104.720025946455,38.8689093162234],[-104.720023947061,38.8690413158489],[-104.720023947626,38.8691125087368],[-104.720023948124,38.8691583157474],[-104.720020612258,38.8692130641122],[-104.72001678859,38.8692758180188],[-104.720006947099,38.8694373156419],[-104.719998947765,38.8695703155025],[-104.719976947478,38.8699303159084],[-104.719964947672,38.8700753156447],[-104.719928009285,38.8705300954414],[-104.71991864239,38.8706454153594],[-104.719911138502,38.8707377951838],[-104.719887946925,38.8710233163687],[-104.719891947081,38.8713293159895],[-104.719898947932,38.8715943160188],[-104.719904947418,38.8717803166426],[-104.71990128762,38.8719481465546],[-104.719897947885,38.8721013159058],[-104.719897835798,38.8721075330202],[-104.719897605011,38.8721202545849],[-104.719897593039,38.8721209247585],[-104.719891947057,38.8724323162139],[-104.719884948339,38.8728363161393],[-104.719879947774,38.8734283158568],[-104.719877947967,38.8737613159036],[-104.71987594769,38.874029315728],[-104.719861947279,38.874486316832],[-104.719847947672,38.875009316295],[-104.71985394809,38.8758023163023],[-104.719869948032,38.8766623159432],[-104.719873947686,38.8768643170619],[-104.719859948238,38.8773883163763],[-104.719846507497,38.8776801738427],[-104.719838948475,38.8778443172094],[-104.719828948763,38.8789803163108],[-104.719809948035,38.8814673171843],[-104.719836948129,38.8824863176528],[-104.719807948801,38.8837563176786],[-104.719806870144,38.8838074902124],[-104.719788949617,38.884657317548],[-104.719783194628,38.8849227964342],[-104.719775655552,38.8852705945556],[-104.719773949055,38.8853493180146],[-104.719773801601,38.8853573870877],[-104.719763949374,38.8858973178724],[-104.719759948759,38.887015318016],[-104.719758948691,38.8874323185234],[-104.71976294906,38.8888813185242],[-104.719743949551,38.8912103182668],[-104.719764949574,38.891353318528],[-104.719753949784,38.8920133182775],[-104.719750949517,38.89219631943],[-104.719747950253,38.892383318678],[-104.719741949888,38.8927583189257],[-104.719743342922,38.8932725353623],[-104.719743949781,38.8934963190786],[-104.719744493357,38.8935962200726],[-104.719864435152,38.8935958152077],[-104.719864211402,38.8936272966527],[-104.720478592934,38.8936957264492],[-104.722015834872,38.8940752906244],[-104.723662625017,38.8944314026961],[-104.723754812737,38.8944517610375],[-104.723761933359,38.8944528247749],[-104.723804629708,38.89446192315],[-104.723896961732,38.8944819535217],[-104.724002474858,38.8945048176824],[-104.724108021501,38.8945276801688],[-104.724213532153,38.8945505720477],[-104.724319045493,38.8945734350201],[-104.724424557739,38.8945962987898],[-104.724530104349,38.8946191888179],[-104.724615423424,38.8946379358302],[-104.724706057561,38.8946589424921],[-104.724809836239,38.8946828645895],[-104.724913617282,38.8947067875103],[-104.725017395805,38.8947307364467],[-104.725121210427,38.8947546585041],[-104.725187028291,38.8947701175292],[-104.725206607797,38.8947757667991],[-104.725368554462,38.8948208899239],[-104.725560416888,38.8948710183011],[-104.725614743688,38.8948835438489],[-104.725663004665,38.8948946839575],[-104.725816881366,38.8949323934392],[-104.725978715021,38.8949716664667],[-104.726151783621,38.8950119203402],[-104.726234756663,38.8950300181247],[-104.72631577173,38.895047005551],[-104.726387399007,38.8950615142958],[-104.726476037516,38.8950787163025],[-104.726568250775,38.8950969852401],[-104.726651177067,38.895112832026],[-104.726737721408,38.8951288397526],[-104.726776679295,38.8951361005001],[-104.72680374774,38.895141415539],[-104.726850527147,38.8951499633862],[-104.726879364887,38.8951541370533],[-104.726892486959,38.8951558449996],[-104.726944044961,38.8951643696359],[-104.72701105483,38.8951771446321],[-104.727817056758,38.8952554867659],[-104.728038447331,38.8952821925067],[-104.728112824845,38.8952925437879],[-104.728221846544,38.8953030700798],[-104.728330833979,38.8953135699165],[-104.728439855743,38.895324096004],[-104.728548842109,38.8953345938269],[-104.728657863928,38.8953451206108],[-104.728766887245,38.8953556184741],[-104.728875874841,38.8953661177997],[-104.728984896766,38.895376643376],[-104.729093883284,38.8953871415887],[-104.729202905274,38.8953976669606],[-104.729311891856,38.8954081649689],[-104.729420915053,38.8954186910447],[-104.729529937444,38.8954291881846],[-104.729638993842,38.8954397413018],[-104.729748295164,38.8954504607995],[-104.729857561938,38.8954611799654],[-104.729966827592,38.895471899021],[-104.730076129023,38.8954826173097],[-104.730185394743,38.8954933361597],[-104.730294661649,38.8955040549147],[-104.730403963179,38.8955147728951],[-104.730513228706,38.8955255184614],[-104.730662797024,38.8955395792234],[-104.730896502738,38.8955615836652],[-104.73100475593,38.895571826589],[-104.731113007981,38.895582071206],[-104.731221260366,38.8955922877971],[-104.731329513632,38.8956025322201],[-104.731437765786,38.8956127756339],[-104.731643927274,38.8956345406056],[-104.731828057142,38.8956628594393],[-104.731961054868,38.8956919104062],[-104.732090672377,38.8957280242785],[-104.732180854762,38.8957554201211],[-104.732283254718,38.8957870694367],[-104.732385619324,38.8958186914016],[-104.732488018612,38.8958503126037],[-104.732590384241,38.8958819632217],[-104.732692783702,38.895913585144],[-104.732795149834,38.8959452058547],[-104.732897514594,38.8959768552934],[-104.732999915471,38.8960084778534],[-104.733102280725,38.8960400982857],[-104.73354945546,38.89617545365],[-104.733670901816,38.8962135424463],[-104.733850862115,38.8962734639151],[-104.733874490514,38.8962249273172],[-104.733952256799,38.8962498057822],[-104.734303953711,38.8963623188268],[-104.734927397864,38.8965392754565],[-104.73542668412,38.8966805158911],[-104.735825953344,38.8967933182514],[-104.736084954434,38.8968413183049],[-104.736334953432,38.8968563181399],[-104.736801953602,38.8968613182885],[-104.737553864959,38.89687746547],[-104.738431954201,38.8968683180951],[-104.738500293855,38.89686901532],[-104.738499898749,38.8969544255964],[-104.73849967343,38.8971065449787],[-104.738499690386,38.8971179681852],[-104.738499520447,38.8971600334314],[-104.738499022566,38.8972456745567],[-104.7384985267,38.8973313427206],[-104.738498028827,38.8974169829434],[-104.738497531805,38.8975026510982],[-104.738497035082,38.8975882913269],[-104.738496538068,38.8976739585792],[-104.73849604017,38.8977596006004],[-104.738495508571,38.8978452676246],[-104.73849501069,38.8979309078425],[-104.738494513661,38.8980165759924],[-104.738491859088,38.8981690370915],[-104.738491859993,38.8981691677244],[-104.738492198987,38.8982259061468],[-104.738493236362,38.8982338757755],[-104.738493765919,38.8982369548314],[-104.738493894187,38.8982381087915],[-104.738493984925,38.8982395372726],[-104.738494073155,38.8982443160912],[-104.738494199018,38.8982621371223],[-104.738493263193,38.8983460447878],[-104.738492327365,38.8984299524526],[-104.738492529306,38.8984964581621],[-104.738501457814,38.898591058062],[-104.738522839999,38.8986844206539],[-104.738547925324,38.8987535883762],[-104.738625109191,38.8989025076288],[-104.738671642956,38.8989802191519],[-104.738718176534,38.8990579576801],[-104.738764710213,38.899135696189],[-104.738811245147,38.8992134346861],[-104.738857779329,38.8992911452313],[-104.738892201718,38.899348099584],[-104.738946019663,38.8994281928451],[-104.739008577664,38.8995026848976],[-104.739079796867,38.8995722652814],[-104.739141182241,38.8996217358966],[-104.739168114309,38.8996431376675],[-104.739174907882,38.8996486468342],[-104.739181768832,38.8996544312083],[-104.739246279943,38.899700872762],[-104.739272824544,38.8997191702608],[-104.739325878668,38.8997557073544],[-104.739375151362,38.8997911764695],[-104.739449180329,38.8998445475484],[-104.739478507888,38.8998654433108],[-104.739561575635,38.8999247201233],[-104.739632432323,38.899975818146],[-104.739647561119,38.8999871473987],[-104.739654497766,38.8999924367582],[-104.739655333392,38.8999931016637],[-104.739715063704,38.9000364649254],[-104.739795575144,38.9000948464965],[-104.739876123896,38.9001532012283],[-104.739956635591,38.9002115835879],[-104.740037182013,38.9002699652167],[-104.740117695126,38.9003283474715],[-104.740198207229,38.9003867287618],[-104.740278756343,38.900445111138],[-104.740359268711,38.900503492316],[-104.740439815785,38.9005618745648],[-104.74052032957,38.9006202556381],[-104.740600878062,38.900678637782],[-104.740681392401,38.9007369917186],[-104.740761941168,38.9007953728493],[-104.740842455473,38.9008537545989],[-104.740923003352,38.9009121356097],[-104.741003969754,38.9009708499169],[-104.741026775077,38.900987337061],[-104.741106801981,38.9010453028409],[-104.741186411476,38.9011029631463],[-104.741233547678,38.9011378688787],[-104.741345592485,38.9012183139717],[-104.741425200063,38.9012759740973],[-104.741504635715,38.9013335519669],[-104.741584243542,38.9013912128838],[-104.741663853813,38.90144887286],[-104.741743426151,38.9015065343348],[-104.741818228702,38.9015603467422],[-104.741898196862,38.9016172404426],[-104.741972272409,38.901669950743],[-104.742118705042,38.9017783779255],[-104.741942189767,38.9019269046516],[-104.741886341099,38.9019738525931],[-104.741811913195,38.9020364662641],[-104.741737449403,38.9020990814555],[-104.741663020073,38.9021616959236],[-104.741588592054,38.9022242833268],[-104.741514127877,38.9022868974731],[-104.741439698154,38.9023495117969],[-104.741365338923,38.9024119905014],[-104.7412909101,38.9024746038358],[-104.741216445398,38.9025372177897],[-104.741142015438,38.9025998048968],[-104.741102300132,38.9026366697841],[-104.741017920084,38.902712866232],[-104.740985059695,38.9027393968583],[-104.740947490722,38.9027693831168],[-104.740944165546,38.9027714478316],[-104.740933515775,38.9027781609813],[-104.740921482931,38.9027861281254],[-104.740897038608,38.9028045859891],[-104.740847288968,38.9028463274678],[-104.740772715937,38.9029091872722],[-104.740698106172,38.902972019763],[-104.740623532877,38.9030348794707],[-104.740548923991,38.9030977127732],[-104.740474350422,38.9031605732852],[-104.740399775577,38.9032234328406],[-104.740340855769,38.9032715671522],[-104.740270567544,38.9033245972684],[-104.740227098142,38.9033573050171],[-104.740094051605,38.9032610554048],[-104.739829887355,38.9034840047089],[-104.739775002005,38.9035303255301],[-104.73965746973,38.9036295188428],[-104.739776092114,38.9037145686544],[-104.739639333403,38.9038128876003],[-104.739538787012,38.9038988075934],[-104.739486830408,38.9039431159651],[-104.739436480943,38.903981612477],[-104.739385942033,38.9040215365145],[-104.7393558575,38.9040448714262],[-104.73930765249,38.9040833548867],[-104.739250866744,38.9041321080012],[-104.739239448171,38.9041417798428],[-104.739229954837,38.9041488850783],[-104.739223647935,38.9041536499725],[-104.739078307139,38.9043106130729],[-104.738987398384,38.9044315495915],[-104.73891793541,38.9045385962151],[-104.738899879673,38.904567474456],[-104.738894728006,38.9045857834316],[-104.738894431515,38.9045905318006],[-104.738894372493,38.9045928106261],[-104.738894298892,38.904599674806],[-104.738893592329,38.9046130977112],[-104.738884043513,38.9046383785943],[-104.738860816364,38.9046808432919],[-104.738844407081,38.9047100340958],[-104.738802063282,38.9047820277034],[-104.73874716923,38.904870607997],[-104.738715379013,38.9049218839019],[-104.738668211842,38.9049979926015],[-104.738621114048,38.9050739657042],[-104.738574121963,38.9051498556989],[-104.738526377159,38.9052273334903],[-104.738483906641,38.9053011927633],[-104.738453331988,38.905355194496],[-104.738440024922,38.905378695822],[-104.738396109974,38.9054561707193],[-104.738352193478,38.9055336735168],[-104.738250969585,38.9057545479303],[-104.738249174302,38.9057576748134],[-104.738455202621,38.905827987323],[-104.73845423796,38.9059463783903],[-104.738451244776,38.9059454191728],[-104.73845120146,38.9059577311361],[-104.738450041978,38.9062870696107],[-104.738448961165,38.9065941371795],[-104.738448882484,38.9066164080732],[-104.73844772298,38.9069457465234],[-104.738446564618,38.9072750849689],[-104.738445405102,38.9076044224937],[-104.738444246709,38.9079337618154],[-104.738443087171,38.9082630993157],[-104.738442653222,38.9083865053882],[-104.738442218782,38.9085100646044],[-104.738441928766,38.908592437712],[-104.73844178434,38.9086336238188],[-104.738441350386,38.9087570298862],[-104.738440045231,38.9091275543535],[-104.73843965409,38.9092388025014],[-104.738441057284,38.9092388053861],[-104.739107124017,38.9092402139927],[-104.739107379314,38.9091674610984],[-104.739107508239,38.9091305891787],[-104.739107730765,38.9091305897341],[-104.739774970132,38.9091321148048],[-104.739774912952,38.9091484337582],[-104.739774587264,38.9092416017894],[-104.739773436165,38.9095709410707],[-104.739769955264,38.9095709336259],[-104.739107504475,38.9095695552026],[-104.739105968687,38.9095695514583],[-104.739105961143,38.9095718684562],[-104.739105926711,38.909581533705],[-104.739105535896,38.9096930638182],[-104.739107121273,38.9096930669861],[-104.739773003382,38.9096944534255],[-104.739772982449,38.9097003909469],[-104.739772571341,38.909818111725],[-104.739772283902,38.9099002803321],[-104.739772242082,38.9099119355617],[-104.739771587107,38.9100982832949],[-104.73976901559,38.9108306496745],[-104.739769961361,38.9108365448686],[-104.739770306202,38.9108386903014],[-104.740108746193,38.910839393678],[-104.740106751149,38.9114258339614],[-104.741597283843,38.9114231335546],[-104.741768316251,38.911422822015],[-104.741763047516,38.9117409409719],[-104.741738587263,38.9132179946101],[-104.741737091693,38.9132179965686],[-104.741738948182,38.9132196131301],[-104.74187373244,38.9132193659126],[-104.742986219138,38.9132173179147],[-104.743008000608,38.9132179921359],[-104.74299766655,38.9133593024645],[-104.743198119373,38.9136134940651],[-104.743036957124,38.9137223199869],[-104.742518957754,38.9140413204731],[-104.743094385316,38.9141308433253],[-104.743358878475,38.9142885292464],[-104.743702958074,38.9145113203047],[-104.743746274877,38.9145261042871],[-104.743703388711,38.9145421104347],[-104.743769875604,38.9146176450207],[-104.743849986542,38.9149447134709],[-104.743827522323,38.9150915132493],[-104.743698138776,38.9154662024007],[-104.743694833163,38.9157764009261],[-104.743669410578,38.9162007475006],[-104.743667844685,38.9163476840595],[-104.743665234848,38.9165925783187],[-104.744552725454,38.9176432991688],[-104.745172206531,38.9183493988687],[-104.74545645425,38.9191349583368],[-104.745967474949,38.9202158800534],[-104.746023406307,38.9208530105777],[-104.746103163657,38.9213077067646],[-104.746220452924,38.9217203439078],[-104.746378568923,38.922107900359],[-104.746478629343,38.9226154747105],[-104.746525210473,38.9228122107082],[-104.746489961262,38.9229602901283],[-104.746903158765,38.9231354268448],[-104.747777249415,38.9235273318253],[-104.747778802872,38.9235253707665],[-104.747780590195,38.9235285461883],[-104.74883743276,38.9240351069293],[-104.749410941842,38.9243607308575],[-104.749999034691,38.9248667211088],[-104.751181931368,38.925911022865],[-104.751501115417,38.92624134146],[-104.751953776085,38.9269566481947],[-104.751954556961,38.9269588279196],[-104.752094379724,38.9273038931673],[-104.752164308213,38.9275097603001],[-104.752186268152,38.9275775325757],[-104.75230812838,38.9279526593928],[-104.752365778059,38.9281829952656],[-104.752551088557,38.9287854193218],[-104.752601606187,38.9289355038013],[-104.752634620589,38.9290251760088],[-104.752743048304,38.9292507849586],[-104.752853050103,38.9294639944178],[-104.752896615176,38.9295433283647],[-104.752940179212,38.9296226604855],[-104.752983743335,38.9297019934901],[-104.753027308407,38.9297813553109],[-104.753070872735,38.9298606873804],[-104.753114438295,38.929940021242],[-104.753158002818,38.9300193532774],[-104.753201567135,38.9300987141217],[-104.753233799325,38.9301574082907],[-104.752927961917,38.930275322102],[-104.752730961139,38.9306803220474],[-104.752310961732,38.9310843225137],[-104.751939961513,38.9315003227268],[-104.751594961581,38.9318863225263],[-104.751139961145,38.9325783225219],[-104.750689961565,38.9331393222741],[-104.750438960677,38.9334353227756],[-104.750122961293,38.9336713228422],[-104.749847960942,38.9338803225514],[-104.749644960666,38.934199322944],[-104.749204961143,38.9345533227779],[-104.749103961152,38.9347983227783],[-104.748934961457,38.9350453231711],[-104.748681960585,38.9356333231592],[-104.748555961351,38.9357933235452],[-104.748323961384,38.9364033234301],[-104.747995961434,38.9367893233691],[-104.747308960843,38.9372243232954],[-104.746957961203,38.9374183230982],[-104.746705960981,38.9375563235271],[-104.746301960184,38.9377693233909],[-104.745889960492,38.9379563240426],[-104.745347960178,38.9381853234776],[-104.744714960261,38.9384293236183],[-104.7442499604,38.9383113234562],[-104.743867959931,38.9387083236758],[-104.743562960537,38.9388223240647],[-104.743303960304,38.9388603237018],[-104.7429219597,38.9388983240398],[-104.742532959972,38.938910324375],[-104.741960959537,38.9389563243607],[-104.741472959689,38.9392113244432],[-104.741090960105,38.9394783245484],[-104.740716959684,38.9399213246149],[-104.740716818589,38.9399213588278],[-104.740716837677,38.9399214075994],[-104.740713063279,38.9399318708947],[-104.740710410601,38.939939484852],[-104.740694959847,38.9399823239809],[-104.740694959389,38.9400053240988],[-104.740678959347,38.9400543242955],[-104.740672959477,38.9401023240403],[-104.740089959338,38.9400933242242],[-104.740009737675,38.9400921478892],[-104.739680959921,38.940087324653],[-104.739624500134,38.9401801695601],[-104.739590959787,38.9402353241087],[-104.739416958953,38.94023532431],[-104.738168959497,38.9402343247252],[-104.737606958888,38.9402333245113],[-104.734486958493,38.9402323248049],[-104.734271958318,38.9402313249869],[-104.733526958028,38.940230325438],[-104.731697957148,38.9402293246664],[-104.731433956997,38.9402373244677],[-104.731093957797,38.9402483248146],[-104.730610957241,38.9402693248819],[-104.729387183282,38.9402693255206],[-104.72937695729,38.9402693253397],[-104.729380971522,38.9401747054974],[-104.729383687722,38.9401106994712],[-104.729383957675,38.9401043248927],[-104.729340278461,38.9401045336957],[-104.729186278762,38.9401052709024],[-104.729174956362,38.9401053246973],[-104.728992980801,38.94010675821],[-104.727141957032,38.9401213248759],[-104.724766956266,38.94012932533],[-104.724739698801,38.9401294058204],[-104.724538610247,38.9401299995969],[-104.722729956274,38.9401353256711],[-104.722117955229,38.940138325366],[-104.720467955135,38.9401393250607],[-104.720210954474,38.940130326129],[-104.720075954888,38.9401273256166],[-104.720052954527,38.9403163257028],[-104.719952955275,38.940318325339],[-104.719911954882,38.9403193251184],[-104.71975264366,38.9403173341246],[-104.719751986252,38.9403166955009],[-104.719751953942,38.9403173258946],[-104.719742264295,38.9403171185613],[-104.719724436131,38.9403167368188],[-104.719564954823,38.9403133255533],[-104.719511653393,38.9403163020533],[-104.71944341153,38.9403201133796],[-104.719424432435,38.9403211733712],[-104.719345809365,38.9403255645055],[-104.719265588833,38.9403300439606],[-104.719243061615,38.9403313017225],[-104.718400954823,38.9403783257978],[-104.717489613769,38.9404003058648],[-104.717239953921,38.9404063258564],[-104.715234327422,38.9404727528555],[-104.71487002014,38.9404848147416],[-104.714612954157,38.940493325876],[-104.71396195305,38.9405243265715],[-104.713884952809,38.9405273268305],[-104.713368953555,38.9405613265152],[-104.712561746676,38.9406223826739],[-104.712249569458,38.9406459942974],[-104.712231952917,38.9406473262999],[-104.711183953577,38.940727325982],[-104.710368953562,38.9407513260642],[-104.709856305511,38.9407604490275],[-104.709629580653,38.9407644833279],[-104.708513952404,38.9407843265247],[-104.707258216866,38.9408254747548],[-104.707010134267,38.9408336024092],[-104.706346951764,38.9408553273184],[-104.705226950913,38.9409143268885],[-104.704915983876,38.9409375757836],[-104.704905951223,38.940938326102],[-104.704389866899,38.9409755186577],[-104.703892952055,38.9410113275579],[-104.702609950534,38.9410603270857],[-104.701853275931,38.9410694092611],[-104.701112930546,38.9410782914659],[-104.701109950552,38.9410783268538],[-104.701109624131,38.9410848802691],[-104.701085950768,38.9415603275758],[-104.701040950637,38.9424863272623],[-104.701034950326,38.9426273276961],[-104.701016950479,38.9430083266687],[-104.701011950649,38.9431213267122],[-104.701006247225,38.9433143131697],[-104.700999951368,38.9435273273727],[-104.700990014822,38.9435927418027],[-104.700987951472,38.9436063281147],[-104.700975773719,38.9436883149292],[-104.700972950178,38.9437073273846],[-104.700956950792,38.9438203275359],[-104.700955951079,38.9438473270487],[-104.700955950089,38.9439283272625],[-104.700952950454,38.9441303274912],[-104.700950950992,38.9442943276435],[-104.700949951082,38.944405328178],[-104.700947951636,38.9446583282924],[-104.70094695108,38.9447373279997],[-104.700944950682,38.9449403278341],[-104.700941951022,38.9451213277832],[-104.700941950575,38.9451493278188],[-104.700923951105,38.9456673278464],[-104.700918951251,38.9458493284228],[-104.700890951169,38.9467343276194],[-104.700886950958,38.9469573283611],[-104.70088395142,38.9472033280494],[-104.70088295069,38.9472863276064],[-104.700860951551,38.9487903287287],[-104.700839950941,38.949644328005],[-104.700824951058,38.9502843282943],[-104.700803951679,38.9511973282595],[-104.700799951727,38.951393327929],[-104.700797951747,38.9514423288588],[-104.700778951185,38.9522233285855],[-104.700768951936,38.952659328053],[-104.700730952729,38.9547143285648],[-104.700727952204,38.9548443290173],[-104.700727952631,38.9548673291851],[-104.700677899348,38.9548676943032],[-104.700590952542,38.9548683293168],[-104.700580038569,38.9548687840391],[-104.700560704142,38.954868853885],[-104.691413947999,38.9549016397224],[-104.688492100319,38.9549152927795],[-104.688390714414,38.9549156765264],[-104.688227821988,38.9549162922947],[-104.688235796744,38.9549087382608],[-104.688352026984,38.9547986534801],[-104.691699506187,38.9516279126399],[-104.691699971292,38.951627392464],[-104.691808451144,38.9515060102158],[-104.691702583881,38.9515072611515],[-104.691702310412,38.9515072646568],[-104.691712544113,38.9510493903428],[-104.691776019331,38.9482092602191],[-104.691776147934,38.9481963524945],[-104.691776150099,38.9481961624253],[-104.691776308429,38.9481802405841],[-104.689888666006,38.9481834330311],[-104.68988870933,38.9481991364637],[-104.686260881928,38.9482071961324],[-104.684134508949,38.9482118673405],[-104.683851974314,38.9482124854711],[-104.683193338671,38.9482139221965],[-104.682631801965,38.9482151446881],[-104.68262112738,38.9488740367812],[-104.68257310587,38.9518381123677],[-104.682572951264,38.9518381130831],[-104.679821426156,38.9518484163168],[-104.677925354811,38.9518554783221],[-104.676600013071,38.9518576153072],[-104.676549680001,38.9518576959871],[-104.676536030096,38.9518577182883],[-104.675106183905,38.9518645461089],[-104.673677047677,38.9518691173224],[-104.673282668704,38.9518703748611],[-104.673282690829,38.9518689714553],[-104.673444765429,38.9412926256853],[-104.673345565826,38.941292255885],[-104.664121714977,38.9412574565144],[-104.659080113297,38.9412690546375],[-104.659078907491,38.9416885349367],[-104.65901098268,38.9518584673384],[-104.654355243194,38.9518845751842],[-104.654230622466,38.9550255090847],[-104.644812142247,38.955079630058],[-104.644950564956,38.9467701051338],[-104.6376177977,38.9466830745388],[-104.637710592126,38.9412465809404],[-104.635260683351,38.9412174078995]],[[-104.696682232936,38.9408727162018],[-104.696687946311,38.9397745973791],[-104.69668585008,38.9397746225409],[-104.696685847918,38.9397748135113],[-104.696667801949,38.9397748402303],[-104.695889859517,38.939776001739],[-104.695897479714,38.9392687442139],[-104.695897610879,38.9392600210543],[-104.695897651214,38.9392572763694],[-104.695898051538,38.9392306060518],[-104.695900084657,38.9390952889729],[-104.695902559056,38.938930602837],[-104.696007975129,38.9389315684469],[-104.696009207879,38.9388494541687],[-104.696036009068,38.9373331750661],[-104.696035337734,38.9373331758312],[-104.695926551307,38.9373333256362],[-104.695821119243,38.9373334715045],[-104.694468075999,38.9373353285532],[-104.694480550664,38.9364983888973],[-104.694493256959,38.9356611372564],[-104.692020157793,38.935663095147],[-104.692035282632,38.9346597515357],[-104.692050593304,38.9336441022378],[-104.692090092925,38.9299911710037],[-104.690227397806,38.9300007819523],[-104.690227430142,38.9300025974421],[-104.690261003809,38.9318596836765],[-104.690222912855,38.9318601040446],[-104.689558268871,38.9318674328502],[-104.687437235823,38.9318767935923],[-104.687437219332,38.9318785357709],[-104.687420592143,38.9336608751754],[-104.687416234287,38.9336608951789],[-104.687144421395,38.9336620912886],[-104.687144264662,38.9336638919445],[-104.687098386934,38.9341892466458],[-104.687098134924,38.9341894971296],[-104.686654643548,38.9346292851697],[-104.686310641424,38.935109925905],[-104.685483883976,38.9357427311769],[-104.685483767967,38.9357442960863],[-104.685456688111,38.9361087232129],[-104.685456360927,38.9361088893853],[-104.684843339125,38.9364197832322],[-104.68484333129,38.9364213687182],[-104.684838820033,38.937317706417],[-104.687348591908,38.9373184281383],[-104.687348337579,38.9373281450033],[-104.687327879461,38.9381079888083],[-104.6873216871,38.9385164734901],[-104.687285790424,38.9408839617239],[-104.687285838868,38.9408839620624],[-104.687396506448,38.940883817226],[-104.688217155588,38.9408827438215],[-104.688269874259,38.9408826747958],[-104.688322591787,38.9408826048375],[-104.690109465544,38.9408816402128],[-104.690162184213,38.9408815703295],[-104.690170658236,38.9408815590574],[-104.690214902892,38.9408814995216],[-104.691898991048,38.9408792467842],[-104.693501030109,38.9408770818832],[-104.693520630185,38.940877054717],[-104.69420394486,38.94087612464],[-104.694249939452,38.9408760612777],[-104.694309382191,38.9408759802375],[-104.694414819512,38.9408758366404],[-104.695767930288,38.9408739793107],[-104.695873367613,38.9408738334906],[-104.695978804928,38.9408736884759],[-104.696682159116,38.940872715692],[-104.696682232936,38.9408727162018]],[[-104.696806794028,38.935658634042],[-104.69680575134,38.9359360817906],[-104.696802059064,38.9369189283753],[-104.696798359135,38.9379039702204],[-104.696794649765,38.938891263167],[-104.698813918394,38.938887718451],[-104.698813687545,38.9388974354901],[-104.698811904835,38.9389725615107],[-104.698812025933,38.9389725632457],[-104.699024027688,38.9389757376525],[-104.701132712278,38.9389720854924],[-104.701132799127,38.9389617089232],[-104.701715299248,38.938946205902],[-104.704897917031,38.9388606967784],[-104.704901430495,38.9388606036812],[-104.704904943928,38.9388605132864],[-104.704908458484,38.9388604256016],[-104.704911971857,38.9388603406114],[-104.704915486363,38.9388602574305],[-104.704919000828,38.9388601778527],[-104.704922515263,38.9388601009773],[-104.704926029678,38.9388600259033],[-104.704929544063,38.9388599535316],[-104.704933058407,38.9388598847632],[-104.704936573885,38.938859817804],[-104.704940088179,38.9388597535393],[-104.704943603596,38.9388596919847],[-104.704947117829,38.9388596331246],[-104.704950633185,38.9388595769747],[-104.704954148511,38.938859523527],[-104.704957663807,38.9388594727817],[-104.704961179072,38.9388594247387],[-104.704964694318,38.9388593784973],[-104.704968209523,38.9388593358589],[-104.704971724697,38.9388592959228],[-104.704975239852,38.9388592577882],[-104.704978754976,38.938859222356],[-104.704982271213,38.9388591905347],[-104.704985786277,38.938859160507],[-104.704989302463,38.9388591331895],[-104.704992817466,38.9388591085665],[-104.704996333592,38.9388590866537],[-104.704999848535,38.9388590674353],[-104.7050033646,38.938859050927],[-104.705006880636,38.9388590371211],[-104.705010395487,38.9388590260096],[-104.705013911462,38.9388590176083],[-104.705017427416,38.9388590110085],[-104.705020943331,38.9388590080118],[-104.705024459225,38.9388590068165],[-104.705027975078,38.9388590092245],[-104.705031490912,38.9388590134339],[-104.705035006715,38.9388590203456],[-104.705038522477,38.9388590308604],[-104.70504203822,38.9388590431768],[-104.705045553932,38.9388590581955],[-104.705049069614,38.9388590759164],[-104.705052585266,38.9388590963397],[-104.705056100887,38.9388591194653],[-104.705059616479,38.9388591452932],[-104.70506313205,38.9388591729225],[-104.70506664758,38.938859204155],[-104.705070163091,38.938859237189],[-104.705073678561,38.9388592738261],[-104.705077192857,38.9388593122568],[-104.705080708267,38.9388593542985],[-104.705084223656,38.9388593981418],[-104.705087739015,38.9388594446873],[-104.705091254334,38.938859494836],[-104.705094769632,38.9388595467861],[-104.705098284901,38.9388596014385],[-104.705101800139,38.9388596587934],[-104.705105314193,38.9388597188425],[-104.70510882938,38.9388597807011],[-104.705112344528,38.9388598461628],[-104.705115858491,38.9388599143189],[-104.705119373578,38.9388599851851],[-104.705122887491,38.9388600578451],[-104.705126402517,38.938860134116],[-104.705129916369,38.9388602121805],[-104.705133431345,38.9388602929553],[-104.705136945127,38.9388603773252],[-104.705140458888,38.9388604634966],[-104.70514397262,38.9388605523704],[-104.705147486321,38.9388606439465],[-104.705150999992,38.9388607382249],[-104.705154513632,38.9388608352055],[-104.705158027243,38.9388609348885],[-104.705161540823,38.9388610372739],[-104.705165054383,38.9388611414606],[-104.705168566749,38.9388612492427],[-104.705172080238,38.9388613597349],[-104.705175592554,38.9388614720207],[-104.705179104839,38.9388615870089],[-104.705182618238,38.938861705608],[-104.705186130463,38.9388618260008],[-104.705189642657,38.9388619490959],[-104.705193154822,38.9388620748933],[-104.705196665792,38.9388622042859],[-104.705200177896,38.9388623354879],[-104.70520368997,38.9388624693922],[-104.70520720087,38.9388626050901],[-104.705210712883,38.9388627443991],[-104.705214223712,38.9388628864024],[-104.705217734511,38.938863031108],[-104.70522124529,38.9388631776152],[-104.705224756029,38.9388633277255],[-104.705228265594,38.9388634796294],[-104.705231776282,38.9388636342435],[-104.705235285777,38.9388637924527],[-104.705238795251,38.9388639524636],[-104.705242305848,38.9388641151846],[-104.705245814109,38.9388642805921],[-104.705249323492,38.9388644487099],[-104.705252832846,38.9388646195299],[-104.705256341015,38.9388647930444],[-104.705259850308,38.938864969269],[-104.705263358427,38.9388651472873],[-104.705266866506,38.9388653289087],[-104.705270374564,38.9388655123316],[-104.705273881429,38.9388656993497],[-104.705277389427,38.9388658881773],[-104.705280896232,38.9388660806],[-104.705284403016,38.9388662748243],[-104.70528790977,38.9388664717508],[-104.705291416494,38.9388666713797],[-104.705294923187,38.9388668737108],[-104.705298428697,38.9388670787365],[-104.705301934177,38.9388672864644],[-104.705305439626,38.9388674968946],[-104.705308945045,38.9388677100271],[-104.70531244929,38.9388679249533],[-104.705315954649,38.9388681434904],[-104.705319458834,38.9388683638212],[-104.705322962979,38.9388685877551],[-104.705326467103,38.9388688134904],[-104.705329970044,38.9388690419202],[-104.705333474098,38.938869273961],[-104.705336976978,38.9388695077955],[-104.705340478675,38.9388697443243],[-104.705343981495,38.9388699835634],[-104.705347483141,38.938870224596],[-104.7053509859,38.9388704692397],[-104.705354487476,38.9388707165778],[-104.705357987868,38.9388709666103],[-104.705361489393,38.9388712184522],[-104.705364989725,38.9388714738893],[-104.705368490036,38.9388717311279],[-104.705371990317,38.9388719910689],[-104.705375489405,38.9388722546051],[-104.705378988472,38.9388725199427],[-104.705382487509,38.9388727879828],[-104.705385986516,38.9388730587251],[-104.705389484339,38.9388733321618],[-104.705392982132,38.9388736083008],[-104.705396479905,38.9388738862413],[-104.705399977637,38.938874167785],[-104.705403474186,38.9388744520231],[-104.705406970714,38.9388747380627],[-104.705410467203,38.9388750277053],[-104.705413962517,38.9388753191417],[-104.705417457802,38.9388756132803],[-104.705420953056,38.9388759101213],[-104.70542444828,38.9388762096645],[-104.70542794232,38.9388765119021],[-104.70543143633,38.9388768168422],[-104.70543493031,38.9388771244845],[-104.705438423107,38.9388774348212],[-104.705441915872,38.9388777478602],[-104.705445408618,38.9388780627008],[-104.705448901324,38.9388783811444],[-104.705452392856,38.9388787013817],[-104.705455884358,38.9388790243213],[-104.705459374666,38.9388793508561],[-104.705462864953,38.9388796791924],[-104.705466355211,38.9388800102311],[-104.705469845438,38.938880343972],[-104.705473334482,38.9388806804074],[-104.705476823506,38.9388810186443],[-104.705480311336,38.9388813604764],[-104.705483800289,38.9388817050187],[-104.705487286915,38.9388820513467],[-104.705490774654,38.9388824012858],[-104.705494261219,38.9388827530184],[-104.705497747755,38.9388831074534],[-104.705501233107,38.9388834645828],[-104.705504718418,38.9388838253153],[-104.705508203709,38.9388841878493],[-104.70551168898,38.9388845521849],[-104.705515173058,38.9388849201156],[-104.705518655952,38.9388852907408],[-104.705522138815,38.9388856640684],[-104.705525621659,38.9388860391973],[-104.705529104462,38.9388864179295],[-104.705532586091,38.9388867984552],[-104.705536067691,38.9388871816833],[-104.705539548106,38.9388875676058],[-104.705543028492,38.9388879562306],[-104.705546508847,38.9388883475577],[-104.705549988019,38.9388887415792],[-104.70555346716,38.9388891383031],[-104.705573512346,38.9388914418087],[-104.705579525332,38.9388921837551],[-104.70558299716,38.9388926155622],[-104.705586468958,38.9388930500716],[-104.705589939582,38.9388934863746],[-104.705593410166,38.9388939262808],[-104.705596879566,38.9388943688813],[-104.705600348946,38.9388948132834],[-104.705603818285,38.9388952612886],[-104.705607286452,38.9388957110874],[-104.705610753434,38.9388961635807],[-104.70561422153,38.9388966196849],[-104.705617687298,38.9388970775749],[-104.705621153037,38.9388975381672],[-104.705624618755,38.938898000561],[-104.70562808328,38.9388984665501],[-104.705631547774,38.9388989352414],[-104.705635011095,38.9388994057264],[-104.705638474376,38.9388998798145],[-104.705641937636,38.9389003557041],[-104.70564539856,38.9389008342803],[-104.705648860606,38.9389013155666],[-104.705652321469,38.9389017995474],[-104.705655781149,38.9389022862226],[-104.705659240798,38.9389027756002],[-104.705662699273,38.9389032667713],[-104.705666157709,38.9389037615456],[-104.705669616124,38.9389042581214],[-104.705673072202,38.9389047573837],[-104.705676529393,38.938905260257],[-104.705679985411,38.9389057649241],[-104.705683440245,38.9389062722855],[-104.705686895059,38.9389067814483],[-104.70569034868,38.9389072942065],[-104.70569380227,38.9389078096669],[-104.705697254686,38.938908326921],[-104.705700707073,38.9389088468774],[-104.705704158265,38.938909370429],[-104.705707609438,38.9389098957822],[-104.705711059427,38.9389104238297],[-104.705714508232,38.9389109545718],[-104.705717957017,38.9389114871153],[-104.705721405762,38.9389120232619],[-104.705724853323,38.938912562103],[-104.705728299711,38.9389131027377],[-104.705731746068,38.9389136460747],[-104.705735505843,38.9389142194788],[-104.705738955832,38.9389147475256],[-104.705742404628,38.9389152791676],[-104.705745853403,38.9389158126111],[-104.705749300985,38.9389163496498],[-104.705752748547,38.93891688849],[-104.705756196078,38.9389174300326],[-104.705759641273,38.9389179742617],[-104.705763086437,38.9389185211931],[-104.705766531581,38.9389190699261],[-104.705769975531,38.9389196222543],[-104.705773418308,38.9389201763761],[-104.705776861045,38.938920734101],[-104.705780303761,38.9389212936274],[-104.705783744141,38.9389218558404],[-104.705787185644,38.9389224207636],[-104.705790624809,38.9389229883733],[-104.705794063945,38.9389235586854],[-104.70579750306,38.9389241307989],[-104.705800940982,38.9389247065077],[-104.70580437773,38.9389252840102],[-104.705807813294,38.938925864207],[-104.705811248829,38.9389264471062],[-104.705814684333,38.9389270327077],[-104.705818118653,38.9389276210036],[-104.70582155179,38.938928211994],[-104.705824984907,38.9389288047859],[-104.70582841684,38.9389294002722],[-104.70583184758,38.9389299993537],[-104.705835278299,38.9389306002369],[-104.705838707835,38.9389312038143],[-104.705842137341,38.9389318100941],[-104.705845565673,38.9389324181676],[-104.705848992811,38.9389330298363],[-104.705852419919,38.9389336442073],[-104.705855845854,38.9389342603719],[-104.705859270605,38.938934879231],[-104.705862695326,38.9389355007923],[-104.705866118863,38.9389361250482],[-104.70586954237,38.9389367520063],[-104.705872964704,38.9389373807581],[-104.705876385843,38.9389380131051],[-104.70587980581,38.9389386472457],[-104.705883225746,38.9389392840887],[-104.705886644498,38.9389399236261],[-104.705890063221,38.9389405658658],[-104.70589348076,38.9389412107999],[-104.705896897115,38.9389418584286],[-104.70590031345,38.9389425078587],[-104.705903728591,38.938943160884],[-104.705907142559,38.938943815703],[-104.705910556497,38.9389444732243],[-104.705913969251,38.93894513344],[-104.705917380831,38.9389457954494],[-104.705920791218,38.938946461054],[-104.705924201575,38.9389471293609],[-104.705927610758,38.9389477994615],[-104.705931019911,38.9389484722644],[-104.70593442788,38.9389491477617],[-104.705937834666,38.9389498259534],[-104.705941240278,38.9389505059388],[-104.70594464585,38.9389511895273],[-104.705948050249,38.9389518749094],[-104.705951453454,38.9389525638869],[-104.705954855485,38.9389532546579],[-104.705958257486,38.9389539481312],[-104.705961658314,38.9389546433982],[-104.705965059101,38.9389553422683],[-104.705968457561,38.9389560429241],[-104.705971855982,38.9389567471831],[-104.705975254382,38.9389574532436],[-104.705978650445,38.9389581619906],[-104.705982046478,38.93895887344],[-104.705985441337,38.938959586683],[-104.705988835003,38.9389603035212],[-104.705992228648,38.938961022161],[-104.705995619957,38.9389617434873],[-104.705999012389,38.9389624675238],[-104.706002402483,38.9389631942469],[-104.706005791395,38.9389639236645],[-104.706009180286,38.9389646548835],[-104.706012567993,38.938965388797],[-104.706015954517,38.9389661254049],[-104.706019341011,38.9389668647151],[-104.706022726321,38.9389676067198],[-104.706026110448,38.9389683514189],[-104.706029493401,38.9389690979117],[-104.70603287516,38.9389698479997],[-104.7060362569,38.9389705998892],[-104.706039637455,38.9389713544731],[-104.706043016838,38.9389721108507],[-104.706046395026,38.9389728708236],[-104.706049773195,38.9389736325979],[-104.706053149016,38.9389743979596],[-104.706056524817,38.9389751651229],[-104.706059900588,38.9389759349884],[-104.706063274033,38.9389767066397],[-104.706066646283,38.9389774818863],[-104.706070018514,38.9389782589344],[-104.706073389561,38.9389790386769],[-104.706076759424,38.9389798211139],[-104.706080129257,38.9389806062532],[-104.706083496753,38.938981394079],[-104.706086864229,38.9389821837064],[-104.706090230522,38.9389829760282],[-104.70609359563,38.9389837710444],[-104.706096959556,38.9389845687551],[-104.706100322297,38.9389853691603],[-104.706103685019,38.9389861713669],[-104.706107045394,38.938986977161],[-104.706110405748,38.9389877847565],[-104.706113764919,38.9389885950465],[-104.70611712406,38.9389894080388],[-104.706120480873,38.9389902228168],[-104.706123836504,38.9389910402894],[-104.706127192094,38.938991861365],[-104.70613054652,38.9389926833335],[-104.706133899753,38.9389935088972],[-104.706137251802,38.9389943371553],[-104.706140602678,38.9389951672072],[-104.70614395237,38.9389959999534],[-104.706147302033,38.938996835402],[-104.706150650511,38.938997673545],[-104.706153996653,38.9389985143746],[-104.706157342774,38.9389993570057],[-104.706160687712,38.9390002023312],[-104.706164031466,38.9390010503512],[-104.70616737519,38.9390019010735],[-104.706170716587,38.9390027535816],[-104.706174056791,38.9390036096849],[-104.706177396974,38.9390044675898],[-104.706180735974,38.9390053281891],[-104.706184072637,38.9390061914749],[-104.70618740928,38.9390070565623],[-104.706190744739,38.9390079243441],[-104.706194079015,38.9390087948204],[-104.706197413261,38.939009667999],[-104.706200745169,38.9390105438642],[-104.706204075904,38.939011421523],[-104.706207406599,38.939012302785],[-104.706210734967,38.9390131858326],[-104.706214063315,38.9390140706819],[-104.706217389315,38.9390149591184],[-104.706220715296,38.9390158493566],[-104.706224040083,38.9390167431899],[-104.706304755489,38.9390387113374],[-104.706534718071,38.9389799703756],[-104.706638756578,38.9390282155061],[-104.706790568067,38.9390986135875],[-104.706261557824,38.9396813653701],[-104.706087408474,38.9398807743495],[-104.706054365702,38.9399178981268],[-104.706020975125,38.9399540411723],[-104.705986781058,38.9399897228818],[-104.705951793993,38.9400249334165],[-104.705916025593,38.940059661144],[-104.705879486351,38.9400938962256],[-104.705842187921,38.9401276279297],[-104.705804139651,38.9401608455089],[-104.705765355495,38.9401935391482],[-104.705725600348,38.9402258955239],[-104.705724617972,38.9402266815845],[-104.705723572765,38.9402275158632],[-104.705722479844,38.9402283876527],[-104.705721275456,38.9404945370322],[-104.708556809205,38.9404184222594],[-104.708562525505,38.9404182683658],[-104.708474448365,38.9384180685226],[-104.707392446537,38.9383907129699],[-104.707249647737,38.9383153006653],[-104.707159535595,38.9382677113411],[-104.708275725911,38.9369785006088],[-104.708643367944,38.9365426941997],[-104.70864760564,38.9365370187004],[-104.709288367924,38.9356788621354],[-104.709288207546,38.9356788664504],[-104.707385096629,38.935727738493],[-104.707390826992,38.9344467900794],[-104.705751639184,38.9344888561794],[-104.705756134181,38.9334891581993],[-104.70462868261,38.9335164679992],[-104.703278113493,38.9335491682632],[-104.702236330424,38.9335743804998],[-104.701918962829,38.9335820597282],[-104.701167715014,38.9336011882622],[-104.701195113264,38.9299334312244],[-104.698508435283,38.9299734079062],[-104.69840909004,38.9299748853417],[-104.697111107068,38.9299941745782],[-104.696828055844,38.9299983795136],[-104.696824089527,38.9310544002882],[-104.696820438909,38.9320263777817],[-104.696816779782,38.9330005244099],[-104.696813111139,38.93397703115],[-104.696809435647,38.9349554583925],[-104.696806794028,38.935658634042]],[[-104.719823075575,38.9330397605697],[-104.719521523997,38.9330740489217],[-104.719521398103,38.9330933582873],[-104.719518316798,38.9330933033774],[-104.714949765043,38.9330122016555],[-104.714897828665,38.9336848205271],[-104.714619630157,38.9336290385864],[-104.714614478219,38.9346303847104],[-104.714614478883,38.9346304288577],[-104.714611936589,38.9351245640154],[-104.714612434919,38.9351245601733],[-104.714851251286,38.9351229293636],[-104.714851266557,38.9351261356739],[-104.714854488127,38.935794586288],[-104.714762223881,38.9364189341552],[-104.714762126385,38.9366201362564],[-104.714763082697,38.9366201282984],[-104.714850963585,38.936619451313],[-104.714849917236,38.9368773380319],[-104.714852612766,38.936877349921],[-104.719577474581,38.9368973153899],[-104.719597796754,38.9368973904809],[-104.719620711809,38.934756338566],[-104.719626454504,38.9342198416239],[-104.719622364301,38.9330903989397],[-104.719824990646,38.933060702494],[-104.720123445205,38.9330169613527],[-104.720157603789,38.9330147192935],[-104.72016824012,38.9330140203623],[-104.72016171319,38.9329765372257],[-104.720160307105,38.9329684640853],[-104.720159950656,38.9329563999088],[-104.720159855785,38.9329527534403],[-104.720159854023,38.9329527038805],[-104.720159682827,38.9329461371713],[-104.720159624549,38.9329438836976],[-104.720159571607,38.9329419843026],[-104.720159570771,38.9329419554691],[-104.720159385345,38.9329353192973],[-104.720159317326,38.9329329027003],[-104.720159237224,38.9329302211656],[-104.720159083466,38.9329251112847],[-104.720158988179,38.9329219224568],[-104.720158897144,38.9329190813943],[-104.720158724621,38.9329136849101],[-104.72015863711,38.9329109429672],[-104.720158579504,38.9329092579488],[-104.720158578698,38.9329092264128],[-104.720158217837,38.9328987180141],[-104.720158199488,38.9328981836734],[-104.720157581404,38.9328813800522],[-104.72015753648,38.9328802203277],[-104.720157534728,38.932880169867],[-104.720157227214,38.9328723635436],[-104.720157125472,38.9328697620415],[-104.720157008717,38.9328669523371],[-104.720156772569,38.9328612581382],[-104.720156670515,38.9328587899632],[-104.720156500051,38.9328548853381],[-104.720156144539,38.9328467237489],[-104.720156120513,38.9328461812624],[-104.720155365604,38.932829863195],[-104.720155320621,38.9328289187786],[-104.720154708513,38.9328163988478],[-104.72015406828,38.9328039192677],[-104.720154015718,38.9328029297568],[-104.720153413652,38.9327916999433],[-104.720152808513,38.9327808547817],[-104.720152604216,38.9327771949672],[-104.720152458831,38.932774681458],[-104.720152423846,38.9327740866473],[-104.720152107793,38.9327686315448],[-104.720151998729,38.9327668011407],[-104.720151595431,38.932760049097],[-104.720151569959,38.9327596381282],[-104.720150868185,38.9327482454889],[-104.720150827082,38.9327475776665],[-104.720150004586,38.9327346806609],[-104.720149186838,38.9327222962837],[-104.720149162084,38.9327219249581],[-104.720148604813,38.9327137557099],[-104.720148393185,38.9327106579908],[-104.720148133905,38.9327069635745],[-104.720148131925,38.9327069338324],[-104.720147855693,38.9327029978684],[-104.720147737987,38.9327013241583],[-104.720147149027,38.9326930997443],[-104.720147140998,38.9326929906848],[-104.720146442475,38.9326835061159],[-104.720146406153,38.9326830329141],[-104.720146344999,38.9326821955932],[-104.720145637501,38.9326727929435],[-104.720145459853,38.9326704864187],[-104.720145395229,38.9326696499753],[-104.720144964078,38.9326640679787],[-104.720144802131,38.9326620120018],[-104.720144229213,38.9326547417197],[-104.720144089441,38.9326529768734],[-104.72014390567,38.9326507027389],[-104.720143346389,38.9326437658712],[-104.720143262109,38.9326427238971],[-104.720142592423,38.932634603443],[-104.720142556779,38.9326341734876],[-104.720141736511,38.9326244322544],[-104.720141048446,38.9326164098722],[-104.720140926716,38.9326149973881],[-104.720140009288,38.9326045465165],[-104.720139122459,38.932594669706],[-104.720138945673,38.9325927046177],[-104.720138795328,38.9325910622192],[-104.720138053662,38.9325829845243],[-104.720137405735,38.9325760326481],[-104.72013722729,38.9325741134933],[-104.720136949315,38.9325711756847],[-104.720136758996,38.9325691825786],[-104.720136403275,38.932565447877],[-104.720136205318,38.9325634150814],[-104.720135260374,38.9325536838225],[-104.720135161908,38.9325526732838],[-104.720134154097,38.9325424704469],[-104.720134149999,38.932542423574],[-104.720132954512,38.9325306168258],[-104.720132935752,38.9325304347236],[-104.720131951774,38.9325208968907],[-104.720131752659,38.9325189694893],[-104.720131501973,38.9325165922066],[-104.720130909726,38.9325109757973],[-104.720130576511,38.9325078169044],[-104.720130404952,38.9325062158038],[-104.720129224616,38.9324952343566],[-104.720128040074,38.9324844258489],[-104.720127947731,38.9324835928231],[-104.720127033313,38.9324753869466],[-104.720126873504,38.9324739760089],[-104.720126105045,38.9324671818781],[-104.720125976668,38.9324660594305],[-104.72012484928,38.932456242266],[-104.720124822923,38.9324560168711],[-104.720123537796,38.9324450203071],[-104.720122448359,38.9324358430169],[-104.720122240354,38.9324340948296],[-104.72012180364,38.9324304884097],[-104.720120891074,38.9324229536958],[-104.720119142866,38.9324087559278],[-104.720117600762,38.932396479302],[-104.720117509379,38.9323957688015],[-104.720117504088,38.9323957255241],[-104.720116419764,38.9323872374357],[-104.72011612452,38.9323849265188],[-104.720115784242,38.9323823053995],[-104.720114986536,38.9323761786192],[-104.720114598409,38.9323731887221],[-104.720114408862,38.9323717550632],[-104.720112755057,38.93235925247],[-104.720111014399,38.9323463619191],[-104.72011085859,38.9323452167657],[-104.720109391615,38.9323345000544],[-104.720108279945,38.9323265063618],[-104.720108084335,38.9323250996884],[-104.720107131191,38.9323183187329],[-104.720106933284,38.9323169111432],[-104.720105622633,38.93230771255],[-104.720104395847,38.9322991739582],[-104.720104372207,38.932299016147],[-104.720103220533,38.9322910942558],[-104.720103004837,38.9322896261884],[-104.720102008982,38.9322828485498],[-104.720101978917,38.9322826456518],[-104.720099919579,38.9322688421812],[-104.720017416603,38.9316892987766],[-104.721562052467,38.9310438216471],[-104.722768547531,38.9308214363935],[-104.723145937268,38.9302440640898],[-104.724021013194,38.9297101505815],[-104.725051652881,38.9296006603056],[-104.72506300056,38.9295690972637],[-104.725064969149,38.9295636222634],[-104.725073127368,38.9295428709643],[-104.725081749128,38.9295222344614],[-104.725090830912,38.9295017181363],[-104.725093830447,38.9294953058898],[-104.725100372717,38.929481321989],[-104.725110362716,38.9294610729667],[-104.725120806833,38.9294409566948],[-104.725131699163,38.9294209857461],[-104.725160269796,38.9293710380175],[-104.72512693544,38.9293594478174],[-104.725104553799,38.929348971992],[-104.725074772095,38.9293359793654],[-104.725045285461,38.9293225824035],[-104.725016103074,38.9293087856721],[-104.724987234121,38.9292945928361],[-104.724958685464,38.9292800093467],[-104.724930467453,38.9292650379758],[-104.724902589254,38.92924968419],[-104.724875057738,38.9292339525394],[-104.724847882083,38.9292178475901],[-104.724821070302,38.9292013748009],[-104.724794631572,38.9291845387376],[-104.724768572755,38.9291673448512],[-104.724742901873,38.9291497977001],[-104.724715537092,38.9291304239927],[-104.72464099706,38.9291511642562],[-104.724640272186,38.9291507945701],[-104.72458194841,38.9291210606935],[-104.724531174902,38.929093397788],[-104.724481027141,38.9290650471621],[-104.724431520022,38.9290360179248],[-104.724382669613,38.9290063173909],[-104.724334490788,38.9289759564709],[-104.724286997307,38.9289449424644],[-104.724240204047,38.928913286282],[-104.72419412591,38.9288809961318],[-104.724148775454,38.9288480838096],[-104.724104167584,38.9288145575237],[-104.724060314867,38.9287804281692],[-104.724017232177,38.9287457066566],[-104.723957667852,38.9286956332829],[-104.72355563333,38.9283493650876],[-104.723629459733,38.9282964010326],[-104.723620777449,38.9282890234801],[-104.722688198211,38.9274966364473],[-104.722167592913,38.9278704684707],[-104.722257959617,38.9279472524588],[-104.721901934433,38.9282029000683],[-104.721607952247,38.9284139956737],[-104.720996290644,38.9278942638415],[-104.720380603016,38.9283363507067],[-104.720114233198,38.9280810266136],[-104.720063076847,38.9280673281129],[-104.719981420598,38.9280443090963],[-104.719981130288,38.9280442792221],[-104.719887177019,38.9280183507226],[-104.719598524508,38.9280205816091],[-104.719596550484,38.92880127515],[-104.719613759813,38.9296665208737],[-104.719650514126,38.9301802634188],[-104.719734388059,38.9308819180576],[-104.719835338952,38.9315813151172],[-104.719909357026,38.9320255329824],[-104.719979841017,38.9324383658814],[-104.720012754295,38.9327661539045],[-104.720028428945,38.9330164097941],[-104.719823075575,38.9330397605697]],[[-104.714783398129,38.9286082456706],[-104.716514437872,38.9262699619448],[-104.716369233102,38.9262698493678],[-104.715614548242,38.9272728126324],[-104.715374236422,38.9271624840476],[-104.715117051598,38.9270444079835],[-104.714802070229,38.9268997959783],[-104.714535845553,38.9268662028013],[-104.714374171466,38.9269110904776],[-104.714289217825,38.9269366914605],[-104.712610296358,38.9274458229684],[-104.712609706002,38.9274479927807],[-104.712399916948,38.927842688386],[-104.714638090281,38.9285704323039],[-104.714783398129,38.9286082456706]],[[-104.666556396498,38.9264301881561],[-104.66798849286,38.9264244770188],[-104.667990901448,38.9264382065163],[-104.668643471823,38.9264394192799],[-104.668664040597,38.9264394573077],[-104.673417933179,38.9264166340462],[-104.675765613316,38.9264047925956],[-104.67791108228,38.9263939294334],[-104.680490293413,38.9263808174016],[-104.680491792702,38.9263163062532],[-104.680497929712,38.9246223861124],[-104.680505255852,38.9225999726713],[-104.680511412444,38.9207913521923],[-104.680525186142,38.9172940155329],[-104.68286743941,38.9172718525165],[-104.682873729405,38.9172717931159],[-104.683173769921,38.9172191124461],[-104.683098323645,38.9127911590244],[-104.683101931709,38.9118149737641],[-104.683053521291,38.9118152786692],[-104.682888616086,38.9118163207663],[-104.682784405827,38.9118169793417],[-104.682783418806,38.9117334591798],[-104.682780854225,38.9101349864186],[-104.682780716568,38.9100496028872],[-104.682675037523,38.9100500699465],[-104.682674148118,38.909047602036],[-104.682673874397,38.9087389401658],[-104.682673754653,38.9086045507472],[-104.682673197703,38.9079768388653],[-104.682602939724,38.9079769070998],[-104.682601001001,38.906985151126],[-104.682599834774,38.9063884773265],[-104.682596330724,38.9045945269147],[-104.682597092133,38.9045677545375],[-104.682737972879,38.9045659909546],[-104.682877318824,38.9045642461429],[-104.682876263373,38.90398799771],[-104.6828737759,38.9039900513482],[-104.682755658876,38.9040875421663],[-104.682174670893,38.9045670684841],[-104.678186565442,38.9045822598093],[-104.678186440261,38.9061326327632],[-104.678186280656,38.9081157803439],[-104.678185986599,38.9117562535273],[-104.678185695625,38.911851091482],[-104.673496752936,38.9118617872693],[-104.673484836503,38.9118618403983],[-104.673468292557,38.9118619146844],[-104.665860333741,38.9118955736404],[-104.664107059507,38.9119032604888],[-104.664107038913,38.9119059882055],[-104.664054855829,38.91892411966],[-104.664053051437,38.9191668819442],[-104.664053025002,38.9191703987869],[-104.664046230701,38.9200796595954],[-104.664046094847,38.9200977518761],[-104.664041918938,38.9206564714258],[-104.664039461508,38.9209854034566],[-104.664026292412,38.9227474857456],[-104.664025255372,38.9228862280535],[-104.664019522711,38.9236532293217],[-104.664012752847,38.9245589718999],[-104.664005982799,38.9254647152813],[-104.663998762239,38.9264307096859],[-104.664001013441,38.9264307141571],[-104.664075803711,38.9264308562715],[-104.666148750475,38.9264318109986],[-104.666556396498,38.9264301881561]],[[-104.719855321122,38.9195156093576],[-104.719855302933,38.9195177884506],[-104.719923380319,38.9195182010046],[-104.719925568928,38.9195182138845],[-104.719917651376,38.9203300944219],[-104.719917629729,38.9203322734915],[-104.719914167471,38.9206314035633],[-104.719899981611,38.9218568593636],[-104.719899808957,38.9218717262309],[-104.719902638929,38.9218697371666],[-104.719939499448,38.9218438284495],[-104.719982681157,38.9218145270875],[-104.720041989151,38.921775921537],[-104.720853967463,38.9212599063029],[-104.721301566001,38.9209754507822],[-104.72830001297,38.9165273057676],[-104.729228840428,38.9159368777723],[-104.729309484224,38.9158856138461],[-104.729383164524,38.9158387774559],[-104.729470601929,38.9157831946081],[-104.731045874083,38.9147817951717],[-104.731124080407,38.9147320786965],[-104.73151325266,38.9144846733037],[-104.731529537051,38.9144743208799],[-104.731575245831,38.9144447409685],[-104.731708086987,38.9143587727298],[-104.731791358421,38.9143029408123],[-104.731843511172,38.9142679729016],[-104.731884027666,38.9142408071437],[-104.731930790313,38.9142083287372],[-104.732017367743,38.9141481961041],[-104.732057303357,38.9141204588992],[-104.732103311483,38.9140873628467],[-104.732188523269,38.9140260652474],[-104.732227864069,38.9139977655149],[-104.732273099068,38.9139640661106],[-104.732356927797,38.9139016142466],[-104.732395655206,38.913872763578],[-104.732398831971,38.9138703125515],[-104.732440098455,38.9138384769181],[-104.732522530154,38.9137748833155],[-104.732542561601,38.9137594295108],[-104.732560627913,38.9137454924165],[-104.732571203032,38.9137369516604],[-104.732822223807,38.9135342187667],[-104.730438399046,38.913439668591],[-104.730837937802,38.912715347368],[-104.730666854227,38.9127143272362],[-104.730543921168,38.9127135939684],[-104.726185398256,38.9126875074637],[-104.719953744668,38.9126499389734],[-104.719935122284,38.9145255896831],[-104.719917773907,38.9162728639918],[-104.719882642521,38.9162726508273],[-104.719855874286,38.919449869063],[-104.719855321122,38.9195156093576]],[[-104.698800839205,38.940575530112],[-104.698805632887,38.9398772966778],[-104.696790932119,38.9398808063209],[-104.696788448247,38.9405404677198],[-104.696788052573,38.9406457204063],[-104.696788049854,38.9406463681159],[-104.698800796508,38.9405755316197],[-104.698800839205,38.940575530112]],[[-104.72399496425,38.8993063110348],[-104.724196862049,38.8980967838107],[-104.72429848816,38.8981071382767],[-104.724405841002,38.8981180758908],[-104.726306822208,38.8983117470835],[-104.726546545427,38.8981444703747],[-104.726939243683,38.8978704459664],[-104.726982053269,38.8978405738171],[-104.727064999365,38.8977826936284],[-104.727062283821,38.8977354219282],[-104.727047893286,38.8974848872393],[-104.726995801519,38.8965779947523],[-104.726986689065,38.8964193511442],[-104.724649333633,38.8965590754148],[-104.724649266725,38.8965590794729],[-104.724650298842,38.8965718193418],[-104.724650341521,38.8965723448373],[-104.724650431224,38.896574053497],[-104.724651033046,38.8965854481902],[-104.724651083643,38.8965864097626],[-104.724651118995,38.8965878171671],[-104.724651334924,38.8965963345904],[-104.724651426951,38.8965999414118],[-104.724651434262,38.896605077356],[-104.724651437359,38.8966078547781],[-104.724651441916,38.8966107096853],[-104.724651261717,38.8966198199458],[-104.724651232783,38.8966205692818],[-104.724650878424,38.8966296873894],[-104.724650824437,38.8966306194363],[-104.724650648303,38.8966336578179],[-104.72465035539,38.8966387332028],[-104.724650112734,38.8966418459135],[-104.7246499022,38.8966445507416],[-104.724649632711,38.8966480092097],[-104.724649289034,38.89665150502],[-104.724648524005,38.8966592753802],[-104.724648399559,38.8966605366778],[-104.724648293767,38.8966613566705],[-104.724646480499,38.8966754901351],[-104.72462733696,38.8967910529767],[-104.724521552245,38.8967802692524],[-104.724418366576,38.8967697505126],[-104.722599283613,38.8965842946997],[-104.722579146755,38.8977973774376],[-104.722556530835,38.8991597042039],[-104.72399496425,38.8993063110348]],[[-104.680521674026,38.8903005552081],[-104.68052153037,38.8900260819667],[-104.67999473143,38.8900262496337],[-104.67999487307,38.8903007210743],[-104.680521674026,38.8903005552081]],[[-104.680519132003,38.8896909905725],[-104.680518009467,38.8894167383345],[-104.679992214566,38.8894197895494],[-104.679992515404,38.8896927522548],[-104.680519132003,38.8896909905725]],[[-104.680548059923,38.8885812661077],[-104.680547916169,38.8883067928154],[-104.680021132291,38.8883069606184],[-104.680021274009,38.8885814339113],[-104.680548059923,38.8885812661077]],[[-104.677721476832,38.8797623377438],[-104.677721475092,38.879761890894],[-104.677720377257,38.8797623416757],[-104.677721476832,38.8797623377438]],[[-104.68014062544,38.8731734818551],[-104.680135227826,38.8715693298057],[-104.680066915732,38.8715695685377],[-104.676609049545,38.871581610358],[-104.676610354064,38.8709172671425],[-104.676610389913,38.8708991668575],[-104.676609956624,38.8708991655892],[-104.676553909756,38.8708990423194],[-104.675928115375,38.8708976584072],[-104.675904503375,38.8709135825328],[-104.675904503177,38.8715823403545],[-104.675908439973,38.8722241590232],[-104.675908439947,38.8724485986624],[-104.675908440547,38.8731061683216],[-104.675924190209,38.8733345456753],[-104.675932065829,38.8734447965963],[-104.675959627971,38.8735589852338],[-104.675995066036,38.8736731738534],[-104.676030503714,38.8737716132263],[-104.676065942165,38.8738543006589],[-104.676101380182,38.8739212388457],[-104.676156505092,38.8740157403547],[-104.676223444287,38.8741023662848],[-104.676306131497,38.8742165545893],[-104.676384883339,38.8742992426077],[-104.676451820901,38.8743661814012],[-104.676526634072,38.8744291823487],[-104.676605385339,38.8744921832219],[-104.676676261342,38.8745394330714],[-104.676758948772,38.8745945591827],[-104.676861325498,38.8746536219154],[-104.676955826444,38.8747126846334],[-104.677050326648,38.8747835596389],[-104.67714088972,38.8748504986604],[-104.677266891566,38.874956812028],[-104.67734564187,38.8750395011663],[-104.677420455523,38.8751221894113],[-104.67745983149,38.8751733769804],[-104.677555886326,38.8752982857819],[-104.677680856247,38.8754905490743],[-104.677738535515,38.8756539718549],[-104.677786601019,38.8758173959537],[-104.677825053566,38.8759519787406],[-104.677834667547,38.8760865628976],[-104.677834667307,38.876307664634],[-104.677844280155,38.8766441247785],[-104.679884258541,38.8766358686617],[-104.680152019714,38.8766299292329],[-104.680152013837,38.8766289409238],[-104.68014062544,38.8731734818551]],[[-104.584496666882,38.8675221429902],[-104.584511294213,38.8661497249458],[-104.582755824422,38.8661382763293],[-104.582741163171,38.8675106941541],[-104.584496666882,38.8675221429902]],[[-104.667832783695,38.8517892227309],[-104.668264704547,38.8453479584022],[-104.667294429228,38.845308168991],[-104.666218371559,38.8452640312286],[-104.66591380802,38.8466877969767],[-104.665882530653,38.8473297851825],[-104.666153216527,38.8478365371852],[-104.665910998638,38.8506579347187],[-104.665842385267,38.8517749483424],[-104.665810324799,38.8522968741054],[-104.667391728932,38.8525937135557],[-104.667774020501,38.8526654677454],[-104.667832783695,38.8517892227309]]]},"properties":{"DIST_ID":"D6","NAME":"Council District 6","RepName":"Roland Rainey Jr.","RepPhone":"(719) 385-5790","RepEmail":"Roland.RaineyJr@coloradosprings.gov","ImageURL":"https://gis.coloradosprings.gov/SiteElements/CityCouncil/Images/D6.jpg","RepURL":"https://coloradosprings.gov/RolandRainey","DISTRICT":6,"OBJECTID":18,"Shape__Area":1042501990.4084234,"Shape__Length":387191.549914935}}]}