{"type": "FeatureCollection", "features": [{"type": "Feature", "geometry": {"type": "MultiPolygon", "coordinates": [[[[-104.85929297560405, 38.82488430009833], [-104.85929797558782, 38.824724300075225], [-104.85886197548324, 38.824685300098636], [-104.85877197546196, 38.824680300104035], [-104.85865397543402, 38.82467330011083], [-104.8582889753478, 38.82465430013238], [-104.85748997516146, 38.82463230018234], [-104.85719197509245, 38.82462930020158], [-104.85666597497071, 38.82462430023593], [-104.85666597499089, 38.82481030026221], [-104.85667597500343, 38.82490430027485], [-104.85656097498106, 38.82494230028783], [-104.85643997495863, 38.824992300303], [-104.85635097494703, 38.825074300320544], [-104.85632697494694, 38.82512530032931], [-104.85630997495333, 38.8252193003439], [-104.85630197503566, 38.82599530045431], [-104.85630797508637, 38.82644930051813], [-104.85629897510206, 38.82661330054205], [-104.85633197511788, 38.826689300550676], [-104.85636397512806, 38.82671430055203], [-104.85648497515938, 38.82674630054855], [-104.85676697522432, 38.82674630052982], [-104.8572509753373, 38.82676030049973], [-104.85838797560073, 38.826774300426116], [-104.85848497561965, 38.82674230041517], [-104.8585169756195, 38.826673300403215], [-104.85854197558893, 38.82633930035433], [-104.85857597559001, 38.82627630034307], [-104.85858997559039, 38.826250300338415], [-104.8588839756123, 38.825828300259204], [-104.85901897564345, 38.82582830025023], [-104.859226975692, 38.825834300237254], [-104.8592529756557, 38.82544530018038], [-104.8592659756394, 38.82526730015428], [-104.85929297560405, 38.82488430009833]]], [[[-104.91708699554809, 38.88587330488216], [-104.91703799537733, 38.88441130467886], [-104.91476499464882, 38.8825293045643], [-104.91443599454323, 38.88225630454766], [-104.91441199449426, 38.88185730449286], [-104.91422999409703, 38.87859930404474], [-104.91408299377969, 38.875998303686856], [-104.91402399365091, 38.87494230354155], [-104.91401799363543, 38.87481330352371], [-104.91400599361096, 38.87461330349625], [-104.91381899320504, 38.871284303038244], [-104.91307399303389, 38.87128730308839], [-104.9108909925332, 38.87130330323593], [-104.9106419924761, 38.87130530325279], [-104.91052499243894, 38.87121230324756], [-104.9101239923161, 38.87093130323435], [-104.90982699223275, 38.87079430323482], [-104.9097499922108, 38.87075530323442], [-104.90957899216228, 38.87067130323409], [-104.90935499210303, 38.87060030323892], [-104.90934099206524, 38.870283303194945], [-104.90924899181232, 38.86815630290046], [-104.90923199177543, 38.86785430285893], [-104.90852599161447, 38.86786830290783], [-104.90835599138957, 38.86616330267811], [-104.90817199114448, 38.86430130242702], [-104.90792999109017, 38.864315302445235], [-104.90347799006287, 38.86429230273841], [-104.90333798999956, 38.86400630270723], [-104.90329298997918, 38.863914302697275], [-104.90313598991231, 38.86363230266776], [-104.90311398990296, 38.86359330266371], [-104.90303598987838, 38.863532302660374], [-104.90291398984084, 38.86344530265606], [-104.90276498979928, 38.86337830265667], [-104.90235898968125, 38.86315330265171], [-104.90216898961849, 38.86297830263972], [-104.90199498956382, 38.86284430263228], [-104.9017859894995, 38.86269530262522], [-104.90173398948346, 38.86265830262343], [-104.90130598937289, 38.86254730263628], [-104.90123998935655, 38.862537302639105], [-104.900940989283, 38.86249430265292], [-104.90059198919413, 38.862415302665], [-104.90055498918477, 38.862408302666445], [-104.90051098917388, 38.86240030266833], [-104.90005498905927, 38.86231330268642], [-104.89985398900707, 38.862257302691894], [-104.89977798898556, 38.86222130269174], [-104.89973198897258, 38.862199302691806], [-104.89964198894614, 38.86214630269015], [-104.89958298892405, 38.862068302683184], [-104.89945698886807, 38.86182030265638], [-104.89925298874695, 38.86113930257367], [-104.89912098867373, 38.860746302527005], [-104.89908198865206, 38.86062930251295], [-104.89898898861514, 38.860487302499074], [-104.89891498858984, 38.86041130249333], [-104.89874398853874, 38.86030330248937], [-104.89860598849964, 38.86023630248907], [-104.89831598842207, 38.86013730249434], [-104.8978949883149, 38.86004330250908], [-104.89779998828537, 38.85997230250536], [-104.89755998820152, 38.859709302484234], [-104.89742198815671, 38.8595893024763], [-104.8974549881813, 38.859746302496305], [-104.8976259883117, 38.86058230260327], [-104.89763098832509, 38.860694302618775], [-104.89765898833409, 38.860718302620185], [-104.89766798834043, 38.86075730262512], [-104.8964129880528, 38.86076930271044], [-104.89607198797455, 38.86077230273343], [-104.89639198805989, 38.860878302727194], [-104.89689098819304, 38.86104630271784], [-104.89668898826021, 38.862091302878994], [-104.8960459881704, 38.862625302997266], [-104.89602398834234, 38.864251303228734], [-104.89325798770422, 38.864239303411246], [-104.89291798762572, 38.86423730343359], [-104.89256998754546, 38.86423630345655], [-104.89217498745431, 38.86423430348257], [-104.88860398663547, 38.86426530372455], [-104.88691298624909, 38.864293303841045], [-104.88691698611139, 38.863020303660754], [-104.88691798608386, 38.86276530362462], [-104.88691998605856, 38.86252830359104], [-104.88692998590946, 38.86113730339348], [-104.88692798587205, 38.86079830334567], [-104.886920985679, 38.85903930309741], [-104.88685398566683, 38.85906930310609], [-104.88678498565307, 38.85908930311342], [-104.8867099856382, 38.859111303121566], [-104.88654798560613, 38.859159303139194], [-104.8863819855503, 38.85899730312722], [-104.88618798550021, 38.85894830313326], [-104.88619398549092, 38.858849303118824], [-104.88620498548173, 38.858742303103], [-104.8862189854711, 38.85861430308399], [-104.88623898545316, 38.85840830305353], [-104.88641998549295, 38.858390303038874], [-104.8865689855061, 38.85819530300141], [-104.88658498543282, 38.85748830290029], [-104.88658198540007, 38.85719430285889], [-104.88658798538407, 38.85703430283592], [-104.88660798536019, 38.85677330279757], [-104.88686098542011, 38.85678830278283], [-104.88691498543258, 38.856788302779236], [-104.88691498543051, 38.85676930277659], [-104.8869149854279, 38.856745302773156], [-104.88689898541467, 38.856658302762014], [-104.88690098537111, 38.85625330270446], [-104.88690098536611, 38.85620730269809], [-104.88689998534569, 38.856022302671924], [-104.88689698532336, 38.85582230264382], [-104.88689698531302, 38.855727302630335], [-104.88689698528952, 38.8555113025998], [-104.88688998517257, 38.854451302450364], [-104.88688998517128, 38.854439302448576], [-104.88688998516649, 38.85439530244241], [-104.88687198516183, 38.854391302442885], [-104.88660398509508, 38.854344302454116], [-104.88651598507317, 38.854329302458], [-104.88636598503561, 38.85430230246405], [-104.88638998503286, 38.85422530245159], [-104.88657898507915, 38.85425130244274], [-104.88660098508393, 38.854248302440745], [-104.8866939851036, 38.85423330243247], [-104.88688898514548, 38.85420430241548], [-104.88688798514177, 38.85417230241104], [-104.88688798513219, 38.85408430239858], [-104.88688598507517, 38.8535643023251], [-104.88669098503034, 38.85356530233815], [-104.8865749850036, 38.85356530234587], [-104.88657298499841, 38.853522302339904], [-104.88654598491763, 38.85283630224471], [-104.886466984676, 38.85078230195934], [-104.88644098459552, 38.85009730186417], [-104.88643698443582, 38.84863730165781], [-104.88643698443038, 38.848587301650646], [-104.88642498395684, 38.84425830103874], [-104.88642198379756, 38.84279930083251], [-104.88642898372066, 38.8420773007298], [-104.88645298349091, 38.839913300421905], [-104.88646098341442, 38.83919230031937], [-104.8864689833123, 38.83823530018341], [-104.886472983259, 38.83773630011246], [-104.88651098279325, 38.833369299491665], [-104.88651498274747, 38.83293929943071], [-104.886581982659, 38.831983299290826], [-104.8844599821673, 38.83195429942764], [-104.88301698183305, 38.83193529952088], [-104.88021598118385, 38.83189629970148], [-104.87978498108401, 38.83189129972953], [-104.87930698097325, 38.83188429976021], [-104.87866698082532, 38.831879299801976], [-104.87849098078406, 38.8318732998129], [-104.87857098078916, 38.831750299790244], [-104.87861398079201, 38.83168529977817], [-104.87898798081521, 38.83110529967113], [-104.87912798082414, 38.83089129963159], [-104.87919598082811, 38.83078429961175], [-104.87919898082754, 38.830772299609954], [-104.87921398082754, 38.830740299604436], [-104.87921498082615, 38.83072529960222], [-104.8787509807144, 38.830680299626735], [-104.87835398061964, 38.83065029964883], [-104.87776498048218, 38.830632299685355], [-104.87703198031092, 38.830610299730935], [-104.87499597983332, 38.83052829985452], [-104.8741669796392, 38.83049929990563], [-104.87340797946175, 38.8304752999526], [-104.87331897944115, 38.83047329995824], [-104.87297697936131, 38.83046329997963], [-104.87204697914028, 38.830400300032416], [-104.87195797911949, 38.83039830003806], [-104.87176597907484, 38.83039330005008], [-104.87152397901843, 38.83038730006531], [-104.87139297898716, 38.83037730007266], [-104.87099797889302, 38.83034830009471], [-104.87093697887792, 38.830338300097374], [-104.87051097877264, 38.830272300116384], [-104.87017997868804, 38.830195300127485], [-104.86968297855958, 38.83006630014222], [-104.86918097842411, 38.8298833001496], [-104.86866497828645, 38.82971030015947], [-104.86828697818407, 38.82956830016444], [-104.86801297810779, 38.829447300165455], [-104.86787597806966, 38.82938730016605], [-104.8676099779964, 38.82927630016803], [-104.86738597793688, 38.82920330017261], [-104.8670539778488, 38.82909630017955], [-104.867016977839, 38.82908430018016], [-104.86690597780974, 38.82905030018274], [-104.86686897779995, 38.82903930018368], [-104.86648697769917, 38.82892030019227], [-104.8655589774488, 38.828583300206176], [-104.86521797735682, 38.82845930021113], [-104.86478797724001, 38.828296300216614], [-104.8644919771616, 38.82820130022277], [-104.86416997707873, 38.82812130023297], [-104.86396697702882, 38.82809230024226], [-104.86366097695652, 38.8280763002604], [-104.86337797689279, 38.82808930028107], [-104.86296997680356, 38.82813230031428], [-104.86251997670652, 38.8281933003527], [-104.86240997668243, 38.828205300361795], [-104.86169497652604, 38.82828230042017], [-104.86149097648195, 38.82830730043721], [-104.86085597634431, 38.828387300490796], [-104.86053997627528, 38.82842230051676], [-104.86028097621734, 38.82843730053613], [-104.8601119761786, 38.82843930054762], [-104.86000097615309, 38.82844030055502], [-104.85992397613438, 38.828431300558826], [-104.85972797608677, 38.82840830056864], [-104.85938997600341, 38.82835730058389], [-104.85936397599697, 38.82835330058511], [-104.85925497596996, 38.82833630058993], [-104.85917797595192, 38.82833330059457], [-104.85919297598281, 38.82858530062931], [-104.85920797601179, 38.82882130066173], [-104.85920897606869, 38.829343300735665], [-104.85920997609638, 38.82959630077143], [-104.8592049761485, 38.830087300841264], [-104.85920797615726, 38.83016130085159], [-104.85921397616994, 38.83026530086583], [-104.85922297619267, 38.83045530089225], [-104.8592249762947, 38.83139030102449], [-104.85921997633, 38.83172630107254], [-104.8592159763434, 38.8318583010914], [-104.85921097636816, 38.832097301125664], [-104.85920097640145, 38.83242430117268], [-104.85919797641097, 38.83251830118618], [-104.85909197638617, 38.832515301192686], [-104.8588429763275, 38.83250330120762], [-104.85870397629458, 38.832494301215554], [-104.85859097626675, 38.83247830122072], [-104.85846097623364, 38.83244930122532], [-104.8583829762132, 38.83242630122731], [-104.85835397620525, 38.83241430122743], [-104.85825297617598, 38.83235930122639], [-104.85819797615922, 38.832321301224525], [-104.85814497614192, 38.83227430122145], [-104.85803397610461, 38.83216630121361], [-104.85799797609853, 38.832187301218944], [-104.85793997608894, 38.83222130122759], [-104.85771897605089, 38.83234030125922], [-104.85758997602842, 38.832407301277115], [-104.85751397601346, 38.83243030128559], [-104.85742497599479, 38.83244730129386], [-104.85734297597757, 38.832462301301454], [-104.85725397595776, 38.8324693013084], [-104.85718497594303, 38.83247930131431], [-104.85712497592978, 38.832484301318885], [-104.85700197590072, 38.83247830132628], [-104.85686197586352, 38.83243230132918], [-104.85660297579602, 38.83236030133609], [-104.8554749755023, 38.832048301366925], [-104.85540297548346, 38.8320273013686], [-104.85507997539908, 38.83193530137704], [-104.8550029753793, 38.831917301379704], [-104.8549569753675, 38.83190630138118], [-104.85493197536812, 38.831964301391075], [-104.8548029753716, 38.832270301442904], [-104.85475997537277, 38.832372301460296], [-104.85456297532114, 38.83231430146516], [-104.854325975327, 38.83287230155995], [-104.85424697532913, 38.83305830159148], [-104.85434997535488, 38.83307730158729], [-104.85485697548854, 38.83323230157562], [-104.85514097554459, 38.83314630154456], [-104.8551919755517, 38.833103301535076], [-104.85538097560254, 38.833171301532275], [-104.85548397564972, 38.833386301555734], [-104.8560949758334, 38.83378230157133], [-104.85679097601604, 38.83398830155426], [-104.85718697613352, 38.83422930156211], [-104.85746997620704, 38.834306301554186], [-104.85773697628827, 38.83448730156198], [-104.85807197639902, 38.83479630158368], [-104.85822697646647, 38.835089301614765], [-104.85917197669437, 38.83518330156529], [-104.85918997672306, 38.83540930159615], [-104.85921597677076, 38.835793301648756], [-104.85921497683157, 38.83635530172843], [-104.85920597690279, 38.8370303018247], [-104.8591929769303, 38.83731030186531], [-104.8591679769831, 38.83785030194335], [-104.85918197704018, 38.83834530201264], [-104.85915297712869, 38.83922130213865], [-104.85914897714244, 38.83935630215799], [-104.85914697715198, 38.83944830217113], [-104.85913997718119, 38.83973230221168], [-104.85913797719473, 38.8398613022301], [-104.85913297720712, 38.83998630224821], [-104.85912197724411, 38.840350302300585], [-104.85856697708475, 38.840059302296154], [-104.85774597684728, 38.83961530228787], [-104.85667297653258, 38.8389933022711], [-104.85405497578718, 38.837683302259464], [-104.85202997522151, 38.836770302264654], [-104.84912597439505, 38.83532130225233], [-104.84706697381193, 38.834319302247174], [-104.84517897327275, 38.83336030223657], [-104.84327597273183, 38.83241630222926], [-104.84194397235198, 38.831744302222546], [-104.84176797230077, 38.83164630222037], [-104.84143397220708, 38.83149230222077], [-104.84113297212402, 38.83136630222282], [-104.84102797209515, 38.83132230222363], [-104.84072097201206, 38.831209302228054], [-104.84064597199198, 38.83118330222936], [-104.84061797200042, 38.831320302250575], [-104.84060797200291, 38.83136430225742], [-104.84059797200568, 38.831411302264684], [-104.84058297201182, 38.83149930227815], [-104.84057597201505, 38.83154430228517], [-104.84056797201788, 38.8315873022918], [-104.84055797202218, 38.83164830230101], [-104.84055897203021, 38.8317203023111], [-104.84055997203534, 38.8317653023174], [-104.84080897210724, 38.8318993023199], [-104.84097697215576, 38.8319893023215], [-104.84155297232363, 38.832313302329155], [-104.84162097234348, 38.83235130232997], [-104.84179997239585, 38.83245430233281], [-104.84205197246952, 38.83259830233635], [-104.84233097255117, 38.832758302340594], [-104.84280797269142, 38.83303730234843], [-104.84305997276553, 38.833185302352625], [-104.84292197275225, 38.833356302385994], [-104.84278197274656, 38.83360030243], [-104.8427669727459, 38.833626302434666], [-104.84253697271883, 38.83386430248365], [-104.84238797270136, 38.8340203025156], [-104.84222497268335, 38.83420030255192], [-104.84215897267633, 38.834275302566915], [-104.84196497265317, 38.83447430260813], [-104.84182297263887, 38.83464330264142], [-104.84173197262811, 38.83473730266077], [-104.84159297261178, 38.834882302690644], [-104.84156597260916, 38.83491530269698], [-104.84139097255807, 38.834816302694584], [-104.84118597249824, 38.83470030269171], [-104.84086297240528, 38.83452930268905], [-104.84068597235438, 38.83443630268757], [-104.84069597238668, 38.834712302726125], [-104.84070897242293, 38.83501930276872], [-104.84070697243511, 38.835136302785365], [-104.84070097247775, 38.835540302843064], [-104.84069797250713, 38.83581730288249], [-104.84069097253372, 38.83607730291983], [-104.84068197257581, 38.83648430297805], [-104.84066497261239, 38.83685730303211], [-104.84065697263071, 38.8370423030589], [-104.84065897263942, 38.83711830306946], [-104.84066197265933, 38.83729530309441], [-104.84066697268344, 38.837507303124085], [-104.84066597271807, 38.837828303169516], [-104.84066597273741, 38.838006303194916], [-104.84066497275269, 38.83814930321515], [-104.84066397277229, 38.8383323032412], [-104.84065297279663, 38.83857830327674], [-104.84064697281083, 38.83872230329752], [-104.84064197284295, 38.83902830334112], [-104.83716797204025, 38.839009303569284], [-104.83654297189639, 38.83900930361081], [-104.83638397187146, 38.83911830363694], [-104.83633497187144, 38.83922230365485], [-104.8365859719479, 38.83939330366237], [-104.83635597192244, 38.83964630371366], [-104.83811997245965, 38.84084930376679], [-104.83821797249074, 38.840928303771435], [-104.838304972516, 38.8409763037725], [-104.83847497256917, 38.841105303779486], [-104.83858097260432, 38.84120330378625], [-104.83869397264371, 38.84132630379627], [-104.8387919726803, 38.84145630380825], [-104.838871972713, 38.84158630382131], [-104.83894197274519, 38.84173430383758], [-104.83899297277279, 38.841880303854865], [-104.83902297279403, 38.84201230387153], [-104.83903697280803, 38.8421113038846], [-104.83904297282835, 38.84228630390912], [-104.83904097284673, 38.84246030393391], [-104.83903397288927, 38.84286530399171], [-104.83889397285674, 38.842863304000744], [-104.83888997289158, 38.84319230404764], [-104.83870297284834, 38.8431903040598], [-104.83870197285218, 38.8432283040652], [-104.83811997271756, 38.84322330410311], [-104.83811397277526, 38.84376730418064], [-104.8381129727885, 38.843891304198245], [-104.8375689726513, 38.84378230421899], [-104.83754497264947, 38.843816304225385], [-104.83733097261684, 38.84397130426157], [-104.83720397259785, 38.84406430428322], [-104.83715497259254, 38.84411930429426], [-104.83712497259167, 38.84417630430441], [-104.83710697259599, 38.84425330431649], [-104.83709697261604, 38.84445930434634], [-104.83591197234227, 38.84445230442405], [-104.83590397238821, 38.8448923044869], [-104.835622972323, 38.84488930450509], [-104.83560497249292, 38.84649030473322], [-104.83558297256526, 38.84720230483551], [-104.83561197258433, 38.84731630484974], [-104.83563197259036, 38.84733030485049], [-104.83612897273163, 38.84757630485225], [-104.83629697277951, 38.847660304853], [-104.83670297289541, 38.84786530485494], [-104.83740497310212, 38.84827830486688], [-104.83764197317316, 38.848430304872615], [-104.83768297318545, 38.84845630487362], [-104.83785197324518, 38.848647304889425], [-104.83801497330697, 38.84887030491012], [-104.8378399732788, 38.848982304937685], [-104.83770897326116, 38.84909830496281], [-104.83739197321871, 38.84937930502367], [-104.83704897317385, 38.84969430509102], [-104.83685497314795, 38.84986630512831], [-104.83656997311002, 38.85012130518352], [-104.8364709730968, 38.8502103052026], [-104.83626297306485, 38.85035730523717], [-104.8362469730625, 38.85036930524008], [-104.83651197317093, 38.850805305284204], [-104.83650697321212, 38.851195305339765], [-104.83693397331103, 38.85119930531188], [-104.83692197355244, 38.85344530563089], [-104.83692997363359, 38.85417430573372], [-104.83728097371439, 38.854173305710134], [-104.83729197383461, 38.85525530586264], [-104.8380979740213, 38.85526430581036], [-104.83812097419882, 38.85684730603314], [-104.83758897407498, 38.85683730606694], [-104.83770397411627, 38.856972306078426], [-104.83774997413481, 38.85704530608569], [-104.83777297414892, 38.85712630609577], [-104.83786497419264, 38.857333306118846], [-104.83786697419407, 38.857342306120024], [-104.83788797420668, 38.85741430612892], [-104.83792197421754, 38.857441306130426], [-104.83802597424942, 38.85751430613382], [-104.83812897428395, 38.85761330614103], [-104.83814097429061, 38.8576493061453], [-104.8381409742945, 38.85768530615036], [-104.8380819743349, 38.85818130622454], [-104.83808197433784, 38.85820830622846], [-104.83809297434323, 38.858235306231485], [-104.83833497441864, 38.85841530624083], [-104.83838097443213, 38.8584423062417], [-104.83840397444138, 38.858478306245225], [-104.8384269744535, 38.85854130625269], [-104.83844897448907, 38.85882130629079], [-104.83846097449677, 38.858866306296335], [-104.83858697454332, 38.859028306310975], [-104.8386219745554, 38.85906430631371], [-104.83888597463877, 38.859272306325614], [-104.83894397465613, 38.859308306326824], [-104.83898997467064, 38.859344306328815], [-104.83904697469166, 38.85941630633528], [-104.83907897470444, 38.85946630634033], [-104.83910497471487, 38.859507306344405], [-104.83911597472137, 38.859543306348755], [-104.83914997477127, 38.859930306401125], [-104.83918397480953, 38.860210306438596], [-104.83919297482655, 38.86034730645739], [-104.8392059748499, 38.86053430648299], [-104.83921797485944, 38.86059730649119], [-104.83921797486336, 38.86063330649624], [-104.83924197487471, 38.86068630650209], [-104.83927497489333, 38.86078730651422], [-104.83929397490262, 38.86083230651931], [-104.83934397492679, 38.86094930653266], [-104.83938897495283, 38.86109330655004], [-104.83941197496405, 38.86114730655619], [-104.83943497497224, 38.86117430655842], [-104.83952697500047, 38.86123830656132], [-104.83965397504052, 38.86133730656694], [-104.83980297508849, 38.86146330657482], [-104.83983797509934, 38.861488306576156], [-104.83996497513876, 38.86158130658091], [-104.84011097518554, 38.86170230658821], [-104.84018297520848, 38.861761306591845], [-104.84027497523854, 38.86184230659717], [-104.8403669752667, 38.861906306600055], [-104.84041297528123, 38.861942306602074], [-104.84043597528849, 38.861960306603166], [-104.84048497530489, 38.86200730660656], [-104.84185897575776, 38.863259306692456], [-104.84196197583196, 38.863723306751325], [-104.84216797590183, 38.86392930676678], [-104.84361097622322, 38.86382630665624], [-104.84546597661975, 38.86354230649256], [-104.8480949772677, 38.86392930637252], [-104.84853297738825, 38.86410930636886], [-104.84899697752597, 38.86439330637823], [-104.849434977669, 38.864779306403726], [-104.85015597792211, 38.86557830646889], [-104.85046497807458, 38.86632530655406], [-104.85072297817337, 38.866686306588015], [-104.851108978324, 38.86725330664262], [-104.85146997848852, 38.868000306724326], [-104.85180497862461, 38.86854130677861], [-104.8521659787414, 38.86885030679828], [-104.85252697884711, 38.86905630680341], [-104.85291297893876, 38.86908230678146], [-104.85332597901441, 38.868902306728494], [-104.8536349790603, 38.86867030667511], [-104.85427897920871, 38.868670306632254], [-104.8551809793941, 38.868464306542926], [-104.85657997971235, 38.86842630644448], [-104.85663297972492, 38.868430306441525], [-104.85713397981976, 38.86824130638156], [-104.85777997994516, 38.868025306307935], [-104.85797897998242, 38.86794630628354], [-104.85808498001893, 38.86805830629234], [-104.85823798007036, 38.86820630630312], [-104.85833598010345, 38.86830230631011], [-104.8585199801677, 38.86850330632627], [-104.85881698026651, 38.86878230634615], [-104.85893998030384, 38.868865306349655], [-104.85905798033865, 38.86893530635165], [-104.85912098035713, 38.86897230635272], [-104.85939198043238, 38.869089306351164], [-104.85915498041483, 38.86942930641511], [-104.8589339803897, 38.869666306463444], [-104.85882698037756, 38.86978230648697], [-104.85794498026496, 38.870613306663266], [-104.85759498021817, 38.87092430673053], [-104.85741798019441, 38.87108130676459], [-104.85731398018112, 38.8711783067851], [-104.85677698011271, 38.871686306892805], [-104.85655298008331, 38.87189030693658], [-104.85600098001113, 38.8723963070449], [-104.85588497999645, 38.8725063070682], [-104.8556659799688, 38.872716307112476], [-104.85547497990996, 38.87257930710585], [-104.85540997989035, 38.87253630710409], [-104.85525297984262, 38.87243130709966], [-104.85500697977216, 38.87230430709804], [-104.85476097970545, 38.87221230710139], [-104.8545679796522, 38.87213130710271], [-104.85454597964608, 38.87212230710303], [-104.85442597961148, 38.87205830710178], [-104.85437097959574, 38.87203030710166], [-104.85429597957302, 38.87198030709952], [-104.8541529795297, 38.87188430709531], [-104.85393097946476, 38.87175830709235], [-104.85371197940677, 38.87168930709709], [-104.8535659793717, 38.87167530710493], [-104.85346197934656, 38.87166530711051], [-104.85325997930087, 38.87167330712501], [-104.85304997925861, 38.871729307146936], [-104.85290297923207, 38.87179630716609], [-104.85254197917463, 38.87203330722369], [-104.85244897916023, 38.87209730723893], [-104.85205297909881, 38.87237130730418], [-104.8518039790678, 38.87261330735495], [-104.85171197906635, 38.87279530738677], [-104.85169697907885, 38.87294130740842], [-104.85169497908079, 38.872963307411716], [-104.8516979790989, 38.873124307434296], [-104.85182197918675, 38.87366730750288], [-104.85184197919794, 38.873728307510255], [-104.85192697924609, 38.873990307541696], [-104.85197197927117, 38.874125307557804], [-104.8520759793203, 38.87435730758369], [-104.85235197941995, 38.874687307612], [-104.85252997948412, 38.87489930763008], [-104.8524259794666, 38.8749593076455], [-104.85233997945234, 38.87501030765837], [-104.85210797941116, 38.87512230768973], [-104.8520009793922, 38.875175307704446], [-104.85153397930948, 38.87540330776785], [-104.85104797922098, 38.87561930783071], [-104.85101197921385, 38.87563030783465], [-104.85072997915904, 38.87572330786645], [-104.85028197907046, 38.87585730791534], [-104.8495619789107, 38.87591430797126], [-104.84939497887365, 38.87592730798423], [-104.84836097864299, 38.87599730806308], [-104.84778797851556, 38.876039308107046], [-104.84720797838645, 38.876082308151744], [-104.84694297832722, 38.876098308171734], [-104.84704897849691, 38.87743230835333], [-104.84709397855424, 38.87786330841149], [-104.84713697858116, 38.87801930843065], [-104.84725697864006, 38.87830630846325], [-104.8473559786828, 38.878488308482524], [-104.84742197871097, 38.878608308495096], [-104.84757297878343, 38.878953308533774], [-104.84761897881587, 38.87915330855909], [-104.84766097885407, 38.87941530859337], [-104.84768497905212, 38.881182308841815], [-104.8476979791543, 38.882092308969696], [-104.84770297918651, 38.88237730900964], [-104.84771697929105, 38.883307309140335], [-104.84771697935558, 38.88389930922403], [-104.84802397941229, 38.88377030918534], [-104.84804997939685, 38.88357430915585], [-104.8481019793861, 38.88336530912294], [-104.84883297952751, 38.88311730903907], [-104.84934197963774, 38.883052308996085], [-104.84961597973647, 38.88337830902394], [-104.85004697987561, 38.88374430904696], [-104.85013797993075, 38.88405730908531], [-104.85019097997996, 38.88439630912974], [-104.85008598001825, 38.88497030921785], [-104.8498769799986, 38.885231309268775], [-104.84965597996761, 38.88541430930927], [-104.84964197997428, 38.88550530932312], [-104.8503079801733, 38.88592330933787], [-104.85034698020084, 38.88609330935936], [-104.85039898022703, 38.886223309374365], [-104.85067398030746, 38.8863803093781], [-104.85101298039834, 38.88649730937216], [-104.85145698051501, 38.88662830936114], [-104.85192598065574, 38.88692830937233], [-104.8524089807784, 38.88703230935495], [-104.85293098094427, 38.88745030937924], [-104.85387098120351, 38.887842309372], [-104.85462798139073, 38.88795930933826], [-104.85502098147691, 38.88791830930626], [-104.85597198166921, 38.88767230920817], [-104.85732598201211, 38.88795630915807], [-104.85781198219134, 38.88857230921281], [-104.85867398241841, 38.8888333091924], [-104.85955698265873, 38.88917130918127], [-104.85992698287517, 38.89037430932685], [-104.85984798289113, 38.89068730937634], [-104.85966598287901, 38.890961309427325], [-104.85923498283529, 38.89147030952804], [-104.85915698286436, 38.89190130959418], [-104.86035698318632, 38.89231830957324], [-104.86001798319221, 38.89308830970465], [-104.8600309832152, 38.89327130972972], [-104.86012298324194, 38.89332330973098], [-104.85991698322765, 38.89362730978762], [-104.86048498338133, 38.89383530977916], [-104.86073698344941, 38.89392730977538], [-104.8611699835633, 38.89405730976499], [-104.86127798359185, 38.89409030976238], [-104.86162198367552, 38.894131309745276], [-104.863263984103, 38.8945813096996], [-104.863682984212, 38.894695309687634], [-104.8638849842646, 38.89475130968212], [-104.86396198428362, 38.89476330967878], [-104.86396398427759, 38.89470330967015], [-104.86396598427324, 38.89465930966371], [-104.86401198427019, 38.89453430964296], [-104.86402398426961, 38.89450330963787], [-104.8640409842713, 38.894483309633834], [-104.86407998427501, 38.89443530962457], [-104.86415998428316, 38.89434130960579], [-104.86421198429157, 38.8943083095978], [-104.86424198429673, 38.894291309593385], [-104.86426798430183, 38.89428330959041], [-104.86435098431829, 38.89425930958162], [-104.8643769843234, 38.89425130957866], [-104.86444198433719, 38.89424130957294], [-104.86447898434596, 38.89424230957055], [-104.86456398436599, 38.89424630956562], [-104.86468598439707, 38.89427330956118], [-104.86478698442545, 38.894321309561334], [-104.86492598446705, 38.89440830956429], [-104.86535898459869, 38.89470030957673], [-104.86545698462608, 38.89474530957656], [-104.86570798468745, 38.894777309564326], [-104.86617198479428, 38.89477630953339], [-104.86679898493843, 38.89477330949108], [-104.86698898498517, 38.89480030948233], [-104.86712498502277, 38.89485830948149], [-104.8673039850771, 38.894978309486525], [-104.86785898525213, 38.8954103095105], [-104.86791998527073, 38.89545230951243], [-104.86796698528367, 38.89547130951199], [-104.86803498530048, 38.89548230950904], [-104.86901098552647, 38.89549230944533], [-104.86911598555062, 38.895492309438346], [-104.87021798580501, 38.89549630936547], [-104.87044798585815, 38.895498309350415], [-104.87057298588877, 38.895514309344435], [-104.87069898592087, 38.89554330933999], [-104.87097298600526, 38.895737309349244], [-104.87130098610993, 38.896004309365196], [-104.87138198614134, 38.89612130937627], [-104.87139898615372, 38.896198309386], [-104.87138598616303, 38.896311309402954], [-104.87148398618596, 38.896314309396736], [-104.87158498621024, 38.89632430939155], [-104.87183198627578, 38.89640330938618], [-104.8720729863425, 38.89650530938445], [-104.87229798640288, 38.89658430938059], [-104.8724869864504, 38.896620309373226], [-104.87284898653499, 38.89663130935069], [-104.87316698660797, 38.896629309329214], [-104.87325598662854, 38.89662930932328], [-104.87335998665448, 38.8966473093188], [-104.87359098672152, 38.89677430932137], [-104.87369098673533, 38.896689309302786], [-104.87422098680871, 38.8962433092043], [-104.87447898684314, 38.8960143091548], [-104.87457698685627, 38.8959283091361], [-104.87477298687786, 38.895711309092334], [-104.87506198689428, 38.895252309008214], [-104.87516398688513, 38.89495330895911], [-104.87522398687165, 38.89470230891963], [-104.87525198682913, 38.89425430885447], [-104.87526898672697, 38.89328130871576], [-104.87526798671745, 38.89319630870389], [-104.8752639866663, 38.89273630863905], [-104.87525598655935, 38.891773308503524], [-104.87524098653363, 38.8915693084757], [-104.87517398647233, 38.89114830842063], [-104.87514298644459, 38.89095930839593], [-104.87514198644314, 38.890948308394485], [-104.87506298636046, 38.89035730831608], [-104.87503998632315, 38.89006430827631], [-104.87500498627782, 38.88972230823023], [-104.87494998622104, 38.88931830817671], [-104.87491198619122, 38.88912530815198], [-104.8748599861492, 38.888850308116574], [-104.87477698609467, 38.88852430807605], [-104.87471198605172, 38.88826830804415], [-104.8746119859857, 38.88787430799518], [-104.87454598594425, 38.88763330796543], [-104.87451098592216, 38.887504307949506], [-104.87444198587856, 38.887250307918144], [-104.8740789856486, 38.88590930775274], [-104.87390398554274, 38.8853073076792], [-104.87388298552939, 38.885229307669704], [-104.87382398549197, 38.885011307642735], [-104.87390198545343, 38.884492307564145], [-104.87393998541164, 38.88403030749627], [-104.87392198539081, 38.88387630747573], [-104.87387798536346, 38.88371830745619], [-104.8737899853216, 38.88352030743422], [-104.87355998522298, 38.88310130739026], [-104.87302898501333, 38.88230030731232], [-104.87250198480741, 38.881525307237844], [-104.87214998468409, 38.881137307206416], [-104.87190098459861, 38.88087930718649], [-104.87178798455211, 38.880692307167585], [-104.871684984511, 38.880532307151874], [-104.87160898447749, 38.88038530713605], [-104.8715829844612, 38.88029130712456], [-104.87149998439608, 38.87986930707027], [-104.87146998437015, 38.87969430704762], [-104.87138198429174, 38.87916130697803], [-104.87130698424261, 38.8788683069417], [-104.87128098422943, 38.87880330693415], [-104.87123998420886, 38.87870130692237], [-104.87105498412926, 38.87836130688673], [-104.87084198404769, 38.87806330685877], [-104.87062498397206, 38.87782830683989], [-104.87100098403342, 38.87759630678206], [-104.87131898408548, 38.87740130673335], [-104.87143198410757, 38.87736530672076], [-104.8716519841503, 38.8772923066958], [-104.87224398427547, 38.87719030664187], [-104.87262798435685, 38.87712530660705], [-104.8726799843681, 38.87711830660272], [-104.87279698442883, 38.87742830663868], [-104.87298698452743, 38.87793230669723], [-104.87304298456593, 38.878166306726634], [-104.8730489845796, 38.87827930674232], [-104.87308298460856, 38.87847330676737], [-104.87318098465627, 38.878703306793405], [-104.87362098481205, 38.879203306834825], [-104.87451198509409, 38.879907306875204], [-104.87463998514126, 38.88006930688946], [-104.87472098518005, 38.88025430691028], [-104.87473798520261, 38.880425306933304], [-104.87471898521348, 38.88056530695441], [-104.87470498521411, 38.880601306960344], [-104.87440798519181, 38.881024307039965], [-104.8744009851942, 38.881060307045644], [-104.87439998522352, 38.88133130708392], [-104.87448298526762, 38.881561307110964], [-104.87446098528365, 38.8817543071397], [-104.87385198523123, 38.88256030729431], [-104.87382998524726, 38.882754307323125], [-104.87399598536075, 38.88344430740966], [-104.87463898561808, 38.88444530750846], [-104.87463698565148, 38.884756307552536], [-104.87447998566984, 38.88525630763369], [-104.87450098568296, 38.88533230764313], [-104.87452898569337, 38.88536830764626], [-104.87477498577023, 38.885553307656096], [-104.87479498577872, 38.8855893076598], [-104.87479398581195, 38.88589630770331], [-104.8749049858631, 38.886131307729], [-104.87492598587629, 38.886207307738445], [-104.87491698592031, 38.886630307798875], [-104.87494498593061, 38.88666630780205], [-104.87516198600183, 38.88686030781511], [-104.87554198609874, 38.886946307801956], [-104.87566298612758, 38.88695530779522], [-104.87573198614461, 38.886965307791954], [-104.8757899861609, 38.886992307791836], [-104.8758359861754, 38.887028307794], [-104.8759049861992, 38.88710030779952], [-104.87596198621722, 38.88714530780202], [-104.87603098623796, 38.887190307803785], [-104.87635398632729, 38.88732630780156], [-104.87644598636027, 38.88743430781076], [-104.87651498638105, 38.88747930781254], [-104.87673898645652, 38.887698307828586], [-104.87694598653462, 38.88797830785425], [-104.87723798662294, 38.88817130786211], [-104.87748898669606, 38.888311307865216], [-104.87805998684776, 38.88849530785311], [-104.8783829869324, 38.88858930784483], [-104.87895798709415, 38.88885830784462], [-104.87943398723073, 38.889105307847814], [-104.88014498741667, 38.88930830782927], [-104.88033098748441, 38.88953730784918], [-104.88036298749984, 38.88961030785735], [-104.8804079875356, 38.88984430788747], [-104.88044298754859, 38.88988930789151], [-104.88051198756847, 38.889925307891964], [-104.88061598760036, 38.88999830789533], [-104.88070798762745, 38.89005230789687], [-104.88075398764595, 38.8901243079041], [-104.88087798771134, 38.890462307943494], [-104.88096098774575, 38.89060230795779], [-104.88115598781812, 38.890854307980476], [-104.88120198783461, 38.89090830798492], [-104.88125998785394, 38.890962307988715], [-104.88207798809256, 38.89142330799929], [-104.88219298812783, 38.89150430800321], [-104.88251598821722, 38.891640308000966], [-104.88282698830444, 38.89178430800045], [-104.88294198833586, 38.89182930799916], [-104.88306898836703, 38.8918473079933], [-104.88331098842593, 38.89187530798113], [-104.88339098844925, 38.891920307982154], [-104.88357598850652, 38.89205530798891], [-104.88363298852366, 38.892091307990114], [-104.88373698855058, 38.892118307987104], [-104.88402498862675, 38.89220930798071], [-104.88426698868942, 38.89227230797351], [-104.8843359887063, 38.89228130797022], [-104.88447498873829, 38.89228130796095], [-104.88463598877347, 38.8922633079476], [-104.884797988804, 38.89220130792809], [-104.88483198880995, 38.89218430792347], [-104.88495898883218, 38.89212030790595], [-104.88517898887605, 38.892057307882304], [-104.88519198887852, 38.892053307880964], [-104.8852469888899, 38.892041307875616], [-104.88546998894115, 38.89204030786056], [-104.88566498898675, 38.89204630784841], [-104.88576798901266, 38.89206630784437], [-104.88586998904, 38.89210230784262], [-104.88601998908358, 38.8921843078443], [-104.88623898914963, 38.892328307850036], [-104.88625498915655, 38.89235730785317], [-104.88627198916363, 38.89238730785625], [-104.8864519892381, 38.892689307886926], [-104.88646998914162, 38.89176630775526], [-104.88647598911177, 38.891480307714424], [-104.8865239888522, 38.88899930736059], [-104.88654198875574, 38.88807730722896], [-104.88648198833405, 38.884337306704246], [-104.8864809883264, 38.884269306694755], [-104.886447988099, 38.882254306412], [-104.88652698759567, 38.8774693057302], [-104.88659898713829, 38.87312030511049], [-104.8866609867452, 38.86938130457747], [-104.88684798675877, 38.86911030452681], [-104.88699498675996, 38.86881130447469], [-104.88712598676906, 38.86861730443846], [-104.88723198677955, 38.86848930441339], [-104.88737898679605, 38.868330304381075], [-104.88759898682638, 38.86814330433999], [-104.88776998685346, 38.8680303043127], [-104.88799898688968, 38.867879304276016], [-104.88824698693294, 38.867752304241506], [-104.88838198695886, 38.86770430422587], [-104.88853598699188, 38.86768230421243], [-104.88882998705718, 38.867660304189705], [-104.88911498712145, 38.867648304169116], [-104.88924498714934, 38.86762930415766], [-104.88934298717086, 38.86761930414974], [-104.88946498719592, 38.86759130413768], [-104.88956698721063, 38.867511304119546], [-104.88963998721816, 38.86742530410252], [-104.8897259872224, 38.86728230407659], [-104.8899379872432, 38.867025304026214], [-104.89001898725729, 38.86698330401475], [-104.89013398728073, 38.866955304003156], [-104.89023898730447, 38.86695230399587], [-104.89034098733077, 38.86697730399254], [-104.89044298736191, 38.867047303995584], [-104.89082498748657, 38.86738530401803], [-104.89092298751925, 38.867477304024504], [-104.89098398753679, 38.86750930402495], [-104.89106098755592, 38.86752230402163], [-104.89114698757508, 38.86751630401513], [-104.8911699875794, 38.867507304012285], [-104.89123198759107, 38.867484304004975], [-104.89131398760512, 38.867440303993334], [-104.89142298762151, 38.86735930397448], [-104.89143998762415, 38.86734730397175], [-104.89156598763509, 38.86718230394004], [-104.89170498764841, 38.86701030390643], [-104.89194998768615, 38.86683930386586], [-104.89247098778476, 38.86664230380337], [-104.89280898784406, 38.866473303757], [-104.89322498791816, 38.86627330370102], [-104.89339598794993, 38.86620330367979], [-104.89367698800741, 38.866137303651634], [-104.89405498809543, 38.86614630362777], [-104.89410498810693, 38.86614730362465], [-104.89451998820633, 38.86618230360183], [-104.89502098832352, 38.86619830357088], [-104.89548098842837, 38.866189303538945], [-104.89572498848123, 38.86615830351839], [-104.89587198851092, 38.86612030350311], [-104.89603898854178, 38.86605030348215], [-104.89609598855105, 38.86601630347358], [-104.8962299885726, 38.865930303452494], [-104.89638598859415, 38.865797303423285], [-104.89643598859966, 38.865742303412084], [-104.89648198863193, 38.865941303437296], [-104.89651298864949, 38.86603730344875], [-104.89655498866374, 38.866079303452004], [-104.89663498868637, 38.86611830345203], [-104.8967239887074, 38.86612430344712], [-104.89711898879452, 38.866088303415594], [-104.89749898887989, 38.866068303387586], [-104.8976789889174, 38.86603230337037], [-104.89777098893128, 38.86596630335496], [-104.8978019889323, 38.86590930334492], [-104.89781698892985, 38.865855303336254], [-104.89781698892331, 38.865795303327815], [-104.89777898890932, 38.86574730332345], [-104.89774098889733, 38.865717303321745], [-104.8976639888757, 38.86568130332181], [-104.8974879888276, 38.865612303323786], [-104.89744598881532, 38.865588303323136], [-104.89745298881012, 38.86552530331386], [-104.8974879888116, 38.86546530330292], [-104.8975419888189, 38.86541730329265], [-104.89761098882948, 38.86536930328116], [-104.89767998883661, 38.86528830326521], [-104.89772598884034, 38.86522530325317], [-104.89776498883887, 38.86512930323702], [-104.89774798882536, 38.865041303225695], [-104.89774698881875, 38.864983303217585], [-104.89774998881057, 38.864901303205784], [-104.89780698881805, 38.86485030319477], [-104.89788798883188, 38.864805303183026], [-104.89806398886608, 38.864748303163175], [-104.89816398888408, 38.86470130314987], [-104.89820998888682, 38.86462930313669], [-104.89820698887895, 38.86456330312761], [-104.89814198885456, 38.86447630311957], [-104.89814598884143, 38.86434730310106], [-104.89818798884033, 38.86424830308422], [-104.89832198886192, 38.864164303063404], [-104.89869098892562, 38.8639693030113], [-104.89884098894585, 38.86383730298276], [-104.89898298896735, 38.86373530295874], [-104.8990589889806, 38.86369630294833], [-104.8991359889976, 38.86368830294197], [-104.89922098902038, 38.86371830294053], [-104.89925498903315, 38.86376330294464], [-104.8992739890482, 38.863862302957415], [-104.8992549890609, 38.86401830298062], [-104.8992579890861, 38.86424330301243], [-104.89928098910276, 38.8643483030257], [-104.89945298917375, 38.864636303054816], [-104.8995949892398, 38.86494230308877], [-104.89968298927641, 38.865092303104085], [-104.89987798934447, 38.86530530312125], [-104.89998898937917, 38.865389303125745], [-104.90006998940105, 38.86541930312458], [-104.90016198942195, 38.86541630311799], [-104.90017598942465, 38.86541130311648], [-104.90024998943862, 38.8653833031076], [-104.90050398948108, 38.86523630306983], [-104.9008109895338, 38.86507230302627], [-104.90098698956197, 38.86495830299843], [-104.90115998957599, 38.86472130295332], [-104.901228989583, 38.8646403029373], [-104.90129498959342, 38.86459530292656], [-104.90137898961174, 38.86458630291966], [-104.90147898963707, 38.86460730291598], [-104.90151298964878, 38.86464330291877], [-104.90153198966325, 38.8647363029307], [-104.90152498967075, 38.864820302943066], [-104.90147398968887, 38.86509330298505], [-104.90126598972448, 38.86586130310749], [-104.90109198976262, 38.866578303220415], [-104.90100798977359, 38.86685630326541], [-104.90094998976538, 38.86690430327592], [-104.90089298975562, 38.86693430328399], [-104.90063498969882, 38.86695830330458], [-104.9005159896737, 38.86697930331548], [-104.9003859896503, 38.867039303332575], [-104.90031698964123, 38.86710230334614], [-104.90028598964065, 38.86716230335665], [-104.90028198965118, 38.86726730337176], [-104.90032398966773, 38.86733030337797], [-104.90039698969012, 38.86738130338025], [-104.90047698971264, 38.86742030338044], [-104.90061198974672, 38.86744730337521], [-104.90097998983121, 38.86744430335039], [-104.90134798991211, 38.86740930332093], [-104.9016319899732, 38.867370303296426], [-104.90176298999617, 38.86730430327843], [-104.90189699001814, 38.86722330325791], [-104.90208499004709, 38.86709130322685], [-104.9023159900751, 38.866860303178875], [-104.90240799008363, 38.86674430315635], [-104.90247699009193, 38.86667530314195], [-104.90256499010866, 38.86664230313139], [-104.90264199012603, 38.86663930312575], [-104.90269599014111, 38.86666330312559], [-104.90272999015545, 38.86672330313178], [-104.90272599016397, 38.866810303144476], [-104.90269899016305, 38.8668583031531], [-104.90251099013422, 38.866990303184174], [-104.90238399012479, 38.86717230321836], [-104.90228399013375, 38.867466303266575], [-104.9022609901484, 38.86764930329404], [-104.90221099015574, 38.8678223033219], [-104.90217999016052, 38.86793130333933], [-104.90209499016707, 38.86817130337889], [-104.90192999016408, 38.86849230343536], [-104.90146799014941, 38.86933430358503], [-104.90139499015899, 38.86957730362425], [-104.90136399018068, 38.869841303663655], [-104.90136799020577, 38.87006330369484], [-104.90135599022881, 38.87030030372907], [-104.90133299023731, 38.87042630374849], [-104.90128299023752, 38.87053430376699], [-104.90118699023041, 38.87067130379291], [-104.90109099021677, 38.870749303810186], [-104.90099799020484, 38.87083630382881], [-104.90090999020158, 38.87099230385662], [-104.9008059902035, 38.87122930389714], [-104.90077099021627, 38.871421303926525], [-104.90077099023915, 38.87163130395619], [-104.9008049902631, 38.87177830397479], [-104.90088499032856, 38.87221030403059], [-104.90089599034289, 38.87231830404514], [-104.90089299035199, 38.87240830405806], [-104.90086199035066, 38.87246230406762], [-104.90079999034302, 38.87252230408017], [-104.90075399033472, 38.8725433040864], [-104.90064299031036, 38.87255530409539], [-104.9005429902873, 38.8725543041018], [-104.9003669902458, 38.87254530411246], [-104.90009899018114, 38.87251930412656], [-104.89982199011472, 38.872494304141384], [-104.89966899007759, 38.872476304149124], [-104.89949199003813, 38.872488304162516], [-104.89939999002102, 38.87252630417414], [-104.89935799001702, 38.87257730418414], [-104.89929999001933, 38.87272130420834], [-104.89927299002557, 38.8728353042263], [-104.89927999003625, 38.872919304237556], [-104.89930299004749, 38.87297330424371], [-104.89936099006762, 38.87303630424875], [-104.8994569900957, 38.87309030425002], [-104.89962199014641, 38.873207304255516], [-104.89968699017119, 38.873298304264104], [-104.89971299018731, 38.873390304275375], [-104.89970199019292, 38.87346530428669], [-104.89967499019559, 38.87354630429991], [-104.89957499019997, 38.87379830434225], [-104.89952099021082, 38.87401130437597], [-104.89942399021524, 38.87425730441716], [-104.89936999022372, 38.874449304447985], [-104.89930099022719, 38.87462630447751], [-104.89914699020996, 38.87479430451154], [-104.89907399020024, 38.87485930452564], [-104.89886699016634, 38.87498530455715], [-104.89877899014998, 38.87502130456807], [-104.89850199009987, 38.87514630460428], [-104.8982239900519, 38.87529330464365], [-104.89805899002766, 38.875419304672356], [-104.89781999000013, 38.875672304724034], [-104.89743998996526, 38.8761553048176], [-104.8971249899305, 38.87650130488753], [-104.89699198991481, 38.87663830491576], [-104.89679398988218, 38.8767573049458], [-104.89626398979779, 38.87710230502985], [-104.89589698974208, 38.877366305091584], [-104.8956619897166, 38.877629305144325], [-104.89545698970548, 38.877960305204844], [-104.895244989678, 38.87815630524669], [-104.89502598964162, 38.878285305279526], [-104.8949139896257, 38.8783753052997], [-104.8948999896271, 38.8784173053067], [-104.8948999896319, 38.878461305312804], [-104.89491398963847, 38.87849230531636], [-104.89496298965278, 38.87852030531702], [-104.89501598966687, 38.878538305315935], [-104.89506598967925, 38.87854630531373], [-104.89512198969223, 38.87854630530999], [-104.89523698971581, 38.87852030529877], [-104.89620398987834, 38.8779683051563], [-104.8963629899065, 38.87789130513487], [-104.89644898992348, 38.87786530512546], [-104.8965869899553, 38.877865305116266], [-104.89704699006354, 38.877886305088545], [-104.89727199011601, 38.87789230507439], [-104.8975129901737, 38.877912305061244], [-104.89760499020053, 38.87796430506228], [-104.89774099024258, 38.87806330506741], [-104.89786599028398, 38.87817930507529], [-104.89815999037997, 38.87843830509248], [-104.89828199042853, 38.87862630511084], [-104.89829199044047, 38.87871430512263], [-104.89827199044232, 38.8787743051324], [-104.89823599044131, 38.878841305144334], [-104.89798099041893, 38.8791743052084], [-104.89785499041366, 38.87939130524749], [-104.89771499043152, 38.87985130532187], [-104.89767199043199, 38.879946305338045], [-104.89757599042538, 38.88008830536454], [-104.89734699040591, 38.880393305422935], [-104.89721499038959, 38.88052230544999], [-104.89711599037494, 38.880597305467155], [-104.89694999034688, 38.88069030549141], [-104.89681499032673, 38.88079130551465], [-104.89672199032054, 38.880930305540495], [-104.89659299031827, 38.88118130558455], [-104.89642299031114, 38.88147530563744], [-104.89632099030361, 38.8816223056651], [-104.89611199027327, 38.88178530570203], [-104.89604899026894, 38.881878305719255], [-104.89603699026965, 38.88191030572473], [-104.89603299027343, 38.8819533057309], [-104.89604899028139, 38.881992305735366], [-104.89608199029325, 38.8820313057387], [-104.89617099031965, 38.88208530574044], [-104.89630999036495, 38.8822073057484], [-104.89632599037154, 38.88223430575127], [-104.89636299038688, 38.88229730575758], [-104.89640899042709, 38.88256830579284], [-104.89645799048208, 38.882969305846245], [-104.8964409904854, 38.883036305856855], [-104.89638499048223, 38.88312430587305], [-104.89606999045083, 38.88350130594727], [-104.89588099044053, 38.88380630600296], [-104.89585099044825, 38.883940306023995], [-104.89583099047118, 38.884193306061015], [-104.89583099047795, 38.8842553060698], [-104.89564799050186, 38.884860306167624], [-104.89533899053855, 38.88584930632795], [-104.89518299054156, 38.88620630638886], [-104.89495099054189, 38.886699306473886], [-104.89486199054451, 38.88691130650977], [-104.8947289905579, 38.8873143065757], [-104.89466299057209, 38.88758430661821], [-104.89464899057495, 38.88764030662709], [-104.89465299061415, 38.88799130667633], [-104.89463399067371, 38.8885763067604], [-104.89461599070256, 38.88887930680421], [-104.89460299072555, 38.88911830683893], [-104.89460999076407, 38.8894563068863], [-104.89464299079806, 38.889697306918066], [-104.89472099083733, 38.88989230694057], [-104.89473599084832, 38.88996230694938], [-104.89473599085562, 38.890029306958915], [-104.89472799085965, 38.89008230696687], [-104.89467199085907, 38.89019530698668], [-104.89450799084923, 38.89045130703365], [-104.89392599079267, 38.891161307172915], [-104.89372399077824, 38.891455307227936], [-104.89366799077547, 38.891548307244676], [-104.89366399078088, 38.891606307253106], [-104.89368299080823, 38.89181630728168], [-104.89370799082886, 38.89195330729937], [-104.8938049908734, 38.89215630732148], [-104.89383799088512, 38.89219430732461], [-104.8938909909037, 38.89225330732948], [-104.89405099095613, 38.89239530733894], [-104.89411799097631, 38.89243930734056], [-104.89416599098867, 38.89245130733919], [-104.8942669910137, 38.892468307334845], [-104.89456499108215, 38.892466307314706], [-104.89475499112152, 38.89242530729622], [-104.89487399114542, 38.892393307283804], [-104.89494799115514, 38.89232630726934], [-104.8950119911582, 38.892219307249995], [-104.89512399115627, 38.8919653072066], [-104.8952399911691, 38.89183830718091], [-104.89527699117379, 38.89180330717359], [-104.89531799118126, 38.891785307168234], [-104.89541099119984, 38.89175930715837], [-104.89570899126818, 38.89175630713797], [-104.89633199141296, 38.8917683070983], [-104.89648799144926, 38.89177230708844], [-104.8969939915718, 38.891827307062414], [-104.89722899163557, 38.8919153070592], [-104.89751199171059, 38.892005307053], [-104.8976229917377, 38.8920203070479], [-104.89779099177774, 38.89203230703831], [-104.89809699184605, 38.892012307015094], [-104.89878599200078, 38.89197730696432], [-104.89914299207804, 38.89193130693398], [-104.89951199215633, 38.89187030690068], [-104.89970199219721, 38.89184430688429], [-104.89980699222178, 38.89184730687783], [-104.89989199224284, 38.891862306874245], [-104.89992599225333, 38.89188530687516], [-104.8999559922637, 38.89191730687772], [-104.89997799227412, 38.891967306883366], [-104.89995899227867, 38.89204830689597], [-104.89994399227777, 38.892072306900424], [-104.8999139922741, 38.89210130690662], [-104.89988399226787, 38.892107306909445], [-104.89982499225475, 38.892112306914136], [-104.89971699223, 38.892112306921334], [-104.89963099220952, 38.89210630692623], [-104.89950099217924, 38.89210330693443], [-104.89922499212302, 38.89217030696213], [-104.89904199209381, 38.89228930699123], [-104.89881299205163, 38.892386307020224], [-104.89879599204862, 38.89239430702243], [-104.89857599200712, 38.89247830704897], [-104.8984269919817, 38.892559307070485], [-104.89830799196424, 38.89265030709117], [-104.89826699196264, 38.89272230710415], [-104.89826699197279, 38.89281530711719], [-104.8982809919941, 38.8929813071398], [-104.8982959920097, 38.89309230715445], [-104.89840399205043, 38.89323830716784], [-104.89851199208553, 38.89333130717383], [-104.89854499209682, 38.89336530717641], [-104.89857099210569, 38.89339230717861], [-104.89862799212281, 38.893428307179846], [-104.89873499215494, 38.89349730718235], [-104.89877999216901, 38.8935313071843], [-104.89889899220601, 38.893619307188814], [-104.89898099223325, 38.893695307193944], [-104.89898599223542, 38.893705307194935], [-104.89901799224998, 38.893771307202314], [-104.89901799225598, 38.89382630721], [-104.89899499225707, 38.89388430721975], [-104.89891699225191, 38.894001307241524], [-104.89884199224475, 38.894094307259536], [-104.89881599224407, 38.894143307268365], [-104.89881199224894, 38.89419630727603], [-104.89883799226611, 38.89429830728863], [-104.89891899229842, 38.89442330730097], [-104.8990089923341, 38.89456030731427], [-104.89901699234247, 38.89462130732244], [-104.89900199234397, 38.89466530732959], [-104.89896399233902, 38.89470030733709], [-104.89891999233173, 38.89472630734374], [-104.89888599232506, 38.89473730734755], [-104.8988189923099, 38.894740307352365], [-104.89873199228911, 38.89473230735706], [-104.8986329922653, 38.89472330736252], [-104.89859499225594, 38.89471730736411], [-104.897950992096, 38.894611307392154], [-104.89786799207495, 38.89459330739507], [-104.89758299200264, 38.894532307405385], [-104.89734399193368, 38.894404307403256], [-104.89727199191547, 38.89438930740598], [-104.89724799190934, 38.89438430740678], [-104.89717299189209, 38.89438430741178], [-104.89708199187201, 38.894392307419125], [-104.89703499186403, 38.894418307425745], [-104.89701299186191, 38.89444530743113], [-104.8970019918641, 38.89448830743796], [-104.89700499187177, 38.894552307446794], [-104.89707199189795, 38.8946513074563], [-104.89720199193752, 38.89473930746008], [-104.89727799195956, 38.89478130746089], [-104.89736599198507, 38.89482930746184], [-104.89752699202955, 38.894897307460845], [-104.89754499203465, 38.89490530746076], [-104.89798399214799, 38.89501830744741], [-104.89807399217139, 38.89504230744479], [-104.89832699223324, 38.89507530743252], [-104.89860599230084, 38.895106307418324], [-104.89861899230397, 38.895107307417696], [-104.89894099238192, 38.895142307401045], [-104.89930299247558, 38.89523630739018], [-104.89937999249645, 38.895265307389245], [-104.89944799251495, 38.89529130738837], [-104.89954799254117, 38.89532030738574], [-104.8996189925581, 38.895326307381836], [-104.89972699258152, 38.89531230737269], [-104.89978699259301, 38.895291307365774], [-104.89981299259718, 38.89527430736169], [-104.89982799259874, 38.89525730735826], [-104.89985799260198, 38.89522430735159], [-104.89986899259706, 38.895155307341035], [-104.89987299258684, 38.89505330732646], [-104.8998399925296, 38.894598307264374], [-104.89984799252356, 38.89452630725357], [-104.899865992521, 38.89446530724384], [-104.8999369925284, 38.89438330722752], [-104.90002299254057, 38.89431330721195], [-104.90026899258396, 38.89419130717816], [-104.90058199264402, 38.89408130714176], [-104.90081299269464, 38.89405830712311], [-104.9013639928247, 38.89408730709058], [-104.90180799293229, 38.89413730706791], [-104.90222499303806, 38.894225307052714], [-104.90241499309073, 38.89430730705149], [-104.9024889931156, 38.89437930705684], [-104.90253699314009, 38.89450230707094], [-104.9025589931534, 38.89457730708005], [-104.90258199316726, 38.894656307089804], [-104.90264099319002, 38.89474130709779], [-104.90280099324661, 38.89492130711255], [-104.90289799328318, 38.895052307124615], [-104.90293499330132, 38.895140307134525], [-104.90294199333621, 38.89544530717717], [-104.90297199335403, 38.8955443071892], [-104.90300099336613, 38.895594307194365], [-104.90304599338118, 38.89563730719745], [-104.90314299341, 38.89569630719922], [-104.90320199342541, 38.89571330719771], [-104.90327699344391, 38.89572530719448], [-104.90345199348396, 38.89572230718235], [-104.90360799351762, 38.895702307169046], [-104.90390299358238, 38.895673307145366], [-104.90415199364037, 38.89567930712959], [-104.90430499368111, 38.895729307126516], [-104.90448799373051, 38.895796307123774], [-104.90475599380123, 38.895878307117336], [-104.90484099382233, 38.8958923071138], [-104.90495299384943, 38.89590430710792], [-104.90510899388781, 38.895927307100884], [-104.90532899394807, 38.89601530709865], [-104.90562699402788, 38.89611730709313], [-104.90584999408851, 38.89620230709038], [-104.90595499411471, 38.89622130708601], [-104.90628599419749, 38.896281307072435], [-104.90656199426958, 38.89635930706493], [-104.90665499429454, 38.89639230706347], [-104.90670299430613, 38.896397307061015], [-104.90675899431905, 38.896397307057285], [-104.90681499433035, 38.896383307051494], [-104.90685199433692, 38.89636530704658], [-104.90689299434167, 38.89632230703777], [-104.90689399434004, 38.8963053070353], [-104.90690099432952, 38.89619430701903], [-104.9067709942833, 38.89604530700674], [-104.90628699412939, 38.89565530698382], [-104.90624999411293, 38.89558230697598], [-104.90624199410472, 38.8955243069683], [-104.90626499409844, 38.895419306951965], [-104.90628699410077, 38.89539330694695], [-104.90633599410862, 38.895361306939016], [-104.90642099412683, 38.89534930693175], [-104.90673099420427, 38.89540530691901], [-104.90740499437659, 38.89556230689627], [-104.9082979946154, 38.8958663068796], [-104.90880499474994, 38.89602930686879], [-104.90901699480511, 38.89608830686308], [-104.90909899482494, 38.896097306858906], [-104.90922199485372, 38.896100306851075], [-104.9092699948627, 38.89608230684526], [-104.9093229948699, 38.89603630683529], [-104.90935999487145, 38.89597230682384], [-104.9093639948596, 38.89585530680692], [-104.909322994827, 38.8956433067798], [-104.90923399476677, 38.895279306734224], [-104.90915999471919, 38.89499930669968], [-104.90911199469515, 38.89488030668601], [-104.90902999466446, 38.89477230667632], [-104.90881399459057, 38.89455030665932], [-104.90872499455875, 38.89444630665066], [-104.90871899455338, 38.89441030664582], [-104.90871699455074, 38.89439030664323], [-104.9087289945376, 38.894245306621876], [-104.90879199453941, 38.89412830660103], [-104.90891499455161, 38.89398030657213], [-104.90898599455991, 38.893907306557104], [-104.90903099456678, 38.89387530654944], [-104.90908699457887, 38.89386730654459], [-104.90914299459202, 38.89387030654133], [-104.90924299461724, 38.89389030653755], [-104.90936599465253, 38.8939543065384], [-104.90952999469698, 38.89401530653594], [-104.90961899471911, 38.89403030653214], [-104.9096979947376, 38.894033306527355], [-104.90977599475423, 38.89402130652053], [-104.90986199477055, 38.89398930651013], [-104.90993999478377, 38.89394630649886], [-104.91022299483012, 38.89377430645584], [-104.91039499485488, 38.8936383064251], [-104.91048799487056, 38.893585306411275], [-104.9105849948889, 38.89354830639974], [-104.91067099490772, 38.89353930639268], [-104.91094599497347, 38.89356230637754], [-104.91136299507943, 38.89365330636271], [-104.91144899509958, 38.89365630635727], [-104.91153099511781, 38.89365030635098], [-104.91159799513193, 38.893639306344944], [-104.9116609951424, 38.89360130633547], [-104.91167599514478, 38.89359230633317], [-104.91182899516326, 38.89343830630125], [-104.9118889951725, 38.893397306291405], [-104.91192399517884, 38.89338030628671], [-104.91195599518456, 38.89336530628243], [-104.91216099522322, 38.89328730625771], [-104.91223699523502, 38.893235306245444], [-104.91292999539276, 38.893219306196904], [-104.91365499555796, 38.89320330614623], [-104.91389699561299, 38.893197306129274], [-104.91480199581922, 38.89317730606621], [-104.91471499551749, 38.890596305707426], [-104.91456699500003, 38.88616730509158], [-104.914562994988, 38.886065305077345], [-104.91456099497364, 38.88593830505968], [-104.91708699554809, 38.88587330488216]]]]}, "properties": {"zip": "80904", "name": "ZIP 80904"}, "id": "80904"}, {"type": "Feature", "geometry": {"type": "Polygon", "coordinates": [[[-104.87359098672152, 38.89677430932137], [-104.87335998665448, 38.8966473093188], [-104.87325598662854, 38.89662930932328], [-104.87316698660797, 38.896629309329214], [-104.87284898653499, 38.89663130935069], [-104.8724869864504, 38.896620309373226], [-104.87229798640288, 38.89658430938059], [-104.8720729863425, 38.89650530938445], [-104.87183198627578, 38.89640330938618], [-104.87158498621024, 38.89632430939155], [-104.87148398618596, 38.896314309396736], [-104.87138598616303, 38.896311309402954], [-104.87139898615372, 38.896198309386], [-104.87138198614134, 38.89612130937627], [-104.87130098610993, 38.896004309365196], [-104.87097298600526, 38.895737309349244], [-104.87069898592087, 38.89554330933999], [-104.87057298588877, 38.895514309344435], [-104.87044798585815, 38.895498309350415], [-104.87021798580501, 38.89549630936547], [-104.86911598555062, 38.895492309438346], [-104.86901098552647, 38.89549230944533], [-104.86803498530048, 38.89548230950904], [-104.86796698528367, 38.89547130951199], [-104.86791998527073, 38.89545230951243], [-104.86785898525213, 38.8954103095105], [-104.8673039850771, 38.894978309486525], [-104.86712498502277, 38.89485830948149], [-104.86698898498517, 38.89480030948233], [-104.86679898493843, 38.89477330949108], [-104.86617198479428, 38.89477630953339], [-104.86570798468745, 38.894777309564326], [-104.86545698462608, 38.89474530957656], [-104.86535898459869, 38.89470030957673], [-104.86492598446705, 38.89440830956429], [-104.86478698442545, 38.894321309561334], [-104.86468598439707, 38.89427330956118], [-104.86456398436599, 38.89424630956562], [-104.86447898434596, 38.89424230957055], [-104.86444198433719, 38.89424130957294], [-104.8643769843234, 38.89425130957866], [-104.86435098431829, 38.89425930958162], [-104.86426798430183, 38.89428330959041], [-104.86424198429673, 38.894291309593385], [-104.86421198429157, 38.8943083095978], [-104.86415998428316, 38.89434130960579], [-104.86407998427501, 38.89443530962457], [-104.8640409842713, 38.894483309633834], [-104.86402398426961, 38.89450330963787], [-104.86401198427019, 38.89453430964296], [-104.86396598427324, 38.89465930966371], [-104.86396398427759, 38.89470330967015], [-104.86396198428362, 38.89476330967878], [-104.8638849842646, 38.89475130968212], [-104.863682984212, 38.894695309687634], [-104.863263984103, 38.8945813096996], [-104.86162198367552, 38.894131309745276], [-104.86127798359185, 38.89409030976238], [-104.8611699835633, 38.89405730976499], [-104.86073698344941, 38.89392730977538], [-104.86048498338133, 38.89383530977916], [-104.85991698322765, 38.89362730978762], [-104.86012298324194, 38.89332330973098], [-104.8600309832152, 38.89327130972972], [-104.86001798319221, 38.89308830970465], [-104.86035698318632, 38.89231830957324], [-104.85915698286436, 38.89190130959418], [-104.85923498283529, 38.89147030952804], [-104.85966598287901, 38.890961309427325], [-104.85984798289113, 38.89068730937634], [-104.85992698287517, 38.89037430932685], [-104.85955698265873, 38.88917130918127], [-104.85867398241841, 38.8888333091924], [-104.85781198219134, 38.88857230921281], [-104.85732598201211, 38.88795630915807], [-104.85597198166921, 38.88767230920817], [-104.85502098147691, 38.88791830930626], [-104.85462798139073, 38.88795930933826], [-104.85387098120351, 38.887842309372], [-104.85293098094427, 38.88745030937924], [-104.8524089807784, 38.88703230935495], [-104.85192598065574, 38.88692830937233], [-104.85145698051501, 38.88662830936114], [-104.85101298039834, 38.88649730937216], [-104.85067398030746, 38.8863803093781], [-104.85039898022703, 38.886223309374365], [-104.85034698020084, 38.88609330935936], [-104.8503079801733, 38.88592330933787], [-104.84964197997428, 38.88550530932312], [-104.84965597996761, 38.88541430930927], [-104.8498769799986, 38.885231309268775], [-104.85008598001825, 38.88497030921785], [-104.85019097997996, 38.88439630912974], [-104.85013797993075, 38.88405730908531], [-104.85004697987561, 38.88374430904696], [-104.84961597973647, 38.88337830902394], [-104.84934197963774, 38.883052308996085], [-104.84883297952751, 38.88311730903907], [-104.8481019793861, 38.88336530912294], [-104.84804997939685, 38.88357430915585], [-104.84802397941229, 38.88377030918534], [-104.84771697935558, 38.88389930922403], [-104.84771697929105, 38.883307309140335], [-104.84770297918651, 38.88237730900964], [-104.8476979791543, 38.882092308969696], [-104.84768497905212, 38.881182308841815], [-104.84766097885407, 38.87941530859337], [-104.84761897881587, 38.87915330855909], [-104.84757297878343, 38.878953308533774], [-104.84742197871097, 38.878608308495096], [-104.8473559786828, 38.878488308482524], [-104.84725697864006, 38.87830630846325], [-104.84713697858116, 38.87801930843065], [-104.84709397855424, 38.87786330841149], [-104.84704897849691, 38.87743230835333], [-104.84694297832722, 38.876098308171734], [-104.84720797838645, 38.876082308151744], [-104.84778797851556, 38.876039308107046], [-104.84836097864299, 38.87599730806308], [-104.84939497887365, 38.87592730798423], [-104.8495619789107, 38.87591430797126], [-104.85028197907046, 38.87585730791534], [-104.85072997915904, 38.87572330786645], [-104.85101197921385, 38.87563030783465], [-104.85104797922098, 38.87561930783071], [-104.85153397930948, 38.87540330776785], [-104.8520009793922, 38.875175307704446], [-104.85210797941116, 38.87512230768973], [-104.85233997945234, 38.87501030765837], [-104.8524259794666, 38.8749593076455], [-104.85252997948412, 38.87489930763008], [-104.85235197941995, 38.874687307612], [-104.8520759793203, 38.87435730758369], [-104.85197197927117, 38.874125307557804], [-104.85192697924609, 38.873990307541696], [-104.85184197919794, 38.873728307510255], [-104.85182197918675, 38.87366730750288], [-104.8516979790989, 38.873124307434296], [-104.85169497908079, 38.872963307411716], [-104.85169697907885, 38.87294130740842], [-104.85171197906635, 38.87279530738677], [-104.8518039790678, 38.87261330735495], [-104.85205297909881, 38.87237130730418], [-104.85244897916023, 38.87209730723893], [-104.85254197917463, 38.87203330722369], [-104.85290297923207, 38.87179630716609], [-104.85304997925861, 38.871729307146936], [-104.85325997930087, 38.87167330712501], [-104.85346197934656, 38.87166530711051], [-104.8535659793717, 38.87167530710493], [-104.85371197940677, 38.87168930709709], [-104.85393097946476, 38.87175830709235], [-104.8541529795297, 38.87188430709531], [-104.85429597957302, 38.87198030709952], [-104.85437097959574, 38.87203030710166], [-104.85442597961148, 38.87205830710178], [-104.85454597964608, 38.87212230710303], [-104.8545679796522, 38.87213130710271], [-104.85476097970545, 38.87221230710139], [-104.85500697977216, 38.87230430709804], [-104.85525297984262, 38.87243130709966], [-104.85540997989035, 38.87253630710409], [-104.85547497990996, 38.87257930710585], [-104.8556659799688, 38.872716307112476], [-104.85588497999645, 38.8725063070682], [-104.85600098001113, 38.8723963070449], [-104.85655298008331, 38.87189030693658], [-104.85677698011271, 38.871686306892805], [-104.85731398018112, 38.8711783067851], [-104.85741798019441, 38.87108130676459], [-104.85759498021817, 38.87092430673053], [-104.85794498026496, 38.870613306663266], [-104.85882698037756, 38.86978230648697], [-104.8589339803897, 38.869666306463444], [-104.85915498041483, 38.86942930641511], [-104.85939198043238, 38.869089306351164], [-104.85912098035713, 38.86897230635272], [-104.85905798033865, 38.86893530635165], [-104.85893998030384, 38.868865306349655], [-104.85881698026651, 38.86878230634615], [-104.8585199801677, 38.86850330632627], [-104.85833598010345, 38.86830230631011], [-104.85823798007036, 38.86820630630312], [-104.85808498001893, 38.86805830629234], [-104.85797897998242, 38.86794630628354], [-104.85777997994516, 38.868025306307935], [-104.85713397981976, 38.86824130638156], [-104.85663297972492, 38.868430306441525], [-104.85657997971235, 38.86842630644448], [-104.8551809793941, 38.868464306542926], [-104.85427897920871, 38.868670306632254], [-104.8536349790603, 38.86867030667511], [-104.85332597901441, 38.868902306728494], [-104.85291297893876, 38.86908230678146], [-104.85252697884711, 38.86905630680341], [-104.8521659787414, 38.86885030679828], [-104.85180497862461, 38.86854130677861], [-104.85146997848852, 38.868000306724326], [-104.851108978324, 38.86725330664262], [-104.85072297817337, 38.866686306588015], [-104.85046497807458, 38.86632530655406], [-104.85015597792211, 38.86557830646889], [-104.849434977669, 38.864779306403726], [-104.84899697752597, 38.86439330637823], [-104.84853297738825, 38.86410930636886], [-104.8480949772677, 38.86392930637252], [-104.84546597661975, 38.86354230649256], [-104.84361097622322, 38.86382630665624], [-104.84216797590183, 38.86392930676678], [-104.84196197583196, 38.863723306751325], [-104.84185897575776, 38.863259306692456], [-104.84048497530489, 38.86200730660656], [-104.84043597528849, 38.861960306603166], [-104.84041297528123, 38.861942306602074], [-104.8403669752667, 38.861906306600055], [-104.84027497523854, 38.86184230659717], [-104.84018297520848, 38.861761306591845], [-104.84011097518554, 38.86170230658821], [-104.83996497513876, 38.86158130658091], [-104.83983797509934, 38.861488306576156], [-104.83980297508849, 38.86146330657482], [-104.83965397504052, 38.86133730656694], [-104.83952697500047, 38.86123830656132], [-104.83943497497224, 38.86117430655842], [-104.83941197496405, 38.86114730655619], [-104.83938897495283, 38.86109330655004], [-104.83934397492679, 38.86094930653266], [-104.83929397490262, 38.86083230651931], [-104.83927497489333, 38.86078730651422], [-104.83924197487471, 38.86068630650209], [-104.83921797486336, 38.86063330649624], [-104.83921797485944, 38.86059730649119], [-104.8392059748499, 38.86053430648299], [-104.83919297482655, 38.86034730645739], [-104.83918397480953, 38.860210306438596], [-104.83914997477127, 38.859930306401125], [-104.83911597472137, 38.859543306348755], [-104.83910497471487, 38.859507306344405], [-104.83907897470444, 38.85946630634033], [-104.83904697469166, 38.85941630633528], [-104.83898997467064, 38.859344306328815], [-104.83894397465613, 38.859308306326824], [-104.83888597463877, 38.859272306325614], [-104.8386219745554, 38.85906430631371], [-104.83858697454332, 38.859028306310975], [-104.83846097449677, 38.858866306296335], [-104.83844897448907, 38.85882130629079], [-104.8384269744535, 38.85854130625269], [-104.83840397444138, 38.858478306245225], [-104.83838097443213, 38.8584423062417], [-104.83833497441864, 38.85841530624083], [-104.83809297434323, 38.858235306231485], [-104.83808197433784, 38.85820830622846], [-104.8380819743349, 38.85818130622454], [-104.8381409742945, 38.85768530615036], [-104.83814097429061, 38.8576493061453], [-104.83812897428395, 38.85761330614103], [-104.83802597424942, 38.85751430613382], [-104.83792197421754, 38.857441306130426], [-104.83788797420668, 38.85741430612892], [-104.83786697419407, 38.857342306120024], [-104.83786497419264, 38.857333306118846], [-104.83777297414892, 38.85712630609577], [-104.83774997413481, 38.85704530608569], [-104.83770397411627, 38.856972306078426], [-104.83758897407498, 38.85683730606694], [-104.83812097419882, 38.85684730603314], [-104.8380979740213, 38.85526430581036], [-104.83729197383461, 38.85525530586264], [-104.83728097371439, 38.854173305710134], [-104.83692997363359, 38.85417430573372], [-104.83692197355244, 38.85344530563089], [-104.83587397331011, 38.85343730569946], [-104.83587897327833, 38.85313430565617], [-104.83576297325165, 38.853135305664125], [-104.83567497323142, 38.85313630567001], [-104.83538397316407, 38.85313330568889], [-104.83538097318824, 38.853361305721364], [-104.83538197320041, 38.85347230573721], [-104.83505097312374, 38.853468305758476], [-104.83487197308233, 38.853466305770105], [-104.83458297301527, 38.853463305789006], [-104.83421697293078, 38.85346130581308], [-104.83371897281556, 38.85345730584562], [-104.83343197274918, 38.85345530586442], [-104.83342897276763, 38.85363130588956], [-104.83341997282317, 38.85416030596495], [-104.83341797284196, 38.854337305990285], [-104.83341697285195, 38.85443230600368], [-104.83341897286927, 38.85458630602548], [-104.83341997287688, 38.85465430603499], [-104.83342297288986, 38.854767306050746], [-104.83344897291727, 38.85496430607704], [-104.83354097295597, 38.85512530609372], [-104.83372697301469, 38.855271306102004], [-104.8339299730709, 38.85535730610071], [-104.83398497308605, 38.85538030610026], [-104.83424097314926, 38.85541930608883], [-104.83327897292786, 38.85542230615309], [-104.8334949730253, 38.85586030620075], [-104.83351797303587, 38.85590930620632], [-104.83371897312809, 38.85633130625268], [-104.83374097313767, 38.85637230625704], [-104.83358097310743, 38.85643330627622], [-104.83353297309856, 38.856453306282255], [-104.83335797306452, 38.85651130630214], [-104.83331397305584, 38.85652530630711], [-104.83309697301395, 38.85660030633198], [-104.83295697298719, 38.856650306348406], [-104.83293597298285, 38.85665530635061], [-104.83288397297203, 38.85666630635567], [-104.83276097294696, 38.856695306367826], [-104.83272897293895, 38.856690306369366], [-104.83267697292617, 38.85668330637179], [-104.83263397291559, 38.85667730637381], [-104.83251897288426, 38.85663230637514], [-104.8324379728597, 38.85657830637284], [-104.83233497282994, 38.85652330637176], [-104.83192097269719, 38.85618030635077], [-104.8317369726412, 38.85605430634518], [-104.8316669726192, 38.85600030634217], [-104.83159897259564, 38.85592830633661], [-104.83147197255353, 38.85581030632812], [-104.83137997251954, 38.85569330631778], [-104.83109297241724, 38.8553593062896], [-104.83097797237399, 38.85520630627556], [-104.83051797220904, 38.85466430622924], [-104.83033397214419, 38.854457306212296], [-104.83006997204701, 38.8541233061824], [-104.8298629719718, 38.85387030616033], [-104.82974597192876, 38.85372230614717], [-104.82936697185347, 38.853833306188214], [-104.82869897171732, 38.853997306255714], [-104.82863197170273, 38.85400630626148], [-104.82839897164736, 38.85399030627463], [-104.8282719716172, 38.85398230628203], [-104.82811397158127, 38.853986306293066], [-104.82769997148489, 38.853977306319294], [-104.82746797143078, 38.85397230633407], [-104.82721097137129, 38.853969306350685], [-104.8268499712876, 38.85396530637412], [-104.8264399711919, 38.85395430639979], [-104.82618397113221, 38.85394830641602], [-104.8261949711202, 38.853814306396245], [-104.82601397107777, 38.853808306407444], [-104.82524297089766, 38.8537853064555], [-104.82441897070434, 38.85375430650579], [-104.82416797064487, 38.85373930652034], [-104.82335897045539, 38.85371230657041], [-104.82248097025027, 38.853687306625055], [-104.82209297015916, 38.85367130664869], [-104.82181197009308, 38.85366030666582], [-104.82160297004484, 38.853659306679646], [-104.82093096988991, 38.85365930672431], [-104.82072996984355, 38.85365930673767], [-104.82054396980142, 38.85366530675088], [-104.82042596977455, 38.85366830675901], [-104.82018496971968, 38.85367530677606], [-104.82007296969381, 38.8536743067833], [-104.81995596966685, 38.85367430679107], [-104.8197259696135, 38.8536723068061], [-104.81969996960757, 38.85367230680782], [-104.81903896945478, 38.8536683068512], [-104.81894896943403, 38.85366830685718], [-104.81880996940238, 38.85367230686698], [-104.8184659693238, 38.853679306890875], [-104.81842196931382, 38.853681306894075], [-104.81793496920142, 38.853679306926175], [-104.81743696908629, 38.85367630695897], [-104.81709396900717, 38.853675306981515], [-104.81691296896534, 38.85367430699335], [-104.81673296892369, 38.853673307005224], [-104.81619296879919, 38.853673307041106], [-104.81565296867566, 38.85368230707832], [-104.81529296859348, 38.85368930710311], [-104.81531296855626, 38.85330530704742], [-104.81537596844585, 38.85215530688033], [-104.815396968409, 38.85177230682453], [-104.8151149683426, 38.851759306841636], [-104.81481496827209, 38.85174730685973], [-104.81427096814507, 38.8517323068938], [-104.81413796811395, 38.851728306902075], [-104.81398996807954, 38.851725306911455], [-104.81389396805716, 38.85172230691747], [-104.81360696799004, 38.85171430693548], [-104.81351196796787, 38.85171230694132], [-104.8134989680076, 38.85210430699786], [-104.81349796801082, 38.852136307002425], [-104.81346296812708, 38.8532803071669], [-104.8134549681545, 38.85354930720562], [-104.81345996816911, 38.85367330722276], [-104.81323396811598, 38.853664307236485], [-104.81257196796054, 38.8536383072768], [-104.8125579679573, 38.853638307277734], [-104.81233296790592, 38.85364230729324], [-104.81208696784887, 38.85363930730922], [-104.81172496776513, 38.85363730733301], [-104.81162296774164, 38.853637307339795], [-104.81135096767845, 38.85363330735737], [-104.81110596762163, 38.853630307373116], [-104.8109529675871, 38.85363630738412], [-104.81055296749432, 38.85363130741012], [-104.81051396748514, 38.85363030741246], [-104.81036596745095, 38.85362930742211], [-104.8102839674311, 38.853620307426425], [-104.81005896737655, 38.853596307437925], [-104.8100399673718, 38.85359230743868], [-104.80995996735163, 38.8535763074416], [-104.80987696733247, 38.85357630744711], [-104.80962996727564, 38.85357730746378], [-104.80954796725682, 38.853578307469256], [-104.80939096722034, 38.853575307479396], [-104.80933296720694, 38.853575307483226], [-104.80902596713554, 38.85357030750289], [-104.80891996711071, 38.85356630750939], [-104.80876396707426, 38.853561307518994], [-104.80875496709334, 38.8537563075472], [-104.808729967151, 38.85434030763164], [-104.80872196717053, 38.85453630766001], [-104.8088829672084, 38.854543307650346], [-104.80936596732236, 38.85456730762163], [-104.80952796736057, 38.85457530761199], [-104.80952596736756, 38.85464430762191], [-104.80952396737558, 38.85472230763299], [-104.8095239673796, 38.854759307638254], [-104.8095229673871, 38.85483030764838], [-104.80953296740823, 38.85500330767236], [-104.80953696741683, 38.855073307681955], [-104.8095409674248, 38.855138307690964], [-104.80950896748257, 38.855737307777964], [-104.80949596750618, 38.855982307813385], [-104.80947996753254, 38.85625830785366], [-104.80943396761226, 38.85708930797448], [-104.80941996763914, 38.85736630801472], [-104.8094109676578, 38.85755730804235], [-104.80940896766691, 38.857645308054956], [-104.80939096775383, 38.85848230817478], [-104.80938596778306, 38.85876230821464], [-104.80937396783949, 38.859306308292624], [-104.80934696788765, 38.859806308365265], [-104.80929796795438, 38.86052430847033], [-104.8092869679684, 38.86067630849256], [-104.80922796801617, 38.861241308576595], [-104.80916896803006, 38.86149330861626], [-104.80916896804725, 38.8616513086386], [-104.809204968069, 38.861775308653755], [-104.80930196810881, 38.86193530867003], [-104.80934196812278, 38.86197930867355], [-104.80929296811519, 38.86201330868159], [-104.80914696809276, 38.86211730870612], [-104.8090989680855, 38.862152308714286], [-104.80906496808018, 38.86217530871975], [-104.80901696807278, 38.8622083087277], [-104.80896396806475, 38.8622473087366], [-104.80893096805978, 38.86227130874225], [-104.8088959680451, 38.86221030873603], [-104.8086079679794, 38.86221730875605], [-104.80687396758766, 38.8622913088819], [-104.80654796751224, 38.862289308903314], [-104.80437496700955, 38.862274309045624], [-104.80215896650589, 38.862342309202525], [-104.7981239655834, 38.86241630948136], [-104.79731196539927, 38.86244530953936], [-104.79662696524302, 38.86246130958725], [-104.79660696523746, 38.862452309587276], [-104.79603396507956, 38.86221630959188], [-104.79593296505962, 38.862246309602895], [-104.79563196499994, 38.8623363096356], [-104.79553196498021, 38.862367309646736], [-104.79526196490549, 38.862252309648284], [-104.79445196468122, 38.86190830965332], [-104.7941819646066, 38.8617943096551], [-104.79418196461062, 38.86183130966037], [-104.7941819646229, 38.8619443096765], [-104.79418196462703, 38.86198230968184], [-104.79426796465069, 38.86201730968094], [-104.79452596472163, 38.86212330967891], [-104.79461196474541, 38.86215930967825], [-104.7947269647771, 38.86220630967743], [-104.79507196487214, 38.86234930967469], [-104.7951879649042, 38.86239730967366], [-104.7949359648871, 38.862774309743976], [-104.79491596489189, 38.862861309757534], [-104.79490996491113, 38.86305130978495], [-104.79488496500623, 38.86397830991799], [-104.79488396514435, 38.865250310098425], [-104.79488396516524, 38.86544231012555], [-104.79489496522666, 38.86598331020151], [-104.79488396526293, 38.86634031025284], [-104.79486796531894, 38.86688931033167], [-104.79486096537418, 38.867412310406365], [-104.79485696541215, 38.867770310457324], [-104.79485096545659, 38.86819031051721], [-104.79484796548846, 38.868489310559816], [-104.79478996556236, 38.86929231067743], [-104.79478496557819, 38.86944831069982], [-104.79477196562092, 38.869869310760365], [-104.7946469655932, 38.869879310770074], [-104.79427296551052, 38.86991231079965], [-104.79420396549543, 38.86991931080527], [-104.79414896548326, 38.86992431080958], [-104.79407696546753, 38.86993231081558], [-104.79407996550995, 38.87031531086955], [-104.79412796555864, 38.87066131091542], [-104.79425896563643, 38.871098310968726], [-104.79457296578715, 38.87181831104976], [-104.79460396580214, 38.871889311057814], [-104.79473396587194, 38.87225631110115], [-104.79477096590307, 38.872464311128134], [-104.79481296593629, 38.872679311155856], [-104.79484396598097, 38.87302431120277], [-104.79487396604686, 38.87356631127752], [-104.79451496596553, 38.87357931130321], [-104.79358496575466, 38.87361331136986], [-104.79343896572199, 38.87362231138087], [-104.79317796566373, 38.87364031140084], [-104.79308096564132, 38.8736403114073], [-104.79268796555064, 38.87363931143322], [-104.79245496549316, 38.87360531144393], [-104.7923869654764, 38.87359531144691], [-104.79211496540924, 38.873555311459434], [-104.79175096531556, 38.87346531147088], [-104.79126596518503, 38.87329431147894], [-104.79089896508201, 38.87312631147951], [-104.79050396496507, 38.872888311472074], [-104.79045596494989, 38.87285031146993], [-104.79004696482049, 38.872528311451504], [-104.78991396477741, 38.872414311444196], [-104.78987396477416, 38.87246931145457], [-104.78983996477155, 38.87251731146369], [-104.78978996476727, 38.8725843114764], [-104.7897589647662, 38.87263931148636], [-104.78972596476507, 38.872699311497044], [-104.78928796474911, 38.873481311637036], [-104.78920296474625, 38.87363531166446], [-104.78905896473286, 38.87381731169976], [-104.7886149646912, 38.87437631180858], [-104.78810796464106, 38.874990311929345], [-104.78795296462461, 38.875167311964645], [-104.78787396461382, 38.875235311979644], [-104.7877999646009, 38.87527331198991], [-104.78751396454793, 38.87539231202583], [-104.78747596454033, 38.87540331202995], [-104.78719196448486, 38.87549531206188], [-104.78674096440008, 38.87567231211683], [-104.78663696438088, 38.87571631213006], [-104.78653796436267, 38.87575931214273], [-104.78637996433635, 38.8758523121663], [-104.78621896431076, 38.87595831219212], [-104.7862089643094, 38.87596731219409], [-104.78610296429596, 38.87606831221548], [-104.78592496427744, 38.87627531225653], [-104.78573396426323, 38.876549312308], [-104.78558796425412, 38.87677531234996], [-104.78527696421386, 38.877065312411574], [-104.78523896420792, 38.877091312417846], [-104.78511596418903, 38.877178312438424], [-104.7849089641511, 38.87726831246493], [-104.7847939641287, 38.87730631247792], [-104.78461496409382, 38.87736531249827], [-104.7845899640891, 38.877374312501075], [-104.78415996399889, 38.877457312541566], [-104.78406096397661, 38.87746231254873], [-104.78387396393462, 38.87747331256276], [-104.78376696390998, 38.87747331256987], [-104.78120696331827, 38.87746331273876], [-104.7792079628628, 38.8775163128792], [-104.77843696268232, 38.877493312927214], [-104.77820796262884, 38.87748631294142], [-104.77810696260568, 38.87748731294839], [-104.77709596237261, 38.87748931301591], [-104.77661396226208, 38.877495313048755], [-104.77658796225603, 38.877495313050474], [-104.77616596215572, 38.8774683130746], [-104.77577296206114, 38.87743231309568], [-104.775372961969, 38.87743431312257], [-104.77500896188997, 38.87747931315331], [-104.77470296182233, 38.877507313177496], [-104.77431796174373, 38.87760031321635], [-104.77413596170766, 38.87765531323633], [-104.77397496167434, 38.877690313251854], [-104.77382596164195, 38.87770931326446], [-104.77353196157695, 38.877734313287675], [-104.77327196151835, 38.877747313306834], [-104.77316496149379, 38.87774931331423], [-104.77296196144745, 38.877753313328235], [-104.77272196139201, 38.877752313344], [-104.77248196134433, 38.87782331337001], [-104.77233696131813, 38.877890313389216], [-104.77217996129251, 38.877987313413435], [-104.77205696127542, 38.87809131343625], [-104.77115196114616, 38.87882231360016], [-104.77101096112055, 38.87888631361856], [-104.77083796108519, 38.87892831363592], [-104.77067196104996, 38.87895631365115], [-104.76941496077761, 38.87911931375783], [-104.76903896070161, 38.87921831379668], [-104.76888596066603, 38.879215313806554], [-104.76871596062207, 38.879172313811765], [-104.76854696057713, 38.879117313815286], [-104.76823296048774, 38.878961313813925], [-104.76795996040906, 38.8788183138119], [-104.76791996040347, 38.87885131381909], [-104.76787796040126, 38.878920313831706], [-104.76787396040532, 38.878965313838364], [-104.76789996041768, 38.879025313845105], [-104.76793096043119, 38.8790823138512], [-104.7680489604695, 38.87918431385772], [-104.76825196053207, 38.87932931386493], [-104.76886196070205, 38.87959831386231], [-104.76888996071418, 38.879649313867844], [-104.76891196072867, 38.879735313878584], [-104.76894196074134, 38.87978831388402], [-104.76901396076406, 38.87984431388722], [-104.76912396079395, 38.87988631388579], [-104.76932396085017, 38.87997831388564], [-104.7696669609432, 38.88010631388092], [-104.7701119610859, 38.88047331390334], [-104.77034596117244, 38.880772313930194], [-104.77060496128406, 38.88124831398038], [-104.77073196134708, 38.88155831401594], [-104.77093096146258, 38.88219731409325], [-104.77118596159293, 38.8828543141694], [-104.77128696165607, 38.88322031421443], [-104.7713129616766, 38.88335331423173], [-104.7712969616877, 38.883489314251946], [-104.77124796168822, 38.883598314270614], [-104.77118696168584, 38.88370531428985], [-104.77113696169226, 38.88387031431672], [-104.77106396170572, 38.884148314360836], [-104.771021961724, 38.88440531440021], [-104.77096796173558, 38.88462631443495], [-104.77091396175106, 38.884883314475054], [-104.77092496177292, 38.88506031449931], [-104.77096596180078, 38.88522931452068], [-104.77099896181609, 38.88530031452837], [-104.77103396183232, 38.88537431453661], [-104.77123696190465, 38.88560831455627], [-104.77147096199272, 38.885921314585055], [-104.77174596209521, 38.886279314617624], [-104.77209196221375, 38.886635314645], [-104.77243496232975, 38.886973314669966], [-104.77270196243092, 38.88733731470389], [-104.77278696246306, 38.88745231471447], [-104.77400996292697, 38.889119314869426], [-104.77409996296115, 38.88924231488074], [-104.77477696310125, 38.88909431481469], [-104.77520096319266, 38.889036314778295], [-104.77543196324477, 38.88902431476131], [-104.77567096330118, 38.88903631474701], [-104.77574196331793, 38.88904031474286], [-104.7760699633967, 38.88906731472495], [-104.77644796348937, 38.88911831470695], [-104.77756696376781, 38.88930331465874], [-104.77817496391727, 38.889387314630206], [-104.77847796398922, 38.889406314612685], [-104.7788139640661, 38.889400314589544], [-104.77962696425487, 38.889411314537035], [-104.780182964381, 38.88939131449713], [-104.78041896443271, 38.88936631447797], [-104.78043296443586, 38.88936531447677], [-104.78065196448291, 38.88933331445769], [-104.78084896452587, 38.88931031444137], [-104.78137796463831, 38.8892223143937], [-104.78144296465244, 38.889215314388345], [-104.78181296473409, 38.889181314358936], [-104.78199796477676, 38.88918031434636], [-104.78207796479508, 38.88917931434102], [-104.7823079648472, 38.8891703143244], [-104.7825269648978, 38.88917131430986], [-104.784116965266, 38.88918331420588], [-104.78464696538872, 38.88918831417137], [-104.78470996540338, 38.88918831416718], [-104.78489996544735, 38.88918931415455], [-104.78496396546218, 38.889190314150554], [-104.7850649654855, 38.88919031414383], [-104.78537096555641, 38.889193314123766], [-104.78547296558007, 38.88919431411723], [-104.78566296562389, 38.889194314104586], [-104.78605096571356, 38.88919531407879], [-104.78619496574605, 38.889189314068375], [-104.78623696575487, 38.88918131406451], [-104.78654696582102, 38.88913131403676], [-104.7869709659063, 38.88901631399231], [-104.78717896594634, 38.88894331396814], [-104.78739496598577, 38.88884931394046], [-104.78762596602566, 38.88872531390739], [-104.78831196613405, 38.88826731379698], [-104.78861096618128, 38.88806831374876], [-104.7887659662079, 38.88798331372651], [-104.78897696624664, 38.88789231369947], [-104.7891329662762, 38.887833313680815], [-104.7892839663067, 38.88779431366523], [-104.78941896633495, 38.88776731365249], [-104.78948096634795, 38.88775631364661], [-104.78951096635441, 38.88775131364403], [-104.78969696639464, 38.88772731362826], [-104.79011196649118, 38.88773431360167], [-104.79038496655846, 38.88777331358905], [-104.79061096661545, 38.88781831358036], [-104.79086796668498, 38.88791231357652], [-104.79101696672551, 38.88796831357457], [-104.79150796685914, 38.88815531356841], [-104.7918029669394, 38.88826731356465], [-104.79268796718021, 38.88860331355329], [-104.79298296726056, 38.88871631354955], [-104.79316796731074, 38.88878531354706], [-104.79372496746213, 38.88899531353972], [-104.79391096751259, 38.889065313537365], [-104.79410996756663, 38.889140313534725], [-104.79470996772963, 38.889365313526596], [-104.7949099677839, 38.88944031352389], [-104.79510596783702, 38.88951331352123], [-104.79569396799678, 38.88973431351334], [-104.79580796802783, 38.88977731351187], [-104.79589196805027, 38.88980531351027], [-104.79614796811849, 38.88989031350534], [-104.79691896832439, 38.89014731349039], [-104.79717596839308, 38.89023331348548], [-104.79733196843468, 38.890285313482494], [-104.79780096855993, 38.890441313473325], [-104.79795796860186, 38.89049431347029], [-104.79843396872904, 38.89065331346114], [-104.79986496911101, 38.89113031343346], [-104.80003896915754, 38.89118831343013], [-104.80034896923746, 38.89126531342036], [-104.80043496925992, 38.89128931341804], [-104.80059396929951, 38.89131631341121], [-104.8008959693739, 38.89136031339745], [-104.80094196938528, 38.89136731339542], [-104.80134996948324, 38.891403313373324], [-104.80181096959103, 38.891415313344254], [-104.80236296971682, 38.89140231330562], [-104.80256096976083, 38.89138731329031], [-104.80279796981378, 38.89137031327217], [-104.80311496988357, 38.89134031324685], [-104.80331996992867, 38.891320313230466], [-104.80339796994642, 38.89131831322482], [-104.8034259699528, 38.891317313222935], [-104.803580969988, 38.8913123132118], [-104.80376597003367, 38.89133931320341], [-104.80403797010156, 38.89138731319199], [-104.80434597018152, 38.89146831318309], [-104.80449897022123, 38.89150931317855], [-104.80464397026046, 38.89156331317657], [-104.80468797027248, 38.891580313176064], [-104.80507297038585, 38.8918053131824], [-104.80524697043984, 38.89193231318883], [-104.80539397048848, 38.89206831319817], [-104.80549997052593, 38.892186313207816], [-104.80551397053074, 38.892202313209296], [-104.806135970772, 38.89309831329457], [-104.80629797083868, 38.89336731332194], [-104.80639497088256, 38.893565313343586], [-104.8064929709342, 38.89383131337468], [-104.80657497098278, 38.89410331340767], [-104.80665797102677, 38.89433131343446], [-104.80667797104331, 38.89444031344852], [-104.80671797107611, 38.89465631347657], [-104.80677597113431, 38.89506831353102], [-104.80687697123456, 38.89577331362398], [-104.80692897127717, 38.896054313660436], [-104.80695097128955, 38.89612131366836], [-104.80697097130104, 38.89618431367601], [-104.80703097132783, 38.896303313688904], [-104.80704597133423, 38.89633031369164], [-104.8071929713958, 38.8965843137177], [-104.80726797142563, 38.896699313729094], [-104.80738097146691, 38.89683831374123], [-104.80743997148693, 38.89689731374574], [-104.80760497154273, 38.89706031375781], [-104.80765197155868, 38.89710731376127], [-104.80781097160799, 38.89722331376716], [-104.80789497163327, 38.897277313769244], [-104.80812097170114, 38.89742131377456], [-104.80824897173811, 38.897489313775594], [-104.80840397178198, 38.89756431377586], [-104.80847997180223, 38.89758931377428], [-104.80872497186795, 38.897673313769886], [-104.80898597193597, 38.8977453137628], [-104.80916297198105, 38.897784313756596], [-104.80947697205667, 38.89781431373992], [-104.80969597210886, 38.89782931372741], [-104.81153597253572, 38.89785231360812], [-104.8125649727744, 38.897865313541416], [-104.81344397297826, 38.897875313484256], [-104.81376397305253, 38.89787931346345], [-104.81507497335508, 38.8978813133764], [-104.81523797339264, 38.89788131336555], [-104.81572797350461, 38.89787231333177], [-104.81608397358414, 38.89784831330468], [-104.81635797364544, 38.89783131328401], [-104.81695797377492, 38.89774931323241], [-104.81735597386158, 38.89770331319935], [-104.81775097394753, 38.89765531316637], [-104.81822097405012, 38.897602313127585], [-104.81895797421097, 38.89751931306661], [-104.81918197425995, 38.897495313048296], [-104.81981597439115, 38.897357312986664], [-104.82025097447905, 38.89724331294156], [-104.82094897461982, 38.89705831286884], [-104.82098297462677, 38.89705031286546], [-104.8214069747146, 38.8969593128243], [-104.82181897480697, 38.89693531279341], [-104.82303597508817, 38.89694031271316], [-104.82310297510341, 38.89693931270845], [-104.8238249752695, 38.896935312659785], [-104.82382597533801, 38.89756131274844], [-104.82382797537844, 38.897927312800036], [-104.82382897540397, 38.89815931283278], [-104.82382997546605, 38.898726312913006], [-104.82387997548227, 38.89876931291576], [-104.8239489754998, 38.89878431291326], [-104.82408597553258, 38.898795312905726], [-104.82452497563334, 38.89879131287574], [-104.82515197577736, 38.898786312833394], [-104.82525897576228, 38.89842231277465], [-104.82533797575147, 38.89815531273172], [-104.82537597574627, 38.898027312711], [-104.82541197567558, 38.897303312606276], [-104.8254319756389, 38.89692531255144], [-104.82558397567382, 38.89692331254102], [-104.82604297577916, 38.89691931250973], [-104.82619597581447, 38.89691931249954], [-104.82641697586511, 38.896916312484514], [-104.82707897601684, 38.896908312439365], [-104.8273009760677, 38.8969063124243], [-104.82766497615118, 38.896901312399244], [-104.82781797618618, 38.89689931238884], [-104.82837597631415, 38.89689231235058], [-104.82875997640201, 38.89688631232423], [-104.82912497648572, 38.89688231229936], [-104.82930497652683, 38.8968793122869], [-104.82984797665124, 38.89687231224969], [-104.83002897669293, 38.89687131223756], [-104.82983197670345, 38.89738431232328], [-104.8293449767171, 38.89853931251913], [-104.82892397672266, 38.8994803126804], [-104.82853797674268, 38.9004783128473], [-104.82887397682866, 38.900556312835974], [-104.8291119768895, 38.90061131282783], [-104.8286689768987, 38.9016313130017], [-104.82861297690005, 38.90176231302396], [-104.82839597690237, 38.90224231310627], [-104.82876597699082, 38.90227131308581], [-104.82882897700465, 38.902264313080586], [-104.82895397703201, 38.902251313070394], [-104.8291239770671, 38.902213313053736], [-104.8292439770871, 38.90214331303572], [-104.82947397710066, 38.90178231296933], [-104.82965097711579, 38.90154631292412], [-104.82976897713404, 38.9014643129048], [-104.82985497714753, 38.9014063128909], [-104.83000997717429, 38.901324312868894], [-104.83015997720412, 38.90128031285261], [-104.83037297724836, 38.90123531283207], [-104.83100297737943, 38.90110531277179], [-104.83101397738156, 38.90110231277053], [-104.83112697740492, 38.90107731275952], [-104.83122797742578, 38.90105531274969], [-104.83194397757363, 38.90089731267968], [-104.83205997759846, 38.900880312669535], [-104.83213197761383, 38.90086831266296], [-104.83283997776394, 38.900749312598855], [-104.8330509778124, 38.90074731258452], [-104.83396397802112, 38.90073031252134], [-104.83453897815319, 38.90072631248247], [-104.83484797822406, 38.90072331246156], [-104.83576097843397, 38.9007183124], [-104.8372709788193, 38.901059312347556], [-104.8378649789708, 38.9011923123268], [-104.83825197906954, 38.90128031231347], [-104.84035197968745, 38.902506312347], [-104.8404049797343, 38.902823312388406], [-104.84289498041672, 38.90381731236305], [-104.84366898058741, 38.903747312301455], [-104.84392398054635, 38.90283231215503], [-104.84534998087791, 38.90285831206368], [-104.84598298101328, 38.902761312007904], [-104.84723198129348, 38.90269131191467], [-104.84782198140545, 38.90247131184434], [-104.84783998129245, 38.90139831169126], [-104.84938798164639, 38.90137231158443], [-104.84936298155546, 38.90059131147567], [-104.84936098149608, 38.90005131139951], [-104.84985498160786, 38.90003231136394], [-104.84989498161693, 38.90003131136102], [-104.85114598190025, 38.89998531127128], [-104.85133698194133, 38.899959311254655], [-104.85142898196129, 38.89994731124691], [-104.85183098205519, 38.89995931122173], [-104.85155798196757, 38.89973231120787], [-104.85137798190519, 38.8995413111929], [-104.85131298188021, 38.89944931118423], [-104.85120898184002, 38.89930131117026], [-104.85109098179052, 38.89909631114918], [-104.85124298182099, 38.89905531113325], [-104.85165598190487, 38.898950311090914], [-104.85190698195822, 38.89890931106839], [-104.85214598201436, 38.89891931105379], [-104.85251898211213, 38.89902731104429], [-104.85279398219105, 38.8991703110461], [-104.85352398240781, 38.89961431106018], [-104.8535709824217, 38.89964231106102], [-104.8538629825108, 38.899842311069904], [-104.85395198254005, 38.89992231107531], [-104.85401598256261, 38.89999431108116], [-104.85346298249485, 38.9005413111953], [-104.85466198285425, 38.90130331122332], [-104.85519198291836, 38.9007703111126], [-104.85552298295825, 38.90043731104346], [-104.85574298298474, 38.900216310997536], [-104.85594798300949, 38.9000093109545], [-104.8560959830274, 38.89986131092374], [-104.85631098305352, 38.89964631087898], [-104.85642398306712, 38.89953231085534], [-104.85652198307697, 38.89941531083232], [-104.85659498306883, 38.89918731079517], [-104.85661098296684, 38.89821831065719], [-104.85661798292077, 38.897781310594844], [-104.85661298279382, 38.89662831043214], [-104.85837398319987, 38.89663131031526], [-104.85892198332624, 38.896632310278825], [-104.85899498334327, 38.896633310274176], [-104.8590599833583, 38.89663431026986], [-104.85998998357407, 38.89664731020977], [-104.86158598394438, 38.89667131010686], [-104.86174798398201, 38.896674310096536], [-104.86197698403517, 38.89667731008158], [-104.86297698426714, 38.896691310017054], [-104.86311898430016, 38.896694310007895], [-104.86397298449715, 38.896696309951274], [-104.86440298459632, 38.8966973099228], [-104.86569198489363, 38.896700309837435], [-104.86612298499298, 38.89670130980874], [-104.86662498510873, 38.89670230977555], [-104.86743298529518, 38.89670430972192], [-104.8681309854572, 38.896715309676985], [-104.86847098553618, 38.89672130965517], [-104.86846998558669, 38.89718630972087], [-104.8686289856448, 38.8973833097381], [-104.86909298588161, 38.898573309875474], [-104.86926098597269, 38.89905330993223], [-104.86952098611437, 38.899802310020775], [-104.8695249861241, 38.89988331003191], [-104.86897898604943, 38.90035131013449], [-104.86927198613691, 38.90053431014082], [-104.86932698614426, 38.90048531013028], [-104.86974198620021, 38.90012331005132], [-104.86975698620222, 38.90010931004847], [-104.86980498620873, 38.90006731003919], [-104.86982098621102, 38.90005431003626], [-104.8700779862456, 38.899829309987396], [-104.87042198629214, 38.89952930992207], [-104.87085098635004, 38.899154309840384], [-104.87110898638507, 38.89893030979163], [-104.87160398645185, 38.898497309697284], [-104.87173698646993, 38.89838230967228], [-104.87225198653942, 38.89793230957441], [-104.87236398655459, 38.89783530955317], [-104.87308998665257, 38.897200309415105], [-104.87325798667537, 38.89705430938324], [-104.87359098672152, 38.89677430932137]]]}, "properties": {"zip": "80907", "name": "ZIP 80907"}, "id": "80907"}, {"type": "Feature", "geometry": {"type": "MultiPolygon", "coordinates": [[[[-104.7619869484973, 38.7816873004195], [-104.76198194840475, 38.78084130029956], [-104.76198094838291, 38.78064130027112], [-104.76197994836076, 38.78043830024243], [-104.76191494833287, 38.780320300229974], [-104.7616609482729, 38.78030630024466], [-104.76057894802064, 38.7802813003128], [-104.75838294750892, 38.78023430045154], [-104.75791594739165, 38.78014630046993], [-104.75782494737257, 38.780163300478335], [-104.75798494722075, 38.77841630021944], [-104.7580819471278, 38.77734930006128], [-104.75775094705142, 38.77734930008317], [-104.75766694703209, 38.777349300088744], [-104.75753494700159, 38.77734930009748], [-104.75753794704488, 38.77774330015321], [-104.75753994706132, 38.777891300174154], [-104.75751894721844, 38.7793903003887], [-104.75751594725007, 38.77968930043145], [-104.75751294730685, 38.78022130050726], [-104.75751194731893, 38.78033530052352], [-104.75750794734692, 38.78060330056191], [-104.75750794735102, 38.780641300567204], [-104.75750794736368, 38.78075830058395], [-104.75750894736811, 38.780797300589434], [-104.75750894738799, 38.78098130061557], [-104.75750994739869, 38.781078300629346], [-104.75751094744831, 38.78153530069419], [-104.7575109474617, 38.78165930071178], [-104.75751194746857, 38.78172030072046], [-104.75787094755096, 38.78171730069621], [-104.75817194762021, 38.781715300676005], [-104.75825694763972, 38.78171430067014], [-104.75880694776609, 38.78170930063314], [-104.7594089479046, 38.781705300592805], [-104.76049494815423, 38.78169730051978], [-104.76124094832576, 38.781692300469636], [-104.76179394845292, 38.78168830043247], [-104.76187394847129, 38.78168830042718], [-104.7619869484973, 38.7816873004195]]], [[[-104.80362796251649, 38.822487303453734], [-104.80369596238096, 38.82109330325138], [-104.80318696226169, 38.82107630328279], [-104.80288596219116, 38.821066303301365], [-104.80258796212149, 38.82105630331981], [-104.80233296206187, 38.82104830333544], [-104.8016939619126, 38.82103130337548], [-104.80139696184338, 38.821024303394154], [-104.80109996177377, 38.82101430341246], [-104.8002089615655, 38.820987303467824], [-104.79991196149605, 38.820978303486214], [-104.79949396139814, 38.82096430351206], [-104.79906696129828, 38.820951303538344], [-104.798499961159, 38.82087230356485], [-104.79825096109572, 38.82081830357367], [-104.7979189610114, 38.820746303585544], [-104.79784696099145, 38.82071530358601], [-104.7975259609026, 38.82057930358796], [-104.79740596086944, 38.820528303588574], [-104.7968099606845, 38.82008930356591], [-104.79667596064189, 38.819981303559416], [-104.79640496055582, 38.81976430354658], [-104.79611396046346, 38.8195313035329], [-104.79587496038853, 38.81934830352273], [-104.79532496021605, 38.81892730349946], [-104.79464195999928, 38.81838130346741], [-104.79429295988795, 38.81809530344996], [-104.79377295972189, 38.81766930342393], [-104.79367795969152, 38.81759130341925], [-104.79365895968547, 38.81757630341819], [-104.79344995962684, 38.81748030341851], [-104.79334895959853, 38.817433303418554], [-104.79323895956757, 38.817382303418675], [-104.79318495955249, 38.81735730341877], [-104.79303595951535, 38.817332303425], [-104.7929699594991, 38.81732230342798], [-104.79279395945547, 38.81729430343569], [-104.79240895936654, 38.817293303460985], [-104.79219995931835, 38.81729330347485], [-104.79219095925772, 38.81675230339866], [-104.79218395921436, 38.81636730334459], [-104.79209895918092, 38.816239303332004], [-104.79209995913054, 38.81577230326575], [-104.79208595909707, 38.81549330322703], [-104.79201695905083, 38.815213303191854], [-104.79187295898258, 38.81489030315564], [-104.7917209589184, 38.81462130312747], [-104.79142995881219, 38.81426030309553], [-104.79128795876336, 38.81411230308393], [-104.7911159587042, 38.81393230306984], [-104.79067395856103, 38.81355130304494], [-104.79058395853139, 38.81346930303943], [-104.79035795845955, 38.81328830302868], [-104.79016695839424, 38.813091303013415], [-104.7900329583498, 38.812966303004536], [-104.78973195824861, 38.81267330298279], [-104.78935095811747, 38.81227330295144], [-104.78917795805899, 38.81210130293847], [-104.78939495809155, 38.81194130290125], [-104.79018595822302, 38.81147130278208], [-104.79042795826334, 38.81132730274561], [-104.7906589583017, 38.81119030271085], [-104.7922949585889, 38.81035830248436], [-104.79252295863078, 38.810260302455184], [-104.79340095879228, 38.8098823023433], [-104.79454195901613, 38.80951930221612], [-104.794646959037, 38.809489302204916], [-104.7946809590436, 38.80947730220103], [-104.79489595908639, 38.80941430217777], [-104.79501995911106, 38.809379302164665], [-104.79512595913248, 38.809350302153426], [-104.79542095919182, 38.809270302122485], [-104.79544495919654, 38.80926330212003], [-104.7955159592109, 38.8092443021125], [-104.79565195923841, 38.8092093020986], [-104.79592295929336, 38.809139302070584], [-104.79658095942447, 38.808949302000066], [-104.79680895947233, 38.80890630197885], [-104.79722495956, 38.80882930194034], [-104.79715095953958, 38.80879930194102], [-104.79634495931745, 38.80846330194671], [-104.79568195912209, 38.808072301935134], [-104.79520995898326, 38.80779430192705], [-104.79525895898465, 38.80770230191074], [-104.7952829589794, 38.80760330189512], [-104.7952949589744, 38.807531301884005], [-104.79528395896587, 38.80747630187701], [-104.79401595857844, 38.80659930183665], [-104.79325595833578, 38.8059753017983], [-104.79278995817938, 38.80552330176514], [-104.79211395794918, 38.80483730171249], [-104.79021295730992, 38.80298130157507], [-104.78902695690797, 38.80179530148522], [-104.78840995670052, 38.80119230144047], [-104.78752595636534, 38.79997930132686], [-104.7867929561155, 38.79923230126937], [-104.78636795597669, 38.79885530124403], [-104.7855869557381, 38.798314301218966], [-104.78488695552323, 38.797820301195195], [-104.78476595548702, 38.79774330119213], [-104.78388695520792, 38.797037301150134], [-104.78330595502115, 38.796549301119406], [-104.78329595501728, 38.796535301118], [-104.78297295490971, 38.79622930109603], [-104.78187295454325, 38.79518730102086], [-104.78178795451421, 38.795100301014195], [-104.77978095382942, 38.79304830085557], [-104.77934295368003, 38.792600300820986], [-104.77880095349838, 38.79207630078242], [-104.77855295341134, 38.791800300759704], [-104.77831295332373, 38.791502300733185], [-104.77785595310698, 38.79047230061714], [-104.77727895283837, 38.789220300477396], [-104.77716695278602, 38.788974300449986], [-104.77705895276401, 38.78900030046083], [-104.776970952723, 38.78880930043954], [-104.7769029526891, 38.788641300420146], [-104.77666895258207, 38.78815030036592], [-104.77663195256493, 38.78807030035692], [-104.7763529524353, 38.787466300289566], [-104.77625995239214, 38.787265300267215], [-104.77623695238825, 38.78727830027062], [-104.77617095237729, 38.78731830028059], [-104.77614895237377, 38.787332300284085], [-104.77581195231843, 38.787539300335766], [-104.77571795230217, 38.78758930034913], [-104.77471095212857, 38.78813230049298], [-104.77435095205058, 38.78817830052342], [-104.77385295194287, 38.788244300565715], [-104.77321195180399, 38.788327300619905], [-104.77313495176604, 38.78814030059842], [-104.77307395173696, 38.78800230058295], [-104.77282795162012, 38.78744530052003], [-104.77282195161717, 38.78743230051862], [-104.77192895119694, 38.785449300296015], [-104.77179695113493, 38.78515730026326], [-104.77163295105389, 38.78475730021721], [-104.7712719508753, 38.783875300115774], [-104.77126395087132, 38.783855300113395], [-104.77151095092525, 38.783827300093066], [-104.77186095099778, 38.78375230005926], [-104.77299495123353, 38.78351329995029], [-104.77301695123822, 38.78350929994811], [-104.77342795132445, 38.783430299909746], [-104.7736469513714, 38.78339729989065], [-104.77378795140169, 38.783377299878396], [-104.77425195150592, 38.783351299844], [-104.77427495151106, 38.78334929984219], [-104.774345951527, 38.783345299836924], [-104.77436995153246, 38.78334529983534], [-104.7743839515356, 38.78334429983422], [-104.77442895154554, 38.783340299830684], [-104.77444495154914, 38.78334029982962], [-104.7744569515519, 38.78333929982857], [-104.77449195155982, 38.78333729982598], [-104.77450495156273, 38.78333729982512], [-104.7744899515557, 38.78330429982156], [-104.7744189515231, 38.78315429980499], [-104.77425595144793, 38.7828062997663], [-104.77416295140486, 38.78260629974401], [-104.77413095138984, 38.782535299736], [-104.77407995136595, 38.782423299723455], [-104.77395995131006, 38.78216229969435], [-104.77393795129976, 38.782113299688895], [-104.77377395122326, 38.781755299648765], [-104.7737479512111, 38.78169929964267], [-104.77360195117816, 38.78170529965317], [-104.77336095106617, 38.78118329959491], [-104.77331195105552, 38.78118929959897], [-104.77326595104557, 38.7811952996028], [-104.77323795103966, 38.7812002996054], [-104.77298095098467, 38.78124029962806], [-104.77221195082058, 38.781363299696494], [-104.77209195079509, 38.78138329970735], [-104.77195495076494, 38.78139729971831], [-104.77175595072201, 38.78142429973543], [-104.77145595065744, 38.781467299761225], [-104.77115995059373, 38.78150829978667], [-104.77096195055113, 38.781537299803986], [-104.77082895052287, 38.781560299816014], [-104.7704299504384, 38.78162929985228], [-104.77029795041048, 38.7816532998645], [-104.77000395026835, 38.78096529978608], [-104.769746950144, 38.78036329971763], [-104.76906894983847, 38.778983299566384], [-104.76878994978543, 38.77908729959954], [-104.76864494972625, 38.77884829957509], [-104.76848894966477, 38.77861229955206], [-104.76832294960154, 38.77838129953012], [-104.76814694953653, 38.77815529950958], [-104.76796094946967, 38.777934299490525], [-104.76779994941337, 38.777756299475875], [-104.76757994933662, 38.777516299456344], [-104.76746194929602, 38.77739229944657], [-104.76204694804439, 38.777367299801305], [-104.76205894819161, 38.77870429999074], [-104.76207294837204, 38.780344300222914], [-104.76207394838329, 38.78044630023727], [-104.76208394851473, 38.78164230040669], [-104.76213594853142, 38.781685300409364], [-104.76277794868062, 38.78169530036837], [-104.76281394869315, 38.78173430037137], [-104.7629929487607, 38.78197730039414], [-104.7631999488576, 38.78243230044511], [-104.763281948896, 38.782612300465196], [-104.76329794890347, 38.78264830046939], [-104.76336994893737, 38.78280730048704], [-104.76335794897584, 38.783189300542325], [-104.76335294899621, 38.78338830057089], [-104.76307294892608, 38.783337300582026], [-104.76295994889705, 38.783310300585796], [-104.76288094887799, 38.78330230058992], [-104.76272394883874, 38.78327430059635], [-104.7621739487098, 38.783255300630046], [-104.76217494871516, 38.78330230063664], [-104.76216694874603, 38.78360530068029], [-104.7617089486412, 38.78361330071168], [-104.76170794866151, 38.783802300738635], [-104.76170294871754, 38.784332300814285], [-104.76170194874271, 38.78456730084783], [-104.76171394878548, 38.7849373008995], [-104.76172994885167, 38.785515300980656], [-104.76174494891227, 38.78604430105489], [-104.76171194891245, 38.78611630106726], [-104.76165594890433, 38.78616030107734], [-104.76158094888973, 38.786186301085976], [-104.76060194866442, 38.78619030115136], [-104.76002294853122, 38.786193301189996], [-104.75948894840856, 38.786198301226115], [-104.75864894821568, 38.78620630128286], [-104.75853494818483, 38.78616430128448], [-104.75849694816384, 38.78605230127107], [-104.75844294812465, 38.785804301239274], [-104.75840694808764, 38.78553830120391], [-104.7583819480615, 38.78535030117891], [-104.7583809480241, 38.78500630113002], [-104.75838094802171, 38.78498430112702], [-104.75838094801458, 38.78491830111751], [-104.75838094801232, 38.78489730111459], [-104.75828094798916, 38.78489630112113], [-104.75798194791987, 38.78489330114044], [-104.75788294789689, 38.78489230114674], [-104.75788294789916, 38.784913301149736], [-104.75788394790654, 38.784979301159154], [-104.75788494790912, 38.78500130116211], [-104.7578939479683, 38.78552930123672], [-104.75804394809064, 38.786341301342105], [-104.75810194813775, 38.78665330138261], [-104.75817794817429, 38.786829301402605], [-104.7583049482196, 38.78697730141526], [-104.75839394824642, 38.78703530141759], [-104.75851694828087, 38.78709130141743], [-104.7587359483368, 38.78714130141008], [-104.7591119484261, 38.78716530138847], [-104.7597069485621, 38.78715330134742], [-104.76015694866493, 38.787144301316296], [-104.7606479487788, 38.787150301284804], [-104.7609079488443, 38.787201301274806], [-104.76104194888177, 38.787262301274446], [-104.76114594891368, 38.78733530127799], [-104.76123494894618, 38.78744630128797], [-104.76128594898978, 38.78774030132639], [-104.76128494903075, 38.788121301380514], [-104.76122494903386, 38.788278301406784], [-104.76117394903362, 38.78838530142541], [-104.7610259490329, 38.788694301479076], [-104.76086794902966, 38.789002301533394], [-104.76082194902867, 38.789090301548946], [-104.7606829490259, 38.78936130159673], [-104.76063894902495, 38.78944630161162], [-104.76066994903321, 38.78945730161116], [-104.76102794913376, 38.78962230161088], [-104.76128394920597, 38.78974430161125], [-104.761570949291, 38.789918301616986], [-104.76176494934955, 38.79004630162223], [-104.7626029496061, 38.790631301649995], [-104.7628379496764, 38.790780301655694], [-104.76237394961215, 38.79117630174261], [-104.76185194952426, 38.791476301819905], [-104.7615829494749, 38.791594301854474], [-104.76088494933919, 38.791828301934], [-104.7603469492374, 38.792034301998896], [-104.76031294923187, 38.7920553020041], [-104.76007794919286, 38.792197302039874], [-104.75989294917464, 38.79242230208404], [-104.75974794916922, 38.79268230213063], [-104.75966294918226, 38.792983302179074], [-104.75959094922713, 38.7935523022647], [-104.75957694923594, 38.79366330228135], [-104.75956794925742, 38.793881302312876], [-104.75955894928131, 38.79412130234754], [-104.75955294929634, 38.794273302369675], [-104.75954594931457, 38.79445730239622], [-104.75949194936796, 38.79506530248625], [-104.75941194939949, 38.79552730255724], [-104.75930394940686, 38.79582630260676], [-104.7590669493827, 38.796108302662546], [-104.75887894935184, 38.796224302691556], [-104.75882794934297, 38.7962503026986], [-104.75875794933077, 38.79628730270859], [-104.75856994929413, 38.7963493027298], [-104.75841294926293, 38.79639630274687], [-104.7575889490748, 38.7964143028039], [-104.75758294914942, 38.797117302904255], [-104.75758094918716, 38.79747030295463], [-104.75757994920716, 38.79765730298112], [-104.7575709493274, 38.79878730314237], [-104.75756994933529, 38.798862303153065], [-104.75756894936113, 38.79910330318745], [-104.75756794937432, 38.79922730320507], [-104.75756794945049, 38.79993130330509], [-104.75756694946821, 38.80009730332883], [-104.75756594952219, 38.80059830340013], [-104.75756594954039, 38.80076630342386], [-104.75756494955355, 38.80089030344168], [-104.75756494959391, 38.80126330349466], [-104.75756494960744, 38.801388303512454], [-104.75756394962562, 38.8015583035367], [-104.75756394964445, 38.80173230356143], [-104.7575619496803, 38.802068303609204], [-104.75756194969867, 38.802238303633445], [-104.75755894975514, 38.80276630370864], [-104.75755694980857, 38.80326430377953], [-104.75754994992445, 38.804350303934264], [-104.75754794998124, 38.8048793040096], [-104.75787095005624, 38.80488430398877], [-104.75869995024914, 38.80489830393597], [-104.75883895028286, 38.80491430392893], [-104.75915995036124, 38.80495430391341], [-104.7595079504488, 38.80502130389993], [-104.75963795048152, 38.805046303894805], [-104.76009495060198, 38.8051853038842], [-104.76050195071807, 38.80539030388646], [-104.76068095076927, 38.805481303887426], [-104.76081795080866, 38.80555330388866], [-104.76076995080388, 38.805611303900115], [-104.76062695078963, 38.805785303934314], [-104.76057995078529, 38.80584430394572], [-104.76021995068355, 38.80567230394513], [-104.76008395066837, 38.80582130397532], [-104.75976695064877, 38.806316304066605], [-104.75951995064428, 38.806801304151854], [-104.75933495064713, 38.80722230422395], [-104.75936395065759, 38.80725630422682], [-104.75942995067439, 38.80727130422475], [-104.75969395074429, 38.80735430421901], [-104.75966395074433, 38.80741830423004], [-104.7596249507464, 38.80752130424724], [-104.75946795075544, 38.807939304316996], [-104.75945195076224, 38.80803530433161], [-104.75942295077493, 38.80821530435927], [-104.75939795078504, 38.808361304381705], [-104.75935995080202, 38.808599304418], [-104.75934995082204, 38.80880530444794], [-104.75934295083651, 38.808954304469395], [-104.75933695085295, 38.8091193044934], [-104.75932195090319, 38.809614304564654], [-104.75931895091279, 38.809709304578384], [-104.75933995092477, 38.80977630458658], [-104.75942095097292, 38.81004830461978], [-104.75949695101806, 38.8103033046509], [-104.75970795112227, 38.81081630470979], [-104.75971995112825, 38.81084530471322], [-104.75983295118255, 38.8111063047427], [-104.7594469511033, 38.81119630478109], [-104.75937795108905, 38.81121230478799], [-104.7586749509456, 38.81138530485909], [-104.75846995090384, 38.81143630487989], [-104.758189950845, 38.81148930490609], [-104.75800895080471, 38.811503304920045], [-104.75791995078492, 38.81151030492697], [-104.75754295070031, 38.811532304955094], [-104.75744895067922, 38.81153830496214], [-104.75742895067471, 38.81153830496348], [-104.75707495059308, 38.81153830498695], [-104.75623495039922, 38.811538305042625], [-104.75567195026775, 38.811524305077874], [-104.75520495015903, 38.81151430510744], [-104.7547429500512, 38.81150330513653], [-104.75472895004795, 38.81150330513746], [-104.75408094990021, 38.811519305182756], [-104.75382794984684, 38.811565305205946], [-104.75364494981245, 38.811638305228605], [-104.75347394978586, 38.811757305256776], [-104.75339294977609, 38.8118393052738], [-104.75328694976348, 38.811948305296276], [-104.7531599497663, 38.81224530534676], [-104.75307694977649, 38.812516305390815], [-104.7530679497765, 38.81253530539406], [-104.75274494978417, 38.81329430552344], [-104.75271094978501, 38.81337530553716], [-104.75265794978726, 38.813508305559516], [-104.75259694978924, 38.81365730558481], [-104.75250594979273, 38.813883305623], [-104.75249894979389, 38.81390930562698], [-104.75242894980931, 38.81420030567307], [-104.75241794986215, 38.8147123057466], [-104.75241694986994, 38.81478630575711], [-104.75245594989997, 38.81497930578192], [-104.75246094990369, 38.81500430578525], [-104.75254194994082, 38.815174305803886], [-104.75268594999277, 38.815346305818785], [-104.75284695005054, 38.815537305835264], [-104.75327195020034, 38.81601430587484], [-104.75358495030419, 38.816307305895826], [-104.75366595033115, 38.81638330590111], [-104.75394695041447, 38.816553305906716], [-104.75432395051763, 38.81670230590273], [-104.7546709506091, 38.81680830589485], [-104.75510395071782, 38.816889305877794], [-104.75551795081365, 38.81689230585064], [-104.75580895088113, 38.81689530583189], [-104.75592395090756, 38.81689430582401], [-104.75589095092673, 38.81714130586128], [-104.755895950936, 38.81721630587159], [-104.75590195094618, 38.817297305882825], [-104.75595395096607, 38.81737030588956], [-104.75604795099798, 38.817465305896874], [-104.75618595103876, 38.817547305899446], [-104.75632895107982, 38.817621305900346], [-104.75641095111288, 38.817753305913776], [-104.75643695113568, 38.81790730593386], [-104.75642995113819, 38.817945305939865], [-104.75637595116041, 38.81826630598892], [-104.756525951197, 38.818283305981396], [-104.75660495121575, 38.8182883059769], [-104.75694695129712, 38.81831130595745], [-104.75729595137585, 38.81829530593214], [-104.75741195140208, 38.81828930592342], [-104.75752695142816, 38.818285305915296], [-104.75752495148188, 38.81878530598643], [-104.75752295155044, 38.81942230607714], [-104.75751695164263, 38.82028630620016], [-104.75751595165909, 38.82044030622205], [-104.75751195169578, 38.82078730627169], [-104.75751095170156, 38.82084330627974], [-104.7575079517195, 38.82101530630439], [-104.75750795172569, 38.82107230631239], [-104.75750795172883, 38.8211013063166], [-104.75750595173173, 38.821132306321005], [-104.75749595174922, 38.82131530634772], [-104.75749295175508, 38.82137630635665], [-104.75749595179192, 38.821709306403584], [-104.75748595183988, 38.82217230647014], [-104.75748295185609, 38.82232830649243], [-104.75747395196551, 38.82335730663919], [-104.7574669519724, 38.823436306650834], [-104.75748495209174, 38.824498306800386], [-104.75748395209835, 38.82456130680947], [-104.75748195218428, 38.82535830692281], [-104.75735895215576, 38.82535730693076], [-104.75701395207606, 38.82535630695363], [-104.75692395205525, 38.8253563069596], [-104.75683295203436, 38.82535730696566], [-104.75651195196073, 38.82536130698751], [-104.75539395170463, 38.82537830706421], [-104.75525095167164, 38.82537930707379], [-104.75469395154366, 38.82538330711122], [-104.75469395154225, 38.82537030710941], [-104.75469595153837, 38.825330307103656], [-104.7546969515373, 38.825318307101774], [-104.75426195143666, 38.825316307130365], [-104.75295695113515, 38.82531230721635], [-104.75252195103462, 38.825311307245194], [-104.75176195085899, 38.82530930729531], [-104.74948195033242, 38.82530530744581], [-104.74872295015716, 38.82530430749611], [-104.74872295016961, 38.82541930751233], [-104.74872295018967, 38.82560430753865], [-104.74872495024454, 38.826106307609784], [-104.7487039502832, 38.826507307668265], [-104.7486899503126, 38.82680830771182], [-104.7486899503205, 38.826881307722175], [-104.74868995034423, 38.827100307753284], [-104.74869095035248, 38.82717430776383], [-104.74867995038082, 38.82745930780499], [-104.74867895039111, 38.827556307818824], [-104.74935495054704, 38.82755530777378], [-104.74961795063861, 38.82784130779697], [-104.74951795064787, 38.82813830784589], [-104.74947095065832, 38.82833530787693], [-104.74941595065482, 38.82841930789253], [-104.74973895075667, 38.82867130790694], [-104.74969095079243, 38.82910330797135], [-104.74942395075145, 38.829294308016316], [-104.74952795079857, 38.82950730803954], [-104.74960095083156, 38.82965630805593], [-104.74953295083272, 38.82981130808252], [-104.74936895081126, 38.82996230811468], [-104.74919795078002, 38.83003830813692], [-104.74919695081675, 38.83037930818539], [-104.74942995090298, 38.83067930821247], [-104.74923495090124, 38.831077308282], [-104.74883095080354, 38.83103630830296], [-104.74865195075888, 38.83100530831053], [-104.74861495076301, 38.83112230832951], [-104.74859995076528, 38.831175308337954], [-104.7485489507657, 38.83128830835751], [-104.748494950766, 38.83140530837764], [-104.74831795074847, 38.83162030841994], [-104.74823595073713, 38.83169030843525], [-104.74813895072391, 38.831775308453814], [-104.74796795070046, 38.83192330848621], [-104.74788795068886, 38.831986308500305], [-104.74783095068062, 38.83203230851073], [-104.74794395071712, 38.83212730851677], [-104.74821995080367, 38.83233830852845], [-104.74801595077427, 38.83250130856512], [-104.74780295074362, 38.8326723086035], [-104.74759395071341, 38.83283830864099], [-104.74740095068648, 38.83300030867665], [-104.74725495067005, 38.833159308708986], [-104.74710295065833, 38.83337530874982], [-104.74753695077793, 38.83355430874633], [-104.74775095083648, 38.83363830874408], [-104.74800195090306, 38.83371830873888], [-104.74822395095966, 38.83376830873111], [-104.74843495101145, 38.83379630872125], [-104.74877895109243, 38.833811308700405], [-104.74904195115141, 38.833796308680974], [-104.74923295119082, 38.833752308661985], [-104.74945095123583, 38.83370330864058], [-104.74968095128109, 38.833631308615004], [-104.74992495132616, 38.83352830858421], [-104.7501499513646, 38.83340330855146], [-104.75039095140079, 38.83322430851016], [-104.7505589514233, 38.83307430847775], [-104.75064895143768, 38.833015308463324], [-104.751234951515, 38.83248130834865], [-104.75131895154037, 38.83253630835081], [-104.75164395163812, 38.832746308359226], [-104.75178295165593, 38.83261430833117], [-104.7521429517024, 38.83227730825945], [-104.75231995172699, 38.83212730822644], [-104.75245995174838, 38.83202730820286], [-104.75256695176583, 38.831959308186164], [-104.75271595179112, 38.831876308164546], [-104.75290195182431, 38.83178630813942], [-104.75317395187554, 38.83168030810625], [-104.75345495193147, 38.83159730807592], [-104.75369395198112, 38.83154630805282], [-104.75391695202921, 38.83151530803353], [-104.7543169521192, 38.83149430800407], [-104.75523395233019, 38.83148830794223], [-104.75537995236422, 38.83149230793326], [-104.75533195237342, 38.831679307963036], [-104.75533095238187, 38.83175930797432], [-104.7553309524027, 38.83195130800167], [-104.75538495241507, 38.83195030799788], [-104.75555095245304, 38.83194730798652], [-104.75560595246577, 38.83194730798287], [-104.75596895254887, 38.83194130795783], [-104.75607095257234, 38.83194030795097], [-104.7563609526397, 38.83194430793229], [-104.75694395277509, 38.831952307894674], [-104.75705995280207, 38.83195430788726], [-104.75728995285388, 38.831943307870404], [-104.75742195288369, 38.83193730786087], [-104.75751695290522, 38.83193330785399], [-104.75749795287246, 38.8316723078183], [-104.7574409527746, 38.83089030771098], [-104.75742295274219, 38.83063030767522], [-104.7576589527976, 38.83063830766069], [-104.7577379528123, 38.830606307650925], [-104.75799795286107, 38.83050230761901], [-104.75810895288201, 38.83045930760553], [-104.75817995285246, 38.83003630754075], [-104.75846895288403, 38.82971230747561], [-104.75881595291631, 38.82927130738989], [-104.75906495296454, 38.82918630736139], [-104.75963495307512, 38.82899330729616], [-104.75944895308601, 38.82948930737874], [-104.75926795307254, 38.82975030742795], [-104.75920595306792, 38.829840307444776], [-104.75953895317707, 38.830138307464985], [-104.7600339533021, 38.83023830744642], [-104.76048195344082, 38.83056330746276], [-104.7608839535717, 38.83091530748603], [-104.76118895366879, 38.83116130750084], [-104.7613669537253, 38.83130430750925], [-104.76171495386127, 38.831817307559], [-104.761721953864, 38.83182730756003], [-104.76175495387626, 38.83187030756395], [-104.7618759539213, 38.8320283075783], [-104.76191695393652, 38.832081307583024], [-104.76201795396398, 38.83211930758186], [-104.76208295398152, 38.83214330758084], [-104.76231195404698, 38.83225930758209], [-104.76240995407507, 38.83230930758274], [-104.76244395407888, 38.83227230757521], [-104.76253295408692, 38.83215830755306], [-104.7625639540901, 38.832120307545715], [-104.76257095409072, 38.832111307543926], [-104.76259795408578, 38.83200830752749], [-104.76263295407982, 38.83187930750684], [-104.76275195411475, 38.831948307508796], [-104.76297095416703, 38.8319643074966], [-104.76368295435508, 38.83218330748046], [-104.76464895457808, 38.8321843074164], [-104.76464895461234, 38.83250030746129], [-104.76452695459875, 38.832634307488476], [-104.76488695468187, 38.83263530746461], [-104.76563095485396, 38.83263930741579], [-104.76596695493127, 38.83263730739321], [-104.7663279550145, 38.83263630736924], [-104.76653095506113, 38.832634307355484], [-104.76667195509357, 38.83263430734613], [-104.76713995520183, 38.83263630731536], [-104.76734295524884, 38.83263830730217], [-104.76753895529411, 38.83263930728918], [-104.76812795543037, 38.83264230725057], [-104.76832495547612, 38.832644307237786], [-104.76852295552175, 38.83264430722463], [-104.76856595553178, 38.83264530722187], [-104.76911995566189, 38.832667307188224], [-104.7693189557088, 38.832675307176295], [-104.7695229557566, 38.83268230716363], [-104.76985895583543, 38.83269430714312], [-104.77013495589979, 38.83270130712567], [-104.77033995594773, 38.83270730711306], [-104.7703479559302, 38.83252830708705], [-104.77034295591355, 38.832385307067184], [-104.7703389559, 38.832269307050986], [-104.7704469559252, 38.832271307044046], [-104.77070295598418, 38.83227130702705], [-104.77092395601544, 38.83208930698663], [-104.7713659561383, 38.832282306984645], [-104.77271395644932, 38.8322823068952], [-104.77426695678487, 38.83207230676217], [-104.77479195689787, 38.83199830671695], [-104.77523495699324, 38.831936306678735], [-104.77529795700758, 38.831933306674095], [-104.7752969570233, 38.8320803066951], [-104.77529595707661, 38.832574306765274], [-104.77529595709157, 38.83271230678491], [-104.77537195710907, 38.83271230677987], [-104.77589695723029, 38.83271230674503], [-104.77623695730871, 38.832712306722456], [-104.77627395731709, 38.832712306720005], [-104.77725695754137, 38.83268830665118], [-104.77759695761893, 38.8326803066275], [-104.77783095767256, 38.83267730661167], [-104.7785349578344, 38.83267230656419], [-104.77876995788847, 38.83267030654831], [-104.77899995794112, 38.832667306532535], [-104.77968995809977, 38.83266230648616], [-104.77992095815293, 38.83266130647062], [-104.78015395820648, 38.83265930645488], [-104.78050995828839, 38.83265730643096], [-104.78059195829361, 38.83253130640767], [-104.78065195829564, 38.83242230638829], [-104.78064695828797, 38.83236230637996], [-104.78062695825955, 38.832143306350204], [-104.7806409581974, 38.83154030626368], [-104.78064595812698, 38.83088030616983], [-104.78065495809602, 38.830576306126], [-104.78065095809103, 38.830538306120914], [-104.7807399581096, 38.83052130611258], [-104.78118495821325, 38.83052930608417], [-104.7817459583428, 38.83053130604721], [-104.78206595841687, 38.830533306026254], [-104.78219295844065, 38.83048230601061], [-104.78249395848668, 38.8302673059601], [-104.78279495853207, 38.830045305908726], [-104.78285195854056, 38.83000230589882], [-104.78296995855682, 38.82990130587664], [-104.78309295859394, 38.82998230587993], [-104.78366195875401, 38.830248305879934], [-104.78368295876001, 38.83025830587987], [-104.7843249589402, 38.83055530587946], [-104.78515495916126, 38.830828305863164], [-104.78550895925547, 38.83094330585592], [-104.78641295949058, 38.83118930583087], [-104.78659695953468, 38.831204305820826], [-104.78663395954291, 38.831201305817885], [-104.78680995958162, 38.83118530580403], [-104.78726895967395, 38.83105930575556], [-104.78777695977519, 38.83091230570107], [-104.78803295982601, 38.83083730567344], [-104.78816695990358, 38.83126730572545], [-104.78840396001895, 38.83182730578929], [-104.78850496006282, 38.83201630580927], [-104.7885599600819, 38.83207530581407], [-104.78881696017126, 38.83235230583628], [-104.7892659603167, 38.83273830586124], [-104.78950396037513, 38.83277130585015], [-104.789661960414, 38.83279430584288], [-104.78973096043072, 38.83280230583958], [-104.79002096049956, 38.832819305822525], [-104.79016196053304, 38.83282830581448], [-104.79022296054724, 38.832829305810684], [-104.79033196057254, 38.83283130580372], [-104.79046396060349, 38.83283530579552], [-104.79073396066651, 38.832842305778634], [-104.79114196076179, 38.83285330575314], [-104.79138796081929, 38.83286030573767], [-104.79154696085605, 38.832861305727306], [-104.79181896091916, 38.83286530570981], [-104.79210196098526, 38.83287230569206], [-104.79253996108739, 38.83288330566457], [-104.79295096118324, 38.83289330563863], [-104.79323396124934, 38.83290130562094], [-104.79353096131874, 38.83290930560248], [-104.79393496141326, 38.83292130557731], [-104.79442196152728, 38.83293730554734], [-104.79471896159689, 38.832947305528954], [-104.79502396166832, 38.832958305510296], [-104.79539396175525, 38.83297230548764], [-104.79593896188244, 38.8329873054536], [-104.79624496195406, 38.832996305434584], [-104.7965409620235, 38.83300730541652], [-104.7969939621299, 38.83302530538886], [-104.79743196223299, 38.83304430536264], [-104.79772896230294, 38.833057305344795], [-104.79774196222708, 38.83233130524091], [-104.7977399622137, 38.83221230522406], [-104.79773196216668, 38.83179530516559], [-104.79776396215364, 38.831607305136714], [-104.79776596215312, 38.83159830513526], [-104.79783196215044, 38.831433305107495], [-104.79797896215453, 38.83115930505894], [-104.79828596217645, 38.83070830497457], [-104.79849996219909, 38.830462304925526], [-104.79867796222585, 38.83033030489492], [-104.79888996226116, 38.830205304863085], [-104.79920096231731, 38.83006230482225], [-104.79945996236502, 38.829951304789134], [-104.79965696239466, 38.82980630475557], [-104.79973796240198, 38.82970130473533], [-104.79980796239951, 38.82952930470627], [-104.79986696239486, 38.82936130467849], [-104.7999619623989, 38.8291963046488], [-104.80003896240795, 38.829116304632315], [-104.80016696243196, 38.829065304616584], [-104.8004149624817, 38.828997304590544], [-104.80060896251565, 38.828897304563405], [-104.80072596252863, 38.828769304537516], [-104.8007639625316, 38.82871530452729], [-104.80087596254039, 38.82855830449759], [-104.80098896255218, 38.8284273044715], [-104.80174996267834, 38.82797230435646], [-104.80192896271008, 38.82788430433207], [-104.8022979627753, 38.82770130428159], [-104.80250896281574, 38.82762530425692], [-104.80276896287309, 38.8276023042363], [-104.8034049630213, 38.82761630419614], [-104.80340496299104, 38.82733730415659], [-104.8034069629544, 38.8269953041079], [-104.80338396291735, 38.82670230406792], [-104.80331896288159, 38.82651130404517], [-104.80330996287655, 38.82648430404183], [-104.8031549628196, 38.826288304024416], [-104.80334796285914, 38.82624230400502], [-104.80339496286882, 38.82623230400056], [-104.80356596290898, 38.82623930399007], [-104.80355696288778, 38.8260633039657], [-104.80355496283299, 38.825561303894645], [-104.8035749627818, 38.825047303820504], [-104.8035699627619, 38.82487430379623], [-104.80356096272031, 38.824510303745235], [-104.80355396264753, 38.82385330365251], [-104.80359096260173, 38.82335230357887], [-104.80362796251649, 38.822487303453734]]]]}, "properties": {"zip": "80910", "name": "ZIP 80910"}, "id": "80910"}, {"type": "Feature", "geometry": {"type": "Polygon", "coordinates": [[[-104.8036049641468, 38.83756330559368], [-104.80360496414018, 38.837502305584955], [-104.80303996400866, 38.83749030562085], [-104.80282896395894, 38.83748030563338], [-104.80288896382505, 38.836119305436334], [-104.80290896381875, 38.836019305420905], [-104.80292496378816, 38.83570330537503], [-104.80296096375231, 38.83529630531497], [-104.80297296368481, 38.83465030522254], [-104.80297896365336, 38.834346305178954], [-104.80302496354251, 38.833228305017364], [-104.80256096343355, 38.833210305045725], [-104.8022599633631, 38.83319930506394], [-104.80195896329224, 38.83318630508211], [-104.8015129631875, 38.833168305109275], [-104.80105696307983, 38.83314630513637], [-104.80086696303522, 38.83313830514786], [-104.80075696300969, 38.83313630515496], [-104.80045696293972, 38.83312930517379], [-104.80001796283753, 38.833121305201864], [-104.79955896273076, 38.83311130523079], [-104.79946796270967, 38.833110305236794], [-104.79925996266064, 38.83310030524927], [-104.79895296258879, 38.83309130526834], [-104.79851096248561, 38.83307930529584], [-104.79803496237429, 38.83306530532554], [-104.79772896230294, 38.833057305344795], [-104.79743196223299, 38.83304430536264], [-104.7969939621299, 38.83302530538886], [-104.7965409620235, 38.83300730541652], [-104.79624496195406, 38.832996305434584], [-104.79593896188244, 38.8329873054536], [-104.79539396175525, 38.83297230548764], [-104.79502396166832, 38.832958305510296], [-104.79471896159689, 38.832947305528954], [-104.79442196152728, 38.83293730554734], [-104.79393496141326, 38.83292130557731], [-104.79353096131874, 38.83290930560248], [-104.79323396124934, 38.83290130562094], [-104.79295096118324, 38.83289330563863], [-104.79253996108739, 38.83288330566457], [-104.79210196098526, 38.83287230569206], [-104.79181896091916, 38.83286530570981], [-104.79154696085605, 38.832861305727306], [-104.79138796081929, 38.83286030573767], [-104.79114196076179, 38.83285330575314], [-104.79073396066651, 38.832842305778634], [-104.79046396060349, 38.83283530579552], [-104.79033196057254, 38.83283130580372], [-104.79022296054724, 38.832829305810684], [-104.79016196053304, 38.83282830581448], [-104.79002096049956, 38.832819305822525], [-104.78973096043072, 38.83280230583958], [-104.789661960414, 38.83279430584288], [-104.78950396037513, 38.83277130585015], [-104.7892659603167, 38.83273830586124], [-104.78881696017126, 38.83235230583628], [-104.7885599600819, 38.83207530581407], [-104.78850496006282, 38.83201630580927], [-104.78840396001895, 38.83182730578929], [-104.78816695990358, 38.83126730572545], [-104.78803295982601, 38.83083730567344], [-104.78777695977519, 38.83091230570107], [-104.78726895967395, 38.83105930575556], [-104.78680995958162, 38.83118530580403], [-104.78663395954291, 38.831201305817885], [-104.78659695953468, 38.831204305820826], [-104.78641295949058, 38.83118930583087], [-104.78550895925547, 38.83094330585592], [-104.78515495916126, 38.830828305863164], [-104.7843249589402, 38.83055530587946], [-104.78368295876001, 38.83025830587987], [-104.78366195875401, 38.830248305879934], [-104.78309295859394, 38.82998230587993], [-104.78296995855682, 38.82990130587664], [-104.78285195854056, 38.83000230589882], [-104.78279495853207, 38.830045305908726], [-104.78249395848668, 38.8302673059601], [-104.78219295844065, 38.83048230601061], [-104.78206595841687, 38.830533306026254], [-104.7817459583428, 38.83053130604721], [-104.78118495821325, 38.83052930608417], [-104.7807399581096, 38.83052130611258], [-104.78065095809103, 38.830538306120914], [-104.78065495809602, 38.830576306126], [-104.78064595812698, 38.83088030616983], [-104.7806409581974, 38.83154030626368], [-104.78062695825955, 38.832143306350204], [-104.78064695828797, 38.83236230637996], [-104.78065195829564, 38.83242230638829], [-104.78059195829361, 38.83253130640767], [-104.78050995828839, 38.83265730643096], [-104.78015395820648, 38.83265930645488], [-104.77992095815293, 38.83266130647062], [-104.77968995809977, 38.83266230648616], [-104.77899995794112, 38.832667306532535], [-104.77876995788847, 38.83267030654831], [-104.7785349578344, 38.83267230656419], [-104.77783095767256, 38.83267730661167], [-104.77759695761893, 38.8326803066275], [-104.77725695754137, 38.83268830665118], [-104.77627395731709, 38.832712306720005], [-104.77623695730871, 38.832712306722456], [-104.77589695723029, 38.83271230674503], [-104.77537195710907, 38.83271230677987], [-104.77529595709157, 38.83271230678491], [-104.77529595707661, 38.832574306765274], [-104.7752969570233, 38.8320803066951], [-104.77529795700758, 38.831933306674095], [-104.77523495699324, 38.831936306678735], [-104.77479195689787, 38.83199830671695], [-104.77426695678487, 38.83207230676217], [-104.77271395644932, 38.8322823068952], [-104.7713659561383, 38.832282306984645], [-104.77092395601544, 38.83208930698663], [-104.77070295598418, 38.83227130702705], [-104.7704469559252, 38.832271307044046], [-104.7703389559, 38.832269307050986], [-104.77034295591355, 38.832385307067184], [-104.7703479559302, 38.83252830708705], [-104.77033995594773, 38.83270730711306], [-104.77013495589979, 38.83270130712567], [-104.76985895583543, 38.83269430714312], [-104.7695229557566, 38.83268230716363], [-104.7693189557088, 38.832675307176295], [-104.76911995566189, 38.832667307188224], [-104.76856595553178, 38.83264530722187], [-104.76852295552175, 38.83264430722463], [-104.76832495547612, 38.832644307237786], [-104.76812795543037, 38.83264230725057], [-104.76753895529411, 38.83263930728918], [-104.76734295524884, 38.83263830730217], [-104.76713995520183, 38.83263630731536], [-104.76667195509357, 38.83263430734613], [-104.76653095506113, 38.832634307355484], [-104.7663279550145, 38.83263630736924], [-104.76596695493127, 38.83263730739321], [-104.76563095485396, 38.83263930741579], [-104.76488695468187, 38.83263530746461], [-104.76452695459875, 38.832634307488476], [-104.76464895461234, 38.83250030746129], [-104.76464895457808, 38.8321843074164], [-104.76368295435508, 38.83218330748046], [-104.76297095416703, 38.8319643074966], [-104.76275195411475, 38.831948307508796], [-104.76263295407982, 38.83187930750684], [-104.76259795408578, 38.83200830752749], [-104.76257095409072, 38.832111307543926], [-104.7625639540901, 38.832120307545715], [-104.76253295408692, 38.83215830755306], [-104.76244395407888, 38.83227230757521], [-104.76240995407507, 38.83230930758274], [-104.76231195404698, 38.83225930758209], [-104.76208295398152, 38.83214330758084], [-104.76201795396398, 38.83211930758186], [-104.76191695393652, 38.832081307583024], [-104.7618759539213, 38.8320283075783], [-104.76175495387626, 38.83187030756395], [-104.761721953864, 38.83182730756003], [-104.76171495386127, 38.831817307559], [-104.7613669537253, 38.83130430750925], [-104.76118895366879, 38.83116130750084], [-104.7608839535717, 38.83091530748603], [-104.76048195344082, 38.83056330746276], [-104.7600339533021, 38.83023830744642], [-104.75953895317707, 38.830138307464985], [-104.75920595306792, 38.829840307444776], [-104.75926795307254, 38.82975030742795], [-104.75944895308601, 38.82948930737874], [-104.75963495307512, 38.82899330729616], [-104.75906495296454, 38.82918630736139], [-104.75881595291631, 38.82927130738989], [-104.75846895288403, 38.82971230747561], [-104.75817995285246, 38.83003630754075], [-104.75810895288201, 38.83045930760553], [-104.75799795286107, 38.83050230761901], [-104.7577379528123, 38.830606307650925], [-104.7576589527976, 38.83063830766069], [-104.75742295274219, 38.83063030767522], [-104.7574409527746, 38.83089030771098], [-104.75749795287246, 38.8316723078183], [-104.75751695290522, 38.83193330785399], [-104.75742195288369, 38.83193730786087], [-104.75728995285388, 38.831943307870404], [-104.75705995280207, 38.83195430788726], [-104.75694395277509, 38.831952307894674], [-104.7563609526397, 38.83194430793229], [-104.75607095257234, 38.83194030795097], [-104.75596895254887, 38.83194130795783], [-104.75560595246577, 38.83194730798287], [-104.75555095245304, 38.83194730798652], [-104.75538495241507, 38.83195030799788], [-104.7553309524027, 38.83195130800167], [-104.75533095238187, 38.83175930797432], [-104.75533195237342, 38.831679307963036], [-104.75537995236422, 38.83149230793326], [-104.75523395233019, 38.83148830794223], [-104.7543169521192, 38.83149430800407], [-104.75391695202921, 38.83151530803353], [-104.75369395198112, 38.83154630805282], [-104.75345495193147, 38.83159730807592], [-104.75317395187554, 38.83168030810625], [-104.75290195182431, 38.83178630813942], [-104.75271595179112, 38.831876308164546], [-104.75256695176583, 38.831959308186164], [-104.75245995174838, 38.83202730820286], [-104.75231995172699, 38.83212730822644], [-104.7521429517024, 38.83227730825945], [-104.75178295165593, 38.83261430833117], [-104.75164395163812, 38.832746308359226], [-104.75131895154037, 38.83253630835081], [-104.751234951515, 38.83248130834865], [-104.75064895143768, 38.833015308463324], [-104.7505589514233, 38.83307430847775], [-104.75039095140079, 38.83322430851016], [-104.7501499513646, 38.83340330855146], [-104.74992495132616, 38.83352830858421], [-104.74968095128109, 38.833631308615004], [-104.74945095123583, 38.83370330864058], [-104.74923295119082, 38.833752308661985], [-104.74904195115141, 38.833796308680974], [-104.74877895109243, 38.833811308700405], [-104.74843495101145, 38.83379630872125], [-104.74822395095966, 38.83376830873111], [-104.74800195090306, 38.83371830873888], [-104.74775095083648, 38.83363830874408], [-104.74753695077793, 38.83355430874633], [-104.74710295065833, 38.83337530874982], [-104.74676095056411, 38.83323430875239], [-104.74659295051923, 38.83317830875555], [-104.74655495051701, 38.83323830876661], [-104.74637195050656, 38.83353230882043], [-104.74624095049734, 38.83372530885658], [-104.74608595048656, 38.833955308899505], [-104.74648695059756, 38.834125308897065], [-104.74679695068322, 38.83425630889511], [-104.74712895077255, 38.83437330888979], [-104.74727495081191, 38.83442530888754], [-104.74714595080968, 38.83467930893202], [-104.7469889507671, 38.834620308934156], [-104.74680595071723, 38.83455030893625], [-104.74644095061672, 38.834400308939216], [-104.74619495054617, 38.83427330893748], [-104.74616595054069, 38.83428530894118], [-104.74613595054186, 38.834359308953616], [-104.74606795054075, 38.83449330897721], [-104.74593795052745, 38.83464730900766], [-104.74582695052014, 38.83481630903899], [-104.74581095052577, 38.83490230905229], [-104.7460079505814, 38.83499630905266], [-104.74620495063961, 38.835113309056126], [-104.74645395071119, 38.83524330905798], [-104.74671595078067, 38.83532730905253], [-104.74690295082893, 38.835373309046766], [-104.74709695087972, 38.835429309041864], [-104.74730395093769, 38.83552330904142], [-104.74741395096649, 38.83555430903861], [-104.74749495098408, 38.83554430903167], [-104.74772595100309, 38.83522830897147], [-104.74783595100685, 38.83502830893572], [-104.74787595100092, 38.83488930891338], [-104.74788895099657, 38.83482130890293], [-104.74795495099103, 38.83462930887137], [-104.7481449510379, 38.83465730886257], [-104.74823095105916, 38.834670308858726], [-104.7485659511392, 38.834695308840146], [-104.7486729511638, 38.834695308833055], [-104.74887695121109, 38.83469630881961], [-104.74929395130202, 38.83464830878523], [-104.74978095140571, 38.834567308741285], [-104.75001095145113, 38.83449730871614], [-104.75023195149419, 38.83442330869104], [-104.75040795152852, 38.83436530867095], [-104.75072295158577, 38.83422330863005], [-104.75073895159316, 38.83425730863381], [-104.75087795164437, 38.834434308649605], [-104.75092895166159, 38.83448430865336], [-104.75105795170484, 38.834608308662375], [-104.75125195176834, 38.834781308674145], [-104.75169895190301, 38.83507130868551], [-104.75172595191107, 38.83508830868631], [-104.75188495195898, 38.835192308690424], [-104.75200295199544, 38.835277308694565], [-104.75202995200384, 38.83529630869565], [-104.75207295201723, 38.83532830869732], [-104.75211195202921, 38.835356308698685], [-104.75213995203784, 38.835376308699736], [-104.75229595208594, 38.83548730870509], [-104.75276395223034, 38.83582330872169], [-104.75291995227855, 38.83593630872748], [-104.75236595220244, 38.836412308831775], [-104.75209495216284, 38.83662430887978], [-104.75185795212857, 38.83681230892233], [-104.75172195210743, 38.83690730894467], [-104.75114095200833, 38.83722930902899], [-104.75076495193585, 38.83736130907274], [-104.75059995190408, 38.83741930909194], [-104.75001495178546, 38.83757030915206], [-104.74911595159575, 38.83773430923509], [-104.74821795140646, 38.8379003093183], [-104.74805795137155, 38.837918309331535], [-104.74806895139352, 38.8380973093561], [-104.74806895140514, 38.838204309371264], [-104.748073951487, 38.83894830947667], [-104.748070951499, 38.839065309493414], [-104.74806695152935, 38.83935330953457], [-104.7480649515361, 38.83942030954427], [-104.74806095155732, 38.839624309573516], [-104.74805995156458, 38.83969330958337], [-104.7480509515641, 38.839708309586115], [-104.74798695156174, 38.839822309606554], [-104.74798695156738, 38.839874309613975], [-104.74798995158532, 38.840033309636176], [-104.74799095159129, 38.84008630964376], [-104.74800095166646, 38.84075730973827], [-104.74800095166798, 38.84077130974016], [-104.74800195167396, 38.840824309747774], [-104.74800695170877, 38.84113530979155], [-104.74804695172969, 38.841243309804284], [-104.74804195175037, 38.84144430983309], [-104.74928095203524, 38.84143330974927], [-104.74931595204589, 38.84145730975041], [-104.74934195205704, 38.841505309755554], [-104.74934995206749, 38.84158430976621], [-104.74936395210287, 38.84188030980724], [-104.74935195210527, 38.84192830981495], [-104.74929495209958, 38.84199730982852], [-104.74920895208287, 38.842026309838275], [-104.74901395204029, 38.84204830985441], [-104.74804295181526, 38.842039309917546], [-104.74804695189246, 38.842743310017205], [-104.74804695190105, 38.84282231002839], [-104.74805095197647, 38.8435083101256], [-104.74805295200265, 38.84374531015897], [-104.74805895206518, 38.844308310238546], [-104.74805495208028, 38.844456310259794], [-104.74804995210486, 38.84469331029387], [-104.74824995217062, 38.84487331030612], [-104.7485279522592, 38.845098310319564], [-104.748785952332, 38.84522031031972], [-104.74919395243649, 38.84531531030617], [-104.74943795249567, 38.84534231029373], [-104.74978595259915, 38.845555310300895], [-104.74934495256791, 38.84620531042257], [-104.74928895254816, 38.846142310417264], [-104.74916095251383, 38.84609831041946], [-104.7490889524951, 38.84607931042153], [-104.74887995244606, 38.84607231043438], [-104.74804595225294, 38.846066310488965], [-104.74804095225885, 38.84613131049853], [-104.74803495231116, 38.8466253105691], [-104.74803095236278, 38.84710931063793], [-104.74821995240627, 38.84710831062535], [-104.7485379524794, 38.84710631060397], [-104.74853795249231, 38.847225310620786], [-104.7484309528377, 38.85063331111165], [-104.74842595284915, 38.85074931112851], [-104.74810495277562, 38.85075431115057], [-104.74789595272783, 38.850758311165], [-104.74788695274243, 38.85091231118741], [-104.74786895277428, 38.8512433112356], [-104.74786295278734, 38.851376311254874], [-104.74785795280299, 38.85153131127721], [-104.74785095281888, 38.85169231130051], [-104.74783195286693, 38.852176311370386], [-104.74782895287798, 38.85228331138591], [-104.74783495288537, 38.85233831139329], [-104.74785595291439, 38.85256131142349], [-104.7478819529401, 38.85274231144751], [-104.74790195295867, 38.8528713114645], [-104.74800695303934, 38.85339131153119], [-104.74803795307803, 38.85368231157051], [-104.74803995310776, 38.853951311608625], [-104.7480409531157, 38.85402231161844], [-104.7480199531474, 38.854358311667646], [-104.74822895319568, 38.85435831165376], [-104.74885695334076, 38.85435931161208], [-104.74906695338932, 38.85436031159839], [-104.74907295340786, 38.85451831162035], [-104.74907795341937, 38.854614311633746], [-104.7490709534591, 38.85499431168814], [-104.74906895347591, 38.85515331171085], [-104.7490689535286, 38.85563831177963], [-104.74906995353696, 38.855713311790254], [-104.74911695355541, 38.855783311796934], [-104.7491359535641, 38.85582331180148], [-104.74915195356982, 38.85584131180287], [-104.74920595358553, 38.85587231180377], [-104.7492879536085, 38.855908311803404], [-104.74941195363986, 38.855933311798644], [-104.74956795367646, 38.855939311789065], [-104.74969195370751, 38.85596131178402], [-104.74973895372031, 38.855979311783514], [-104.7498049537395, 38.85601631178422], [-104.74985895375961, 38.85608631179069], [-104.74997595380954, 38.856297311812945], [-104.7500059538223, 38.856351311818415], [-104.75006495385102, 38.85649031183439], [-104.7501219538789, 38.85662531184971], [-104.75023595391171, 38.85668531185067], [-104.75042895396545, 38.85677031184981], [-104.75037595396428, 38.856872311867946], [-104.75030195396307, 38.857018311893555], [-104.75030295397146, 38.85709331190411], [-104.75030295398307, 38.857200311919236], [-104.7503039539959, 38.8573163119357], [-104.75000295392846, 38.8573343119583], [-104.74982595388792, 38.85733731197036], [-104.7483909535599, 38.857367312069925], [-104.74791295345082, 38.85737831210326], [-104.74789995353136, 38.85814731221329], [-104.74787195364769, 38.85927731237556], [-104.74787495369824, 38.85973731244066], [-104.7478789537767, 38.86045031254158], [-104.74786795391313, 38.86172831272354], [-104.74787195412186, 38.86364031299445], [-104.74784895423932, 38.86477031315642], [-104.7478609543491, 38.865754313295234], [-104.74785895440311, 38.86625531336638], [-104.74785795442037, 38.86641631338929], [-104.74785795444463, 38.86663931342086], [-104.74785595447264, 38.866901313458364], [-104.74785595449026, 38.86706331348128], [-104.74785595449244, 38.86708331348418], [-104.74785595449896, 38.86714331349265], [-104.74785595450113, 38.86716331349555], [-104.74785595452136, 38.86734931352186], [-104.74785695458063, 38.86789231359884], [-104.7478579545826, 38.86790831360111], [-104.74787795460739, 38.868094313626095], [-104.74788395461223, 38.868126313630206], [-104.74790495462757, 38.86822231364241], [-104.74791195463283, 38.868255313646664], [-104.7479119546499, 38.86841231366899], [-104.74791195470121, 38.868884313735904], [-104.74791295471037, 38.86896631374749], [-104.74792595472145, 38.86904131375729], [-104.7479239547386, 38.86920331378028], [-104.74791995479065, 38.86969031384978], [-104.74791995480837, 38.86985331387289], [-104.74791895482161, 38.86997731389051], [-104.74791495486123, 38.8703493139434], [-104.74791495487482, 38.87047431396122], [-104.74791295488795, 38.87059931397911], [-104.74790695492753, 38.87097631403288], [-104.747905954941, 38.87110231405096], [-104.74790195495794, 38.871266314074376], [-104.7478909550092, 38.871761314145424], [-104.74788795502646, 38.871926314169016], [-104.74788495504914, 38.87214131419973], [-104.74787695511753, 38.87278731429186], [-104.74787495514052, 38.87300331432261], [-104.74787395516215, 38.8732043143513], [-104.74787395517434, 38.87331631436718], [-104.74787395522786, 38.873808314436815], [-104.74787495525005, 38.87401031446545], [-104.74803695528723, 38.8740083144544], [-104.74848495539021, 38.87400331442403], [-104.74852395539968, 38.874007314421945], [-104.74868595543902, 38.874025314413636], [-104.74886895548407, 38.8740513144052], [-104.74910995554364, 38.87408731439425], [-104.7494079556233, 38.87418731438871], [-104.7494379556313, 38.87419731438806], [-104.74957295567062, 38.8742723143897], [-104.74979995570028, 38.87406331434509], [-104.74986995570418, 38.873950314324304], [-104.75015495572, 38.87349131424028], [-104.75020895572327, 38.87340631422473], [-104.75043695571715, 38.87286631413287], [-104.75053995571203, 38.87260031408835], [-104.7506969557123, 38.872270314031134], [-104.75076395571276, 38.872132314007054], [-104.75108795573466, 38.871646313916514], [-104.75125095575837, 38.87151831388761], [-104.75173495582932, 38.87114331380229], [-104.75177395583528, 38.871115313795734], [-104.75203095587484, 38.87093331375268], [-104.75223195590591, 38.870792313719384], [-104.75258895596397, 38.87056931366409], [-104.75341595609875, 38.87005331353587], [-104.75371695614932, 38.86987931349116], [-104.75383195616647, 38.86979231347121], [-104.75413695621279, 38.86957131341965], [-104.75427695622928, 38.86942531338961], [-104.75432695622438, 38.8692743133648], [-104.75437795608221, 38.8678593131607], [-104.75439695608665, 38.86785931315945], [-104.75453795611908, 38.86785931315008], [-104.75474095616605, 38.867859313136584], [-104.7553529563076, 38.86786231309644], [-104.75555695635481, 38.86786331308306], [-104.75584995642188, 38.86785831306284], [-104.75606295647086, 38.8678563130484], [-104.75636095653897, 38.867850313027596], [-104.75667895661161, 38.8678433130056], [-104.75672895662312, 38.867843313002275], [-104.75702295669126, 38.86784531298301], [-104.75723895674116, 38.86784631296875], [-104.75863595706397, 38.86785031287639], [-104.7595209572676, 38.867844312816786], [-104.75984095734124, 38.86784231279525], [-104.7606909575384, 38.867851312740065], [-104.76126995767139, 38.867845312700744], [-104.76173495777904, 38.86784831267015], [-104.7617249578016, 38.86807731270344], [-104.76173295781524, 38.86818531271806], [-104.76175595782375, 38.86821531272083], [-104.76179895783716, 38.868247312722666], [-104.76179495787056, 38.86856331276758], [-104.76179095793087, 38.86912631284773], [-104.76182995796856, 38.86939031288261], [-104.76190495800269, 38.86954431289941], [-104.76210295807701, 38.86980731292362], [-104.76310895842198, 38.87084431300379], [-104.76371695862872, 38.871455313049964], [-104.76388395868652, 38.87163231306402], [-104.76395595871648, 38.871754313076515], [-104.76400495874599, 38.87192231309711], [-104.76400695875428, 38.87199431310711], [-104.76376895872963, 38.872272313162455], [-104.76357495871297, 38.872531313211994], [-104.76351095870868, 38.87262731322985], [-104.76349295870783, 38.87265731323544], [-104.76352295873139, 38.87281031325504], [-104.76358295875858, 38.87293331326851], [-104.76403995893115, 38.87355031332549], [-104.76433795903799, 38.873900313355506], [-104.76465895914762, 38.874226313380355], [-104.76483995920046, 38.87432831338271], [-104.76521795931382, 38.87456831339158], [-104.7656269594308, 38.874776313394015], [-104.76577695948002, 38.87491031340293], [-104.76583395950459, 38.87501531341404], [-104.76583695952377, 38.87518531343797], [-104.76575195952763, 38.87540131347433], [-104.76570895954698, 38.87567031351522], [-104.76569695957073, 38.87591331355047], [-104.76571095959608, 38.87611731357852], [-104.7658139596454, 38.87635131360483], [-104.76587495966949, 38.876444313614], [-104.76593995969223, 38.876514313619545], [-104.76599395971012, 38.87656531362311], [-104.76604295972898, 38.87663431362967], [-104.76606595974152, 38.87670031363748], [-104.76606195974747, 38.876763313646734], [-104.76604195975422, 38.87686831366291], [-104.76595795974494, 38.876961313681726], [-104.76588495973589, 38.8770323136967], [-104.7658579597362, 38.87709231370696], [-104.7658569597425, 38.87715231371555], [-104.76588395975355, 38.87719731372014], [-104.76592595976621, 38.87722431372111], [-104.76596795977753, 38.877239313720416], [-104.76607995980409, 38.877246313713975], [-104.76621395983376, 38.87723431370346], [-104.7663749598683, 38.877210313689304], [-104.76659795991178, 38.877136313663925], [-104.76669795993374, 38.87712731365598], [-104.76682095996357, 38.87713931364959], [-104.76694695999608, 38.877172313645815], [-104.76743796012693, 38.87733231363589], [-104.76766796018754, 38.87740231363044], [-104.76785196023562, 38.8774533136256], [-104.76791996026893, 38.87761531364393], [-104.76796196028641, 38.87768731365143], [-104.76808096033095, 38.877844313665605], [-104.76812296034751, 38.87790731367181], [-104.76824096040814, 38.87821331370726], [-104.76828596044008, 38.87841131373241], [-104.76830096045298, 38.8784983137438], [-104.76826996046118, 38.87863931376584], [-104.7682239604571, 38.87869931377737], [-104.76813096044039, 38.878743313789904], [-104.76804696042457, 38.878776313800195], [-104.76795996040906, 38.8788183138119], [-104.76823296048774, 38.878961313813925], [-104.76854696057713, 38.879117313815286], [-104.76871596062207, 38.879172313811765], [-104.76888596066603, 38.879215313806554], [-104.76903896070161, 38.87921831379668], [-104.76941496077761, 38.87911931375783], [-104.77067196104996, 38.87895631365115], [-104.77083796108519, 38.87892831363592], [-104.77101096112055, 38.87888631361856], [-104.77115196114616, 38.87882231360016], [-104.77205696127542, 38.87809131343625], [-104.77217996129251, 38.877987313413435], [-104.77233696131813, 38.877890313389216], [-104.77248196134433, 38.87782331337001], [-104.77272196139201, 38.877752313344], [-104.77296196144745, 38.877753313328235], [-104.77316496149379, 38.87774931331423], [-104.77327196151835, 38.877747313306834], [-104.77353196157695, 38.877734313287675], [-104.77382596164195, 38.87770931326446], [-104.77397496167434, 38.877690313251854], [-104.77413596170766, 38.87765531323633], [-104.77431796174373, 38.87760031321635], [-104.77470296182233, 38.877507313177496], [-104.77500896188997, 38.87747931315331], [-104.775372961969, 38.87743431312257], [-104.77577296206114, 38.87743231309568], [-104.77616596215572, 38.8774683130746], [-104.77658796225603, 38.877495313050474], [-104.77661396226208, 38.877495313048755], [-104.77709596237261, 38.87748931301591], [-104.77810696260568, 38.87748731294839], [-104.77820796262884, 38.87748631294142], [-104.77843696268232, 38.877493312927214], [-104.7792079628628, 38.8775163128792], [-104.78120696331827, 38.87746331273876], [-104.78376696390998, 38.87747331256987], [-104.78387396393462, 38.87747331256276], [-104.78406096397661, 38.87746231254873], [-104.78415996399889, 38.877457312541566], [-104.7845899640891, 38.877374312501075], [-104.78461496409382, 38.87736531249827], [-104.7847939641287, 38.87730631247792], [-104.7849089641511, 38.87726831246493], [-104.78511596418903, 38.877178312438424], [-104.78523896420792, 38.877091312417846], [-104.78527696421386, 38.877065312411574], [-104.78558796425412, 38.87677531234996], [-104.78573396426323, 38.876549312308], [-104.78592496427744, 38.87627531225653], [-104.78610296429596, 38.87606831221548], [-104.7862089643094, 38.87596731219409], [-104.78621896431076, 38.87595831219212], [-104.78637996433635, 38.8758523121663], [-104.78653796436267, 38.87575931214273], [-104.78663696438088, 38.87571631213006], [-104.78674096440008, 38.87567231211683], [-104.78719196448486, 38.87549531206188], [-104.78747596454033, 38.87540331202995], [-104.78751396454793, 38.87539231202583], [-104.7877999646009, 38.87527331198991], [-104.78787396461382, 38.875235311979644], [-104.78795296462461, 38.875167311964645], [-104.78810796464106, 38.874990311929345], [-104.7886149646912, 38.87437631180858], [-104.78905896473286, 38.87381731169976], [-104.78920296474625, 38.87363531166446], [-104.78928796474911, 38.873481311637036], [-104.78972596476507, 38.872699311497044], [-104.7897589647662, 38.87263931148636], [-104.78978996476727, 38.8725843114764], [-104.78983996477155, 38.87251731146369], [-104.78987396477416, 38.87246931145457], [-104.78991396477741, 38.872414311444196], [-104.79004696482049, 38.872528311451504], [-104.79045596494989, 38.87285031146993], [-104.79050396496507, 38.872888311472074], [-104.79089896508201, 38.87312631147951], [-104.79126596518503, 38.87329431147894], [-104.79175096531556, 38.87346531147088], [-104.79211496540924, 38.873555311459434], [-104.7923869654764, 38.87359531144691], [-104.79245496549316, 38.87360531144393], [-104.79268796555064, 38.87363931143322], [-104.79308096564132, 38.8736403114073], [-104.79317796566373, 38.87364031140084], [-104.79343896572199, 38.87362231138087], [-104.79358496575466, 38.87361331136986], [-104.79451496596553, 38.87357931130321], [-104.79487396604686, 38.87356631127752], [-104.79484396598097, 38.87302431120277], [-104.79481296593629, 38.872679311155856], [-104.79477096590307, 38.872464311128134], [-104.79473396587194, 38.87225631110115], [-104.79460396580214, 38.871889311057814], [-104.79457296578715, 38.87181831104976], [-104.79425896563643, 38.871098310968726], [-104.79412796555864, 38.87066131091542], [-104.79407996550995, 38.87031531086955], [-104.79407696546753, 38.86993231081558], [-104.79414896548326, 38.86992431080958], [-104.79420396549543, 38.86991931080527], [-104.79427296551052, 38.86991231079965], [-104.7946469655932, 38.869879310770074], [-104.79477196562092, 38.869869310760365], [-104.79478496557819, 38.86944831069982], [-104.79478996556236, 38.86929231067743], [-104.79484796548846, 38.868489310559816], [-104.79485096545659, 38.86819031051721], [-104.79485696541215, 38.867770310457324], [-104.79486096537418, 38.867412310406365], [-104.79486796531894, 38.86688931033167], [-104.79488396526293, 38.86634031025284], [-104.79489496522666, 38.86598331020151], [-104.79488396516524, 38.86544231012555], [-104.79488396514435, 38.865250310098425], [-104.79488496500623, 38.86397830991799], [-104.79490996491113, 38.86305130978495], [-104.79491596489189, 38.862861309757534], [-104.7949359648871, 38.862774309743976], [-104.7951879649042, 38.86239730967366], [-104.79507196487214, 38.86234930967469], [-104.7947269647771, 38.86220630967743], [-104.79461196474541, 38.86215930967825], [-104.79452596472163, 38.86212330967891], [-104.79426796465069, 38.86201730968094], [-104.79418196462703, 38.86198230968184], [-104.7941819646229, 38.8619443096765], [-104.79418196461062, 38.86183130966037], [-104.7941819646066, 38.8617943096551], [-104.79418196459942, 38.8617283096458], [-104.7941819645781, 38.86153230961812], [-104.79418196457102, 38.8614673096089], [-104.79418096455048, 38.861280309582426], [-104.79417996448957, 38.86072230950339], [-104.79417996446935, 38.86053630947692], [-104.79417696438885, 38.85980230937311], [-104.79417696438756, 38.85979030937148], [-104.79418296434912, 38.8594243093191], [-104.7942109641575, 38.85760230905901], [-104.79421796411218, 38.857170308997254], [-104.79421496407872, 38.85686930895476], [-104.7942119640465, 38.85657930891401], [-104.79420696397231, 38.855907308819056], [-104.79420896395126, 38.85570930879085], [-104.79421296392076, 38.85542030874948], [-104.79446296397786, 38.85541530873228], [-104.79470796403405, 38.85541230871553], [-104.79490096407804, 38.855408308702145], [-104.79521296414947, 38.85540230868057], [-104.79546396420692, 38.855398308663176], [-104.7960299643363, 38.85538830862422], [-104.79612496435803, 38.85538630861764], [-104.79669096448741, 38.855375308578424], [-104.7975939646823, 38.85525230850113], [-104.79809896479722, 38.85523830846551], [-104.79814196480702, 38.85523730846256], [-104.79876096495006, 38.85524030842179], [-104.79953096512546, 38.85522030836772], [-104.79988896520712, 38.85521130834278], [-104.80123296551432, 38.85518730825002], [-104.80184196565395, 38.85517930820831], [-104.80207796570814, 38.855177308192346], [-104.80261296582917, 38.855156308153816], [-104.80262796581164, 38.854962308125465], [-104.80263896579919, 38.85482430810512], [-104.80265296578406, 38.85465630808034], [-104.80266496575588, 38.85437130803919], [-104.80267896573902, 38.85418630801198], [-104.80268496571935, 38.853992307984186], [-104.80269396569548, 38.85375430794971], [-104.80269596569117, 38.85371030794345], [-104.8027019656602, 38.853412307900825], [-104.8027049656512, 38.85332330788795], [-104.80271196564156, 38.85321930787267], [-104.80272196563058, 38.85309730785474], [-104.8027259656273, 38.85305830784892], [-104.8027429655976, 38.85274930780398], [-104.80274296559554, 38.85273030780133], [-104.80274496558273, 38.852608307783925], [-104.8027479655757, 38.852537307773616], [-104.80276096555579, 38.85232630774297], [-104.80276596554921, 38.85225630773261], [-104.80278496554355, 38.85216330771812], [-104.80278896553583, 38.85208330770666], [-104.80282196548679, 38.8515623076305], [-104.80283296547054, 38.851389307605274], [-104.8029009653734, 38.85035130745356], [-104.80290896533855, 38.85001330740518], [-104.80215996516247, 38.849982307450496], [-104.80220396506745, 38.84901430731036], [-104.80220496505322, 38.84888130729142], [-104.80236896507843, 38.848765307264095], [-104.8024729650946, 38.84869330724705], [-104.80260896511622, 38.84860430722533], [-104.80237996506284, 38.84859830723971], [-104.80222396502656, 38.8485953072496], [-104.80225696496208, 38.847932307153435], [-104.8022849648913, 38.847221307050745], [-104.80233296480442, 38.84631930691961], [-104.80236796476456, 38.84587830685492], [-104.80239996469022, 38.845126306746074], [-104.80243696463138, 38.84450630665581], [-104.80246996457925, 38.843955306575516], [-104.80250996449823, 38.84312430645501], [-104.80257696436082, 38.841717306250985], [-104.80262496426899, 38.840769306113316], [-104.80265596422025, 38.84025530603848], [-104.80312596433009, 38.84026830600906], [-104.80344096440376, 38.84027830598953], [-104.80347696433081, 38.83952930588095], [-104.80351596427391, 38.83892330579236], [-104.80356796420887, 38.83821330568826], [-104.8036049641468, 38.83756330559368]]]}, "properties": {"zip": "80909", "name": "ZIP 80909"}, "id": "80909"}, {"type": "Feature", "geometry": {"type": "Polygon", "coordinates": [[[-104.85965797459404, 38.81479929864493], [-104.85967597458632, 38.81469029862831], [-104.85961697455357, 38.81451429860728], [-104.85937397445211, 38.81409329856374], [-104.8592159743918, 38.81387329854295], [-104.85901197431401, 38.813589298516334], [-104.85888797426483, 38.81339929849756], [-104.85879797422913, 38.813261298484086], [-104.85853097411987, 38.812820298439235], [-104.85840797407086, 38.812630298420366], [-104.8583329740409, 38.812513298408895], [-104.85826697401113, 38.81237829839414], [-104.85815997396257, 38.81215729836973], [-104.85799197388047, 38.81175729832435], [-104.85796297385379, 38.81157329830003], [-104.85793997383263, 38.811426298280864], [-104.85794997381973, 38.81128729826051], [-104.85795097380542, 38.81115329824138], [-104.8579519738031, 38.81112929823787], [-104.85795497376292, 38.810752298184326], [-104.85795697374895, 38.81061929816534], [-104.85796397371853, 38.81032329812292], [-104.85798797362804, 38.80943729799582], [-104.85798997362167, 38.809374297986686], [-104.8579869736031, 38.80920929796351], [-104.8579949735976, 38.80914229795347], [-104.85799997359668, 38.80912329795044], [-104.85801697359481, 38.809069297941626], [-104.85802297359429, 38.8090512979386], [-104.85805897360255, 38.80905129793622], [-104.85810797359302, 38.80885929790588], [-104.85814497359267, 38.808777297891744], [-104.85830697359204, 38.80842729783141], [-104.85849297359533, 38.80806329776753], [-104.85851397359296, 38.80799629775659], [-104.858603973584, 38.80772229771183], [-104.85865497357878, 38.80756529768601], [-104.85870297356001, 38.8072902976438], [-104.85866197352726, 38.807075297616194], [-104.85865297352315, 38.80705629761415], [-104.85857697348817, 38.806896297596396], [-104.85845097344, 38.806719297579775], [-104.85833797340183, 38.8066072975714], [-104.85808897332551, 38.806432297562985], [-104.8571389730591, 38.80599229756367], [-104.85701697302399, 38.805927297562654], [-104.856700972933, 38.805759297559774], [-104.85643997285086, 38.80555629754819], [-104.85604897272577, 38.80523329752848], [-104.85589497267473, 38.80508929751826], [-104.85575597262631, 38.804938297505984], [-104.85570397260823, 38.804882297501514], [-104.8552809724511, 38.8043302974513], [-104.85511797238767, 38.8040922974284], [-104.85509497237787, 38.80405029742403], [-104.85506397236664, 38.80401229742074], [-104.85485797228637, 38.80370929739124], [-104.8545889721863, 38.80335829735941], [-104.85441197212674, 38.80318529734672], [-104.85426997207044, 38.80296629732508], [-104.85421997205141, 38.8028972973186], [-104.85413897202059, 38.80278529730804], [-104.85409697200468, 38.80272729730264], [-104.85355397179886, 38.80198229723297], [-104.85342297174917, 38.80180229721619], [-104.85321797167151, 38.80152129718998], [-104.85303097160079, 38.80126529716604], [-104.85302097159693, 38.80125129716459], [-104.85291097155302, 38.801080297147735], [-104.85278797150438, 38.8008922971293], [-104.85270997147347, 38.80077229711749], [-104.85258297142502, 38.80059629710094], [-104.85240097135582, 38.80034329707696], [-104.85227097130624, 38.80016229706004], [-104.852180971272, 38.800038297048346], [-104.85203197121538, 38.79983129702893], [-104.85190797116955, 38.799672297014624], [-104.85181497113525, 38.79955329700381], [-104.85107597099007, 38.79978429708569], [-104.85059697089268, 38.79990429713445], [-104.85057897088902, 38.799908297136206], [-104.84997097076733, 38.80007829720068], [-104.84971097071598, 38.80015729722909], [-104.84948597067265, 38.800235297255156], [-104.84916397061279, 38.80036729729514], [-104.8487739705428, 38.80055029734701], [-104.84875397052735, 38.800451297334256], [-104.84872997050526, 38.80029729731406], [-104.84866697044805, 38.79990429726246], [-104.84845697040002, 38.79990729727676], [-104.84820197034851, 38.79997329730315], [-104.84804797032001, 38.80003829732247], [-104.84770897024629, 38.800077297350505], [-104.84709997011666, 38.80017629740498], [-104.84710097013661, 38.80035829743065], [-104.8467569700634, 38.800414297461444], [-104.84675897007727, 38.800538297478816], [-104.84641996999962, 38.800542297502034], [-104.84641996999777, 38.800525297499654], [-104.84607596992436, 38.800578297529924], [-104.84606796990981, 38.80046129751374], [-104.84563396981291, 38.80049029754674], [-104.84558596980123, 38.80048429754914], [-104.84552696978886, 38.80049529755443], [-104.84552896980318, 38.80062329757258], [-104.84518196972537, 38.8006432975985], [-104.84518396973782, 38.80075329761378], [-104.84490096967286, 38.80075529763283], [-104.84490996971238, 38.80110129768135], [-104.84488696970703, 38.80110129768288], [-104.84488696971006, 38.80112929768688], [-104.84427096957641, 38.80120529773857], [-104.84426796958365, 38.8012782977491], [-104.84366796946496, 38.80145829781443], [-104.84336796939743, 38.80147429783667], [-104.84336596939352, 38.80144129783203], [-104.84303096933016, 38.80156829787233], [-104.84302096931438, 38.80144429785544], [-104.84269896924185, 38.80145929787872], [-104.84263396922692, 38.80146029788328], [-104.84255696920975, 38.801465297889145], [-104.84257096923271, 38.801647297913966], [-104.84217696915394, 38.80175829795579], [-104.8419039690961, 38.80180429798054], [-104.84190296909847, 38.80182829798399], [-104.84175096906961, 38.801885298002134], [-104.84175696904708, 38.8016652979704], [-104.84147696899463, 38.80177629800483], [-104.84140796898181, 38.80180429801343], [-104.84140296897293, 38.80173329800364], [-104.84137196892921, 38.801395297957704], [-104.84126996890947, 38.80143029796952], [-104.84096796885157, 38.801538298004886], [-104.84086696883227, 38.80157429801664], [-104.84063296878792, 38.80166329804468], [-104.8402389687138, 38.801816298092575], [-104.83994096865952, 38.80194929813121], [-104.83971396861834, 38.802052298160845], [-104.83978196865084, 38.80220729817838], [-104.83982496867115, 38.802303298189244], [-104.83983896868317, 38.80238529819981], [-104.83983496869396, 38.80249229821524], [-104.83977996870367, 38.80269929824831], [-104.83976996870568, 38.8027392982546], [-104.83972996870972, 38.80286129827469], [-104.83946396866028, 38.8029712983078], [-104.83866896851316, 38.803303298407734], [-104.83840496846436, 38.80341429844093], [-104.83838596844497, 38.803276298422574], [-104.83837896844159, 38.80326029842087], [-104.83835396842937, 38.803200298414055], [-104.83814696834445, 38.80285629837895], [-104.83806696831164, 38.80272329836537], [-104.83775496825334, 38.802849298403856], [-104.83681996807906, 38.80322829851974], [-104.8365089680211, 38.80335529855842], [-104.83624196797132, 38.803463298591346], [-104.8362369679794, 38.8035482986038], [-104.83622696805735, 38.804289298709456], [-104.83590696799878, 38.80442929875053], [-104.83553996793168, 38.80459029879774], [-104.83525496788035, 38.80472329883547], [-104.8348649678104, 38.80490629888735], [-104.83459896776161, 38.80502229892144], [-104.83384296762337, 38.8053532990186], [-104.83255996738998, 38.80592829918524], [-104.83245496735196, 38.80580029917409], [-104.83214296723841, 38.805416299140134], [-104.83203896720069, 38.805288299128996], [-104.83181596715951, 38.8053832991573], [-104.83166796713249, 38.80544829917623], [-104.83156296711294, 38.80549129918929], [-104.83126396705657, 38.80560729922574], [-104.83127796716231, 38.80655329935895], [-104.83100896710168, 38.806565299378406], [-104.83101196711449, 38.80667829939434], [-104.83083596708161, 38.80674829941588], [-104.83083396707833, 38.80672229941227], [-104.82949596683099, 38.80728529958096], [-104.82948396679235, 38.80695429953477], [-104.82944896677304, 38.806850299522445], [-104.82922596668283, 38.80649229948633], [-104.82900496664121, 38.806577299513116], [-104.828867966615, 38.80662729952916], [-104.82884996660357, 38.80656029952102], [-104.8286829665695, 38.806601299537924], [-104.82853396653711, 38.80661829955001], [-104.82813696644554, 38.806618299576336], [-104.82794196640064, 38.80661829958927], [-104.82756896631467, 38.806618299614016], [-104.82735696626605, 38.80662029962851], [-104.82716296622161, 38.806622299641674], [-104.82708596620388, 38.80662229964678], [-104.82685496615088, 38.80662529966247], [-104.82677896613349, 38.80662629966771], [-104.82665096610415, 38.806627299676215], [-104.82626696601615, 38.8066322997025], [-104.8261399659872, 38.80663429971121], [-104.82569996591536, 38.80690729977911], [-104.82569096591388, 38.80691329978055], [-104.82560496590175, 38.80698429979631], [-104.82502596581966, 38.807458299901946], [-104.82433596566015, 38.80745329994708], [-104.82379496553645, 38.807462299984095], [-104.82293596533995, 38.8074763000432], [-104.82253096524799, 38.80748830007168], [-104.82237596521215, 38.80748730008189], [-104.82239196512944, 38.80669029996771], [-104.82238696511818, 38.80659629995478], [-104.82233596498484, 38.80547429979902], [-104.82217196495041, 38.80550529981423], [-104.82217596497664, 38.80573929984712], [-104.82218496502325, 38.806150299904935], [-104.82219096505646, 38.80644429994626], [-104.82219296506743, 38.80654129995968], [-104.82219596508313, 38.80667929997913], [-104.82208896505537, 38.80665029998223], [-104.8220099650341, 38.80662229998345], [-104.82178696497101, 38.806514299982915], [-104.821634964928, 38.80644129998259], [-104.82148196488369, 38.80635729998082], [-104.82118896479871, 38.80619629997741], [-104.82091096471808, 38.806043299974085], [-104.82062096463403, 38.80588429997093], [-104.82049496459538, 38.80579529996661], [-104.82019596450347, 38.80558329995636], [-104.82012996448098, 38.80551729995143], [-104.82002296444462, 38.80540829994294], [-104.8196329643111, 38.8050062999117], [-104.81956996428964, 38.80494129990682], [-104.81949296426164, 38.8048462998984], [-104.81928996418777, 38.80459629987645], [-104.8191679641455, 38.80446529986578], [-104.81885296408855, 38.804610299907324], [-104.81863796404969, 38.80470929993566], [-104.81846296401818, 38.80479029995873], [-104.8179859639298, 38.80498930001856], [-104.81776796388955, 38.805081300046], [-104.81760396385903, 38.80514930006669], [-104.81739096381956, 38.80523830009334], [-104.81734896380271, 38.80517230008681], [-104.81680296359112, 38.8043793000104], [-104.81572296324471, 38.80347929995447], [-104.81585196326006, 38.80334729992706], [-104.81633596335035, 38.80315029986705], [-104.81678996342066, 38.80283329979186], [-104.81738496353854, 38.802656299727396], [-104.81759196356934, 38.802499299691384], [-104.81760696357054, 38.80247929968766], [-104.81766296357986, 38.802445299678986], [-104.81768096358262, 38.802432299675935], [-104.81763596352157, 38.801964299612486], [-104.81761196348836, 38.801709299577965], [-104.81759396345058, 38.80139829953501], [-104.81755396337292, 38.800767299448175], [-104.81753996334731, 38.8005592994196], [-104.81753296333385, 38.80045029940447], [-104.81752496329301, 38.80009029935396], [-104.81751196325808, 38.799796299313115], [-104.8174959632126, 38.79940929925921], [-104.81745496315004, 38.79891829919228], [-104.81743696312255, 38.79870329916295], [-104.8174349631137, 38.79862629915217], [-104.81743096309893, 38.7984982991343], [-104.8174219630586, 38.79814429908471], [-104.81741996305523, 38.79811729908091], [-104.81741296304, 38.79799129906352], [-104.81701296294476, 38.79796429908611], [-104.81656296283677, 38.79792429911036], [-104.81618496274606, 38.7978912991308], [-104.81546996256883, 38.797775299161756], [-104.81456396233794, 38.7975722991929], [-104.8140589622056, 38.79742529920559], [-104.81334696201918, 38.79721929922358], [-104.81324096199161, 38.79718929922635], [-104.81314396196628, 38.797162299228845], [-104.812800961877, 38.797067299238066], [-104.81238696176906, 38.796952299249234], [-104.81148996153303, 38.796681299270226], [-104.81105396141827, 38.79655029928052], [-104.81012796117432, 38.79626729930177], [-104.80969796106184, 38.79614429931272], [-104.80900796088152, 38.795947299330535], [-104.80865796079195, 38.79586529934207], [-104.80835196071575, 38.7958132993551], [-104.80813296066138, 38.79577629936432], [-104.80809096065092, 38.7957692993661], [-104.80778396057569, 38.795728299380606], [-104.80734396047339, 38.79572129940869], [-104.80651996028219, 38.79570929946168], [-104.80550096004818, 38.79571629953025], [-104.80543796003364, 38.79571729953451], [-104.80412195973491, 38.79575929962775], [-104.80408695972689, 38.79575929963008], [-104.8039729597006, 38.79575929963764], [-104.80363195962221, 38.79576129966052], [-104.80351895959627, 38.79576229966807], [-104.80339795956861, 38.79576529967659], [-104.80303395948592, 38.79577629970229], [-104.80291395945869, 38.7957802997108], [-104.80265295939938, 38.79578829972916], [-104.80263595939556, 38.79578829973028], [-104.80180495920533, 38.79580229978744], [-104.80152795914219, 38.79580829980662], [-104.80150795913774, 38.79580929980797], [-104.80144795912412, 38.79581129981222], [-104.80142895911999, 38.79581329981395], [-104.8013409590997, 38.79581329981977], [-104.80125895908078, 38.795813299825205], [-104.80075095896426, 38.79581829985946], [-104.80058195892548, 38.795820299870925], [-104.80052995891356, 38.79582129987463], [-104.80030795886232, 38.795820299889094], [-104.80019395883599, 38.79582029989665], [-104.79948895867359, 38.795821299943626], [-104.79926995862326, 38.79582229995816], [-104.79921695861138, 38.79582529996215], [-104.79916495859968, 38.79582829996595], [-104.79901195856549, 38.795838299977596], [-104.79896095855418, 38.79584229998156], [-104.79879595851722, 38.79585229999383], [-104.79865695848622, 38.795862300004586], [-104.79830495841117, 38.79591830003569], [-104.79814295837674, 38.79594530005035], [-104.7980159583494, 38.79596330006122], [-104.79763795826804, 38.79601630009395], [-104.79751195824103, 38.796035300104954], [-104.79768295831833, 38.796385300143335], [-104.79769595832407, 38.796411300146154], [-104.79822095855465, 38.79742330025494], [-104.79840095863365, 38.79777030029242], [-104.79845595865784, 38.79787630030367], [-104.79862095873033, 38.79819430033794], [-104.79867595875461, 38.79830130034962], [-104.79887295884103, 38.79868030039032], [-104.79946395910065, 38.79982030051298], [-104.79966095918722, 38.80020030055387], [-104.79967795919504, 38.800236300557806], [-104.7997319592191, 38.800344300569634], [-104.79974995922721, 38.8003803005735], [-104.79997095932679, 38.80082930062262], [-104.80018395941977, 38.80123530066613], [-104.800346959491, 38.80154530069923], [-104.80089995973263, 38.80260030081241], [-104.80124695987263, 38.80315430086806], [-104.80164796002514, 38.80370830092015], [-104.80182396009187, 38.80395030094277], [-104.8022109602324, 38.804424300984515], [-104.802243960244, 38.80446130098749], [-104.80227896025642, 38.804501300990914], [-104.80238396029374, 38.80462230100105], [-104.8024199603065, 38.804663301004496], [-104.80271496041111, 38.80500130103296], [-104.80308496053992, 38.80540330106538], [-104.8031729605693, 38.805487301071494], [-104.80376496076678, 38.806050301112194], [-104.80418896090363, 38.806412301135346], [-104.80494196114539, 38.807041301174685], [-104.80543996130102, 38.807418301195305], [-104.80573996139404, 38.807638301206694], [-104.80654496164354, 38.80822830123704], [-104.8066419616735, 38.80829930124068], [-104.8067049616932, 38.80834630124315], [-104.80688196174701, 38.80846630124844], [-104.80760996196848, 38.80896230127054], [-104.8078529620425, 38.80912830127784], [-104.80825996216876, 38.809427301293326], [-104.80916796245037, 38.81009430132789], [-104.80948296254756, 38.81032230133923], [-104.80989296267435, 38.81061930135423], [-104.8104669628516, 38.81103430137508], [-104.81063996290504, 38.81115930138124], [-104.81114396306059, 38.81152330139951], [-104.81160096319918, 38.81182930141258], [-104.81173096323859, 38.81191630141636], [-104.81221696338581, 38.81224130143015], [-104.81252696347975, 38.812449301439266], [-104.81266796352205, 38.812539301442634], [-104.81280596356426, 38.81263630144726], [-104.81288396358812, 38.81269030144962], [-104.81310596365175, 38.81280530145132], [-104.81315596366603, 38.812830301451484], [-104.81328496370315, 38.81289830145251], [-104.81381496385671, 38.8131883014585], [-104.81402296391592, 38.81329230145955], [-104.81433296400434, 38.813448301461065], [-104.81434396400745, 38.81345330146108], [-104.81439396402081, 38.81347130146039], [-104.81457796407048, 38.813537301457494], [-104.81463996408715, 38.813560301456576], [-104.81536296428528, 38.81385030144976], [-104.81603696446736, 38.81409630144007], [-104.81611496448781, 38.814119301438105], [-104.81685496468185, 38.81433630141981], [-104.81746496483561, 38.81445730139643], [-104.81754596485614, 38.814474301393425], [-104.81828396504278, 38.81462730136622], [-104.81948796533553, 38.81476830130627], [-104.82012296548399, 38.814787301266804], [-104.82077296563939, 38.814839301231075], [-104.82155196582453, 38.814890301186786], [-104.82235696601079, 38.81489730113423], [-104.82235396601871, 38.81497730114581], [-104.82235196602639, 38.81505230115655], [-104.82241796604198, 38.815055301152704], [-104.82271696611211, 38.815067301134484], [-104.82411096643963, 38.81512430105016], [-104.82429196648252, 38.81513530103973], [-104.82451296653481, 38.81514830102677], [-104.82617196693229, 38.815287300936504], [-104.8270329671448, 38.815417300897764], [-104.8281889674412, 38.815694300860336], [-104.82923596772098, 38.816049300841264], [-104.83000896793698, 38.81639930083962], [-104.83107296825085, 38.81703230085873], [-104.83260396872465, 38.81814830091534], [-104.834599969356, 38.81972930100713], [-104.83521196955917, 38.820302301047725], [-104.83548896966268, 38.82066730108108], [-104.83584396980122, 38.82119130113184], [-104.83602196989153, 38.82164530118427], [-104.83613096997128, 38.82214930124845], [-104.83613897000954, 38.822485301295636], [-104.83616297007056, 38.82299730136652], [-104.83599297010335, 38.82365930147175], [-104.83580697014041, 38.8243963015886], [-104.83562897017669, 38.825108301701306], [-104.83540897021375, 38.82591730183055], [-104.83492697032626, 38.82797830215474], [-104.83488997033416, 38.82812930217867], [-104.83493397034613, 38.82814630217813], [-104.83502197037011, 38.82818030217705], [-104.83500797037262, 38.828233302185424], [-104.83496797038107, 38.82839530221116], [-104.83495497038392, 38.82844930221969], [-104.83485297040457, 38.82885630228411], [-104.83460697045575, 38.829850302441336], [-104.83454297046536, 38.8300753024776], [-104.83442997048317, 38.830479302542244], [-104.83441197048575, 38.83054030255218], [-104.83435997049381, 38.83072530258182], [-104.83434297049654, 38.83078730259176], [-104.8343039705054, 38.83095130261763], [-104.83425197051596, 38.83115830265035], [-104.83422697051806, 38.83123130266235], [-104.83413897052633, 38.831494302705536], [-104.834029970527, 38.831731302746284], [-104.83379997051166, 38.83207830281085], [-104.83351897048146, 38.832397302874654], [-104.83349897047961, 38.83242230287964], [-104.83319997044406, 38.83272930294286], [-104.8326089703607, 38.833216303051266], [-104.83207397028639, 38.833667303150726], [-104.83159297022834, 38.83415330325147], [-104.83134597020516, 38.83446530331216], [-104.83101797017848, 38.83491530339761], [-104.83084497017256, 38.835228303453476], [-104.83064897017792, 38.83569330353247], [-104.83047997020387, 38.83629130362837], [-104.83042097023686, 38.836719303693], [-104.8303919702545, 38.83694430372682], [-104.83024197022013, 38.836945303736975], [-104.83013097019456, 38.83694530374434], [-104.82997497015853, 38.8369453037547], [-104.82991197014415, 38.83694630375898], [-104.82981997012253, 38.83694230376453], [-104.82954397005784, 38.83693330378157], [-104.82945297003661, 38.8369303037873], [-104.82940697002601, 38.83693030379035], [-104.82927196999533, 38.83693430379981], [-104.82922696998519, 38.83693630380308], [-104.82915896996977, 38.83693830380789], [-104.82909596995492, 38.836936303811775], [-104.82878296988191, 38.836927303831274], [-104.82870596986392, 38.83692530383612], [-104.82857596983366, 38.836922303844275], [-104.8285899698576, 38.83711430387064], [-104.82861796990548, 38.83749430392264], [-104.82863996993193, 38.83769230394926], [-104.82866196995808, 38.83788530397518], [-104.8286899699775, 38.838005303990315], [-104.82874197001395, 38.83823030401869], [-104.82876197003377, 38.83837130403745], [-104.82877997005134, 38.83849430405358], [-104.82831496998695, 38.838888304140404], [-104.82773096990631, 38.83938530424952], [-104.82766196989732, 38.83944830426311], [-104.8276309698954, 38.83949630427202], [-104.82761596989356, 38.839511304275156], [-104.82749996988345, 38.83966430430439], [-104.82741896987747, 38.839781304326465], [-104.82726796987984, 38.84012430438509], [-104.8272339698818, 38.84021430440004], [-104.8272149698865, 38.84029830441328], [-104.82720996988806, 38.840322304417015], [-104.82716796994181, 38.84090630450259], [-104.82716296994772, 38.84097130451202], [-104.82716196996022, 38.84108830452877], [-104.82717196996825, 38.84114230453574], [-104.82717396996972, 38.84115130453674], [-104.82723096999169, 38.84123230454457], [-104.82757597011827, 38.84166530458294], [-104.82760597012941, 38.84170430458655], [-104.82767897015658, 38.84180030459523], [-104.82772497017518, 38.84187330460251], [-104.82773797018125, 38.841901304605656], [-104.82789997024963, 38.84218730463544], [-104.82781197032288, 38.84304830476329], [-104.82780397039444, 38.84372430485963], [-104.82779997044594, 38.84420730492832], [-104.82781097047398, 38.84444130496076], [-104.82783397049108, 38.84454930497462], [-104.827890970515, 38.84464930498491], [-104.82825897063718, 38.84499230500918], [-104.82844297069614, 38.84514530501853], [-104.82855797073633, 38.845271305028646], [-104.8286159707606, 38.84537130503911], [-104.82863897077182, 38.84542630504527], [-104.82866097078269, 38.84547930505126], [-104.82871897081944, 38.845695305078145], [-104.82884497088948, 38.846071305123075], [-104.82889597092138, 38.846257305145976], [-104.8289589709609, 38.846488305174624], [-104.82900397100272, 38.84677730521253], [-104.8290139710104, 38.84682630521875], [-104.82905297103999, 38.84701630524316], [-104.82901497104419, 38.84713530526247], [-104.82901997105827, 38.8472543052791], [-104.82903497109473, 38.847557305321004], [-104.82900797113534, 38.84798830538388], [-104.82900497113891, 38.84802730538962], [-104.8290009711475, 38.84811630540238], [-104.8290579711718, 38.84821830541313], [-104.82903097119369, 38.8484763054515], [-104.82898797122931, 38.84889530551359], [-104.82895497126037, 38.8492513055664], [-104.82893997127493, 38.84941730559095], [-104.82892597128169, 38.849509305604904], [-104.82887997130462, 38.84981730565152], [-104.8288229713332, 38.85020130570964], [-104.8287529713642, 38.850634305775806], [-104.82874297137381, 38.850744305791885], [-104.82871697140175, 38.8510563058379], [-104.82870897140992, 38.85114830585144], [-104.82870197141608, 38.85122030586224], [-104.82869397142485, 38.85131830587655], [-104.82867497146347, 38.85171430593402], [-104.82866897147602, 38.85184130595225], [-104.82867597148163, 38.851879305957304], [-104.82868097148553, 38.851904305960446], [-104.82870397149676, 38.85195830596662], [-104.82879497153534, 38.85212130598363], [-104.82909397166802, 38.85270730604679], [-104.8292429717357, 38.85301330608012], [-104.82933497177267, 38.85315830609465], [-104.82967897190385, 38.85363630613943], [-104.82974597192876, 38.85372230614717], [-104.8298629719718, 38.85387030616033], [-104.83006997204701, 38.8541233061824], [-104.83033397214419, 38.854457306212296], [-104.83051797220904, 38.85466430622924], [-104.83097797237399, 38.85520630627556], [-104.83109297241724, 38.8553593062896], [-104.83137997251954, 38.85569330631778], [-104.83147197255353, 38.85581030632812], [-104.83159897259564, 38.85592830633661], [-104.8316669726192, 38.85600030634217], [-104.8317369726412, 38.85605430634518], [-104.83192097269719, 38.85618030635077], [-104.83233497282994, 38.85652330637176], [-104.8324379728597, 38.85657830637284], [-104.83251897288426, 38.85663230637514], [-104.83263397291559, 38.85667730637381], [-104.83267697292617, 38.85668330637179], [-104.83272897293895, 38.856690306369366], [-104.83276097294696, 38.856695306367826], [-104.83288397297203, 38.85666630635567], [-104.83293597298285, 38.85665530635061], [-104.83295697298719, 38.856650306348406], [-104.83309697301395, 38.85660030633198], [-104.83331397305584, 38.85652530630711], [-104.83335797306452, 38.85651130630214], [-104.83353297309856, 38.856453306282255], [-104.83358097310743, 38.85643330627622], [-104.83374097313767, 38.85637230625704], [-104.83371897312809, 38.85633130625268], [-104.83351797303587, 38.85590930620632], [-104.8334949730253, 38.85586030620075], [-104.83327897292786, 38.85542230615309], [-104.83424097314926, 38.85541930608883], [-104.83398497308605, 38.85538030610026], [-104.8339299730709, 38.85535730610071], [-104.83372697301469, 38.855271306102004], [-104.83354097295597, 38.85512530609372], [-104.83344897291727, 38.85496430607704], [-104.83342297288986, 38.854767306050746], [-104.83341997287688, 38.85465430603499], [-104.83341897286927, 38.85458630602548], [-104.83341697285195, 38.85443230600368], [-104.83341797284196, 38.854337305990285], [-104.83341997282317, 38.85416030596495], [-104.83342897276763, 38.85363130588956], [-104.83343197274918, 38.85345530586442], [-104.83371897281556, 38.85345730584562], [-104.83421697293078, 38.85346130581308], [-104.83458297301527, 38.853463305789006], [-104.83487197308233, 38.853466305770105], [-104.83505097312374, 38.853468305758476], [-104.83538197320041, 38.85347230573721], [-104.83538097318824, 38.853361305721364], [-104.83538397316407, 38.85313330568889], [-104.83567497323142, 38.85313630567001], [-104.83576297325165, 38.853135305664125], [-104.83587897327833, 38.85313430565617], [-104.83587397331011, 38.85343730569946], [-104.83692197355244, 38.85344530563089], [-104.83693397331103, 38.85119930531188], [-104.83650697321212, 38.851195305339765], [-104.83651197317093, 38.850805305284204], [-104.8362469730625, 38.85036930524008], [-104.83626297306485, 38.85035730523717], [-104.8364709730968, 38.8502103052026], [-104.83656997311002, 38.85012130518352], [-104.83685497314795, 38.84986630512831], [-104.83704897317385, 38.84969430509102], [-104.83739197321871, 38.84937930502367], [-104.83770897326116, 38.84909830496281], [-104.8378399732788, 38.848982304937685], [-104.83801497330697, 38.84887030491012], [-104.83785197324518, 38.848647304889425], [-104.83768297318545, 38.84845630487362], [-104.83764197317316, 38.848430304872615], [-104.83740497310212, 38.84827830486688], [-104.83670297289541, 38.84786530485494], [-104.83629697277951, 38.847660304853], [-104.83612897273163, 38.84757630485225], [-104.83563197259036, 38.84733030485049], [-104.83561197258433, 38.84731630484974], [-104.83558297256526, 38.84720230483551], [-104.83560497249292, 38.84649030473322], [-104.835622972323, 38.84488930450509], [-104.83590397238821, 38.8448923044869], [-104.83591197234227, 38.84445230442405], [-104.83709697261604, 38.84445930434634], [-104.83710697259599, 38.84425330431649], [-104.83712497259167, 38.84417630430441], [-104.83715497259254, 38.84411930429426], [-104.83720397259785, 38.84406430428322], [-104.83733097261684, 38.84397130426157], [-104.83754497264947, 38.843816304225385], [-104.8375689726513, 38.84378230421899], [-104.8381129727885, 38.843891304198245], [-104.83811397277526, 38.84376730418064], [-104.83811997271756, 38.84322330410311], [-104.83870197285218, 38.8432283040652], [-104.83870297284834, 38.8431903040598], [-104.83888997289158, 38.84319230404764], [-104.83889397285674, 38.842863304000744], [-104.83903397288927, 38.84286530399171], [-104.83904097284673, 38.84246030393391], [-104.83904297282835, 38.84228630390912], [-104.83903697280803, 38.8421113038846], [-104.83902297279403, 38.84201230387153], [-104.83899297277279, 38.841880303854865], [-104.83894197274519, 38.84173430383758], [-104.838871972713, 38.84158630382131], [-104.8387919726803, 38.84145630380825], [-104.83869397264371, 38.84132630379627], [-104.83858097260432, 38.84120330378625], [-104.83847497256917, 38.841105303779486], [-104.838304972516, 38.8409763037725], [-104.83821797249074, 38.840928303771435], [-104.83811997245965, 38.84084930376679], [-104.83635597192244, 38.83964630371366], [-104.8365859719479, 38.83939330366237], [-104.83633497187144, 38.83922230365485], [-104.83638397187146, 38.83911830363694], [-104.83654297189639, 38.83900930361081], [-104.83716797204025, 38.839009303569284], [-104.84064197284295, 38.83902830334112], [-104.84064697281083, 38.83872230329752], [-104.84065297279663, 38.83857830327674], [-104.84066397277229, 38.8383323032412], [-104.84066497275269, 38.83814930321515], [-104.84066597273741, 38.838006303194916], [-104.84066597271807, 38.837828303169516], [-104.84066697268344, 38.837507303124085], [-104.84066197265933, 38.83729530309441], [-104.84065897263942, 38.83711830306946], [-104.84065697263071, 38.8370423030589], [-104.84066497261239, 38.83685730303211], [-104.84068197257581, 38.83648430297805], [-104.84069097253372, 38.83607730291983], [-104.84069797250713, 38.83581730288249], [-104.84070097247775, 38.835540302843064], [-104.84070697243511, 38.835136302785365], [-104.84070897242293, 38.83501930276872], [-104.84069597238668, 38.834712302726125], [-104.84068597235438, 38.83443630268757], [-104.84086297240528, 38.83452930268905], [-104.84118597249824, 38.83470030269171], [-104.84139097255807, 38.834816302694584], [-104.84156597260916, 38.83491530269698], [-104.84159297261178, 38.834882302690644], [-104.84173197262811, 38.83473730266077], [-104.84182297263887, 38.83464330264142], [-104.84196497265317, 38.83447430260813], [-104.84215897267633, 38.834275302566915], [-104.84222497268335, 38.83420030255192], [-104.84238797270136, 38.8340203025156], [-104.84253697271883, 38.83386430248365], [-104.8427669727459, 38.833626302434666], [-104.84278197274656, 38.83360030243], [-104.84292197275225, 38.833356302385994], [-104.84305997276553, 38.833185302352625], [-104.84280797269142, 38.83303730234843], [-104.84233097255117, 38.832758302340594], [-104.84205197246952, 38.83259830233635], [-104.84179997239585, 38.83245430233281], [-104.84162097234348, 38.83235130232997], [-104.84155297232363, 38.832313302329155], [-104.84097697215576, 38.8319893023215], [-104.84080897210724, 38.8318993023199], [-104.84055997203534, 38.8317653023174], [-104.84055897203021, 38.8317203023111], [-104.84055797202218, 38.83164830230101], [-104.84056797201788, 38.8315873022918], [-104.84057597201505, 38.83154430228517], [-104.84058297201182, 38.83149930227815], [-104.84059797200568, 38.831411302264684], [-104.84060797200291, 38.83136430225742], [-104.84061797200042, 38.831320302250575], [-104.84064597199198, 38.83118330222936], [-104.84072097201206, 38.831209302228054], [-104.84102797209515, 38.83132230222363], [-104.84113297212402, 38.83136630222282], [-104.84143397220708, 38.83149230222077], [-104.84176797230077, 38.83164630222037], [-104.84194397235198, 38.831744302222546], [-104.84327597273183, 38.83241630222926], [-104.84517897327275, 38.83336030223657], [-104.84706697381193, 38.834319302247174], [-104.84912597439505, 38.83532130225233], [-104.85202997522151, 38.836770302264654], [-104.85405497578718, 38.837683302259464], [-104.85667297653258, 38.8389933022711], [-104.85774597684728, 38.83961530228787], [-104.85856697708475, 38.840059302296154], [-104.85912197724411, 38.840350302300585], [-104.85913297720712, 38.83998630224821], [-104.85913797719473, 38.8398613022301], [-104.85913997718119, 38.83973230221168], [-104.85914697715198, 38.83944830217113], [-104.85914897714244, 38.83935630215799], [-104.85915297712869, 38.83922130213865], [-104.85918197704018, 38.83834530201264], [-104.8591679769831, 38.83785030194335], [-104.8591929769303, 38.83731030186531], [-104.85920597690279, 38.8370303018247], [-104.85921497683157, 38.83635530172843], [-104.85921597677076, 38.835793301648756], [-104.85918997672306, 38.83540930159615], [-104.85917197669437, 38.83518330156529], [-104.85822697646647, 38.835089301614765], [-104.85807197639902, 38.83479630158368], [-104.85773697628827, 38.83448730156198], [-104.85746997620704, 38.834306301554186], [-104.85718697613352, 38.83422930156211], [-104.85679097601604, 38.83398830155426], [-104.8560949758334, 38.83378230157133], [-104.85548397564972, 38.833386301555734], [-104.85538097560254, 38.833171301532275], [-104.8551919755517, 38.833103301535076], [-104.85514097554459, 38.83314630154456], [-104.85485697548854, 38.83323230157562], [-104.85434997535488, 38.83307730158729], [-104.85424697532913, 38.83305830159148], [-104.854325975327, 38.83287230155995], [-104.85456297532114, 38.83231430146516], [-104.85475997537277, 38.832372301460296], [-104.8548029753716, 38.832270301442904], [-104.85493197536812, 38.831964301391075], [-104.8549569753675, 38.83190630138118], [-104.8550029753793, 38.831917301379704], [-104.85507997539908, 38.83193530137704], [-104.85540297548346, 38.8320273013686], [-104.8554749755023, 38.832048301366925], [-104.85660297579602, 38.83236030133609], [-104.85686197586352, 38.83243230132918], [-104.85700197590072, 38.83247830132628], [-104.85712497592978, 38.832484301318885], [-104.85718497594303, 38.83247930131431], [-104.85725397595776, 38.8324693013084], [-104.85734297597757, 38.832462301301454], [-104.85742497599479, 38.83244730129386], [-104.85751397601346, 38.83243030128559], [-104.85758997602842, 38.832407301277115], [-104.85771897605089, 38.83234030125922], [-104.85793997608894, 38.83222130122759], [-104.85799797609853, 38.832187301218944], [-104.85803397610461, 38.83216630121361], [-104.85814497614192, 38.83227430122145], [-104.85819797615922, 38.832321301224525], [-104.85825297617598, 38.83235930122639], [-104.85835397620525, 38.83241430122743], [-104.8583829762132, 38.83242630122731], [-104.85846097623364, 38.83244930122532], [-104.85859097626675, 38.83247830122072], [-104.85870397629458, 38.832494301215554], [-104.8588429763275, 38.83250330120762], [-104.85909197638617, 38.832515301192686], [-104.85919797641097, 38.83251830118618], [-104.85920097640145, 38.83242430117268], [-104.85921097636816, 38.832097301125664], [-104.8592159763434, 38.8318583010914], [-104.85921997633, 38.83172630107254], [-104.8592249762947, 38.83139030102449], [-104.85922297619267, 38.83045530089225], [-104.85921397616994, 38.83026530086583], [-104.85920797615726, 38.83016130085159], [-104.8592049761485, 38.830087300841264], [-104.85920997609638, 38.82959630077143], [-104.85920897606869, 38.829343300735665], [-104.85920797601179, 38.82882130066173], [-104.85919297598281, 38.82858530062931], [-104.85917797595192, 38.82833330059457], [-104.85916497593013, 38.828160300570964], [-104.85916197587598, 38.82766830050144], [-104.85916297586996, 38.82761030049314], [-104.85918997576866, 38.826619300350835], [-104.859226975692, 38.825834300237254], [-104.85901897564345, 38.82582830025023], [-104.8588839756123, 38.825828300259204], [-104.85858997559039, 38.826250300338415], [-104.85857597559001, 38.82627630034307], [-104.85854197558893, 38.82633930035433], [-104.8585169756195, 38.826673300403215], [-104.85848497561965, 38.82674230041517], [-104.85838797560073, 38.826774300426116], [-104.8572509753373, 38.82676030049973], [-104.85676697522432, 38.82674630052982], [-104.85648497515938, 38.82674630054855], [-104.85636397512806, 38.82671430055203], [-104.85633197511788, 38.826689300550676], [-104.85629897510206, 38.82661330054205], [-104.85630797508637, 38.82644930051813], [-104.85630197503566, 38.82599530045431], [-104.85630997495333, 38.8252193003439], [-104.85632697494694, 38.82512530032931], [-104.85635097494703, 38.825074300320544], [-104.85643997495863, 38.824992300303], [-104.85656097498106, 38.82494230028783], [-104.85667597500343, 38.82490430027485], [-104.85666597499089, 38.82481030026221], [-104.85666597497071, 38.82462430023593], [-104.85719197509245, 38.82462930020158], [-104.85748997516146, 38.82463230018234], [-104.8582889753478, 38.82465430013238], [-104.85865397543402, 38.82467330011083], [-104.85877197546196, 38.824680300104035], [-104.85886197548324, 38.824685300098636], [-104.85929797558782, 38.824724300075225], [-104.85929897558087, 38.824658300065856], [-104.85930497556082, 38.8244603000374], [-104.85930597555887, 38.82444030003443], [-104.85930897555467, 38.82439530002786], [-104.85930797554956, 38.82435030002155], [-104.85932997547155, 38.8235842999116], [-104.85934897540697, 38.82294929982038], [-104.85934697539643, 38.82285629980729], [-104.85933597532063, 38.82218129971248], [-104.85937797524763, 38.82141929960171], [-104.85938397522013, 38.82115329956349], [-104.85940097514666, 38.820439299461235], [-104.85940297513669, 38.820343299447565], [-104.85940697507044, 38.81972429935951], [-104.85941697494053, 38.81850529918616], [-104.85942897488508, 38.817969299109436], [-104.85942297487297, 38.81787029909561], [-104.85941897486474, 38.81780329908655], [-104.85939497481489, 38.817394299030056], [-104.85939397480979, 38.81734929902376], [-104.85938897480378, 38.817304299017714], [-104.8593859747976, 38.81725429901096], [-104.85937897478246, 38.81712929899369], [-104.85937097474749, 38.816823298950766], [-104.85935797468905, 38.81631229887919], [-104.85933697463861, 38.815892298821154], [-104.85940397462146, 38.81559129877403], [-104.85941797461938, 38.81554229876615], [-104.85950097460946, 38.81527529872274], [-104.85954997460537, 38.815133298699486], [-104.8596539745964, 38.814829298649414], [-104.85965797459404, 38.81479929864493]]]}, "properties": {"zip": "80905", "name": "ZIP 80905"}, "id": "80905"}, {"type": "Feature", "geometry": {"type": "Polygon", "coordinates": [[[-104.75037595396428, 38.856872311867946], [-104.75042895396545, 38.85677031184981], [-104.75023595391171, 38.85668531185067], [-104.7501219538789, 38.85662531184971], [-104.75006495385102, 38.85649031183439], [-104.7500059538223, 38.856351311818415], [-104.74997595380954, 38.856297311812945], [-104.74985895375961, 38.85608631179069], [-104.7498049537395, 38.85601631178422], [-104.74973895372031, 38.855979311783514], [-104.74969195370751, 38.85596131178402], [-104.74956795367646, 38.855939311789065], [-104.74941195363986, 38.855933311798644], [-104.7492879536085, 38.855908311803404], [-104.74920595358553, 38.85587231180377], [-104.74915195356982, 38.85584131180287], [-104.7491359535641, 38.85582331180148], [-104.74911695355541, 38.855783311796934], [-104.74906995353696, 38.855713311790254], [-104.7490689535286, 38.85563831177963], [-104.74906895347591, 38.85515331171085], [-104.7490709534591, 38.85499431168814], [-104.74907795341937, 38.854614311633746], [-104.74907295340786, 38.85451831162035], [-104.74906695338932, 38.85436031159839], [-104.74885695334076, 38.85435931161208], [-104.74822895319568, 38.85435831165376], [-104.7480199531474, 38.854358311667646], [-104.7480409531157, 38.85402231161844], [-104.74803995310776, 38.853951311608625], [-104.74803795307803, 38.85368231157051], [-104.74800695303934, 38.85339131153119], [-104.74790195295867, 38.8528713114645], [-104.7478819529401, 38.85274231144751], [-104.74785595291439, 38.85256131142349], [-104.74783495288537, 38.85233831139329], [-104.74782895287798, 38.85228331138591], [-104.74783195286693, 38.852176311370386], [-104.74785095281888, 38.85169231130051], [-104.74785795280299, 38.85153131127721], [-104.74786295278734, 38.851376311254874], [-104.74786895277428, 38.8512433112356], [-104.74788695274243, 38.85091231118741], [-104.74789595272783, 38.850758311165], [-104.74810495277562, 38.85075431115057], [-104.74842595284915, 38.85074931112851], [-104.7484309528377, 38.85063331111165], [-104.74853795249231, 38.847225310620786], [-104.7485379524794, 38.84710631060397], [-104.74821995240627, 38.84710831062535], [-104.74803095236278, 38.84710931063793], [-104.74803495231116, 38.8466253105691], [-104.74804095225885, 38.84613131049853], [-104.74804595225294, 38.846066310488965], [-104.74887995244606, 38.84607231043438], [-104.7490889524951, 38.84607931042153], [-104.74916095251383, 38.84609831041946], [-104.74928895254816, 38.846142310417264], [-104.74934495256791, 38.84620531042257], [-104.74978595259915, 38.845555310300895], [-104.74943795249567, 38.84534231029373], [-104.74919395243649, 38.84531531030617], [-104.748785952332, 38.84522031031972], [-104.7485279522592, 38.845098310319564], [-104.74824995217062, 38.84487331030612], [-104.74804995210486, 38.84469331029387], [-104.74805495208028, 38.844456310259794], [-104.74805895206518, 38.844308310238546], [-104.74805295200265, 38.84374531015897], [-104.74805095197647, 38.8435083101256], [-104.74804695190105, 38.84282231002839], [-104.74804695189246, 38.842743310017205], [-104.74804295181526, 38.842039309917546], [-104.74901395204029, 38.84204830985441], [-104.74920895208287, 38.842026309838275], [-104.74929495209958, 38.84199730982852], [-104.74935195210527, 38.84192830981495], [-104.74936395210287, 38.84188030980724], [-104.74934995206749, 38.84158430976621], [-104.74934195205704, 38.841505309755554], [-104.74931595204589, 38.84145730975041], [-104.74928095203524, 38.84143330974927], [-104.74804195175037, 38.84144430983309], [-104.74804695172969, 38.841243309804284], [-104.74800695170877, 38.84113530979155], [-104.74800195167396, 38.840824309747774], [-104.74800095166798, 38.84077130974016], [-104.74800095166646, 38.84075730973827], [-104.74799095159129, 38.84008630964376], [-104.746919951345, 38.84009430971591], [-104.74677095131071, 38.840095309725896], [-104.74561495104489, 38.84010430980392], [-104.74348595055368, 38.84010630994549], [-104.74311395046817, 38.840109309970636], [-104.74286895041183, 38.84011130998719], [-104.74227795027582, 38.84011531002697], [-104.74189495018805, 38.84012131005317], [-104.74162095012541, 38.84012631007216], [-104.74126295004233, 38.84012331009556], [-104.74099394998024, 38.8401223101132], [-104.74064094989956, 38.840130310137695], [-104.73963094966635, 38.840130310204714], [-104.73936994960614, 38.84012931022202], [-104.73896194951185, 38.84012931024909], [-104.73873994945953, 38.84011831026223], [-104.73873994945062, 38.840036310250575], [-104.73873994943261, 38.83987031022691], [-104.73873994942394, 38.839790310215704], [-104.73873994941515, 38.839709310204036], [-104.73874094940984, 38.83965831019681], [-104.73874394939392, 38.83950531017482], [-104.73874594938897, 38.83945531016771], [-104.73875694932622, 38.8388543100815], [-104.73876794926586, 38.83827430999834], [-104.73878194916368, 38.837302309859446], [-104.73878194913657, 38.83705230982407], [-104.73878294911162, 38.83682030979101], [-104.73878194907148, 38.836452309738725], [-104.73852894902221, 38.83653630976751], [-104.73828294896727, 38.836553309786204], [-104.73823294895476, 38.83654430978838], [-104.73788694885418, 38.83635430978425], [-104.73764594876096, 38.83600730975105], [-104.73763794875518, 38.835971309746334], [-104.7376369487466, 38.83589430973548], [-104.73766194872981, 38.835685309704274], [-104.73768394871553, 38.83550730967753], [-104.73773494866475, 38.83493030959206], [-104.7377549486567, 38.834813309574194], [-104.73776694863889, 38.83462430954658], [-104.73764594858157, 38.83435330951605], [-104.73761694857106, 38.8343173095129], [-104.73712394844391, 38.83419430952811], [-104.73663194832926, 38.8341843095594], [-104.73604094818242, 38.834088309585], [-104.73599094816889, 38.834070309585684], [-104.73524994795358, 38.83366330957692], [-104.73471194778584, 38.833261309555674], [-104.73466294777309, 38.833247309556846], [-104.73446494771659, 38.83314730955581], [-104.73421094764987, 38.83307430956233], [-104.73392294757475, 38.83299330956978], [-104.73333094742863, 38.83290630959678], [-104.7332819474158, 38.83289230959815], [-104.7328349472867, 38.832653309593766], [-104.73278494726866, 38.83259330958861], [-104.73267494722896, 38.832462309577274], [-104.73235694726024, 38.83342730973535], [-104.73236794729738, 38.833746309780025], [-104.73237494731974, 38.83393730980666], [-104.73234094737222, 38.834494309887944], [-104.7320319473622, 38.83505930998875], [-104.73084094718662, 38.83597631019804], [-104.72989694703283, 38.83656731034465], [-104.72972394700471, 38.83667631037157], [-104.7289509469159, 38.837502310540124], [-104.72871194688845, 38.83775831059239], [-104.72869094688724, 38.83779231059857], [-104.72809894685992, 38.83880031078116], [-104.72809994690289, 38.83919431083697], [-104.72793594686439, 38.83918831084702], [-104.72782494683837, 38.83918431085382], [-104.72744494674764, 38.8391573108751], [-104.72728194670884, 38.83914631088438], [-104.72704494665231, 38.83912931089768], [-104.72633694648349, 38.83908131093795], [-104.72610094642735, 38.83906531095127], [-104.7257789463501, 38.83903831096885], [-104.72531594624066, 38.8390153109962], [-104.72501594616979, 38.83900031101412], [-104.72460594607297, 38.83898031103843], [-104.72404594594319, 38.83897531107482], [-104.722922945683, 38.838967311148274], [-104.72175594541255, 38.83895831122438], [-104.72091594521797, 38.83895231127927], [-104.72066994516094, 38.838950311295314], [-104.7206639450915, 38.83832331120662], [-104.7206639450748, 38.83816931118479], [-104.72067394482306, 38.8358263108512], [-104.72067794473918, 38.83504531074003], [-104.72067794473506, 38.835007310734504], [-104.72067994472341, 38.834895310718444], [-104.72068094471965, 38.83485831071322], [-104.72068294470829, 38.834748310697435], [-104.72068594469357, 38.83460731067723], [-104.72068394467306, 38.83442131065085], [-104.72068294466101, 38.83431231063546], [-104.72068094464711, 38.83418931061809], [-104.72067794460658, 38.83382231056617], [-104.72067694459311, 38.83370031054892], [-104.72067494456968, 38.83348731051877], [-104.7202709444799, 38.83352031055027], [-104.71976094436214, 38.833520310584106], [-104.71976194432874, 38.83321031054009], [-104.71973894430062, 38.832999310511596], [-104.71965394424804, 38.83269531047396], [-104.71958194420009, 38.83240631043771], [-104.71949894409035, 38.83157031032438], [-104.71945794400867, 38.83090431023237], [-104.7194549440018, 38.830847310224556], [-104.71942094395165, 38.83045731017148], [-104.71942594392955, 38.83024231014057], [-104.71943994392836, 38.830202310133835], [-104.71945694392693, 38.83015231012572], [-104.71952994393303, 38.830053310106834], [-104.71953894393434, 38.83004631010514], [-104.71965994395374, 38.829967310085976], [-104.7197849439789, 38.82993331007289], [-104.7200389440352, 38.829911310052864], [-104.72007094404233, 38.82990931005047], [-104.72025894408459, 38.82989931003644], [-104.72036794414235, 38.83019931007198], [-104.7206959443155, 38.83109831017793], [-104.72080594437347, 38.83139931021345], [-104.72086694436562, 38.83119631018043], [-104.72090594436435, 38.83110131016453], [-104.72104794436054, 38.830763310106974], [-104.72108694435931, 38.83066931009109], [-104.72131294436623, 38.830252310016775], [-104.72146394437137, 38.829977309967695], [-104.72163694437685, 38.82965930991099], [-104.72197794439407, 38.82909230980799], [-104.72213394434758, 38.828330309689186], [-104.72210794431496, 38.828085309656245], [-104.72201194427379, 38.82791030963768], [-104.72181994420706, 38.82770330962089], [-104.72160794414448, 38.82757730961713], [-104.7213589440781, 38.82749530962192], [-104.72112794402099, 38.82746030963241], [-104.72088994396748, 38.82747430965009], [-104.7206809439239, 38.82751730967006], [-104.72030094384806, 38.827627309710955], [-104.72027594384355, 38.82763830971421], [-104.71952694370556, 38.827961309809645], [-104.7193579436746, 38.828035309831456], [-104.7185599435327, 38.82842630993997], [-104.71832894350455, 38.828658309988235], [-104.71767594344253, 38.829477310147844], [-104.7176219434376, 38.829547310161495], [-104.71718494339976, 38.83012931027319], [-104.71708694339128, 38.8302593102981], [-104.71694394337385, 38.830403310328045], [-104.71688094336622, 38.830468310341516], [-104.71652594332065, 38.83080331041267], [-104.71609494325209, 38.83108831048171], [-104.71575594318827, 38.83122331052332], [-104.7155419431482, 38.83130831054956], [-104.71542894312483, 38.831333310560694], [-104.71519194307614, 38.831389310584406], [-104.71498094303149, 38.83142731060376], [-104.71440394289992, 38.831442310644114], [-104.71437594289358, 38.83144331064606], [-104.71405894282172, 38.831456310668884], [-104.71385894277651, 38.83146531068347], [-104.71374194274945, 38.83146431069121], [-104.71279294252977, 38.831459310753374], [-104.71247694245659, 38.83145831077423], [-104.71241594244248, 38.83145731077809], [-104.7122339424004, 38.83145731079016], [-104.71217394238664, 38.83145731079415], [-104.71168294227292, 38.83145431082617], [-104.71155494224334, 38.83145431083466], [-104.71074694205781, 38.8314643108898], [-104.71060894202601, 38.83146531089897], [-104.71038194197408, 38.83146931091459], [-104.71019794192948, 38.83145031092414], [-104.71006194189661, 38.83143631093127], [-104.70932594170206, 38.831210310947895], [-104.70910694164228, 38.83112531095037], [-104.70884294156774, 38.83099931094984], [-104.7086669415131, 38.83087031094315], [-104.70844294144365, 38.83070731093485], [-104.708098941335, 38.830438310919426], [-104.70799094130089, 38.83035331091456], [-104.70737394110532, 38.82986331088579], [-104.70719894104896, 38.82971631087662], [-104.70710994103615, 38.82978831089262], [-104.7068879410044, 38.82996731093289], [-104.70674694098304, 38.830071310956875], [-104.70618894089843, 38.830479311051924], [-104.70557294080766, 38.83095531116052], [-104.70511194074078, 38.83132031124295], [-104.70400294057829, 38.83218431143922], [-104.70373394053549, 38.83236331148255], [-104.70357094051163, 38.83249031151144], [-104.70345394049487, 38.83258431153256], [-104.70322494045543, 38.83270831156529], [-104.70313194043938, 38.83275831157866], [-104.7029619404093, 38.8328433116019], [-104.70257194032838, 38.832928311639975], [-104.702193940244, 38.83295531166881], [-104.70208894021962, 38.83295331167548], [-104.70155994009676, 38.83294731170973], [-104.70157594015916, 38.8334893117856], [-104.70157494016597, 38.83355431179496], [-104.70155894036004, 38.83537831205541], [-104.70155494042515, 38.83598731214216], [-104.70155394043196, 38.83605231215153], [-104.7015499404523, 38.83624831217951], [-104.70154994045946, 38.83631431218906], [-104.70154794046745, 38.83639231220014], [-104.70154594048387, 38.83654831222256], [-104.70154394049219, 38.83662931223419], [-104.70154294050052, 38.83670831224543], [-104.7013859404648, 38.8367133122566], [-104.70080694033281, 38.836730312297384], [-104.70015794018492, 38.83674831234304], [-104.69987594012079, 38.836757312362884], [-104.69962194006207, 38.836757312379724], [-104.69859393982432, 38.8367543124476], [-104.69786393965543, 38.83675231249573], [-104.6974159395519, 38.83675131252525], [-104.69659493936206, 38.836749312579414], [-104.69651693934401, 38.836749312584594], [-104.69615693926069, 38.83674831260838], [-104.69604293923442, 38.836748312615946], [-104.69596493921642, 38.836748312621125], [-104.69580193917862, 38.83674731263173], [-104.69578493917467, 38.836747312632866], [-104.69549293910721, 38.83674731265222], [-104.69536193907678, 38.83674631266066], [-104.69276693847678, 38.83674031283196], [-104.69229293836712, 38.836739312863315], [-104.69209693832178, 38.83673831287611], [-104.69208193831822, 38.83673831287711], [-104.6919269382829, 38.836742312887935], [-104.69191693828338, 38.836768312892296], [-104.69189593832704, 38.83721531295729], [-104.69189393833148, 38.837260312963764], [-104.69187493837123, 38.83766831302308], [-104.6918679384659, 38.838556313149695], [-104.6918699385092, 38.83895131320567], [-104.69274193871246, 38.83896831315029], [-104.69338993886134, 38.838960313106185], [-104.69420393904842, 38.83895131305089], [-104.69489993920851, 38.83894531300395], [-104.69493893921758, 38.83894531300137], [-104.69618293950613, 38.838956312920445], [-104.69667593962056, 38.83896131288851], [-104.69685793966211, 38.83895731287587], [-104.69728993976098, 38.838948312845915], [-104.69760493983378, 38.8389493128251], [-104.69794493991265, 38.83895131280277], [-104.69827293998763, 38.83894531278024], [-104.69842794002322, 38.83894231276942], [-104.69857994005743, 38.83893431275829], [-104.69888494012716, 38.838927312737184], [-104.69912594018294, 38.83892831272123], [-104.6992919402218, 38.838933312711035], [-104.6995329402783, 38.83894131269612], [-104.69977194033501, 38.83895431268213], [-104.69978894033876, 38.838953312680744], [-104.69995594037722, 38.83895231266965], [-104.70026894045056, 38.8389613126502], [-104.70065494054096, 38.838973312626216], [-104.70121194066974, 38.83897431258951], [-104.70139094071115, 38.83897531257767], [-104.70145794072593, 38.83896831257219], [-104.70152594074156, 38.83896831256768], [-104.70152694074972, 38.83904131257816], [-104.70152994077418, 38.83926031260892], [-104.70153194078256, 38.83933331261932], [-104.70138994075162, 38.8393513126312], [-104.70112694069451, 38.83938331265316], [-104.7009479406557, 38.83940731266851], [-104.69986594042224, 38.83955931276183], [-104.69974094039551, 38.839579312773026], [-104.69920094028001, 38.839664312820815], [-104.69880094019464, 38.839728312856465], [-104.69861994015548, 38.83975331287211], [-104.698552940141, 38.839762312877895], [-104.69835194009742, 38.8397883128949], [-104.6982859400832, 38.83979831290067], [-104.69789593999872, 38.83985031293381], [-104.69722293985387, 38.839947312992194], [-104.69670093974902, 38.84009331304762], [-104.69608393962528, 38.8402663131132], [-104.69528793947883, 38.84061131321502], [-104.69507993944043, 38.84070031324151], [-104.69340993915351, 38.84161231348189], [-104.69254193900451, 38.84208731360703], [-104.69235593897413, 38.84220431363593], [-104.69197893891288, 38.84244231369473], [-104.69126693879751, 38.84289431380626], [-104.69100393875766, 38.84308731385116], [-104.69024793864327, 38.84364331398028], [-104.68935893851545, 38.844359314140995], [-104.68883493844044, 38.84478331423609], [-104.68804293833426, 38.84549131438923], [-104.68736493825459, 38.846200314535004], [-104.68600993810776, 38.84773331484279], [-104.68519193802032, 38.84866931503011], [-104.68504293800551, 38.848850315065604], [-104.68480393798211, 38.849143315123165], [-104.68432693792616, 38.84964431522607], [-104.6838729378763, 38.85015131532811], [-104.68363693784676, 38.8503813153765], [-104.68352293783346, 38.85050131540128], [-104.68318293779429, 38.850864315475235], [-104.68307093778162, 38.85098631550018], [-104.68296493776927, 38.85109831552301], [-104.68284493775545, 38.851226315549226], [-104.68283893770909, 38.850812315490636], [-104.68281893756446, 38.8495213153086], [-104.68280393744392, 38.84844231515613], [-104.68277893747589, 38.848790315207424], [-104.68271293748565, 38.849021315244585], [-104.68268893748666, 38.849081315254715], [-104.68262693748919, 38.84923731528095], [-104.6825979374881, 38.849288315290224], [-104.68248993748347, 38.84947631532403], [-104.6824259374811, 38.849590315344535], [-104.68218693745541, 38.84986231539899], [-104.68207393744125, 38.84997331542222], [-104.68191993742231, 38.8501263154542], [-104.68177493740421, 38.850269315484056], [-104.68173293739923, 38.850311315492945], [-104.68134393735185, 38.8507033155744], [-104.68122393734518, 38.850897315610005], [-104.68117293735419, 38.851089315640756], [-104.68116493737476, 38.85129631567059], [-104.68120193740351, 38.8514823156945], [-104.68124593742355, 38.85157331570462], [-104.68128593744144, 38.85165331571336], [-104.68130393744816, 38.85167631571538], [-104.68135793746816, 38.85174531572165], [-104.68142293749213, 38.851828315729044], [-104.68161393755709, 38.85202031574375], [-104.68181293761909, 38.852167315751515], [-104.68158193758877, 38.852380315796985], [-104.68119893753875, 38.852734315872674], [-104.6808699374913, 38.85299831593204], [-104.68078593747914, 38.85306531594719], [-104.68062593745627, 38.85319531597635], [-104.68095393753406, 38.85321331595705], [-104.68099993754488, 38.85321531595428], [-104.68133893762518, 38.85323331593439], [-104.68212193781079, 38.853276315888564], [-104.6824969378997, 38.85329731586661], [-104.68253593790905, 38.85330031586457], [-104.68265293793705, 38.853309315857885], [-104.6826929379468, 38.85331331585594], [-104.68271393796653, 38.85345031587403], [-104.68271593796796, 38.853459315875206], [-104.68271793801291, 38.85386931593333], [-104.68271993802857, 38.854009315952965], [-104.68272093805201, 38.85422331598341], [-104.68271393810913, 38.85476431606075], [-104.68271993811659, 38.854820316068356], [-104.68273993813916, 38.85498631609046], [-104.6827729381777, 38.855270316128724], [-104.6827859383301, 38.856647316323595], [-104.68269593841146, 38.857588316463186], [-104.68264993845462, 38.85808331653671], [-104.68268093847995, 38.858250316558305], [-104.6826809384932, 38.85837231657561], [-104.68268093852761, 38.85868931662076], [-104.6826859386889, 38.86016431683006], [-104.68269393874111, 38.8606293168955], [-104.68268293881982, 38.86137631700237], [-104.68267593887008, 38.86185431707068], [-104.6826729388997, 38.862133317110555], [-104.68268593902816, 38.86328831727396], [-104.68268793904728, 38.86346031729812], [-104.68270293908391, 38.86376631734069], [-104.68274493918703, 38.86462631746001], [-104.68275193920334, 38.86476131747872], [-104.68275093928959, 38.86555731759181], [-104.68274193937926, 38.866402317712605], [-104.68273293943918, 38.86697231779406], [-104.68273293946481, 38.86720831782778], [-104.68273293954661, 38.867961317934665], [-104.68273493955893, 38.86807031795002], [-104.68346793972862, 38.86807331790183], [-104.68566894023846, 38.86808431775711], [-104.68640294040853, 38.86808831770909], [-104.68674294048748, 38.868092317687015], [-104.68681894050513, 38.86809331768205], [-104.68747994065893, 38.86810231763946], [-104.68790694075727, 38.868100317610825], [-104.68921794105978, 38.868095317523014], [-104.68968794117077, 38.86811731749493], [-104.69069794140937, 38.868166317434806], [-104.69165394163704, 38.868228317380094], [-104.6924159418128, 38.868225317329184], [-104.69355794207641, 38.868222317252865], [-104.69392094216049, 38.86822431722903], [-104.6942629422396, 38.86822531720653], [-104.69506394242514, 38.86822931715387], [-104.6952889424762, 38.86822131713782], [-104.6956319425543, 38.86821031711344], [-104.69628594270296, 38.86818831706689], [-104.69666394278899, 38.86817631704012], [-104.69755194298494, 38.868091316968986], [-104.69824494313991, 38.868044316916304], [-104.69840994317693, 38.868034316903994], [-104.69889994329009, 38.86803431687146], [-104.69937794340062, 38.86803431683972], [-104.70024194360043, 38.868036316782614], [-104.70081194373118, 38.86802731674345], [-104.70128994384093, 38.868021316710866], [-104.70180694395928, 38.868011316674966], [-104.70308794425284, 38.86798931658692], [-104.70335994431584, 38.86799131656913], [-104.70387794443599, 38.867995316535215], [-104.70466594461868, 38.86800131648372], [-104.70622294497976, 38.86801431638217], [-104.70702994516766, 38.86802831633064], [-104.70781794535131, 38.86804331628044], [-104.7082999454648, 38.868062316251084], [-104.70831394546816, 38.86806431625044], [-104.70886094560363, 38.86814831622603], [-104.70923394570221, 38.86826231621727], [-104.70974594584146, 38.86845531621087], [-104.70987294587616, 38.86850431620931], [-104.71020394596839, 38.86864931620786], [-104.71147094632157, 38.86920731620292], [-104.71167194637866, 38.86930431620337], [-104.7119889464685, 38.86945731620404], [-104.71244894659885, 38.869679316204895], [-104.71294594673876, 38.86991031620477], [-104.71326694682915, 38.870060316204764], [-104.71334094685012, 38.87009531620484], [-104.71345294688166, 38.87014731620482], [-104.71401394703949, 38.87040831620451], [-104.71413494707357, 38.87046431620447], [-104.71420094709224, 38.870495316204554], [-104.71438794714493, 38.870582316204384], [-104.71453394718591, 38.87064931620425], [-104.71553394746677, 38.87110831620294], [-104.7157229475198, 38.87119531620281], [-104.71587194756064, 38.871253316201], [-104.7159199475639, 38.87118131618765], [-104.71615194762882, 38.8712863161871], [-104.71708794789117, 38.87171031618522], [-104.71739994797863, 38.871852316184466], [-104.71764494804465, 38.871939316180665], [-104.71788194810621, 38.87200131617367], [-104.71789494810953, 38.87200531617336], [-104.71820994818839, 38.87206031616032], [-104.71849494825689, 38.87208531614488], [-104.71885494834075, 38.872092316121986], [-104.7193919484652, 38.872096316086875], [-104.71989794858266, 38.872101316053836], [-104.71989194861722, 38.87243231610128], [-104.7198849486596, 38.872836316159095], [-104.71987994872283, 38.873428316243434], [-104.7198779487586, 38.87376131629084], [-104.71987594878728, 38.874029316329114], [-104.71986194883367, 38.8744863163949], [-104.71984794888729, 38.87500931647], [-104.7198539489749, 38.87580231658202], [-104.7198699490722, 38.8766623167031], [-104.71987394909515, 38.87686431673156], [-104.71985994914883, 38.877388316806844], [-104.72006894919686, 38.87738631679267], [-104.72060194931956, 38.877382316756695], [-104.72080594936648, 38.87738131674293], [-104.72121794946227, 38.87738731671638], [-104.72187194961332, 38.87738631667283], [-104.72202894964991, 38.8773893166627], [-104.7222999497102, 38.87736931664203], [-104.72260494977759, 38.877340316617534], [-104.72282594982558, 38.87731231659884], [-104.72297894985891, 38.877294316586266], [-104.7233029499296, 38.87725531655913], [-104.72356494998768, 38.8772333165386], [-104.72349194993352, 38.87689031649479], [-104.72342694988482, 38.876581316455294], [-104.72338794985296, 38.876370316427845], [-104.72331194978977, 38.87595131637343], [-104.72329694977617, 38.87585731636114], [-104.7232419497259, 38.87551231631586], [-104.72323294970856, 38.87537231629654], [-104.7232119496644, 38.87501031624647], [-104.72321394965877, 38.87495431623857], [-104.7232199496449, 38.874815316218296], [-104.72323294961808, 38.87454031617841], [-104.72325594957624, 38.874106316115416], [-104.72324094953056, 38.87371831606125], [-104.72323194949865, 38.873444316023026], [-104.72321794947655, 38.873270315999264], [-104.72317794941068, 38.87275031592807], [-104.72316494938897, 38.87257731590448], [-104.72310794934994, 38.872340315874546], [-104.72304794930851, 38.87208731584262], [-104.7229879492804, 38.87195531582781], [-104.72277694920473, 38.87170731580672], [-104.72274594919357, 38.87167031580348], [-104.72265894916563, 38.87159831579912], [-104.72260194914608, 38.87154031579471], [-104.72288094918711, 38.871324315745376], [-104.72295994919882, 38.87126431573165], [-104.72364994928562, 38.870597315591176], [-104.72390394931766, 38.870352315539506], [-104.72412294934499, 38.87013831549462], [-104.72417494935159, 38.87008931548427], [-104.72477694942579, 38.86949231535952], [-104.72479694942835, 38.86947331535532], [-104.72500294945557, 38.869286315315264], [-104.72508294946613, 38.869213315299625], [-104.7251839494796, 38.86912331528014], [-104.7253369495027, 38.86901031525381], [-104.72542494951618, 38.86894731523911], [-104.72559794954223, 38.86882031520958], [-104.72574694956684, 38.86872931518673], [-104.72591794959514, 38.86862631516071], [-104.72625794965518, 38.868456315113974], [-104.72668994973411, 38.86826531505819], [-104.72679994975543, 38.86822831504555], [-104.72708394981105, 38.8681353150136], [-104.72717294982964, 38.86811731500507], [-104.72749594989583, 38.8680403149727], [-104.72773494994718, 38.86800531495183], [-104.72777694997102, 38.86813531496756], [-104.72789595004666, 38.86857831502243], [-104.72810795011705, 38.868775315036444], [-104.72896795033873, 38.86898731500936], [-104.72896395023655, 38.86805731487761], [-104.72896295022166, 38.86792131485832], [-104.72943195033022, 38.86792431482762], [-104.72983495042355, 38.86792631480113], [-104.7299329504461, 38.86792631479462], [-104.72993395045732, 38.86802731480893], [-104.7299359505242, 38.86863831489537], [-104.73012895059395, 38.86886931491549], [-104.73048795069697, 38.86905431491789], [-104.73090095076209, 38.86877631485089], [-104.73100295076763, 38.86861031482069], [-104.73093495071359, 38.868258314775105], [-104.73093495068827, 38.868025314742134], [-104.73093495067728, 38.867924314727766], [-104.73104595070288, 38.867923314720194], [-104.73144995079562, 38.867918314692716], [-104.73229095098924, 38.86791331463608], [-104.73317495119285, 38.867909314576785], [-104.73481395157184, 38.867914314468685], [-104.7356559517667, 38.86791831441326], [-104.7360189518504, 38.86791731438894], [-104.73711095210246, 38.86791631431636], [-104.73747495218643, 38.86791631429216], [-104.73754395220229, 38.86791631428759], [-104.73770295223837, 38.867909314275934], [-104.73810795233013, 38.86789331424668], [-104.73838695238962, 38.86784831422175], [-104.73841195239513, 38.867845314219785], [-104.73860795243412, 38.86778831419859], [-104.73874195247741, 38.86790131420583], [-104.73914395260704, 38.868240314227215], [-104.73927795265037, 38.868354314234494], [-104.73926895265411, 38.8684083142428], [-104.73928095266014, 38.86843731424602], [-104.73928495269877, 38.8687843142951], [-104.73928495270562, 38.868847314303935], [-104.73939695273164, 38.86884931429676], [-104.73990595284907, 38.86884831426286], [-104.74063895307013, 38.869325314281866], [-104.74114095329104, 38.87029131438557], [-104.74223195350989, 38.8699873142698], [-104.74296395367145, 38.869919314211565], [-104.74537495411032, 38.86883731389783], [-104.74674195453161, 38.86980831394461], [-104.74690795457589, 38.86986331394152], [-104.74705295460979, 38.86986731393241], [-104.74729395466537, 38.86986731391639], [-104.74791995480837, 38.86985331387289], [-104.74791995479065, 38.86969031384978], [-104.7479239547386, 38.86920331378028], [-104.74792595472145, 38.86904131375729], [-104.74791295471037, 38.86896631374749], [-104.74791195470121, 38.868884313735904], [-104.7479119546499, 38.86841231366899], [-104.74791195463283, 38.868255313646664], [-104.74790495462757, 38.86822231364241], [-104.74788395461223, 38.868126313630206], [-104.74787795460739, 38.868094313626095], [-104.7478579545826, 38.86790831360111], [-104.74785695458063, 38.86789231359884], [-104.74785595452136, 38.86734931352186], [-104.74785595450113, 38.86716331349555], [-104.74785595449896, 38.86714331349265], [-104.74785595449244, 38.86708331348418], [-104.74785595449026, 38.86706331348128], [-104.74785595447264, 38.866901313458364], [-104.74785795444463, 38.86663931342086], [-104.74785795442037, 38.86641631338929], [-104.74785895440311, 38.86625531336638], [-104.7478609543491, 38.865754313295234], [-104.74784895423932, 38.86477031315642], [-104.74787195412186, 38.86364031299445], [-104.74786795391313, 38.86172831272354], [-104.7478789537767, 38.86045031254158], [-104.74787495369824, 38.85973731244066], [-104.74787195364769, 38.85927731237556], [-104.74789995353136, 38.85814731221329], [-104.74791295345082, 38.85737831210326], [-104.7483909535599, 38.857367312069925], [-104.74982595388792, 38.85733731197036], [-104.75000295392846, 38.8573343119583], [-104.7503039539959, 38.8573163119357], [-104.75030295398307, 38.857200311919236], [-104.75030295397146, 38.85709331190411], [-104.75030195396307, 38.857018311893555], [-104.75037595396428, 38.856872311867946]]]}, "properties": {"zip": "80915", "name": "ZIP 80915"}, "id": "80915"}, {"type": "Feature", "geometry": {"type": "Polygon", "coordinates": [[[-104.83002897669293, 38.89687131223756], [-104.82984797665124, 38.89687231224969], [-104.82930497652683, 38.8968793122869], [-104.82912497648572, 38.89688231229936], [-104.82875997640201, 38.89688631232423], [-104.82837597631415, 38.89689231235058], [-104.82781797618618, 38.89689931238884], [-104.82766497615118, 38.896901312399244], [-104.8273009760677, 38.8969063124243], [-104.82707897601684, 38.896908312439365], [-104.82641697586511, 38.896916312484514], [-104.82619597581447, 38.89691931249954], [-104.82604297577916, 38.89691931250973], [-104.82558397567382, 38.89692331254102], [-104.8254319756389, 38.89692531255144], [-104.82541197567558, 38.897303312606276], [-104.82537597574627, 38.898027312711], [-104.82533797575147, 38.89815531273172], [-104.82525897576228, 38.89842231277465], [-104.82515197577736, 38.898786312833394], [-104.82452497563334, 38.89879131287574], [-104.82408597553258, 38.898795312905726], [-104.8239489754998, 38.89878431291326], [-104.82387997548227, 38.89876931291576], [-104.82382997546605, 38.898726312913006], [-104.82382897540397, 38.89815931283278], [-104.82382797537844, 38.897927312800036], [-104.82382597533801, 38.89756131274844], [-104.8238249752695, 38.896935312659785], [-104.82310297510341, 38.89693931270845], [-104.82303597508817, 38.89694031271316], [-104.82181897480697, 38.89693531279341], [-104.8214069747146, 38.8969593128243], [-104.82098297462677, 38.89705031286546], [-104.82094897461982, 38.89705831286884], [-104.82025097447905, 38.89724331294156], [-104.81981597439115, 38.897357312986664], [-104.81918197425995, 38.897495313048296], [-104.81895797421097, 38.89751931306661], [-104.81822097405012, 38.897602313127585], [-104.81775097394753, 38.89765531316637], [-104.81735597386158, 38.89770331319935], [-104.81695797377492, 38.89774931323241], [-104.81635797364544, 38.89783131328401], [-104.81608397358414, 38.89784831330468], [-104.81572797350461, 38.89787231333177], [-104.81523797339264, 38.89788131336555], [-104.81507497335508, 38.8978813133764], [-104.81376397305253, 38.89787931346345], [-104.81344397297826, 38.897875313484256], [-104.8125649727744, 38.897865313541416], [-104.81153597253572, 38.89785231360812], [-104.80969597210886, 38.89782931372741], [-104.80947697205667, 38.89781431373992], [-104.80916297198105, 38.897784313756596], [-104.80898597193597, 38.8977453137628], [-104.80872497186795, 38.897673313769886], [-104.80847997180223, 38.89758931377428], [-104.80840397178198, 38.89756431377586], [-104.80824897173811, 38.897489313775594], [-104.80812097170114, 38.89742131377456], [-104.80789497163327, 38.897277313769244], [-104.80781097160799, 38.89722331376716], [-104.80765197155868, 38.89710731376127], [-104.80760497154273, 38.89706031375781], [-104.80743997148693, 38.89689731374574], [-104.80738097146691, 38.89683831374123], [-104.80726797142563, 38.896699313729094], [-104.8071929713958, 38.8965843137177], [-104.80704597133423, 38.89633031369164], [-104.80703097132783, 38.896303313688904], [-104.80697097130104, 38.89618431367601], [-104.80695097128955, 38.89612131366836], [-104.80692897127717, 38.896054313660436], [-104.80687697123456, 38.89577331362398], [-104.80677597113431, 38.89506831353102], [-104.80671797107611, 38.89465631347657], [-104.80667797104331, 38.89444031344852], [-104.80665797102677, 38.89433131343446], [-104.80657497098278, 38.89410331340767], [-104.8064929709342, 38.89383131337468], [-104.80639497088256, 38.893565313343586], [-104.80629797083868, 38.89336731332194], [-104.806135970772, 38.89309831329457], [-104.80551397053074, 38.892202313209296], [-104.80549997052593, 38.892186313207816], [-104.80539397048848, 38.89206831319817], [-104.80524697043984, 38.89193231318883], [-104.80507297038585, 38.8918053131824], [-104.80468797027248, 38.891580313176064], [-104.80464397026046, 38.89156331317657], [-104.80449897022123, 38.89150931317855], [-104.80434597018152, 38.89146831318309], [-104.80403797010156, 38.89138731319199], [-104.80376597003367, 38.89133931320341], [-104.803580969988, 38.8913123132118], [-104.8034259699528, 38.891317313222935], [-104.80339796994642, 38.89131831322482], [-104.80331996992867, 38.891320313230466], [-104.80311496988357, 38.89134031324685], [-104.80279796981378, 38.89137031327217], [-104.80256096976083, 38.89138731329031], [-104.80236296971682, 38.89140231330562], [-104.80181096959103, 38.891415313344254], [-104.80134996948324, 38.891403313373324], [-104.80094196938528, 38.89136731339542], [-104.8008959693739, 38.89136031339745], [-104.80059396929951, 38.89131631341121], [-104.80043496925992, 38.89128931341804], [-104.80034896923746, 38.89126531342036], [-104.80003896915754, 38.89118831343013], [-104.79986496911101, 38.89113031343346], [-104.79843396872904, 38.89065331346114], [-104.79795796860186, 38.89049431347029], [-104.79780096855993, 38.890441313473325], [-104.79733196843468, 38.890285313482494], [-104.79717596839308, 38.89023331348548], [-104.79691896832439, 38.89014731349039], [-104.79614796811849, 38.88989031350534], [-104.79589196805027, 38.88980531351027], [-104.79580796802783, 38.88977731351187], [-104.79569396799678, 38.88973431351334], [-104.79510596783702, 38.88951331352123], [-104.7949099677839, 38.88944031352389], [-104.79470996772963, 38.889365313526596], [-104.79410996756663, 38.889140313534725], [-104.79391096751259, 38.889065313537365], [-104.79372496746213, 38.88899531353972], [-104.79316796731074, 38.88878531354706], [-104.79298296726056, 38.88871631354955], [-104.79268796718021, 38.88860331355329], [-104.7918029669394, 38.88826731356465], [-104.79150796685914, 38.88815531356841], [-104.79101696672551, 38.88796831357457], [-104.79086796668498, 38.88791231357652], [-104.79061096661545, 38.88781831358036], [-104.79038496655846, 38.88777331358905], [-104.79011196649118, 38.88773431360167], [-104.78969696639464, 38.88772731362826], [-104.78951096635441, 38.88775131364403], [-104.78948096634795, 38.88775631364661], [-104.78941896633495, 38.88776731365249], [-104.7892839663067, 38.88779431366523], [-104.7891329662762, 38.887833313680815], [-104.78897696624664, 38.88789231369947], [-104.7887659662079, 38.88798331372651], [-104.78861096618128, 38.88806831374876], [-104.78831196613405, 38.88826731379698], [-104.78762596602566, 38.88872531390739], [-104.78739496598577, 38.88884931394046], [-104.78717896594634, 38.88894331396814], [-104.7869709659063, 38.88901631399231], [-104.78654696582102, 38.88913131403676], [-104.78623696575487, 38.88918131406451], [-104.78619496574605, 38.889189314068375], [-104.78605096571356, 38.88919531407879], [-104.78566296562389, 38.889194314104586], [-104.78547296558007, 38.88919431411723], [-104.78537096555641, 38.889193314123766], [-104.7850649654855, 38.88919031414383], [-104.78496396546218, 38.889190314150554], [-104.78489996544735, 38.88918931415455], [-104.78470996540338, 38.88918831416718], [-104.78464696538872, 38.88918831417137], [-104.784116965266, 38.88918331420588], [-104.7825269648978, 38.88917131430986], [-104.7823079648472, 38.8891703143244], [-104.78207796479508, 38.88917931434102], [-104.78199796477676, 38.88918031434636], [-104.78181296473409, 38.889181314358936], [-104.78144296465244, 38.889215314388345], [-104.78137796463831, 38.8892223143937], [-104.78084896452587, 38.88931031444137], [-104.78065196448291, 38.88933331445769], [-104.78043296443586, 38.88936531447677], [-104.78041896443271, 38.88936631447797], [-104.780182964381, 38.88939131449713], [-104.77962696425487, 38.889411314537035], [-104.7788139640661, 38.889400314589544], [-104.77847796398922, 38.889406314612685], [-104.77817496391727, 38.889387314630206], [-104.77756696376781, 38.88930331465874], [-104.77644796348937, 38.88911831470695], [-104.7760699633967, 38.88906731472495], [-104.77574196331793, 38.88904031474286], [-104.77567096330118, 38.88903631474701], [-104.77543196324477, 38.88902431476131], [-104.77520096319266, 38.889036314778295], [-104.77477696310125, 38.88909431481469], [-104.77409996296115, 38.88924231488074], [-104.7739869629377, 38.88926631489164], [-104.77366496287107, 38.88933731492318], [-104.77364796286741, 38.8893393149246], [-104.7735349628435, 38.88936031493522], [-104.77305196274149, 38.889446314979374], [-104.77281796269199, 38.88948731500076], [-104.77160296243535, 38.88970531511258], [-104.77112096233351, 38.889792315156924], [-104.77023596214644, 38.88995031523832], [-104.76780896163395, 38.890386315461576], [-104.76758396158664, 38.89042931548264], [-104.76670296140219, 38.890601315565675], [-104.766700961393, 38.89052231555446], [-104.76668096138027, 38.89044731554518], [-104.76665396136303, 38.89034631553268], [-104.76660996134298, 38.89025531552261], [-104.76647396129829, 38.890133315514404], [-104.7663219612542, 38.89005131551304], [-104.76604896117755, 38.889925315513274], [-104.76597996115912, 38.8899023155146], [-104.76570796108638, 38.88981131551992], [-104.76532796098765, 38.88971031553075], [-104.76490996088573, 38.889659315551334], [-104.76425596073375, 38.88965031559354], [-104.76369096060297, 38.889646315630586], [-104.76299996044287, 38.889641315675966], [-104.76274196038318, 38.88963931569286], [-104.7616519601307, 38.88963131576415], [-104.76148996009321, 38.88963031577485], [-104.7610079599816, 38.88962731580644], [-104.76084695994444, 38.889627315817144], [-104.76034795983114, 38.889644315852706], [-104.76008395977024, 38.889644315870285], [-104.75996295974223, 38.889644315878336], [-104.75890995952132, 38.88984831597736], [-104.75786395930038, 38.89003531607346], [-104.75783195929355, 38.890040316076316], [-104.75708195913516, 38.89017631614538], [-104.75708395915163, 38.89032331616617], [-104.75709295919894, 38.89073831622448], [-104.75685895914614, 38.890749316241475], [-104.75570995888654, 38.89080131632532], [-104.755377958815, 38.89084831635402], [-104.75510995875734, 38.89088631637736], [-104.75474295869137, 38.89105831642619], [-104.7543149586259, 38.89136431649794], [-104.7527129584044, 38.892726316797685], [-104.75270095840074, 38.892717316797174], [-104.75221495825251, 38.892387316782774], [-104.75205295820327, 38.89227831677797], [-104.7520369581984, 38.89226731677761], [-104.75199095818441, 38.892236316776255], [-104.75197595817984, 38.89222631677586], [-104.75191895817171, 38.8922733167863], [-104.75174695814746, 38.89241531681774], [-104.75169095813989, 38.89246331682833], [-104.75145095810593, 38.89266031687218], [-104.7511639580656, 38.89289931692517], [-104.75108895805532, 38.892963316939245], [-104.7510609580515, 38.892987316944506], [-104.75102395804701, 38.8930243169523], [-104.75092095803492, 38.8931323169743], [-104.750749958011, 38.89327431700584], [-104.75031795795061, 38.89363531708581], [-104.7499289578964, 38.89396231715809], [-104.7498899578913, 38.893998317165746], [-104.74961895785646, 38.894252317219824], [-104.74959795785372, 38.894272317224114], [-104.74894495775838, 38.89478031733949], [-104.74889195775079, 38.894823317349115], [-104.74868995772039, 38.89497231738375], [-104.74866895771744, 38.894990317387595], [-104.74852495769768, 38.89511331741472], [-104.74846295769909, 38.895258317439314], [-104.74846695772104, 38.895451317466375], [-104.74846795772312, 38.89546831746867], [-104.74852895775689, 38.89564831749031], [-104.7486739578113, 38.89584131750797], [-104.7487409578343, 38.89590931751311], [-104.74878195784824, 38.895950317516196], [-104.748804957856, 38.895973317517864], [-104.74883895786742, 38.896006317520374], [-104.74879995786178, 38.896037317527295], [-104.74814995776809, 38.89655431764393], [-104.74807695775756, 38.89661231765704], [-104.74775195771078, 38.8968713177153], [-104.7476779577009, 38.89693831772978], [-104.7478349577511, 38.89706531773734], [-104.74765095772513, 38.897217317771094], [-104.74745795769805, 38.89737731780655], [-104.74709895764737, 38.89767331787235], [-104.74691495762139, 38.89782531790632], [-104.74651095756445, 38.898158317980254], [-104.74621295752253, 38.8984053180351], [-104.74528995739013, 38.89914631820156], [-104.74488195733174, 38.89947431827534], [-104.74449095727584, 38.899789318345945], [-104.74340295712062, 38.90067031854313], [-104.74332195710959, 38.900740318558555], [-104.74294395705826, 38.90107031863044], [-104.74257795700844, 38.90138831869994], [-104.7423779569802, 38.9015543187368], [-104.74225095696261, 38.901660318760186], [-104.74213795694588, 38.90174731878011], [-104.74210995694199, 38.90177031878517], [-104.74204395693306, 38.90182931879783], [-104.74188395691067, 38.901962318827515], [-104.74155995686563, 38.90223531888765], [-104.74120995681723, 38.90253331895335], [-104.74098595678643, 38.902724318995304], [-104.7409059567754, 38.90279231901021], [-104.7406659567422, 38.902996319055106], [-104.74058595673117, 38.90306431907], [-104.7404429567113, 38.903185319096764], [-104.74021295667968, 38.903382319139965], [-104.74000995665062, 38.903546319176755], [-104.73986495663021, 38.90366531920319], [-104.73971295660958, 38.903798319232116], [-104.7394959565817, 38.90400231927547], [-104.73948095657997, 38.90401831927887], [-104.73930795656169, 38.904217319318484], [-104.73907695654704, 38.90457231938425], [-104.73874795653413, 38.90515031948816], [-104.73864395653054, 38.905338319521654], [-104.73839195652229, 38.905796319603375], [-104.73811795651088, 38.906271319689004], [-104.73729795647702, 38.907697319945584], [-104.73702495646583, 38.90817332003132], [-104.73664795645072, 38.90883332014992], [-104.73642195643959, 38.90921032021844], [-104.73584395641198, 38.91018132039445], [-104.73559195639699, 38.91057632046723], [-104.73530995638009, 38.91101932054881], [-104.73492595635555, 38.911607320657716], [-104.73443395630703, 38.91220432077511], [-104.73423195628726, 38.91245032082337], [-104.73398395626685, 38.91278832088785], [-104.73380495625709, 38.91307832094087], [-104.73375895625868, 38.91319032095987], [-104.73372495626036, 38.913277320974366], [-104.73366095627081, 38.91350832101147], [-104.73365895627363, 38.91353832101583], [-104.73364995629628, 38.913765321048594], [-104.73367395634811, 38.91419032110718], [-104.73375095639851, 38.914488321144276], [-104.73380295642353, 38.91460832115781], [-104.73382795643568, 38.91466632116438], [-104.73392395647775, 38.91484832118389], [-104.73397095649756, 38.91493132119249], [-104.73406195653608, 38.91509132120899], [-104.73411395655489, 38.915153321214326], [-104.73440095665853, 38.91549632124392], [-104.73462995674062, 38.915763321266404], [-104.73480395680275, 38.915965321283444], [-104.73502495688277, 38.916230321306415], [-104.73551595705864, 38.91680332135489], [-104.73631995734685, 38.91774232143427], [-104.73741895773918, 38.91901132154092], [-104.73765095782645, 38.91932032156927], [-104.73778595787716, 38.919499321585704], [-104.73790195792228, 38.919667321601814], [-104.73822095806061, 38.92026032166463], [-104.73829295809077, 38.92038332167729], [-104.73840595813721, 38.92057032169612], [-104.7385039581875, 38.92082332172543], [-104.73855995821611, 38.920967321742076], [-104.73858495824474, 38.92117732177032], [-104.73859895832585, 38.921890321870265], [-104.73944895852067, 38.92187632181175], [-104.7396539585654, 38.921852321794645], [-104.73972695857526, 38.92178832178076], [-104.7397639585735, 38.92169432176499], [-104.73977195857287, 38.92167132176125], [-104.73976795853032, 38.92129032170748], [-104.73976595850901, 38.92109932168057], [-104.73977095850684, 38.92106832167575], [-104.73981595848873, 38.92080732163588], [-104.73990095848949, 38.92063432160574], [-104.74007495849082, 38.92027832154359], [-104.74029895855087, 38.920354321539456], [-104.74076595869161, 38.920656321551114], [-104.74192395903778, 38.921378321576334], [-104.74200995904901, 38.921299321559445], [-104.74221795911161, 38.92143232156443], [-104.74265695924092, 38.92168732157124], [-104.74279595927966, 38.92174832157069], [-104.74300495933653, 38.92182832156799], [-104.74309795936078, 38.92185332156548], [-104.74375495953214, 38.92203332154715], [-104.74616696016479, 38.922726321484596], [-104.74646896024808, 38.92285032148201], [-104.74651796026157, 38.922870321481625], [-104.74661896028978, 38.92291432148102], [-104.74715096043825, 38.92314932147897], [-104.74773096060332, 38.923434321480656], [-104.74790996065425, 38.923522321481194], [-104.74783896064758, 38.92361132149859], [-104.74890996095098, 38.924125321499936], [-104.74918796103339, 38.92429232150522], [-104.74940096110063, 38.92445732151437], [-104.74946596112103, 38.924507321517176], [-104.7498299612404, 38.92483032153858], [-104.74985496124867, 38.92485332154012], [-104.74999596129491, 38.92497832154845], [-104.750750961539, 38.92561832158883], [-104.75101796162465, 38.92583732160207], [-104.75107496164361, 38.92589032160572], [-104.75117796166028, 38.92582532158958], [-104.75126396168865, 38.92590332159497], [-104.75133096171074, 38.92596332159897], [-104.75136896172371, 38.926003321602224], [-104.75149396176714, 38.92613532161249], [-104.75174996186156, 38.926459321641296], [-104.75185696190381, 38.926619321656915], [-104.75190596192309, 38.92669232166399], [-104.75199596196013, 38.92684232167925], [-104.752069961993, 38.9269853216945], [-104.75191296196209, 38.92703532171209], [-104.75169896191997, 38.92710132173565], [-104.75129696184226, 38.927240321782044], [-104.75114896181479, 38.927301321800634], [-104.7510159617913, 38.927367321818835], [-104.75086396176616, 38.927458321841904], [-104.7505269617209, 38.92775632190651], [-104.75046096171194, 38.92781432191914], [-104.75013896167245, 38.92813332198589], [-104.7500139616572, 38.92825832201177], [-104.74932996157898, 38.92898732216071], [-104.74933796158544, 38.929030322166255], [-104.74940096161328, 38.92915132217911], [-104.74947196163735, 38.92922232218443], [-104.74953496166158, 38.9293103221927], [-104.74962596169144, 38.92939232219827], [-104.74989396177315, 38.92957332220608], [-104.75003496181843, 38.929689322213115], [-104.75021096187207, 38.929809322218354], [-104.75028796189409, 38.92984832221882], [-104.75054096196838, 38.92999232222232], [-104.75095896207749, 38.93010832221071], [-104.75103396209589, 38.93011732220703], [-104.75140196218248, 38.93013232218465], [-104.75157996222217, 38.930119322170924], [-104.75165796223818, 38.930101322163274], [-104.75189596227841, 38.929966322128344], [-104.75195196228991, 38.92995332212274], [-104.75219196234491, 38.92994932210618], [-104.75224096235762, 38.92996232210479], [-104.75256696244911, 38.93011032210399], [-104.75292796255043, 38.930275322103284], [-104.75325996261304, 38.930147322062936], [-104.75343196268818, 38.93047132209751], [-104.75363196277294, 38.930824322134065], [-104.75378696284953, 38.93119732217652], [-104.7538679629034, 38.93152032221691], [-104.75390496293588, 38.93173832224526], [-104.75392996297055, 38.9320033222812], [-104.75398396302215, 38.932361322328234], [-104.75403596306154, 38.93261132236022], [-104.75414596312528, 38.9329623224025], [-104.75431296321517, 38.93343232245792], [-104.75448996329321, 38.933772322494306], [-104.7556949637654, 38.935547322665236], [-104.75573496378142, 38.93560932267135], [-104.75614196394434, 38.936240322733504], [-104.75620596396989, 38.936339322743294], [-104.75641096405094, 38.93664832277339], [-104.75659596412416, 38.936926322800495], [-104.75670796417171, 38.93712432282107], [-104.75676296419832, 38.93725232283549], [-104.75678496421746, 38.93738032285205], [-104.7567919642343, 38.937520322871435], [-104.75680396425305, 38.93766632289129], [-104.7568229642816, 38.937888322921566], [-104.75682896429177, 38.93796732293225], [-104.75683096429977, 38.93803732294197], [-104.75716996437842, 38.9380403229199], [-104.75751996445982, 38.93804532289732], [-104.7581879646098, 38.93800632284724], [-104.75852796468621, 38.937987322821876], [-104.75859096470028, 38.93798332281695], [-104.75864496471202, 38.93797632281249], [-104.75874896473479, 38.937965322804025], [-104.75899496478837, 38.937936322783415], [-104.75911196481407, 38.93792332277375], [-104.75962196492198, 38.937834322727255], [-104.75963896492578, 38.93783232272584], [-104.76015396503385, 38.937734322677485], [-104.76075596515521, 38.93757232261453], [-104.76093196518224, 38.93744732258507], [-104.76109496521407, 38.937394322566725], [-104.76140696527517, 38.93729432253184], [-104.7615829653078, 38.937221322509636], [-104.76172696533462, 38.937162322491766], [-104.76184296535625, 38.93711532247739], [-104.7624719654667, 38.93679732239043], [-104.76295196555112, 38.93655532232422], [-104.76313296559066, 38.936535322309254], [-104.76373396569494, 38.93621932222439], [-104.7646699658636, 38.93578632210076], [-104.7648869658948, 38.93561332206168], [-104.76511596593636, 38.935509322031834], [-104.7656979660423, 38.93524932195619], [-104.76601696610042, 38.9351073219148], [-104.76685096625337, 38.934745321808], [-104.76736096634708, 38.93452532174278], [-104.76770696641037, 38.934374321698435], [-104.76797796646032, 38.93425832166397], [-104.76935396671125, 38.933648321485826], [-104.77001896683365, 38.93336332140101], [-104.77019096686644, 38.93330032138079], [-104.77048096692191, 38.933195321346574], [-104.77084796699863, 38.93312232131178], [-104.77093796701836, 38.93311232130427], [-104.77108096704944, 38.93309532129231], [-104.77114896706509, 38.933094321287776], [-104.77174096720077, 38.933086321247174], [-104.77244296736265, 38.93308532120017], [-104.77281496744854, 38.93308432117529], [-104.7733929675818, 38.93308332113655], [-104.77377696766995, 38.9330783211102], [-104.77410696774554, 38.93307332108739], [-104.77475396789384, 38.93306432104312], [-104.77509296797204, 38.93306332102032], [-104.77531496802318, 38.93306232100549], [-104.77541896804703, 38.93306132099829], [-104.77639796827249, 38.93305632093228], [-104.77672496834782, 38.93305532091039], [-104.77724496846756, 38.93305332087549], [-104.77779496859443, 38.93305232083856], [-104.77880596882773, 38.933051320771135], [-104.77932696894791, 38.93305132073639], [-104.77959396900958, 38.93305132071859], [-104.78039696919494, 38.93305132066504], [-104.78066496925673, 38.933051320647174], [-104.7809209693158, 38.9330513206301], [-104.78168896949308, 38.933051320578876], [-104.78194496955221, 38.933052320561835], [-104.78204696957583, 38.93305232055505], [-104.78235196964619, 38.9330523205347], [-104.78245496967004, 38.93305332052809], [-104.78286996976578, 38.933053320500406], [-104.78411497005331, 38.93305532041762], [-104.78438297011539, 38.93305632039982], [-104.78453097014989, 38.9330603203905], [-104.78494097024549, 38.9330683203644], [-104.78514397029227, 38.933069320350945], [-104.785594970397, 38.9330743203216], [-104.7858739704605, 38.9330663203019], [-104.78604797049903, 38.93305132028821], [-104.78638897057154, 38.93299432025727], [-104.78672897064125, 38.93291432022341], [-104.78696297068866, 38.93285432019919], [-104.7874039707782, 38.93274332015413], [-104.78755897081015, 38.93270732013873], [-104.78781697086272, 38.93264432011255], [-104.78800897090328, 38.9326093200947], [-104.78822497094501, 38.932535320069945], [-104.78841097098343, 38.93249432005176], [-104.7888079710707, 38.93245432001966], [-104.78924397117171, 38.932458319991134], [-104.79042897144737, 38.932478319915006], [-104.79299397204181, 38.932502319747336], [-104.79298597201216, 38.932248319711896], [-104.79294497198765, 38.93211031969506], [-104.79289797196648, 38.9320153196847], [-104.79279097193096, 38.931916319677974], [-104.79264997189034, 38.9318433196769], [-104.79246197184267, 38.93180331968382], [-104.7922899718022, 38.931796319694264], [-104.7921359717666, 38.931795319704506], [-104.79196597172742, 38.93179531971583], [-104.79184597169903, 38.93178931972301], [-104.79172497166839, 38.93176431972742], [-104.79160397163483, 38.93171231972828], [-104.79145197159333, 38.931654319730015], [-104.79125797153931, 38.93156931973101], [-104.7912089715249, 38.931541319730336], [-104.79107097148437, 38.9314623197284], [-104.79093097144246, 38.93137331972502], [-104.79108597145763, 38.931185319688176], [-104.79110697145978, 38.93116131968337], [-104.79116597146435, 38.93107831966773], [-104.79138897147335, 38.93068931959779], [-104.79144097146987, 38.93054831957444], [-104.79148697146705, 38.93042531955395], [-104.79149097146194, 38.930370319545915], [-104.79148297145393, 38.93031431953833], [-104.79157897147542, 38.93030731953106], [-104.79201797157947, 38.93033231950527], [-104.79240097167015, 38.930354319482895], [-104.79285597177753, 38.93037631945573], [-104.79310897183572, 38.93037431943858], [-104.79338797189735, 38.9303483194163], [-104.79362197194743, 38.93031331939568], [-104.7937179719681, 38.93029931938738], [-104.7938669719984, 38.93026231937219], [-104.79395997201695, 38.93023531936205], [-104.7941409720526, 38.9301793193422], [-104.79465997222793, 38.930688319379456], [-104.7956829725739, 38.931694319453634], [-104.79605497270781, 38.932133319490845], [-104.79635397282428, 38.93256831953254], [-104.79647497286814, 38.932713319544895], [-104.79664497290848, 38.93272431953515], [-104.79692697297658, 38.932751319520264], [-104.79725197305548, 38.93278731950364], [-104.79929997356888, 38.93316131941998], [-104.79968497366015, 38.9331843193975], [-104.8007829739135, 38.933184319324255], [-104.8023109742665, 38.933189319222976], [-104.80260297433355, 38.93318631920315], [-104.80303497443158, 38.93317031917199], [-104.80314197445628, 38.93317031916486], [-104.80331997449565, 38.933155319150906], [-104.8040389746554, 38.93309931909499], [-104.80436697472825, 38.9330733190694], [-104.80439297473407, 38.93307131906738], [-104.80480697482649, 38.93304331903599], [-104.80532397494385, 38.93302631899896], [-104.80554397499341, 38.93301531898272], [-104.8057799750475, 38.933012318966625], [-104.80598797509602, 38.93301731895354], [-104.80637297518456, 38.933014318927334], [-104.80691997531014, 38.933008318890074], [-104.80782197551727, 38.9330003188288], [-104.80801497556165, 38.93299931881573], [-104.80823797561277, 38.93299631880031], [-104.80917197582721, 38.93298631873669], [-104.80948497589696, 38.93296431871264], [-104.80958897592032, 38.932958318704934], [-104.80977197596181, 38.93295231869188], [-104.8099009759906, 38.932943318681986], [-104.81006297602676, 38.93293231866957], [-104.81008997603281, 38.9329303186675], [-104.8104539761148, 38.93291231864078], [-104.81065897616251, 38.932916318627655], [-104.81084897620676, 38.932920318615544], [-104.81093797622741, 38.93292131860963], [-104.8112049762896, 38.93292631859257], [-104.81129397631035, 38.93292831858693], [-104.8114339763428, 38.93293031857784], [-104.81185397644057, 38.93293831855094], [-104.81199397647323, 38.93294131854209], [-104.81216697651337, 38.932943318530825], [-104.81246097658185, 38.93294931851203], [-104.81268697663457, 38.93295531849791], [-104.81286097667537, 38.93296131848714], [-104.81288197665967, 38.93277431845925], [-104.81288697665617, 38.932730318452634], [-104.81300797661648, 38.93211231835719], [-104.81301897661105, 38.932040318346345], [-104.81310897657086, 38.93148231826124], [-104.8131999765387, 38.9309963181866], [-104.81342797644223, 38.92963231797842], [-104.81347197641303, 38.92927231792463], [-104.81351597638425, 38.92891631787138], [-104.81362097634657, 38.92835031778424], [-104.8136489763282, 38.92812331775032], [-104.81368097630873, 38.92787831771348], [-104.81375397627855, 38.92744731764772], [-104.81379297626306, 38.92722331761337], [-104.81379797626093, 38.92719331760882], [-104.8138119762557, 38.92711631759702], [-104.81385597624094, 38.92688831756179], [-104.813865976233, 38.92679431754784], [-104.81387897622433, 38.92668731753188], [-104.81390297620719, 38.92648031750097], [-104.81396397617165, 38.926027317432826], [-104.81400697614725, 38.92571331738566], [-104.81409197607147, 38.92483931725636], [-104.81419197600775, 38.924045317137406], [-104.81419397600722, 38.92403631713598], [-104.81428897595825, 38.92338731703777], [-104.81430497595004, 38.92327831702132], [-104.81434897592752, 38.92297931697606], [-104.81435297592532, 38.92295131697185], [-104.81437097591774, 38.92284331695547], [-104.81443897588638, 38.922413316890065], [-104.81464697579372, 38.92112631669404], [-104.81471597576281, 38.920697316628825], [-104.81472097575993, 38.920661316623445], [-104.81473797575244, 38.920556316607474], [-104.81474397575002, 38.92052131660204], [-104.81520897566918, 38.91879931632744], [-104.81562297565094, 38.91775831615265], [-104.81612997567603, 38.916917315999896], [-104.81662397571557, 38.916236315870584], [-104.81694297575359, 38.915911315803314], [-104.81722097579191, 38.91567531575138], [-104.81742797581462, 38.91544631570524], [-104.81769697584976, 38.91519931565236], [-104.81790397587685, 38.91501031561186], [-104.81823797592374, 38.91473431555045], [-104.81831097593383, 38.91467331553705], [-104.8185829759744, 38.91446931549007], [-104.81910097605159, 38.91408331540094], [-104.81962597612875, 38.91368031530899], [-104.81997197617963, 38.91341531524837], [-104.82006597619338, 38.91334331523198], [-104.8200749761946, 38.91333531523015], [-104.82038797624125, 38.91310231517641], [-104.82049297625713, 38.91302531515854], [-104.82057697626963, 38.91296231514396], [-104.82065997628213, 38.91290131512973], [-104.82082497630586, 38.91277031510019], [-104.82090697631769, 38.91270531508564], [-104.8209479763234, 38.91267131507812], [-104.82107397634154, 38.912571315055494], [-104.82111697634785, 38.912538315047875], [-104.82094297629637, 38.912434315044905], [-104.8210739763162, 38.91233931502269], [-104.82130197635114, 38.912178314984665], [-104.8217539764173, 38.91183031490534], [-104.8222369764881, 38.91145731482042], [-104.82231597649965, 38.91139631480645], [-104.82235497650531, 38.91136631479962], [-104.82266397655187, 38.91113931474692], [-104.82298697659716, 38.910872314687545], [-104.82344197665633, 38.91045331459793], [-104.82400297672598, 38.909907314483426], [-104.82459097678824, 38.909235314349175], [-104.82509497682648, 38.90852131421466], [-104.82575197684467, 38.90729931399796], [-104.82622697684467, 38.9062963138244], [-104.82626497684262, 38.90619731380781], [-104.82650897682943, 38.90556031370152], [-104.82665197682157, 38.90518631363904], [-104.82679797681357, 38.904805313575466], [-104.8274389767977, 38.903305313320466], [-104.82768597678698, 38.902685313216324], [-104.8278599767779, 38.90223431314086], [-104.82853797674268, 38.9004783128473], [-104.82892397672266, 38.8994803126804], [-104.8293449767171, 38.89853931251913], [-104.82983197670345, 38.89738431232328], [-104.83002897669293, 38.89687131223756]]]}, "properties": {"zip": "80918", "name": "ZIP 80918"}, "id": "80918"}, {"type": "Feature", "geometry": {"type": "Polygon", "coordinates": [[[-104.75683096429977, 38.93803732294197], [-104.75682896429177, 38.93796732293225], [-104.7568229642816, 38.937888322921566], [-104.75680396425305, 38.93766632289129], [-104.7567919642343, 38.937520322871435], [-104.75678496421746, 38.93738032285205], [-104.75676296419832, 38.93725232283549], [-104.75670796417171, 38.93712432282107], [-104.75659596412416, 38.936926322800495], [-104.75641096405094, 38.93664832277339], [-104.75620596396989, 38.936339322743294], [-104.75614196394434, 38.936240322733504], [-104.75573496378142, 38.93560932267135], [-104.7556949637654, 38.935547322665236], [-104.75448996329321, 38.933772322494306], [-104.75431296321517, 38.93343232245792], [-104.75414596312528, 38.9329623224025], [-104.75403596306154, 38.93261132236022], [-104.75398396302215, 38.932361322328234], [-104.75392996297055, 38.9320033222812], [-104.75390496293588, 38.93173832224526], [-104.7538679629034, 38.93152032221691], [-104.75378696284953, 38.93119732217652], [-104.75363196277294, 38.930824322134065], [-104.75343196268818, 38.93047132209751], [-104.75325996261304, 38.930147322062936], [-104.75292796255043, 38.930275322103284], [-104.75256696244911, 38.93011032210399], [-104.75224096235762, 38.92996232210479], [-104.75219196234491, 38.92994932210618], [-104.75195196228991, 38.92995332212274], [-104.75189596227841, 38.929966322128344], [-104.75165796223818, 38.930101322163274], [-104.75157996222217, 38.930119322170924], [-104.75140196218248, 38.93013232218465], [-104.75103396209589, 38.93011732220703], [-104.75095896207749, 38.93010832221071], [-104.75054096196838, 38.92999232222232], [-104.75028796189409, 38.92984832221882], [-104.75021096187207, 38.929809322218354], [-104.75003496181843, 38.929689322213115], [-104.74989396177315, 38.92957332220608], [-104.74962596169144, 38.92939232219827], [-104.74953496166158, 38.9293103221927], [-104.74947196163735, 38.92922232218443], [-104.74940096161328, 38.92915132217911], [-104.74933796158544, 38.929030322166255], [-104.74932996157898, 38.92898732216071], [-104.7500139616572, 38.92825832201177], [-104.75013896167245, 38.92813332198589], [-104.75046096171194, 38.92781432191914], [-104.7505269617209, 38.92775632190651], [-104.75086396176616, 38.927458321841904], [-104.7510159617913, 38.927367321818835], [-104.75114896181479, 38.927301321800634], [-104.75129696184226, 38.927240321782044], [-104.75169896191997, 38.92710132173565], [-104.75191296196209, 38.92703532171209], [-104.752069961993, 38.9269853216945], [-104.75199596196013, 38.92684232167925], [-104.75190596192309, 38.92669232166399], [-104.75185696190381, 38.926619321656915], [-104.75174996186156, 38.926459321641296], [-104.75149396176714, 38.92613532161249], [-104.75136896172371, 38.926003321602224], [-104.75133096171074, 38.92596332159897], [-104.75126396168865, 38.92590332159497], [-104.75117796166028, 38.92582532158958], [-104.75107496164361, 38.92589032160572], [-104.75101796162465, 38.92583732160207], [-104.750750961539, 38.92561832158883], [-104.74999596129491, 38.92497832154845], [-104.74985496124867, 38.92485332154012], [-104.7498299612404, 38.92483032153858], [-104.74946596112103, 38.924507321517176], [-104.74940096110063, 38.92445732151437], [-104.74918796103339, 38.92429232150522], [-104.74890996095098, 38.924125321499936], [-104.74783896064758, 38.92361132149859], [-104.74790996065425, 38.923522321481194], [-104.74773096060332, 38.923434321480656], [-104.74715096043825, 38.92314932147897], [-104.74661896028978, 38.92291432148102], [-104.74651796026157, 38.922870321481625], [-104.74646896024808, 38.92285032148201], [-104.74616696016479, 38.922726321484596], [-104.74375495953214, 38.92203332154715], [-104.74309795936078, 38.92185332156548], [-104.74300495933653, 38.92182832156799], [-104.74279595927966, 38.92174832157069], [-104.74265695924092, 38.92168732157124], [-104.74221795911161, 38.92143232156443], [-104.74200995904901, 38.921299321559445], [-104.74192395903778, 38.921378321576334], [-104.74076595869161, 38.920656321551114], [-104.74029895855087, 38.920354321539456], [-104.74007495849082, 38.92027832154359], [-104.73990095848949, 38.92063432160574], [-104.73981595848873, 38.92080732163588], [-104.73977095850684, 38.92106832167575], [-104.73976595850901, 38.92109932168057], [-104.73976795853032, 38.92129032170748], [-104.73977195857287, 38.92167132176125], [-104.7397639585735, 38.92169432176499], [-104.73972695857526, 38.92178832178076], [-104.7396539585654, 38.921852321794645], [-104.73944895852067, 38.92187632181175], [-104.73859895832585, 38.921890321870265], [-104.73858495824474, 38.92117732177032], [-104.73855995821611, 38.920967321742076], [-104.7385039581875, 38.92082332172543], [-104.73840595813721, 38.92057032169612], [-104.73829295809077, 38.92038332167729], [-104.73822095806061, 38.92026032166463], [-104.73790195792228, 38.919667321601814], [-104.73778595787716, 38.919499321585704], [-104.73765095782645, 38.91932032156927], [-104.73741895773918, 38.91901132154092], [-104.73631995734685, 38.91774232143427], [-104.73551595705864, 38.91680332135489], [-104.73502495688277, 38.916230321306415], [-104.73480395680275, 38.915965321283444], [-104.73462995674062, 38.915763321266404], [-104.73440095665853, 38.91549632124392], [-104.73411395655489, 38.915153321214326], [-104.73406195653608, 38.91509132120899], [-104.73397095649756, 38.91493132119249], [-104.73392395647775, 38.91484832118389], [-104.73382795643568, 38.91466632116438], [-104.73380295642353, 38.91460832115781], [-104.73375095639851, 38.914488321144276], [-104.73367395634811, 38.91419032110718], [-104.73364995629628, 38.913765321048594], [-104.73365895627363, 38.91353832101583], [-104.73366095627081, 38.91350832101147], [-104.73372495626036, 38.913277320974366], [-104.73350395620162, 38.91320632097903], [-104.73352495620007, 38.91314832096936], [-104.73352995619834, 38.91312132096529], [-104.73309795608608, 38.9130073209779], [-104.73304995607255, 38.912984320977884], [-104.7328839560255, 38.9129053209776], [-104.73263095595198, 38.91276732097501], [-104.73207795579168, 38.912467320969334], [-104.73187095573203, 38.91235932096774], [-104.73161595565867, 38.91222632096591], [-104.73105695549765, 38.91193432096172], [-104.73078595542212, 38.9118153209628], [-104.73057195536559, 38.911750320967776], [-104.73051195534985, 38.911733320969404], [-104.72995895521427, 38.91166032099589], [-104.7281599547995, 38.911667321116695], [-104.7279549547522, 38.91166832113054], [-104.72749695465222, 38.9117213211685], [-104.72726895460595, 38.91178032119196], [-104.7271479545827, 38.91182332120613], [-104.72698495455161, 38.9118833212256], [-104.72657995447324, 38.91202232127226], [-104.72626395441033, 38.91211532130637], [-104.72604595436215, 38.912134321323705], [-104.72579095430561, 38.91215632134368], [-104.72564595427218, 38.91215732135354], [-104.72553795424739, 38.9121583213608], [-104.72496995411412, 38.91213932139591], [-104.72470795404955, 38.91210232140826], [-104.72445695398439, 38.91203632141549], [-104.72442995397728, 38.91202932141625], [-104.72415295390093, 38.91191532141866], [-104.7240879538826, 38.91188432141854], [-104.7238629538189, 38.91177732141835], [-104.72360195374102, 38.9116163214129], [-104.72326295363868, 38.91139632140422], [-104.72309195358721, 38.911286321399935], [-104.72287395352801, 38.91120432140298], [-104.72252395343574, 38.911100321411446], [-104.72208095332249, 38.910999321426644], [-104.72180795325626, 38.910970321440786], [-104.72146695317515, 38.91095032146059], [-104.72046195294185, 38.910938321525855], [-104.72037595292184, 38.91093732153134], [-104.71971295276823, 38.91093332157492], [-104.71950295271974, 38.910933321588885], [-104.71950595264583, 38.91024932149178], [-104.71950595263559, 38.910155321478356], [-104.71950795257695, 38.90961332140144], [-104.71921495250926, 38.90961332142095], [-104.71741395209223, 38.9096043215395], [-104.71739995220325, 38.91065232168905], [-104.71742095222358, 38.91079432170783], [-104.71708695213557, 38.9106943217158], [-104.71573395178096, 38.91030932175138], [-104.7149999515857, 38.9100733217668], [-104.71481995153773, 38.91001532177052], [-104.71401595132417, 38.90976032178789], [-104.71341095116361, 38.90956932180092], [-104.71316795110098, 38.90950932180858], [-104.71282695101746, 38.90946632182517], [-104.71252395094602, 38.909453321843515], [-104.71219595086994, 38.90945032186499], [-104.71188295080034, 38.909476321889564], [-104.71162095074442, 38.90951732191282], [-104.71153595072772, 38.90954432192223], [-104.71116595065534, 38.90966432196386], [-104.71073395057036, 38.90980132201197], [-104.71057295053956, 38.90985932203095], [-104.70994095041377, 38.910045322099485], [-104.70941395030941, 38.91020432215693], [-104.70916995026175, 38.910284322184594], [-104.70762094995922, 38.91079232235981], [-104.70582694960848, 38.91137732256211], [-104.70524794949316, 38.911546322624716], [-104.70522394948948, 38.91156332262874], [-104.70452894935202, 38.911776322705066], [-104.70430694930832, 38.91184532272961], [-104.70359594916242, 38.91201532280107], [-104.70340294912063, 38.912040322817404], [-104.7032039490759, 38.912051322832234], [-104.70284394899163, 38.912041322854854], [-104.70250094890845, 38.91200532287262], [-104.70238694887992, 38.9119853228773], [-104.70195194877151, 38.91191332289594], [-104.70167094870182, 38.911869322908515], [-104.70139594863359, 38.91182632292072], [-104.70108394855615, 38.91177732293453], [-104.700717948468, 38.91174432295418], [-104.7005689484326, 38.91173632296299], [-104.7002919483672, 38.911723322979526], [-104.70025394835824, 38.911721322981855], [-104.69921494812066, 38.9117443230542], [-104.69847994795256, 38.911761323105495], [-104.6981639478843, 38.91180432313262], [-104.6978639478219, 38.91186832316162], [-104.69749994775033, 38.91198332320226], [-104.69693694764534, 38.9122133232724], [-104.69669994759823, 38.91228432329824], [-104.69649794755445, 38.91231032331542], [-104.69607094745986, 38.91234832334917], [-104.69563794735997, 38.9123493233782], [-104.69499494721123, 38.91234832342077], [-104.69477094715941, 38.91234832343568], [-104.69452294710177, 38.91234432345164], [-104.69403494698813, 38.91233732348308], [-104.69310994677257, 38.91232032354221], [-104.69285194671248, 38.91231632355883], [-104.69263894666327, 38.912316323573], [-104.69227194657836, 38.91231532359721], [-104.69175694645934, 38.91231532363148], [-104.69138394637038, 38.91229032365283], [-104.69117694631917, 38.91225932366229], [-104.69087594624465, 38.91221432367575], [-104.6908159462295, 38.91220232367814], [-104.69025794608855, 38.91209232369961], [-104.69021894607832, 38.91208132370067], [-104.6895739459092, 38.91189832371775], [-104.68929694583709, 38.91182332372539], [-104.6890429457737, 38.91178032373619], [-104.68892094574329, 38.91176032374157], [-104.68863994567532, 38.91173232375624], [-104.68843594562775, 38.911728323769324], [-104.68786394549434, 38.911718323806], [-104.68782794548605, 38.91171832380839], [-104.68751394541374, 38.91172032382956], [-104.68750194541084, 38.911719323830155], [-104.6867389452341, 38.91171632388041], [-104.68652394518426, 38.91171532389468], [-104.68619894510907, 38.91171432391605], [-104.68572094499876, 38.911715323948115], [-104.68303694437928, 38.91172432412801], [-104.68294994435941, 38.91172532413383], [-104.68289894403595, 38.908866323731594], [-104.68289694401194, 38.90865032370099], [-104.68288494394487, 38.90806032361808], [-104.68287494388868, 38.90756632354862], [-104.68287694373556, 38.90615632334844], [-104.68287494368329, 38.9056813232811], [-104.68287294359644, 38.90488832316882], [-104.68287194358358, 38.90477232315243], [-104.68287094354544, 38.90442432310307], [-104.6828709435328, 38.90430832308662], [-104.68278594351389, 38.90431532309332], [-104.6827019434974, 38.904342323102654], [-104.68268694349511, 38.90435232310499], [-104.68244194345745, 38.904526323145994], [-104.68238994344964, 38.904565323155005], [-104.68222694342603, 38.90469432318418], [-104.68207694340424, 38.904813323211144], [-104.68183794336957, 38.90500132325364], [-104.68153894332623, 38.905238323307245], [-104.68112094326466, 38.90556032338073], [-104.6808809432295, 38.90574632342302], [-104.68077794321432, 38.90582532344106], [-104.68074994321032, 38.90584832344629], [-104.68042194316514, 38.90612932350797], [-104.68037294315846, 38.90617232351732], [-104.6802489431418, 38.906282323541085], [-104.67974594307398, 38.90672732363772], [-104.67964394306036, 38.906818323657525], [-104.67933994302018, 38.90709432371679], [-104.6787179429365, 38.90764632383654], [-104.67836694288863, 38.907952323903224], [-104.67823894287152, 38.90806632392797], [-104.6781959428658, 38.90810532393638], [-104.67818594326889, 38.91182432446488], [-104.67834294330497, 38.91182232445415], [-104.67927294351907, 38.91181432439124], [-104.68011594371343, 38.91180932433432], [-104.68048294379803, 38.91180732430968], [-104.68178694409853, 38.91179932422179], [-104.68295194437032, 38.911822324147494], [-104.68295194437847, 38.91189732415812], [-104.6829199445206, 38.9132683243549], [-104.6828679449461, 38.91728132492761], [-104.68286394497818, 38.9175833249708], [-104.68283894523637, 38.920004325315894], [-104.68283694533496, 38.92091232544482], [-104.6828309455914, 38.92327632578056], [-104.68285694571094, 38.92431732592649], [-104.68290594586306, 38.92560632610616], [-104.68288894594181, 38.926364326214596], [-104.68288194597149, 38.926651326255886], [-104.68288194599342, 38.926852326284354], [-104.68289394606313, 38.92746532637061], [-104.68284594620492, 38.928866326572425], [-104.68281294622233, 38.92909532660703], [-104.68279294661913, 38.93277332713003], [-104.68278894670941, 38.9336093272489], [-104.68276894674716, 38.93399632730517], [-104.68272994676607, 38.934252327344076], [-104.68270994677536, 38.93438032736353], [-104.68264594677908, 38.93454932739167], [-104.68249994678449, 38.934908327452355], [-104.68231294677348, 38.93520332750654], [-104.68209594675207, 38.93546632755841], [-104.68182294671658, 38.93571932761241], [-104.68163094668729, 38.935858327644894], [-104.68156094667685, 38.935910327656984], [-104.68121594662183, 38.93613732771208], [-104.68063494652934, 38.93652032780516], [-104.6806239465275, 38.93652732780692], [-104.67940494634097, 38.937400328011854], [-104.67932194632795, 38.93745632802536], [-104.6790229462911, 38.93775132808715], [-104.67895794628485, 38.93783232810294], [-104.67856794625918, 38.93842232821252], [-104.67839994629185, 38.939078328316846], [-104.6781779464122, 38.94064932855435], [-104.67848894648573, 38.94066432853577], [-104.68048794696347, 38.9408073284228], [-104.68213194736148, 38.940970328336356], [-104.68237794742026, 38.94098832832259], [-104.68236894741531, 38.94096232831952], [-104.68235994741025, 38.94093532831618], [-104.68216194732935, 38.940613328283696], [-104.68209394730353, 38.940520328275156], [-104.68202094727235, 38.94038932826143], [-104.68198394725258, 38.940287328249354], [-104.6819769472434, 38.94021732823996], [-104.68192894720542, 38.93997132820837], [-104.68192294719626, 38.9399003281985], [-104.68198394719151, 38.93972832817019], [-104.68203294718394, 38.939555328142326], [-104.68212694718378, 38.939354328107626], [-104.68220094718666, 38.939224328084194], [-104.68227594719416, 38.93913332806641], [-104.68231394719591, 38.93906932805479], [-104.68234794719878, 38.93902332804594], [-104.68243094720613, 38.9389153280252], [-104.68246094720955, 38.93888332801852], [-104.68256994722269, 38.9387733279956], [-104.6827369472475, 38.93864732796669], [-104.68287694726828, 38.93854032794224], [-104.6829329472767, 38.938498327932614], [-104.683000947287, 38.938449327920985], [-104.68302494729139, 38.93843832791779], [-104.68309394730362, 38.93840432790839], [-104.68319794732223, 38.93835532789459], [-104.68322994732698, 38.93833032788898], [-104.68328394733295, 38.93827132787693], [-104.6833309473376, 38.93821432786579], [-104.6833569473401, 38.93818132785931], [-104.68339294734116, 38.9381153278476], [-104.68342594733731, 38.93801032783049], [-104.68342094733256, 38.93797732782612], [-104.68334594731031, 38.93793232782473], [-104.68326794728806, 38.93789332782438], [-104.68319494726637, 38.93785032782315], [-104.68302794721475, 38.937730327817285], [-104.6829919472035, 38.93770432781611], [-104.68296594719428, 38.93767432781361], [-104.68293294717948, 38.93760832780632], [-104.68289694715989, 38.937505327794085], [-104.68287194714247, 38.93739932778066], [-104.68287194713854, 38.93736332777565], [-104.68288594713415, 38.93729332776484], [-104.68294494713301, 38.937158327741784], [-104.68298894713632, 38.93709532772985], [-104.68304694714375, 38.93704032771828], [-104.68318494716533, 38.93694532769557], [-104.68326894718149, 38.93691532768572], [-104.68357694724418, 38.936838327654314], [-104.68384194729865, 38.93677532762767], [-104.68388694730827, 38.93676832762362], [-104.68393394731913, 38.93676832762051], [-104.68411794736411, 38.93679132761164], [-104.68420594738686, 38.936813327608775], [-104.68437194743238, 38.936878327606934], [-104.68441094743993, 38.93686532760252], [-104.68447894745097, 38.9368213275918], [-104.68455394746314, 38.936774327580146], [-104.6846499474768, 38.93669632756267], [-104.6847049474831, 38.93663832755075], [-104.68473594748752, 38.936612327545014], [-104.6848429475038, 38.93653532752701], [-104.68484094754092, 38.93687932757594], [-104.6848389475883, 38.93731732763815], [-104.6873489481687, 38.93731832747103], [-104.68732794825006, 38.93810832758442], [-104.68728594854358, 38.940884327980775], [-104.68728994855215, 38.940954327990525], [-104.68753394860879, 38.94095632797456], [-104.68833894879549, 38.94096132792166], [-104.6883389488133, 38.941124327944756], [-104.68958694910134, 38.94112032786087], [-104.6901819492388, 38.941119327821205], [-104.69018594926703, 38.94136932785626], [-104.6906889493834, 38.94137132782319], [-104.69128694952192, 38.941373327783616], [-104.69281194987418, 38.941370327681526], [-104.69407895016556, 38.941357327595234], [-104.69477995032388, 38.941323327543714], [-104.69526695043385, 38.9413003275079], [-104.6956139505114, 38.94127532748129], [-104.69586295056698, 38.94125732746225], [-104.69609195061821, 38.94124132744466], [-104.69649695070844, 38.941210327413174], [-104.69672395075949, 38.94119732739619], [-104.69687695079412, 38.941190327385144], [-104.69712895085102, 38.94117832736656], [-104.69748795093233, 38.94116332734049], [-104.69844995115074, 38.9411273272713], [-104.6985649511766, 38.941121327262884], [-104.69892495125785, 38.94110232723619], [-104.69936195135834, 38.94109832720655], [-104.70036295158907, 38.941092327138854], [-104.70067295166004, 38.941085327117314], [-104.70101895173943, 38.941080327093516], [-104.70110995176017, 38.941078327087176], [-104.70260995210485, 38.9410603269846], [-104.70389295239615, 38.94101132689215], [-104.70490595262221, 38.94093832681431], [-104.70522695269382, 38.94091432678946], [-104.70634695294622, 38.94085532670655], [-104.70851395343922, 38.94078432655207], [-104.71036895386426, 38.94075132642369], [-104.71118395405003, 38.940727326365966], [-104.71223195428338, 38.940647326284875], [-104.71336895453673, 38.940561326196885], [-104.71388495465231, 38.940527326157536], [-104.71396195466974, 38.940524326152094], [-104.71461295481674, 38.94049332610424], [-104.71723995541424, 38.9404063259169], [-104.71840095567941, 38.94037832583556], [-104.71956495594127, 38.940313325748726], [-104.71975195598495, 38.940317325736814], [-104.71991195602213, 38.94031932572638], [-104.7199529560315, 38.94031832572362], [-104.7200529560544, 38.94031632571667], [-104.72070895620439, 38.940302325670885], [-104.72088195624406, 38.94029932565904], [-104.72096595626314, 38.94029632565292], [-104.72259295663389, 38.940250325538074], [-104.72272995666516, 38.940246325528385], [-104.72360695686666, 38.94023632546841], [-104.72412095698648, 38.94024532543545], [-104.72492595717269, 38.940247325382074], [-104.7262119574689, 38.94023932529524], [-104.72641295751568, 38.940242325282156], [-104.72656195755037, 38.94024532527275], [-104.7274419577552, 38.940259325215976], [-104.7277489578268, 38.94026532519635], [-104.72917495815648, 38.94026832510175], [-104.72937695820336, 38.940269325088494], [-104.73061095848837, 38.94026932500623], [-104.73109395859757, 38.940248324971115], [-104.73143395867496, 38.94023732494686], [-104.73169795873514, 38.94022932492805], [-104.73352695915773, 38.94023032480631], [-104.73427195932986, 38.940231324756716], [-104.73448695937965, 38.94023232474259], [-104.73760696010045, 38.9402333245346], [-104.73816896023037, 38.9402343244974], [-104.73941696051875, 38.9402353244142], [-104.73959096055884, 38.94023532440261], [-104.7396699605774, 38.940237324397785], [-104.74043496075151, 38.94021432434341], [-104.74059296078171, 38.9401573243249], [-104.7406729607942, 38.94010232431169], [-104.74816196252156, 38.9400813238094], [-104.74817896253812, 38.94019732382473], [-104.74835896257711, 38.940173323809276], [-104.74872796265704, 38.94012532377799], [-104.7488729626873, 38.9400953237641], [-104.74916796274897, 38.940037323736185], [-104.74960396283946, 38.93994332369366], [-104.75001496292157, 38.93982632364981], [-104.7502679629698, 38.93973332361971], [-104.75075596306431, 38.93956732356376], [-104.75088896308813, 38.9395043235459], [-104.75152496320247, 38.93920632346138], [-104.7524669633735, 38.9387813233384], [-104.75252896338503, 38.9387553233306], [-104.75310996349384, 38.938523323258956], [-104.7535749635838, 38.93836432320545], [-104.75393496365534, 38.93825832316637], [-104.75438596374985, 38.938170323124005], [-104.75495096387151, 38.93808932307473], [-104.75537496396515, 38.93805132304118], [-104.75572996404642, 38.93804432301641], [-104.7563769641944, 38.938032322971665], [-104.75657996424161, 38.9380343229584], [-104.75683096429977, 38.93803732294197]]]}, "properties": {"zip": "80923", "name": "ZIP 80923"}, "id": "80923"}, {"type": "Feature", "geometry": {"type": "Polygon", "coordinates": [[[-104.93646900332148, 38.91619630787049], [-104.93646900331514, 38.91613830786227], [-104.93644700330367, 38.916079307855334], [-104.93640200329015, 38.91605030785433], [-104.93632800326964, 38.916018307854785], [-104.93614200322224, 38.9159773078614], [-104.93588100316073, 38.915963307876765], [-104.93583900315106, 38.91596330787958], [-104.93574700312989, 38.91596330788571], [-104.9353620030386, 38.91593930790797], [-104.9352620030149, 38.91593330791381], [-104.93500500295802, 38.915953307933854], [-104.93492300294422, 38.91600030794596], [-104.93486700293671, 38.916049307956605], [-104.93478100292693, 38.91614030797523], [-104.93464300291328, 38.91630630800775], [-104.93450900289692, 38.91643930803545], [-104.9343340028679, 38.91654130806161], [-104.93410300282366, 38.91662330808862], [-104.93380100276363, 38.916710308121], [-104.93343200268758, 38.916791308156974], [-104.93324200264355, 38.91678830816937], [-104.93303700259321, 38.91675930817886], [-104.93284800254541, 38.91672030818614], [-104.93266400249907, 38.916683308193164], [-104.93180400227807, 38.91647330822096], [-104.9316810022418, 38.91640030821871], [-104.9314430021701, 38.91624530821282], [-104.93133500213077, 38.91611230820127], [-104.93110800201983, 38.91557630814073], [-104.93097200195905, 38.91530730811195], [-104.93094000194488, 38.915244308105116], [-104.93070200185383, 38.914912308074214], [-104.93044500175866, 38.9145833080449], [-104.93030000170235, 38.91437330802495], [-104.93014800165264, 38.91423930801615], [-104.92998000160284, 38.91413730801305], [-104.92980500155325, 38.9140523080126], [-104.9297230015267, 38.91398230800826], [-104.9296900015093, 38.913892307997834], [-104.92966000148972, 38.9137763079834], [-104.92953400142379, 38.91343830794405], [-104.9294150013757, 38.91324930792535], [-104.9292250013115, 38.9130623079116], [-104.92873700116257, 38.91272730789688], [-104.92863700112719, 38.91261430788767], [-104.9285810011019, 38.91250030787533], [-104.92855100108059, 38.91236930785882], [-104.92854700107273, 38.9123053078501], [-104.92858100105796, 38.91209830781869], [-104.92860400105182, 38.9119943078024], [-104.92861500104378, 38.91189730778793], [-104.92860700103404, 38.9118253077782], [-104.9285890010226, 38.91175830777012], [-104.92855500100924, 38.91170830776529], [-104.92851100099429, 38.911664307761896], [-104.92841400096886, 38.91163530776439], [-104.9282760009352, 38.9116183077712], [-104.92754600076681, 38.91161430781936], [-104.92738100073034, 38.91162930783252], [-104.92718100068653, 38.91164930784875], [-104.92682700060733, 38.91166930787508], [-104.9267370005917, 38.91171630788766], [-104.9265690005584, 38.91176530790595], [-104.92645800053482, 38.91178330791578], [-104.9263350005062, 38.91178030792353], [-104.9262420004835, 38.911768307928085], [-104.92616300046244, 38.91174230792968], [-104.92591700039051, 38.911602307926465], [-104.92566800030774, 38.91136930791011], [-104.92540000022078, 38.91113830789544], [-104.92517300016154, 38.91107430790143], [-104.92489300008907, 38.91100130790977], [-104.92485900007952, 38.91098530790988], [-104.92476300005242, 38.910940307909996], [-104.92465100001904, 38.91087030790748], [-104.92449099996796, 38.91073930789966], [-104.92434199992336, 38.91064630789661], [-104.92420499988428, 38.91057630789575], [-104.92409699985485, 38.91053530789715], [-104.92399199982762, 38.91050630790014], [-104.92358599973089, 38.91047630792303], [-104.923414999689, 38.910453307931014], [-104.92318399963328, 38.91043030794326], [-104.92310199961054, 38.910395307943915], [-104.92299399957709, 38.91031630793984], [-104.92276299950322, 38.910127307928526], [-104.92249899941375, 38.909864307909125], [-104.92227499934349, 38.909693307900014], [-104.92217499931404, 38.90963430789829], [-104.9219919992646, 38.90956730790097], [-104.92188799923326, 38.9095003078984], [-104.9217759991989, 38.909421307894746], [-104.92148599910612, 38.90918330788053], [-104.92106199897239, 38.90885330786233], [-104.92096099893774, 38.908748307854225], [-104.9209129989197, 38.90868430784844], [-104.92090199891364, 38.9086523078445], [-104.92090199890228, 38.90854830782992], [-104.9209579988999, 38.90840830780637], [-104.92103999890443, 38.90827730778239], [-104.92118499891582, 38.908076307744416], [-104.92128199892451, 38.90795130772025], [-104.92133799893111, 38.90789330770831], [-104.92141299894287, 38.90784330769621], [-104.92147599895483, 38.90782030768882], [-104.9215579989716, 38.90780030768045], [-104.92168899900034, 38.90778830767011], [-104.92177799902088, 38.90778830766417], [-104.9219349990621, 38.90783530766032], [-104.92199799908201, 38.90788430766299], [-104.9220689991095, 38.90798630767278], [-104.92216899915151, 38.908161307690705], [-104.92223599918333, 38.908310307707346], [-104.92228399921291, 38.90847930772793], [-104.92235799926232, 38.90877630776501], [-104.92251499933091, 38.90907330779634], [-104.92265999938301, 38.90924430781089], [-104.92284599944064, 38.909379307817524], [-104.9230729995024, 38.90946630781456], [-104.92343099959868, 38.90959430780887], [-104.923675999667, 38.90970230780766], [-104.92392599973505, 38.909798307804635], [-104.92413499978913, 38.90985430779861], [-104.9244809998727, 38.90988930778032], [-104.92466299991979, 38.909936307775], [-104.92476399994261, 38.90993330776777], [-104.92480499995102, 38.90992430776374], [-104.92486499996176, 38.90989530775571], [-104.9249089999687, 38.90986630774858], [-104.92493199997077, 38.909837307743025], [-104.92495099996276, 38.90972330772568], [-104.9249279999517, 38.90967130771984], [-104.92491499994745, 38.90965930771892], [-104.9248799999356, 38.909624307716406], [-104.92479099991161, 38.909592307717844], [-104.92465999987893, 38.90956930772323], [-104.9244219998257, 38.90958330774115], [-104.92420599977827, 38.909604307758485], [-104.92401199973308, 38.90960030777094], [-104.92395999971933, 38.90958330777199], [-104.92375899965934, 38.90945830776774], [-104.92340099954671, 38.909181307752476], [-104.9233119995195, 38.90912030774974], [-104.92315099945452, 38.908864307724464], [-104.92307199938395, 38.90838530766214], [-104.92299299929793, 38.90776430757966], [-104.92296299923727, 38.907272307512216], [-104.92287099920834, 38.90720130750832], [-104.9228329991951, 38.907160307505066], [-104.9227589991724, 38.90710830750279], [-104.92255799911743, 38.907029307504914], [-104.92240499907275, 38.90694230750289], [-104.92227499903572, 38.90687730750238], [-104.92219299901082, 38.90682230750009], [-104.92212999898871, 38.906752307494315], [-104.92200999895509, 38.90669730749464], [-104.92170899887745, 38.9066213075039], [-104.92149999882773, 38.906606307515936], [-104.92133599879132, 38.90661830752848], [-104.9211419987576, 38.906719307555726], [-104.92076199868924, 38.90689430760566], [-104.92037099861363, 38.90702530765026], [-104.92007299855166, 38.90708630767883], [-104.91988599850913, 38.907091307692056], [-104.91975999847836, 38.90707430769793], [-104.9197299984697, 38.90705930769796], [-104.91969599845874, 38.90703030769604], [-104.91964399843688, 38.90694030768681], [-104.919629998407, 38.906695307653145], [-104.91960699839366, 38.906622307644376], [-104.91953699836526, 38.906509307633165], [-104.91947699834307, 38.906433307626344], [-104.91939899831236, 38.90631630761514], [-104.91926899827193, 38.906220307610106], [-104.91905999821712, 38.906159307615546], [-104.91889599817338, 38.90610430761863], [-104.91877299813929, 38.90605130761942], [-104.91870599811627, 38.905981307614084], [-104.91864699808676, 38.90583630759743], [-104.91860599806269, 38.90570230758113], [-104.91854299803833, 38.90561130757261], [-104.91843899800612, 38.90553630756899], [-104.91831899797239, 38.90548030756905], [-104.91817399793369, 38.90543130757187], [-104.91803299789196, 38.90534630756933], [-104.91794699786297, 38.905262307563184], [-104.9178099978116, 38.90508130754671], [-104.91771999775969, 38.90479630751252], [-104.9176649977363, 38.90469730750222], [-104.91761299771571, 38.904618307494395], [-104.91729599760647, 38.904286307468716], [-104.91718099755799, 38.90408530744806], [-104.91708099752424, 38.90398630744072], [-104.91703199751008, 38.90396030744031], [-104.91694299748661, 38.9039333074425], [-104.91689399747443, 38.90392530744449], [-104.91675299744257, 38.903930307454715], [-104.91668899742942, 38.90394530746106], [-104.91659999741428, 38.9039943074739], [-104.91586199729568, 38.904463307589424], [-104.91572399727718, 38.904585307615825], [-104.91564899726431, 38.904625307626425], [-104.91560399725525, 38.90463730763121], [-104.9155219972357, 38.90463130763567], [-104.91541799719973, 38.904520307626996], [-104.91536299717272, 38.90438930761215], [-104.91521699711947, 38.90420930759652], [-104.91505399706175, 38.904025307581485], [-104.91485699699612, 38.90383930756821], [-104.91464399693145, 38.9036963075623], [-104.91448799688159, 38.903568307554735], [-104.91430599681986, 38.90338730754125], [-104.91409399674352, 38.90313430751968], [-104.91400099669784, 38.90291230749446], [-104.91395299666966, 38.902755307475495], [-104.91395299664387, 38.902519307442134], [-104.91402799659565, 38.90192030735259], [-104.91401699656981, 38.90170730732319], [-104.91397599654354, 38.90155330730425], [-104.91392099651982, 38.901451307293584], [-104.9138419964927, 38.9013693072872], [-104.91370499645133, 38.90127930728368], [-104.91354499640653, 38.901206307284006], [-104.91343299637681, 38.9011713072865], [-104.91324299633317, 38.90117130729919], [-104.91290399625659, 38.901185307323836], [-104.91260899619087, 38.901205307346224], [-104.91242099614787, 38.901207307359044], [-104.91230799612198, 38.901208307366765], [-104.91221399609897, 38.90119630737126], [-104.91206199606107, 38.90117030737769], [-104.91196499603286, 38.90111530737646], [-104.91178999598294, 38.9010273073757], [-104.91159599592329, 38.90089030736936], [-104.91119099580837, 38.900692307368324], [-104.9109969957571, 38.90063130737274], [-104.91081399571394, 38.90062230738364], [-104.91074399569885, 38.9006313073896], [-104.91067699568495, 38.90064530739596], [-104.91060899567208, 38.900671307404224], [-104.91054599566364, 38.900726307416114], [-104.91049699565913, 38.90078830742816], [-104.91045599565985, 38.90088130744407], [-104.91044899566742, 38.90096530745642], [-104.91048999569811, 38.90116030748119], [-104.91058199575659, 38.90150130752321], [-104.91060799578348, 38.90169330754862], [-104.91060799579178, 38.90176930755944], [-104.91058599579146, 38.90181230756698], [-104.91044799577558, 38.9019583075966], [-104.91025399574916, 38.90212430763308], [-104.91005199573044, 38.90238030768273], [-104.91000699573385, 38.90250530770342], [-104.90999999573728, 38.902551307710276], [-104.91000299574625, 38.90262730772089], [-104.91006299578363, 38.90284330774731], [-104.91014799582636, 38.90305530777172], [-104.91015599583584, 38.90312530778101], [-104.91015199584476, 38.903215307794], [-104.9101109958471, 38.90332330781205], [-104.91006599584276, 38.90337830782274], [-104.90991699581767, 38.903462307844535], [-104.90971199577942, 38.90354430786982], [-104.90954399574514, 38.90358430788665], [-104.90948799573256, 38.90358730789084], [-104.90936499570103, 38.90355830789485], [-104.9093279956874, 38.903511307890746], [-104.90930899567807, 38.903465307885575], [-104.90930199567161, 38.903421307879775], [-104.9093019956666, 38.903375307873176], [-104.90932499566522, 38.90331430786316], [-104.9093919956748, 38.903261307851224], [-104.90959299571381, 38.90319430782836], [-104.90977599574988, 38.903139307808416], [-104.90983899576061, 38.90310430779926], [-104.90985799576309, 38.903087307795566], [-104.90986099575994, 38.903052307790404], [-104.90982799573327, 38.90287730776776], [-104.90981699571226, 38.90270830774471], [-104.90979899569449, 38.902583307728214], [-104.90981399568774, 38.902490307714224], [-104.9099029956841, 38.90226930767707], [-104.90998199568828, 38.90214130765357], [-104.91017599570124, 38.90185030759965], [-104.91022399569917, 38.901731307579546], [-104.91024699569529, 38.90164630756611], [-104.91023599568672, 38.90159130755894], [-104.91021299567669, 38.90154730755437], [-104.91011699564339, 38.901445307546275], [-104.90999399560243, 38.901329307538106], [-104.90989299556631, 38.90121230752838], [-104.90982699554168, 38.90112530752038], [-104.90978899552019, 38.9010083075065], [-104.90972999549004, 38.90085730748904], [-104.90967799546699, 38.900755307478185], [-104.90958899543568, 38.9006563074701], [-104.90951399541254, 38.90060330746769], [-104.90939099537786, 38.90054530746768], [-104.90918999532617, 38.90049530747398], [-104.90899699527543, 38.9004373074787], [-104.9088769952427, 38.90039030748007], [-104.90884399523162, 38.90035830747777], [-104.90879899521012, 38.90025630746628], [-104.90875099519056, 38.900178307458546], [-104.90869899517189, 38.90011730745332], [-104.90856899513332, 38.90003830745087], [-104.90825599504352, 38.899875307448724], [-104.90781999492195, 38.89968230745056], [-104.9077159948921, 38.89962730744964], [-104.90764199486296, 38.89951630743895], [-104.90762299485372, 38.89947230743407], [-104.90762299484454, 38.89938830742218], [-104.9076639948445, 38.899301307407114], [-104.90776099485792, 38.899219307388975], [-104.90782799486912, 38.89918130737924], [-104.90790699488419, 38.899152307369775], [-104.90799999490439, 38.89914130736216], [-104.90815199494436, 38.899187307358396], [-104.90842799502236, 38.8993203073588], [-104.90845399502987, 38.899333307358916], [-104.9087559951109, 38.89943830735356], [-104.90896799516297, 38.89946830734365], [-104.90915399520544, 38.89946530733095], [-104.9092659952291, 38.89944530732059], [-104.90949699527681, 38.899395307298086], [-104.90975099532707, 38.89932030727058], [-104.90987699535162, 38.899279307256364], [-104.91008999539945, 38.89926830724075], [-104.91031299545159, 38.89927630722698], [-104.91043599548198, 38.899294307221226], [-104.91062199552893, 38.899332307214095], [-104.91104699562979, 38.899361307189956], [-104.91128499568187, 38.89933530717042], [-104.91132599568945, 38.89931830716527], [-104.91135999569474, 38.89929530715982], [-104.91136999569589, 38.89928430715756], [-104.91137899569685, 38.89927430715563], [-104.91137899569182, 38.899228307149016], [-104.91137099568301, 38.89916430714057], [-104.91131199565406, 38.899024307124684], [-104.91104799554947, 38.898622307085496], [-104.91063899540946, 38.89820330705356], [-104.91059799539084, 38.89811830704433], [-104.91059799538735, 38.898086307039854], [-104.91062799538693, 38.898019307028314], [-104.91072799540352, 38.89796130701349], [-104.91086999543096, 38.89791230699711], [-104.91139199553987, 38.897810306947996], [-104.91155199557147, 38.897761306930235], [-104.91171599560025, 38.89767930690786], [-104.91177899560871, 38.89762430689582], [-104.91181999560865, 38.897537306880835], [-104.91183199560037, 38.89743530686556], [-104.91188599544999, 38.89594430665147], [-104.9119079954229, 38.89565030660848], [-104.91197599543096, 38.895581306594146], [-104.91207999544133, 38.89545630656953], [-104.91224799545886, 38.89526230653085], [-104.91270699550653, 38.894731306425406], [-104.91294899553561, 38.89448730637467], [-104.91310199555105, 38.89430630633901], [-104.91345699555882, 38.89362830621944], [-104.91352299555845, 38.89348630619515], [-104.91360199555785, 38.89331430616558], [-104.91362099555779, 38.89327330615849], [-104.91365499555796, 38.89320330614623], [-104.91292999539276, 38.893219306196904], [-104.91223699523502, 38.893235306245444], [-104.91216099522322, 38.89328730625771], [-104.91195599518456, 38.89336530628243], [-104.91192399517884, 38.89338030628671], [-104.9118889951725, 38.893397306291405], [-104.91182899516326, 38.89343830630125], [-104.91167599514478, 38.89359230633317], [-104.9116609951424, 38.89360130633547], [-104.91159799513193, 38.893639306344944], [-104.91153099511781, 38.89365030635098], [-104.91144899509958, 38.89365630635727], [-104.91136299507943, 38.89365330636271], [-104.91094599497347, 38.89356230637754], [-104.91067099490772, 38.89353930639268], [-104.9105849948889, 38.89354830639974], [-104.91048799487056, 38.893585306411275], [-104.91039499485488, 38.8936383064251], [-104.91022299483012, 38.89377430645584], [-104.90993999478377, 38.89394630649886], [-104.90986199477055, 38.89398930651013], [-104.90977599475423, 38.89402130652053], [-104.9096979947376, 38.894033306527355], [-104.90961899471911, 38.89403030653214], [-104.90952999469698, 38.89401530653594], [-104.90936599465253, 38.8939543065384], [-104.90924299461724, 38.89389030653755], [-104.90914299459202, 38.89387030654133], [-104.90908699457887, 38.89386730654459], [-104.90903099456678, 38.89387530654944], [-104.90898599455991, 38.893907306557104], [-104.90891499455161, 38.89398030657213], [-104.90879199453941, 38.89412830660103], [-104.9087289945376, 38.894245306621876], [-104.90871699455074, 38.89439030664323], [-104.90871899455338, 38.89441030664582], [-104.90872499455875, 38.89444630665066], [-104.90881399459057, 38.89455030665932], [-104.90902999466446, 38.89477230667632], [-104.90911199469515, 38.89488030668601], [-104.90915999471919, 38.89499930669968], [-104.90923399476677, 38.895279306734224], [-104.909322994827, 38.8956433067798], [-104.9093639948596, 38.89585530680692], [-104.90935999487145, 38.89597230682384], [-104.9093229948699, 38.89603630683529], [-104.9092699948627, 38.89608230684526], [-104.90922199485372, 38.896100306851075], [-104.90909899482494, 38.896097306858906], [-104.90901699480511, 38.89608830686308], [-104.90880499474994, 38.89602930686879], [-104.9082979946154, 38.8958663068796], [-104.90740499437659, 38.89556230689627], [-104.90673099420427, 38.89540530691901], [-104.90642099412683, 38.89534930693175], [-104.90633599410862, 38.895361306939016], [-104.90628699410077, 38.89539330694695], [-104.90626499409844, 38.895419306951965], [-104.90624199410472, 38.8955243069683], [-104.90624999411293, 38.89558230697598], [-104.90628699412939, 38.89565530698382], [-104.9067709942833, 38.89604530700674], [-104.90690099432952, 38.89619430701903], [-104.90689399434004, 38.8963053070353], [-104.90689299434167, 38.89632230703777], [-104.90685199433692, 38.89636530704658], [-104.90681499433035, 38.896383307051494], [-104.90675899431905, 38.896397307057285], [-104.90670299430613, 38.896397307061015], [-104.90665499429454, 38.89639230706347], [-104.90656199426958, 38.89635930706493], [-104.90628599419749, 38.896281307072435], [-104.90595499411471, 38.89622130708601], [-104.90584999408851, 38.89620230709038], [-104.90562699402788, 38.89611730709313], [-104.90532899394807, 38.89601530709865], [-104.90510899388781, 38.895927307100884], [-104.90495299384943, 38.89590430710792], [-104.90484099382233, 38.8958923071138], [-104.90475599380123, 38.895878307117336], [-104.90448799373051, 38.895796307123774], [-104.90430499368111, 38.895729307126516], [-104.90415199364037, 38.89567930712959], [-104.90390299358238, 38.895673307145366], [-104.90360799351762, 38.895702307169046], [-104.90345199348396, 38.89572230718235], [-104.90327699344391, 38.89572530719448], [-104.90320199342541, 38.89571330719771], [-104.90314299341, 38.89569630719922], [-104.90304599338118, 38.89563730719745], [-104.90300099336613, 38.895594307194365], [-104.90297199335403, 38.8955443071892], [-104.90294199333621, 38.89544530717717], [-104.90293499330132, 38.895140307134525], [-104.90289799328318, 38.895052307124615], [-104.90280099324661, 38.89492130711255], [-104.90264099319002, 38.89474130709779], [-104.90258199316726, 38.894656307089804], [-104.9025589931534, 38.89457730708005], [-104.90253699314009, 38.89450230707094], [-104.9024889931156, 38.89437930705684], [-104.90241499309073, 38.89430730705149], [-104.90222499303806, 38.894225307052714], [-104.90180799293229, 38.89413730706791], [-104.9013639928247, 38.89408730709058], [-104.90081299269464, 38.89405830712311], [-104.90058199264402, 38.89408130714176], [-104.90026899258396, 38.89419130717816], [-104.90002299254057, 38.89431330721195], [-104.8999369925284, 38.89438330722752], [-104.899865992521, 38.89446530724384], [-104.89984799252356, 38.89452630725357], [-104.8998399925296, 38.894598307264374], [-104.89987299258684, 38.89505330732646], [-104.89986899259706, 38.895155307341035], [-104.89985799260198, 38.89522430735159], [-104.89982799259874, 38.89525730735826], [-104.89981299259718, 38.89527430736169], [-104.89978699259301, 38.895291307365774], [-104.89972699258152, 38.89531230737269], [-104.8996189925581, 38.895326307381836], [-104.89954799254117, 38.89532030738574], [-104.89944799251495, 38.89529130738837], [-104.89937999249645, 38.895265307389245], [-104.89930299247558, 38.89523630739018], [-104.89894099238192, 38.895142307401045], [-104.89861899230397, 38.895107307417696], [-104.89860599230084, 38.895106307418324], [-104.89832699223324, 38.89507530743252], [-104.89807399217139, 38.89504230744479], [-104.89798399214799, 38.89501830744741], [-104.89754499203465, 38.89490530746076], [-104.89752699202955, 38.894897307460845], [-104.89736599198507, 38.89482930746184], [-104.89727799195956, 38.89478130746089], [-104.89720199193752, 38.89473930746008], [-104.89707199189795, 38.8946513074563], [-104.89700499187177, 38.894552307446794], [-104.8970019918641, 38.89448830743796], [-104.89701299186191, 38.89444530743113], [-104.89703499186403, 38.894418307425745], [-104.89708199187201, 38.894392307419125], [-104.89717299189209, 38.89438430741178], [-104.89724799190934, 38.89438430740678], [-104.89727199191547, 38.89438930740598], [-104.89734399193368, 38.894404307403256], [-104.89758299200264, 38.894532307405385], [-104.89786799207495, 38.89459330739507], [-104.897950992096, 38.894611307392154], [-104.89859499225594, 38.89471730736411], [-104.8986329922653, 38.89472330736252], [-104.89873199228911, 38.89473230735706], [-104.8988189923099, 38.894740307352365], [-104.89888599232506, 38.89473730734755], [-104.89891999233173, 38.89472630734374], [-104.89896399233902, 38.89470030733709], [-104.89900199234397, 38.89466530732959], [-104.89901699234247, 38.89462130732244], [-104.8990089923341, 38.89456030731427], [-104.89891899229842, 38.89442330730097], [-104.89883799226611, 38.89429830728863], [-104.89881199224894, 38.89419630727603], [-104.89881599224407, 38.894143307268365], [-104.89884199224475, 38.894094307259536], [-104.89891699225191, 38.894001307241524], [-104.89899499225707, 38.89388430721975], [-104.89901799225598, 38.89382630721], [-104.89901799224998, 38.893771307202314], [-104.89898599223542, 38.893705307194935], [-104.89898099223325, 38.893695307193944], [-104.89889899220601, 38.893619307188814], [-104.89877999216901, 38.8935313071843], [-104.89873499215494, 38.89349730718235], [-104.89862799212281, 38.893428307179846], [-104.89857099210569, 38.89339230717861], [-104.89854499209682, 38.89336530717641], [-104.89851199208553, 38.89333130717383], [-104.89840399205043, 38.89323830716784], [-104.8982959920097, 38.89309230715445], [-104.8982809919941, 38.8929813071398], [-104.89826699197279, 38.89281530711719], [-104.89826699196264, 38.89272230710415], [-104.89830799196424, 38.89265030709117], [-104.8984269919817, 38.892559307070485], [-104.89857599200712, 38.89247830704897], [-104.89879599204862, 38.89239430702243], [-104.89881299205163, 38.892386307020224], [-104.89904199209381, 38.89228930699123], [-104.89922499212302, 38.89217030696213], [-104.89950099217924, 38.89210330693443], [-104.89963099220952, 38.89210630692623], [-104.89971699223, 38.892112306921334], [-104.89982499225475, 38.892112306914136], [-104.89988399226787, 38.892107306909445], [-104.8999139922741, 38.89210130690662], [-104.89994399227777, 38.892072306900424], [-104.89995899227867, 38.89204830689597], [-104.89997799227412, 38.891967306883366], [-104.8999559922637, 38.89191730687772], [-104.89992599225333, 38.89188530687516], [-104.89989199224284, 38.891862306874245], [-104.89980699222178, 38.89184730687783], [-104.89970199219721, 38.89184430688429], [-104.89951199215633, 38.89187030690068], [-104.89914299207804, 38.89193130693398], [-104.89878599200078, 38.89197730696432], [-104.89809699184605, 38.892012307015094], [-104.89779099177774, 38.89203230703831], [-104.8976229917377, 38.8920203070479], [-104.89751199171059, 38.892005307053], [-104.89722899163557, 38.8919153070592], [-104.8969939915718, 38.891827307062414], [-104.89648799144926, 38.89177230708844], [-104.89633199141296, 38.8917683070983], [-104.89570899126818, 38.89175630713797], [-104.89541099119984, 38.89175930715837], [-104.89531799118126, 38.891785307168234], [-104.89527699117379, 38.89180330717359], [-104.8952399911691, 38.89183830718091], [-104.89512399115627, 38.8919653072066], [-104.8950119911582, 38.892219307249995], [-104.89494799115514, 38.89232630726934], [-104.89487399114542, 38.892393307283804], [-104.89475499112152, 38.89242530729622], [-104.89456499108215, 38.892466307314706], [-104.8942669910137, 38.892468307334845], [-104.89416599098867, 38.89245130733919], [-104.89411799097631, 38.89243930734056], [-104.89405099095613, 38.89239530733894], [-104.8938909909037, 38.89225330732948], [-104.89383799088512, 38.89219430732461], [-104.8938049908734, 38.89215630732148], [-104.89370799082886, 38.89195330729937], [-104.89368299080823, 38.89181630728168], [-104.89366399078088, 38.891606307253106], [-104.89366799077547, 38.891548307244676], [-104.89372399077824, 38.891455307227936], [-104.89392599079267, 38.891161307172915], [-104.89450799084923, 38.89045130703365], [-104.89467199085907, 38.89019530698668], [-104.89472799085965, 38.89008230696687], [-104.89473599085562, 38.890029306958915], [-104.89473599084832, 38.88996230694938], [-104.89472099083733, 38.88989230694057], [-104.89464299079806, 38.889697306918066], [-104.89460999076407, 38.8894563068863], [-104.89460299072555, 38.88911830683893], [-104.89461599070256, 38.88887930680421], [-104.89463399067371, 38.8885763067604], [-104.89465299061415, 38.88799130667633], [-104.89464899057495, 38.88764030662709], [-104.89466299057209, 38.88758430661821], [-104.8947289905579, 38.8873143065757], [-104.89486199054451, 38.88691130650977], [-104.89495099054189, 38.886699306473886], [-104.89518299054156, 38.88620630638886], [-104.89533899053855, 38.88584930632795], [-104.89564799050186, 38.884860306167624], [-104.89583099047795, 38.8842553060698], [-104.89583099047118, 38.884193306061015], [-104.89585099044825, 38.883940306023995], [-104.89588099044053, 38.88380630600296], [-104.89606999045083, 38.88350130594727], [-104.89638499048223, 38.88312430587305], [-104.8964409904854, 38.883036305856855], [-104.89645799048208, 38.882969305846245], [-104.89640899042709, 38.88256830579284], [-104.89636299038688, 38.88229730575758], [-104.89632599037154, 38.88223430575127], [-104.89630999036495, 38.8822073057484], [-104.89617099031965, 38.88208530574044], [-104.89608199029325, 38.8820313057387], [-104.89604899028139, 38.881992305735366], [-104.89603299027343, 38.8819533057309], [-104.89603699026965, 38.88191030572473], [-104.89604899026894, 38.881878305719255], [-104.89611199027327, 38.88178530570203], [-104.89632099030361, 38.8816223056651], [-104.89642299031114, 38.88147530563744], [-104.89659299031827, 38.88118130558455], [-104.89672199032054, 38.880930305540495], [-104.89681499032673, 38.88079130551465], [-104.89694999034688, 38.88069030549141], [-104.89711599037494, 38.880597305467155], [-104.89721499038959, 38.88052230544999], [-104.89734699040591, 38.880393305422935], [-104.89757599042538, 38.88008830536454], [-104.89767199043199, 38.879946305338045], [-104.89771499043152, 38.87985130532187], [-104.89785499041366, 38.87939130524749], [-104.89798099041893, 38.8791743052084], [-104.89823599044131, 38.878841305144334], [-104.89827199044232, 38.8787743051324], [-104.89829199044047, 38.87871430512263], [-104.89828199042853, 38.87862630511084], [-104.89815999037997, 38.87843830509248], [-104.89786599028398, 38.87817930507529], [-104.89774099024258, 38.87806330506741], [-104.89760499020053, 38.87796430506228], [-104.8975129901737, 38.877912305061244], [-104.89727199011601, 38.87789230507439], [-104.89704699006354, 38.877886305088545], [-104.8965869899553, 38.877865305116266], [-104.89644898992348, 38.87786530512546], [-104.8963629899065, 38.87789130513487], [-104.89620398987834, 38.8779683051563], [-104.89523698971581, 38.87852030529877], [-104.89512198969223, 38.87854630530999], [-104.89506598967925, 38.87854630531373], [-104.89501598966687, 38.878538305315935], [-104.89496298965278, 38.87852030531702], [-104.89491398963847, 38.87849230531636], [-104.8948999896319, 38.878461305312804], [-104.8948999896271, 38.8784173053067], [-104.8949139896257, 38.8783753052997], [-104.89502598964162, 38.878285305279526], [-104.895244989678, 38.87815630524669], [-104.89545698970548, 38.877960305204844], [-104.8956619897166, 38.877629305144325], [-104.89589698974208, 38.877366305091584], [-104.89626398979779, 38.87710230502985], [-104.89679398988218, 38.8767573049458], [-104.89699198991481, 38.87663830491576], [-104.8971249899305, 38.87650130488753], [-104.89743998996526, 38.8761553048176], [-104.89781999000013, 38.875672304724034], [-104.89805899002766, 38.875419304672356], [-104.8982239900519, 38.87529330464365], [-104.89850199009987, 38.87514630460428], [-104.89877899014998, 38.87502130456807], [-104.89886699016634, 38.87498530455715], [-104.89907399020024, 38.87485930452564], [-104.89914699020996, 38.87479430451154], [-104.89930099022719, 38.87462630447751], [-104.89936999022372, 38.874449304447985], [-104.89942399021524, 38.87425730441716], [-104.89952099021082, 38.87401130437597], [-104.89957499019997, 38.87379830434225], [-104.89967499019559, 38.87354630429991], [-104.89970199019292, 38.87346530428669], [-104.89971299018731, 38.873390304275375], [-104.89968699017119, 38.873298304264104], [-104.89962199014641, 38.873207304255516], [-104.8994569900957, 38.87309030425002], [-104.89936099006762, 38.87303630424875], [-104.89930299004749, 38.87297330424371], [-104.89927999003625, 38.872919304237556], [-104.89927299002557, 38.8728353042263], [-104.89929999001933, 38.87272130420834], [-104.89935799001702, 38.87257730418414], [-104.89939999002102, 38.87252630417414], [-104.89949199003813, 38.872488304162516], [-104.89966899007759, 38.872476304149124], [-104.89982199011472, 38.872494304141384], [-104.90009899018114, 38.87251930412656], [-104.9003669902458, 38.87254530411246], [-104.9005429902873, 38.8725543041018], [-104.90064299031036, 38.87255530409539], [-104.90075399033472, 38.8725433040864], [-104.90079999034302, 38.87252230408017], [-104.90086199035066, 38.87246230406762], [-104.90089299035199, 38.87240830405806], [-104.90089599034289, 38.87231830404514], [-104.90088499032856, 38.87221030403059], [-104.9008049902631, 38.87177830397479], [-104.90077099023915, 38.87163130395619], [-104.90077099021627, 38.871421303926525], [-104.9008059902035, 38.87122930389714], [-104.90090999020158, 38.87099230385662], [-104.90099799020484, 38.87083630382881], [-104.90109099021677, 38.870749303810186], [-104.90118699023041, 38.87067130379291], [-104.90128299023752, 38.87053430376699], [-104.90133299023731, 38.87042630374849], [-104.90135599022881, 38.87030030372907], [-104.90136799020577, 38.87006330369484], [-104.90136399018068, 38.869841303663655], [-104.90139499015899, 38.86957730362425], [-104.90146799014941, 38.86933430358503], [-104.90192999016408, 38.86849230343536], [-104.90209499016707, 38.86817130337889], [-104.90217999016052, 38.86793130333933], [-104.90221099015574, 38.8678223033219], [-104.9022609901484, 38.86764930329404], [-104.90228399013375, 38.867466303266575], [-104.90238399012479, 38.86717230321836], [-104.90251099013422, 38.866990303184174], [-104.90269899016305, 38.8668583031531], [-104.90272599016397, 38.866810303144476], [-104.90272999015545, 38.86672330313178], [-104.90269599014111, 38.86666330312559], [-104.90264199012603, 38.86663930312575], [-104.90256499010866, 38.86664230313139], [-104.90247699009193, 38.86667530314195], [-104.90240799008363, 38.86674430315635], [-104.9023159900751, 38.866860303178875], [-104.90208499004709, 38.86709130322685], [-104.90189699001814, 38.86722330325791], [-104.90176298999617, 38.86730430327843], [-104.9016319899732, 38.867370303296426], [-104.90134798991211, 38.86740930332093], [-104.90097998983121, 38.86744430335039], [-104.90061198974672, 38.86744730337521], [-104.90047698971264, 38.86742030338044], [-104.90039698969012, 38.86738130338025], [-104.90032398966773, 38.86733030337797], [-104.90028198965118, 38.86726730337176], [-104.90028598964065, 38.86716230335665], [-104.90031698964123, 38.86710230334614], [-104.9003859896503, 38.867039303332575], [-104.9005159896737, 38.86697930331548], [-104.90063498969882, 38.86695830330458], [-104.90089298975562, 38.86693430328399], [-104.90094998976538, 38.86690430327592], [-104.90100798977359, 38.86685630326541], [-104.90109198976262, 38.866578303220415], [-104.90126598972448, 38.86586130310749], [-104.90147398968887, 38.86509330298505], [-104.90152498967075, 38.864820302943066], [-104.90153198966325, 38.8647363029307], [-104.90151298964878, 38.86464330291877], [-104.90147898963707, 38.86460730291598], [-104.90137898961174, 38.86458630291966], [-104.90129498959342, 38.86459530292656], [-104.901228989583, 38.8646403029373], [-104.90115998957599, 38.86472130295332], [-104.90098698956197, 38.86495830299843], [-104.9008109895338, 38.86507230302627], [-104.90050398948108, 38.86523630306983], [-104.90024998943862, 38.8653833031076], [-104.90017598942465, 38.86541130311648], [-104.90016198942195, 38.86541630311799], [-104.90006998940105, 38.86541930312458], [-104.89998898937917, 38.865389303125745], [-104.89987798934447, 38.86530530312125], [-104.89968298927641, 38.865092303104085], [-104.8995949892398, 38.86494230308877], [-104.89945298917375, 38.864636303054816], [-104.89928098910276, 38.8643483030257], [-104.8992579890861, 38.86424330301243], [-104.8992549890609, 38.86401830298062], [-104.8992739890482, 38.863862302957415], [-104.89925498903315, 38.86376330294464], [-104.89922098902038, 38.86371830294053], [-104.8991359889976, 38.86368830294197], [-104.8990589889806, 38.86369630294833], [-104.89898298896735, 38.86373530295874], [-104.89884098894585, 38.86383730298276], [-104.89869098892562, 38.8639693030113], [-104.89832198886192, 38.864164303063404], [-104.89818798884033, 38.86424830308422], [-104.89814598884143, 38.86434730310106], [-104.89814198885456, 38.86447630311957], [-104.89820698887895, 38.86456330312761], [-104.89820998888682, 38.86462930313669], [-104.89816398888408, 38.86470130314987], [-104.89806398886608, 38.864748303163175], [-104.89788798883188, 38.864805303183026], [-104.89780698881805, 38.86485030319477], [-104.89774998881057, 38.864901303205784], [-104.89774698881875, 38.864983303217585], [-104.89774798882536, 38.865041303225695], [-104.89776498883887, 38.86512930323702], [-104.89772598884034, 38.86522530325317], [-104.89767998883661, 38.86528830326521], [-104.89761098882948, 38.86536930328116], [-104.8975419888189, 38.86541730329265], [-104.8974879888116, 38.86546530330292], [-104.89745298881012, 38.86552530331386], [-104.89744598881532, 38.865588303323136], [-104.8974879888276, 38.865612303323786], [-104.8976639888757, 38.86568130332181], [-104.89774098889733, 38.865717303321745], [-104.89777898890932, 38.86574730332345], [-104.89781698892331, 38.865795303327815], [-104.89781698892985, 38.865855303336254], [-104.8978019889323, 38.86590930334492], [-104.89777098893128, 38.86596630335496], [-104.8976789889174, 38.86603230337037], [-104.89749898887989, 38.866068303387586], [-104.89711898879452, 38.866088303415594], [-104.8967239887074, 38.86612430344712], [-104.89663498868637, 38.86611830345203], [-104.89655498866374, 38.866079303452004], [-104.89651298864949, 38.86603730344875], [-104.89648198863193, 38.865941303437296], [-104.89643598859966, 38.865742303412084], [-104.89638598859415, 38.865797303423285], [-104.8962299885726, 38.865930303452494], [-104.89609598855105, 38.86601630347358], [-104.89603898854178, 38.86605030348215], [-104.89587198851092, 38.86612030350311], [-104.89572498848123, 38.86615830351839], [-104.89548098842837, 38.866189303538945], [-104.89502098832352, 38.86619830357088], [-104.89451998820633, 38.86618230360183], [-104.89410498810693, 38.86614730362465], [-104.89405498809543, 38.86614630362777], [-104.89367698800741, 38.866137303651634], [-104.89339598794993, 38.86620330367979], [-104.89322498791816, 38.86627330370102], [-104.89280898784406, 38.866473303757], [-104.89247098778476, 38.86664230380337], [-104.89194998768615, 38.86683930386586], [-104.89170498764841, 38.86701030390643], [-104.89156598763509, 38.86718230394004], [-104.89143998762415, 38.86734730397175], [-104.89142298762151, 38.86735930397448], [-104.89131398760512, 38.867440303993334], [-104.89123198759107, 38.867484304004975], [-104.8911699875794, 38.867507304012285], [-104.89114698757508, 38.86751630401513], [-104.89106098755592, 38.86752230402163], [-104.89098398753679, 38.86750930402495], [-104.89092298751925, 38.867477304024504], [-104.89082498748657, 38.86738530401803], [-104.89044298736191, 38.867047303995584], [-104.89034098733077, 38.86697730399254], [-104.89023898730447, 38.86695230399587], [-104.89013398728073, 38.866955304003156], [-104.89001898725729, 38.86698330401475], [-104.8899379872432, 38.867025304026214], [-104.8897259872224, 38.86728230407659], [-104.88963998721816, 38.86742530410252], [-104.88956698721063, 38.867511304119546], [-104.88946498719592, 38.86759130413768], [-104.88934298717086, 38.86761930414974], [-104.88924498714934, 38.86762930415766], [-104.88911498712145, 38.867648304169116], [-104.88882998705718, 38.867660304189705], [-104.88853598699188, 38.86768230421243], [-104.88838198695886, 38.86770430422587], [-104.88824698693294, 38.867752304241506], [-104.88799898688968, 38.867879304276016], [-104.88776998685346, 38.8680303043127], [-104.88759898682638, 38.86814330433999], [-104.88737898679605, 38.868330304381075], [-104.88723198677955, 38.86848930441339], [-104.88712598676906, 38.86861730443846], [-104.88699498675996, 38.86881130447469], [-104.88684798675877, 38.86911030452681], [-104.8866609867452, 38.86938130457747], [-104.88659898713829, 38.87312030511049], [-104.88652698759567, 38.8774693057302], [-104.886447988099, 38.882254306412], [-104.8864809883264, 38.884269306694755], [-104.88648198833405, 38.884337306704246], [-104.88654198875574, 38.88807730722896], [-104.8865239888522, 38.88899930736059], [-104.88647598911177, 38.891480307714424], [-104.88646998914162, 38.89176630775526], [-104.8864519892381, 38.892689307886926], [-104.88627198916363, 38.89238730785625], [-104.88625498915655, 38.89235730785317], [-104.88623898914963, 38.892328307850036], [-104.88601998908358, 38.8921843078443], [-104.88586998904, 38.89210230784262], [-104.88576798901266, 38.89206630784437], [-104.88566498898675, 38.89204630784841], [-104.88546998894115, 38.89204030786056], [-104.8852469888899, 38.892041307875616], [-104.88519198887852, 38.892053307880964], [-104.88517898887605, 38.892057307882304], [-104.88495898883218, 38.89212030790595], [-104.88483198880995, 38.89218430792347], [-104.884797988804, 38.89220130792809], [-104.88463598877347, 38.8922633079476], [-104.88447498873829, 38.89228130796095], [-104.8843359887063, 38.89228130797022], [-104.88426698868942, 38.89227230797351], [-104.88402498862675, 38.89220930798071], [-104.88373698855058, 38.892118307987104], [-104.88363298852366, 38.892091307990114], [-104.88357598850652, 38.89205530798891], [-104.88339098844925, 38.891920307982154], [-104.88331098842593, 38.89187530798113], [-104.88306898836703, 38.8918473079933], [-104.88294198833586, 38.89182930799916], [-104.88282698830444, 38.89178430800045], [-104.88251598821722, 38.891640308000966], [-104.88219298812783, 38.89150430800321], [-104.88207798809256, 38.89142330799929], [-104.88125998785394, 38.890962307988715], [-104.88120198783461, 38.89090830798492], [-104.88115598781812, 38.890854307980476], [-104.88096098774575, 38.89060230795779], [-104.88087798771134, 38.890462307943494], [-104.88075398764595, 38.8901243079041], [-104.88070798762745, 38.89005230789687], [-104.88061598760036, 38.88999830789533], [-104.88051198756847, 38.889925307891964], [-104.88044298754859, 38.88988930789151], [-104.8804079875356, 38.88984430788747], [-104.88036298749984, 38.88961030785735], [-104.88033098748441, 38.88953730784918], [-104.88014498741667, 38.88930830782927], [-104.87943398723073, 38.889105307847814], [-104.87895798709415, 38.88885830784462], [-104.8783829869324, 38.88858930784483], [-104.87805998684776, 38.88849530785311], [-104.87748898669606, 38.888311307865216], [-104.87723798662294, 38.88817130786211], [-104.87694598653462, 38.88797830785425], [-104.87673898645652, 38.887698307828586], [-104.87651498638105, 38.88747930781254], [-104.87644598636027, 38.88743430781076], [-104.87635398632729, 38.88732630780156], [-104.87603098623796, 38.887190307803785], [-104.87596198621722, 38.88714530780202], [-104.8759049861992, 38.88710030779952], [-104.8758359861754, 38.887028307794], [-104.8757899861609, 38.886992307791836], [-104.87573198614461, 38.886965307791954], [-104.87566298612758, 38.88695530779522], [-104.87554198609874, 38.886946307801956], [-104.87516198600183, 38.88686030781511], [-104.87494498593061, 38.88666630780205], [-104.87491698592031, 38.886630307798875], [-104.87492598587629, 38.886207307738445], [-104.8749049858631, 38.886131307729], [-104.87479398581195, 38.88589630770331], [-104.87479498577872, 38.8855893076598], [-104.87477498577023, 38.885553307656096], [-104.87452898569337, 38.88536830764626], [-104.87450098568296, 38.88533230764313], [-104.87447998566984, 38.88525630763369], [-104.87463698565148, 38.884756307552536], [-104.87463898561808, 38.88444530750846], [-104.87399598536075, 38.88344430740966], [-104.87382998524726, 38.882754307323125], [-104.87385198523123, 38.88256030729431], [-104.87446098528365, 38.8817543071397], [-104.87448298526762, 38.881561307110964], [-104.87439998522352, 38.88133130708392], [-104.8744009851942, 38.881060307045644], [-104.87440798519181, 38.881024307039965], [-104.87470498521411, 38.880601306960344], [-104.87471898521348, 38.88056530695441], [-104.87473798520261, 38.880425306933304], [-104.87472098518005, 38.88025430691028], [-104.87463998514126, 38.88006930688946], [-104.87451198509409, 38.879907306875204], [-104.87362098481205, 38.879203306834825], [-104.87318098465627, 38.878703306793405], [-104.87308298460856, 38.87847330676737], [-104.8730489845796, 38.87827930674232], [-104.87304298456593, 38.878166306726634], [-104.87298698452743, 38.87793230669723], [-104.87279698442883, 38.87742830663868], [-104.8726799843681, 38.87711830660272], [-104.87262798435685, 38.87712530660705], [-104.87224398427547, 38.87719030664187], [-104.8716519841503, 38.8772923066958], [-104.87143198410757, 38.87736530672076], [-104.87131898408548, 38.87740130673335], [-104.87100098403342, 38.87759630678206], [-104.87062498397206, 38.87782830683989], [-104.87084198404769, 38.87806330685877], [-104.87105498412926, 38.87836130688673], [-104.87123998420886, 38.87870130692237], [-104.87128098422943, 38.87880330693415], [-104.87130698424261, 38.8788683069417], [-104.87138198429174, 38.87916130697803], [-104.87146998437015, 38.87969430704762], [-104.87149998439608, 38.87986930707027], [-104.8715829844612, 38.88029130712456], [-104.87160898447749, 38.88038530713605], [-104.871684984511, 38.880532307151874], [-104.87178798455211, 38.880692307167585], [-104.87190098459861, 38.88087930718649], [-104.87214998468409, 38.881137307206416], [-104.87250198480741, 38.881525307237844], [-104.87302898501333, 38.88230030731232], [-104.87355998522298, 38.88310130739026], [-104.8737899853216, 38.88352030743422], [-104.87387798536346, 38.88371830745619], [-104.87392198539081, 38.88387630747573], [-104.87393998541164, 38.88403030749627], [-104.87390198545343, 38.884492307564145], [-104.87382398549197, 38.885011307642735], [-104.87388298552939, 38.885229307669704], [-104.87390398554274, 38.8853073076792], [-104.8740789856486, 38.88590930775274], [-104.87444198587856, 38.887250307918144], [-104.87451098592216, 38.887504307949506], [-104.87454598594425, 38.88763330796543], [-104.8746119859857, 38.88787430799518], [-104.87471198605172, 38.88826830804415], [-104.87477698609467, 38.88852430807605], [-104.8748599861492, 38.888850308116574], [-104.87491198619122, 38.88912530815198], [-104.87494998622104, 38.88931830817671], [-104.87500498627782, 38.88972230823023], [-104.87503998632315, 38.89006430827631], [-104.87506298636046, 38.89035730831608], [-104.87514198644314, 38.890948308394485], [-104.87514298644459, 38.89095930839593], [-104.87517398647233, 38.89114830842063], [-104.87524098653363, 38.8915693084757], [-104.87525598655935, 38.891773308503524], [-104.8752639866663, 38.89273630863905], [-104.87526798671745, 38.89319630870389], [-104.87526898672697, 38.89328130871576], [-104.87525198682913, 38.89425430885447], [-104.87522398687165, 38.89470230891963], [-104.87516398688513, 38.89495330895911], [-104.87506198689428, 38.895252309008214], [-104.87477298687786, 38.895711309092334], [-104.87457698685627, 38.8959283091361], [-104.87447898684314, 38.8960143091548], [-104.87422098680871, 38.8962433092043], [-104.87369098673533, 38.896689309302786], [-104.87359098672152, 38.89677430932137], [-104.87325798667537, 38.89705430938324], [-104.87308998665257, 38.897200309415105], [-104.87236398655459, 38.89783530955317], [-104.87225198653942, 38.89793230957441], [-104.87173698646993, 38.89838230967228], [-104.87160398645185, 38.898497309697284], [-104.87110898638507, 38.89893030979163], [-104.87085098635004, 38.899154309840384], [-104.87042198629214, 38.89952930992207], [-104.8700779862456, 38.899829309987396], [-104.86982098621102, 38.90005431003626], [-104.86980498620873, 38.90006731003919], [-104.86975698620222, 38.90010931004847], [-104.86974198620021, 38.90012331005132], [-104.86932698614426, 38.90048531013028], [-104.86927198613691, 38.90053431014082], [-104.86897898604943, 38.90035131013449], [-104.8695249861241, 38.89988331003191], [-104.86952098611437, 38.899802310020775], [-104.86926098597269, 38.89905330993223], [-104.86909298588161, 38.898573309875474], [-104.8686289856448, 38.8973833097381], [-104.86846998558669, 38.89718630972087], [-104.86847098553618, 38.89672130965517], [-104.8681309854572, 38.896715309676985], [-104.86743298529518, 38.89670430972192], [-104.86662498510873, 38.89670230977555], [-104.86612298499298, 38.89670130980874], [-104.86569198489363, 38.896700309837435], [-104.86440298459632, 38.8966973099228], [-104.86397298449715, 38.896696309951274], [-104.86311898430016, 38.896694310007895], [-104.86297698426714, 38.896691310017054], [-104.86197698403517, 38.89667731008158], [-104.86174798398201, 38.896674310096536], [-104.86158598394438, 38.89667131010686], [-104.85998998357407, 38.89664731020977], [-104.8590599833583, 38.89663431026986], [-104.85899498334327, 38.896633310274176], [-104.85892198332624, 38.896632310278825], [-104.85837398319987, 38.89663131031526], [-104.85661298279382, 38.89662831043214], [-104.85661798292077, 38.897781310594844], [-104.85661098296684, 38.89821831065719], [-104.85659498306883, 38.89918731079517], [-104.85652198307697, 38.89941531083232], [-104.85642398306712, 38.89953231085534], [-104.85631098305352, 38.89964631087898], [-104.8560959830274, 38.89986131092374], [-104.85594798300949, 38.9000093109545], [-104.85574298298474, 38.900216310997536], [-104.85552298295825, 38.90043731104346], [-104.85519198291836, 38.9007703111126], [-104.85466198285425, 38.90130331122332], [-104.85346298249485, 38.9005413111953], [-104.85401598256261, 38.89999431108116], [-104.85395198254005, 38.89992231107531], [-104.8538629825108, 38.899842311069904], [-104.8535709824217, 38.89964231106102], [-104.85352398240781, 38.89961431106018], [-104.85279398219105, 38.8991703110461], [-104.85251898211213, 38.89902731104429], [-104.85214598201436, 38.89891931105379], [-104.85190698195822, 38.89890931106839], [-104.85165598190487, 38.898950311090914], [-104.85124298182099, 38.89905531113325], [-104.85109098179052, 38.89909631114918], [-104.85120898184002, 38.89930131117026], [-104.85131298188021, 38.89944931118423], [-104.85137798190519, 38.8995413111929], [-104.85155798196757, 38.89973231120787], [-104.85183098205519, 38.89995931122173], [-104.85142898196129, 38.89994731124691], [-104.85133698194133, 38.899959311254655], [-104.85114598190025, 38.89998531127128], [-104.84989498161693, 38.90003131136102], [-104.84985498160786, 38.90003231136394], [-104.84936098149608, 38.90005131139951], [-104.84936298155546, 38.90059131147567], [-104.84938798164639, 38.90137231158443], [-104.84783998129245, 38.90139831169126], [-104.84782198140545, 38.90247131184434], [-104.84723198129348, 38.90269131191467], [-104.84598298101328, 38.902761312007904], [-104.84534998087791, 38.90285831206368], [-104.84392398054635, 38.90283231215503], [-104.84366898058741, 38.903747312301455], [-104.84289498041672, 38.90381731236305], [-104.8404049797343, 38.902823312388406], [-104.84035197968745, 38.902506312347], [-104.83825197906954, 38.90128031231347], [-104.8378649789708, 38.9011923123268], [-104.8372709788193, 38.901059312347556], [-104.83576097843397, 38.9007183124], [-104.83484797822406, 38.90072331246156], [-104.83453897815319, 38.90072631248247], [-104.83396397802112, 38.90073031252134], [-104.8330509778124, 38.90074731258452], [-104.83283997776394, 38.900749312598855], [-104.83213197761383, 38.90086831266296], [-104.83205997759846, 38.900880312669535], [-104.83194397757363, 38.90089731267968], [-104.83122797742578, 38.90105531274969], [-104.83112697740492, 38.90107731275952], [-104.83101397738156, 38.90110231277053], [-104.83100297737943, 38.90110531277179], [-104.83037297724836, 38.90123531283207], [-104.83015997720412, 38.90128031285261], [-104.83000997717429, 38.901324312868894], [-104.82985497714753, 38.9014063128909], [-104.82976897713404, 38.9014643129048], [-104.82965097711579, 38.90154631292412], [-104.82947397710066, 38.90178231296933], [-104.8292439770871, 38.90214331303572], [-104.8291239770671, 38.902213313053736], [-104.82895397703201, 38.902251313070394], [-104.82882897700465, 38.902264313080586], [-104.82876597699082, 38.90227131308581], [-104.82839597690237, 38.90224231310627], [-104.82861297690005, 38.90176231302396], [-104.8286689768987, 38.9016313130017], [-104.8291119768895, 38.90061131282783], [-104.82887397682866, 38.900556312835974], [-104.82853797674268, 38.9004783128473], [-104.8278599767779, 38.90223431314086], [-104.82768597678698, 38.902685313216324], [-104.8274389767977, 38.903305313320466], [-104.82679797681357, 38.904805313575466], [-104.82665197682157, 38.90518631363904], [-104.82650897682943, 38.90556031370152], [-104.82626497684262, 38.90619731380781], [-104.82622697684467, 38.9062963138244], [-104.82575197684467, 38.90729931399796], [-104.82509497682648, 38.90852131421466], [-104.82459097678824, 38.909235314349175], [-104.82400297672598, 38.909907314483426], [-104.82344197665633, 38.91045331459793], [-104.82298697659716, 38.910872314687545], [-104.82266397655187, 38.91113931474692], [-104.82235497650531, 38.91136631479962], [-104.82231597649965, 38.91139631480645], [-104.8222369764881, 38.91145731482042], [-104.8217539764173, 38.91183031490534], [-104.82130197635114, 38.912178314984665], [-104.8210739763162, 38.91233931502269], [-104.82094297629637, 38.912434315044905], [-104.82111697634785, 38.912538315047875], [-104.82107397634154, 38.912571315055494], [-104.8209479763234, 38.91267131507812], [-104.82090697631769, 38.91270531508564], [-104.82082497630586, 38.91277031510019], [-104.82065997628213, 38.91290131512973], [-104.82057697626963, 38.91296231514396], [-104.82049297625713, 38.91302531515854], [-104.82038797624125, 38.91310231517641], [-104.8200749761946, 38.91333531523015], [-104.82006597619338, 38.91334331523198], [-104.81997197617963, 38.91341531524837], [-104.81962597612875, 38.91368031530899], [-104.81910097605159, 38.91408331540094], [-104.8185829759744, 38.91446931549007], [-104.81831097593383, 38.91467331553705], [-104.81823797592374, 38.91473431555045], [-104.81790397587685, 38.91501031561186], [-104.81769697584976, 38.91519931565236], [-104.81742797581462, 38.91544631570524], [-104.81722097579191, 38.91567531575138], [-104.81694297575359, 38.915911315803314], [-104.81662397571557, 38.916236315870584], [-104.81612997567603, 38.916917315999896], [-104.81562297565094, 38.91775831615265], [-104.81520897566918, 38.91879931632744], [-104.81474397575002, 38.92052131660204], [-104.81473797575244, 38.920556316607474], [-104.81472097575993, 38.920661316623445], [-104.81471597576281, 38.920697316628825], [-104.81464697579372, 38.92112631669404], [-104.81443897588638, 38.922413316890065], [-104.81437097591774, 38.92284331695547], [-104.81435297592532, 38.92295131697185], [-104.81434897592752, 38.92297931697606], [-104.81430497595004, 38.92327831702132], [-104.81428897595825, 38.92338731703777], [-104.81419397600722, 38.92403631713598], [-104.81419197600775, 38.924045317137406], [-104.81409197607147, 38.92483931725636], [-104.81400697614725, 38.92571331738566], [-104.81396397617165, 38.926027317432826], [-104.81390297620719, 38.92648031750097], [-104.81387897622433, 38.92668731753188], [-104.813865976233, 38.92679431754784], [-104.81385597624094, 38.92688831756179], [-104.8138119762557, 38.92711631759702], [-104.81379797626093, 38.92719331760882], [-104.81379297626306, 38.92722331761337], [-104.81375397627855, 38.92744731764772], [-104.81368097630873, 38.92787831771348], [-104.8136489763282, 38.92812331775032], [-104.81362097634657, 38.92835031778424], [-104.81351597638425, 38.92891631787138], [-104.81347197641303, 38.92927231792463], [-104.81342797644223, 38.92963231797842], [-104.8131999765387, 38.9309963181866], [-104.81310897657086, 38.93148231826124], [-104.81301897661105, 38.932040318346345], [-104.81300797661648, 38.93211231835719], [-104.81288697665617, 38.932730318452634], [-104.81288197665967, 38.93277431845925], [-104.81286097667537, 38.93296131848714], [-104.81281597670699, 38.93334531854444], [-104.81277297675447, 38.93387031862141], [-104.81272397681158, 38.93449531871313], [-104.81272297685402, 38.934885318768444], [-104.81274097692877, 38.935531318858544], [-104.81280497703334, 38.936353318970475], [-104.81282897706666, 38.93660631900464], [-104.81283697707667, 38.93668131901468], [-104.81292797716576, 38.93730431909679], [-104.81296397719667, 38.937510319123504], [-104.8129889772255, 38.937721319151706], [-104.81303497727691, 38.93809431920134], [-104.81308897731786, 38.93835431923446], [-104.8131339773511, 38.93856331926094], [-104.81318697739081, 38.93881531929308], [-104.81319897740116, 38.938884319302076], [-104.8133229775068, 38.93958831939334], [-104.81336297754531, 38.9398563194285], [-104.81340297758267, 38.94011331946209], [-104.81341097759241, 38.940185319471844], [-104.81343497762087, 38.9403953194999], [-104.81349797769467, 38.94093631957219], [-104.81351597770956, 38.941034319584766], [-104.81355497774165, 38.941246319612276], [-104.8164389786473, 38.94344331973031], [-104.8187709793796, 38.94521931982571], [-104.82166098030017, 38.947539319960796], [-104.8238739809408, 38.94872831998087], [-104.82865198231892, 38.951250320018374], [-104.82899598242649, 38.95150832003187], [-104.83002798274939, 38.952283320072425], [-104.83023898281532, 38.95244132008062], [-104.83040598285224, 38.95242632006732], [-104.83115098305613, 38.95271932005908], [-104.83338598366787, 38.953599320034066], [-104.83345398368657, 38.95362632003328], [-104.83413098387187, 38.95389332002584], [-104.83432298392643, 38.95398632002621], [-104.8348989840901, 38.95426832002748], [-104.8350909841446, 38.95436232002786], [-104.83523598418196, 38.95439732002321], [-104.83567298429438, 38.95450332000906], [-104.83581898433196, 38.95453932000437], [-104.8362229844324, 38.954606319986844], [-104.83766798477053, 38.95465031989649], [-104.84251098590335, 38.954798319593856], [-104.84323098606984, 38.95480231954633], [-104.84508698649901, 38.95481431942412], [-104.84766298708941, 38.95478231924754], [-104.84788298714227, 38.954801319235486], [-104.84803098717789, 38.95481431922745], [-104.8499309876143, 38.95480031909848], [-104.8562749890716, 38.95475231866799], [-104.8563819890961, 38.954751318660584], [-104.85915198972482, 38.95466131846281], [-104.8617139903163, 38.95467031829294], [-104.86459199098186, 38.95469031810354], [-104.86672299147128, 38.95467431795881], [-104.8867289960967, 38.95481531664172], [-104.88722499621277, 38.95483231661114], [-104.88763499630366, 38.954798316578795], [-104.89162799721808, 38.95474831630499], [-104.89452499787988, 38.954698316104256], [-104.89593899820825, 38.954721316012936], [-104.8962659982841, 38.954726315991834], [-104.8961899999753, 38.970302318193745], [-104.89619800001616, 38.970658318243416], [-104.89620000005482, 38.97100631829232], [-104.89620000005647, 38.97102131829447], [-104.89620600008828, 38.97129831833309], [-104.89621500013826, 38.97173431839401], [-104.89653800020344, 38.97165031836054], [-104.89710400031893, 38.97151531830365], [-104.89719600033816, 38.97149731829489], [-104.8973580003725, 38.97147031828032], [-104.89757700042105, 38.971452318263054], [-104.89773900046045, 38.971471318254906], [-104.89785400048896, 38.971489318249816], [-104.89798100052306, 38.97153431824765], [-104.89848900066494, 38.97176031824539], [-104.89868500072399, 38.971886318250164], [-104.89880000075739, 38.97194931825142], [-104.8989390007962, 38.97201231825091], [-104.89907700083111, 38.97204031824561], [-104.89933100089264, 38.97206731823252], [-104.89938900090735, 38.97207931823025], [-104.89959500095962, 38.972123318222785], [-104.89971200098931, 38.97214831821842], [-104.8999890010621, 38.972230318211466], [-104.9001160010992, 38.97230231821305], [-104.90031200115828, 38.972428318217624], [-104.90041600118715, 38.972473318217006], [-104.90055400122277, 38.972509318212985], [-104.90075000127112, 38.97253731820386], [-104.90091200130942, 38.97254631819416], [-104.90107400134475, 38.97252831818089], [-104.90122400137427, 38.972483318164514], [-104.90132400139211, 38.972435318151], [-104.90143200141146, 38.972384318136605], [-104.90148200141947, 38.972353318128796], [-104.90153600142848, 38.9723213181207], [-104.90160700143994, 38.97227731810985], [-104.9017090014532, 38.97218331808978], [-104.90174400145705, 38.97214531808195], [-104.90180200146506, 38.97209631807122], [-104.90198700148686, 38.97190731803218], [-104.9020440014882, 38.971799318013126], [-104.90212600148138, 38.97156531797478], [-104.90221800148072, 38.971366317940436], [-104.90228800147806, 38.97119531791176], [-104.90249600148941, 38.970862317850866], [-104.90272700150697, 38.97053831778977], [-104.9028000015128, 38.97043731777061], [-104.90303900153143, 38.97010531770785], [-104.90335100157762, 38.96987131765402], [-104.90365700162481, 38.9696593176035], [-104.90375600164029, 38.969592317587455], [-104.9039180016687, 38.969511317565214], [-104.90405600169356, 38.969448317547204], [-104.90416000171453, 38.96942131753634], [-104.90425200173478, 38.969412317528885], [-104.90433300175452, 38.969422317525016], [-104.90443700178238, 38.969458317523056], [-104.90449500179872, 38.96948531752292], [-104.90454100181431, 38.96953031752617], [-104.90467900186289, 38.969683317538575], [-104.90485200193449, 38.969972317567645], [-104.90493300196485, 38.970080317577526], [-104.90499000198497, 38.97014331758266], [-104.90505900200685, 38.970197317585686], [-104.90512900202691, 38.97023331758606], [-104.90518600204194, 38.97025131758467], [-104.90527900206241, 38.970242317577316], [-104.90532500207202, 38.97023331757294], [-104.9054170020853, 38.970161317556524], [-104.90554400210074, 38.97003531753031], [-104.90562500210461, 38.96990031750591], [-104.90583400208358, 38.969270317402994], [-104.90584600207946, 38.969207317393476], [-104.90588000207529, 38.96909831737565], [-104.90596100208015, 38.96897231735256], [-104.90601900208551, 38.968900317338594], [-104.90607700209493, 38.968864317329675], [-104.90621600212306, 38.96882831731517], [-104.90719700234118, 38.96875731723953], [-104.907335002373, 38.96875731723029], [-104.9074280023974, 38.96878431722799], [-104.9075550024316, 38.96882931722585], [-104.90763500245394, 38.96886531722548], [-104.9077050024761, 38.96892031722852], [-104.90782000251636, 38.96904631723868], [-104.90788900253818, 38.9691003172417], [-104.90793500255766, 38.96918131725001], [-104.90795800257487, 38.96928931726376], [-104.90799200260749, 38.96951531729322], [-104.90808400267814, 38.96996531735058], [-104.90810700269817, 38.97010031736806], [-104.90810700272552, 38.97034931740317], [-104.90810700272893, 38.97038031740747], [-104.90809500276477, 38.97073131745782], [-104.90810600277611, 38.970812317468464], [-104.90824400282683, 38.9709843174835], [-104.90830200284614, 38.97103831748722], [-104.90839400287315, 38.97109231748871], [-104.90849800290015, 38.97111931748549], [-104.9086370029332, 38.9711283174775], [-104.90872900295427, 38.97112831747135], [-104.90891400299401, 38.97110131745522], [-104.90909900303254, 38.97106531743762], [-104.90944500310059, 38.97095831739944], [-104.90953700311682, 38.97091331738694], [-104.90968800314168, 38.97082331736416], [-104.90988400317602, 38.9707243173371], [-104.90997600319123, 38.97067031732331], [-104.91009200321504, 38.970643317311804], [-104.91021900324333, 38.970634317302], [-104.91035700327504, 38.97063431729278], [-104.91043800329564, 38.97065231728998], [-104.91052200332257, 38.970721317293886], [-104.91062300335516, 38.97080531729899], [-104.91091100345415, 38.971103317321905], [-104.91115600352464, 38.971231317323515], [-104.9112940035592, 38.97125631731774], [-104.91140100358585, 38.97127531731337], [-104.91148800360595, 38.971275317307544], [-104.91160300363138, 38.97126631729856], [-104.91168400364802, 38.97124831729054], [-104.91175300365941, 38.9712063172801], [-104.91178200366421, 38.97118931727575], [-104.9118210036679, 38.97114131726633], [-104.91189000367197, 38.97103431724667], [-104.91190900366855, 38.97096231723514], [-104.91191500366762, 38.97094131723183], [-104.91196200366757, 38.97084231721471], [-104.9119760036683, 38.97082031721078], [-104.91200800367025, 38.97077031720154], [-104.91205400367575, 38.97072431719192], [-104.91208900368004, 38.97068931718475], [-104.91218100369518, 38.970635317170945], [-104.91221900370265, 38.970622317166594], [-104.91228500371525, 38.970599317158765], [-104.91237800373474, 38.97058131715016], [-104.91248200375861, 38.97058131714322], [-104.91265500380254, 38.97061831713689], [-104.91404000414346, 38.97081731707221], [-104.91417800417818, 38.97084431706673], [-104.91428200420508, 38.97087131706366], [-104.91436300422568, 38.97088931706068], [-104.91446800425202, 38.97090931705649], [-104.91459600428162, 38.97091031704818], [-104.91482100433458, 38.97092031703444], [-104.91503900438809, 38.970950317024126], [-104.91544900448251, 38.97095031699669], [-104.91577600455669, 38.97094031697343], [-104.91589800458269, 38.97092131696247], [-104.91600100460155, 38.97087631694923], [-104.91620600463281, 38.97073131691516], [-104.91630200465107, 38.97069631690372], [-104.91641000467322, 38.97067131689304], [-104.91647600468667, 38.97065631688654], [-104.91653300469437, 38.97060631687564], [-104.91663700470265, 38.97046331684855], [-104.91682200471746, 38.970210316800575], [-104.91691200473434, 38.97017531678954], [-104.91699600475263, 38.970165316782605], [-104.91811100503364, 38.97038631673894], [-104.91861800515764, 38.970452316714486], [-104.91977200542509, 38.970468316639426], [-104.92020800553271, 38.97053331661941], [-104.92034900556999, 38.97057831661634], [-104.92048400560168, 38.970583316608035], [-104.92064400563743, 38.970573316595996], [-104.92081100567258, 38.97054331658045], [-104.92091100569536, 38.970540316573405], [-104.92094000570185, 38.97053931657126], [-104.92108700574056, 38.97058431656777], [-104.92131100580538, 38.97070431656968], [-104.92145200585003, 38.97081431657574], [-104.92158700589263, 38.97091931658152], [-104.92167700591621, 38.970945316579176], [-104.92172800592789, 38.97094531657576], [-104.92181800594588, 38.970920316566286], [-104.92191400596417, 38.97088531655489], [-104.9220360059912, 38.970875316545346], [-104.92217700602575, 38.97089531653879], [-104.92244600609548, 38.9709653165306], [-104.92266400615608, 38.971060316529446], [-104.92285600621025, 38.9711513165293], [-104.92328600634006, 38.97143131654007], [-104.92367700646648, 38.97176231656058], [-104.92385600652082, 38.97188231656548], [-104.92401000656393, 38.971952316564995], [-104.92412500659228, 38.97196831655962], [-104.92431200663417, 38.971958316545596], [-104.92435000664254, 38.97195531654277], [-104.9247090067218, 38.97192331651419], [-104.92499800678667, 38.97190831649277], [-104.92653700714057, 38.971904316389235], [-104.9269800072415, 38.97189431635808], [-104.92780700741275, 38.971720316278216], [-104.9287310076052, 38.97153531619028], [-104.92925100771673, 38.97146031614491], [-104.92935900774327, 38.97147531613977], [-104.92943000776283, 38.97150531613928], [-104.92953300779487, 38.97158031614293], [-104.92962200782426, 38.97166131614853], [-104.92969900785076, 38.97174131615467], [-104.9297600078771, 38.971854316166464], [-104.92987200792574, 38.972061316188004], [-104.92992300794285, 38.97211131619168], [-104.929987007961, 38.97214131619166], [-104.93010300799051, 38.97216731618754], [-104.93020500801516, 38.97217731618211], [-104.93039800805957, 38.972177316169194], [-104.93112300822922, 38.972202316124296], [-104.93140500829034, 38.97216731610041], [-104.93170000835056, 38.972097316070865], [-104.9318920083887, 38.97204231605017], [-104.93211000842793, 38.9719423160216], [-104.9323290084597, 38.97177231598296], [-104.93262400849356, 38.97146231591946], [-104.9327460085068, 38.97132731589227], [-104.93291900853566, 38.971227315866685], [-104.93308000856779, 38.97118231584958], [-104.93342200864545, 38.97117331582539], [-104.93343900864969, 38.97117531582454], [-104.93368000870896, 38.97121031581336], [-104.93383300874919, 38.971255315809465], [-104.9343480088844, 38.97140731579637], [-104.93552100919474, 38.9717743157696], [-104.9356840092394, 38.97183931576786], [-104.93568300921226, 38.971594315733405], [-104.93566600879066, 38.96779031519864], [-104.93565800866544, 38.9666663150407], [-104.93560800786943, 38.959519314036946], [-104.93560000773337, 38.95829631386515], [-104.93555500701979, 38.95188531296453], [-104.93552100647173, 38.94695831227225], [-104.93551700637886, 38.94611931215431], [-104.93550200606295, 38.94326831175333], [-104.93546200515115, 38.93503131059438], [-104.93544800483821, 38.932202310196445], [-104.93543000443015, 38.928513309677435], [-104.93542300417596, 38.92620630935243], [-104.93540500351692, 38.920221308509355], [-104.93540400347108, 38.919804308450495], [-104.93540300341405, 38.91928530837741], [-104.93539900316078, 38.91697830805209], [-104.93537300315613, 38.9169903080556], [-104.93506000310218, 38.91715630809985], [-104.93482600306689, 38.91732530813939], [-104.93460500303368, 38.91748730817693], [-104.93451200301709, 38.91753130818942], [-104.93444500300305, 38.91754330819555], [-104.9343370029784, 38.91754630820322], [-104.93422100294913, 38.91752230820754], [-104.93416200293308, 38.91749930820829], [-104.9341280029221, 38.91747030820636], [-104.9341060029135, 38.917438308203344], [-104.93408700290435, 38.91739430819851], [-104.93408300289927, 38.91735630819329], [-104.93408700289221, 38.91728330818274], [-104.9341020028919, 38.91724930817696], [-104.93411700289175, 38.9172163081714], [-104.93414000289296, 38.91717930816461], [-104.93425100291299, 38.917129308150116], [-104.93444900295101, 38.91705930812709], [-104.93473600300888, 38.91698430809718], [-104.93491900303852, 38.916870308068994], [-104.93497300304519, 38.91681830805801], [-104.93504500305443, 38.916751308043764], [-104.93518700306483, 38.91654730800549], [-104.93533300307932, 38.916373307971185], [-104.93539900308686, 38.916302307956705], [-104.93542200308934, 38.91627730795172], [-104.93550400310063, 38.916207307936254], [-104.93556400311124, 38.916178307928284], [-104.93563800312727, 38.91616930792205], [-104.93583300317366, 38.91618230791083], [-104.93585800317956, 38.91618430790943], [-104.93600000321742, 38.9162313079066], [-104.9362830032864, 38.91626630789267], [-104.9363910033118, 38.91627230788627], [-104.93643600332025, 38.916254307880834], [-104.9364620033241, 38.91623430787621], [-104.93646900332148, 38.91619630787049]]]}, "properties": {"zip": "80919", "name": "ZIP 80919"}, "id": "80919"}, {"type": "Feature", "geometry": {"type": "Polygon", "coordinates": [[[-104.77409996296115, 38.88924231488074], [-104.77400996292697, 38.889119314869426], [-104.77278696246306, 38.88745231471447], [-104.77270196243092, 38.88733731470389], [-104.77243496232975, 38.886973314669966], [-104.77209196221375, 38.886635314645], [-104.77174596209521, 38.886279314617624], [-104.77147096199272, 38.885921314585055], [-104.77123696190465, 38.88560831455627], [-104.77103396183232, 38.88537431453661], [-104.77099896181609, 38.88530031452837], [-104.77096596180078, 38.88522931452068], [-104.77092496177292, 38.88506031449931], [-104.77091396175106, 38.884883314475054], [-104.77096796173558, 38.88462631443495], [-104.771021961724, 38.88440531440021], [-104.77106396170572, 38.884148314360836], [-104.77113696169226, 38.88387031431672], [-104.77118696168584, 38.88370531428985], [-104.77124796168822, 38.883598314270614], [-104.7712969616877, 38.883489314251946], [-104.7713129616766, 38.88335331423173], [-104.77128696165607, 38.88322031421443], [-104.77118596159293, 38.8828543141694], [-104.77093096146258, 38.88219731409325], [-104.77073196134708, 38.88155831401594], [-104.77060496128406, 38.88124831398038], [-104.77034596117244, 38.880772313930194], [-104.7701119610859, 38.88047331390334], [-104.7696669609432, 38.88010631388092], [-104.76932396085017, 38.87997831388564], [-104.76912396079395, 38.87988631388579], [-104.76901396076406, 38.87984431388722], [-104.76894196074134, 38.87978831388402], [-104.76891196072867, 38.879735313878584], [-104.76888996071418, 38.879649313867844], [-104.76886196070205, 38.87959831386231], [-104.76825196053207, 38.87932931386493], [-104.7680489604695, 38.87918431385772], [-104.76793096043119, 38.8790823138512], [-104.76789996041768, 38.879025313845105], [-104.76787396040532, 38.878965313838364], [-104.76787796040126, 38.878920313831706], [-104.76791996040347, 38.87885131381909], [-104.76795996040906, 38.8788183138119], [-104.76804696042457, 38.878776313800195], [-104.76813096044039, 38.878743313789904], [-104.7682239604571, 38.87869931377737], [-104.76826996046118, 38.87863931376584], [-104.76830096045298, 38.8784983137438], [-104.76828596044008, 38.87841131373241], [-104.76824096040814, 38.87821331370726], [-104.76812296034751, 38.87790731367181], [-104.76808096033095, 38.877844313665605], [-104.76796196028641, 38.87768731365143], [-104.76791996026893, 38.87761531364393], [-104.76785196023562, 38.8774533136256], [-104.76766796018754, 38.87740231363044], [-104.76743796012693, 38.87733231363589], [-104.76694695999608, 38.877172313645815], [-104.76682095996357, 38.87713931364959], [-104.76669795993374, 38.87712731365598], [-104.76659795991178, 38.877136313663925], [-104.7663749598683, 38.877210313689304], [-104.76621395983376, 38.87723431370346], [-104.76607995980409, 38.877246313713975], [-104.76596795977753, 38.877239313720416], [-104.76592595976621, 38.87722431372111], [-104.76588395975355, 38.87719731372014], [-104.7658569597425, 38.87715231371555], [-104.7658579597362, 38.87709231370696], [-104.76588495973589, 38.8770323136967], [-104.76595795974494, 38.876961313681726], [-104.76604195975422, 38.87686831366291], [-104.76606195974747, 38.876763313646734], [-104.76606595974152, 38.87670031363748], [-104.76604295972898, 38.87663431362967], [-104.76599395971012, 38.87656531362311], [-104.76593995969223, 38.876514313619545], [-104.76587495966949, 38.876444313614], [-104.7658139596454, 38.87635131360483], [-104.76571095959608, 38.87611731357852], [-104.76569695957073, 38.87591331355047], [-104.76570895954698, 38.87567031351522], [-104.76575195952763, 38.87540131347433], [-104.76583695952377, 38.87518531343797], [-104.76583395950459, 38.87501531341404], [-104.76577695948002, 38.87491031340293], [-104.7656269594308, 38.874776313394015], [-104.76521795931382, 38.87456831339158], [-104.76483995920046, 38.87432831338271], [-104.76465895914762, 38.874226313380355], [-104.76433795903799, 38.873900313355506], [-104.76403995893115, 38.87355031332549], [-104.76358295875858, 38.87293331326851], [-104.76352295873139, 38.87281031325504], [-104.76349295870783, 38.87265731323544], [-104.76351095870868, 38.87262731322985], [-104.76357495871297, 38.872531313211994], [-104.76376895872963, 38.872272313162455], [-104.76400695875428, 38.87199431310711], [-104.76400495874599, 38.87192231309711], [-104.76395595871648, 38.871754313076515], [-104.76388395868652, 38.87163231306402], [-104.76371695862872, 38.871455313049964], [-104.76310895842198, 38.87084431300379], [-104.76210295807701, 38.86980731292362], [-104.76190495800269, 38.86954431289941], [-104.76182995796856, 38.86939031288261], [-104.76179095793087, 38.86912631284773], [-104.76179495787056, 38.86856331276758], [-104.76179895783716, 38.868247312722666], [-104.76175595782375, 38.86821531272083], [-104.76173295781524, 38.86818531271806], [-104.7617249578016, 38.86807731270344], [-104.76173495777904, 38.86784831267015], [-104.76126995767139, 38.867845312700744], [-104.7606909575384, 38.867851312740065], [-104.75984095734124, 38.86784231279525], [-104.7595209572676, 38.867844312816786], [-104.75863595706397, 38.86785031287639], [-104.75723895674116, 38.86784631296875], [-104.75702295669126, 38.86784531298301], [-104.75672895662312, 38.867843313002275], [-104.75667895661161, 38.8678433130056], [-104.75636095653897, 38.867850313027596], [-104.75606295647086, 38.8678563130484], [-104.75584995642188, 38.86785831306284], [-104.75555695635481, 38.86786331308306], [-104.7553529563076, 38.86786231309644], [-104.75474095616605, 38.867859313136584], [-104.75453795611908, 38.86785931315008], [-104.75439695608665, 38.86785931315945], [-104.75437795608221, 38.8678593131607], [-104.75432695622438, 38.8692743133648], [-104.75427695622928, 38.86942531338961], [-104.75413695621279, 38.86957131341965], [-104.75383195616647, 38.86979231347121], [-104.75371695614932, 38.86987931349116], [-104.75341595609875, 38.87005331353587], [-104.75258895596397, 38.87056931366409], [-104.75223195590591, 38.870792313719384], [-104.75203095587484, 38.87093331375268], [-104.75177395583528, 38.871115313795734], [-104.75173495582932, 38.87114331380229], [-104.75125095575837, 38.87151831388761], [-104.75108795573466, 38.871646313916514], [-104.75076395571276, 38.872132314007054], [-104.7506969557123, 38.872270314031134], [-104.75053995571203, 38.87260031408835], [-104.75043695571715, 38.87286631413287], [-104.75020895572327, 38.87340631422473], [-104.75015495572, 38.87349131424028], [-104.74986995570418, 38.873950314324304], [-104.74979995570028, 38.87406331434509], [-104.74957295567062, 38.8742723143897], [-104.7494379556313, 38.87419731438806], [-104.7494079556233, 38.87418731438871], [-104.74910995554364, 38.87408731439425], [-104.74886895548407, 38.8740513144052], [-104.74868595543902, 38.874025314413636], [-104.74852395539968, 38.874007314421945], [-104.74848495539021, 38.87400331442403], [-104.74803695528723, 38.8740083144544], [-104.74787495525005, 38.87401031446545], [-104.74787395522786, 38.873808314436815], [-104.74787395517434, 38.87331631436718], [-104.74787395516215, 38.8732043143513], [-104.74787495514052, 38.87300331432261], [-104.74787695511753, 38.87278731429186], [-104.74788495504914, 38.87214131419973], [-104.74788795502646, 38.871926314169016], [-104.7478909550092, 38.871761314145424], [-104.74790195495794, 38.871266314074376], [-104.747905954941, 38.87110231405096], [-104.74790695492753, 38.87097631403288], [-104.74791295488795, 38.87059931397911], [-104.74791495487482, 38.87047431396122], [-104.74791495486123, 38.8703493139434], [-104.74791895482161, 38.86997731389051], [-104.74791995480837, 38.86985331387289], [-104.74729395466537, 38.86986731391639], [-104.74705295460979, 38.86986731393241], [-104.74690795457589, 38.86986331394152], [-104.74674195453161, 38.86980831394461], [-104.74537495411032, 38.86883731389783], [-104.74296395367145, 38.869919314211565], [-104.74223195350989, 38.8699873142698], [-104.74114095329104, 38.87029131438557], [-104.74063895307013, 38.869325314281866], [-104.73990595284907, 38.86884831426286], [-104.73939695273164, 38.86884931429676], [-104.73928495270562, 38.868847314303935], [-104.73928495269877, 38.8687843142951], [-104.73928095266014, 38.86843731424602], [-104.73926895265411, 38.8684083142428], [-104.73927795265037, 38.868354314234494], [-104.73914395260704, 38.868240314227215], [-104.73874195247741, 38.86790131420583], [-104.73860795243412, 38.86778831419859], [-104.73841195239513, 38.867845314219785], [-104.73838695238962, 38.86784831422175], [-104.73810795233013, 38.86789331424668], [-104.73770295223837, 38.867909314275934], [-104.73754395220229, 38.86791631428759], [-104.73747495218643, 38.86791631429216], [-104.73711095210246, 38.86791631431636], [-104.7360189518504, 38.86791731438894], [-104.7356559517667, 38.86791831441326], [-104.73481395157184, 38.867914314468685], [-104.73317495119285, 38.867909314576785], [-104.73229095098924, 38.86791331463608], [-104.73144995079562, 38.867918314692716], [-104.73104595070288, 38.867923314720194], [-104.73093495067728, 38.867924314727766], [-104.73093495068827, 38.868025314742134], [-104.73093495071359, 38.868258314775105], [-104.73100295076763, 38.86861031482069], [-104.73090095076209, 38.86877631485089], [-104.73048795069697, 38.86905431491789], [-104.73012895059395, 38.86886931491549], [-104.7299359505242, 38.86863831489537], [-104.72993395045732, 38.86802731480893], [-104.7299329504461, 38.86792631479462], [-104.72983495042355, 38.86792631480113], [-104.72943195033022, 38.86792431482762], [-104.72896295022166, 38.86792131485832], [-104.72896395023655, 38.86805731487761], [-104.72896795033873, 38.86898731500936], [-104.72810795011705, 38.868775315036444], [-104.72789595004666, 38.86857831502243], [-104.72777694997102, 38.86813531496756], [-104.72773494994718, 38.86800531495183], [-104.72749594989583, 38.8680403149727], [-104.72717294982964, 38.86811731500507], [-104.72708394981105, 38.8681353150136], [-104.72679994975543, 38.86822831504555], [-104.72668994973411, 38.86826531505819], [-104.72625794965518, 38.868456315113974], [-104.72591794959514, 38.86862631516071], [-104.72574694956684, 38.86872931518673], [-104.72559794954223, 38.86882031520958], [-104.72542494951618, 38.86894731523911], [-104.7253369495027, 38.86901031525381], [-104.7251839494796, 38.86912331528014], [-104.72508294946613, 38.869213315299625], [-104.72500294945557, 38.869286315315264], [-104.72479694942835, 38.86947331535532], [-104.72477694942579, 38.86949231535952], [-104.72417494935159, 38.87008931548427], [-104.72412294934499, 38.87013831549462], [-104.72390394931766, 38.870352315539506], [-104.72364994928562, 38.870597315591176], [-104.72295994919882, 38.87126431573165], [-104.72288094918711, 38.871324315745376], [-104.72260194914608, 38.87154031579471], [-104.72265894916563, 38.87159831579912], [-104.72274594919357, 38.87167031580348], [-104.72277694920473, 38.87170731580672], [-104.7229879492804, 38.87195531582781], [-104.72304794930851, 38.87208731584262], [-104.72310794934994, 38.872340315874546], [-104.72316494938897, 38.87257731590448], [-104.72317794941068, 38.87275031592807], [-104.72321794947655, 38.873270315999264], [-104.72323194949865, 38.873444316023026], [-104.72324094953056, 38.87371831606125], [-104.72325594957624, 38.874106316115416], [-104.72323294961808, 38.87454031617841], [-104.7232199496449, 38.874815316218296], [-104.72321394965877, 38.87495431623857], [-104.7232119496644, 38.87501031624647], [-104.72323294970856, 38.87537231629654], [-104.7232419497259, 38.87551231631586], [-104.72329694977617, 38.87585731636114], [-104.72331194978977, 38.87595131637343], [-104.72338794985296, 38.876370316427845], [-104.72342694988482, 38.876581316455294], [-104.72349194993352, 38.87689031649479], [-104.72356494998768, 38.8772333165386], [-104.7233029499296, 38.87725531655913], [-104.72297894985891, 38.877294316586266], [-104.72282594982558, 38.87731231659884], [-104.72260494977759, 38.877340316617534], [-104.7222999497102, 38.87736931664203], [-104.72202894964991, 38.8773893166627], [-104.72187194961332, 38.87738631667283], [-104.72121794946227, 38.87738731671638], [-104.72080594936648, 38.87738131674293], [-104.72060194931956, 38.877382316756695], [-104.72006894919686, 38.87738631679267], [-104.71985994914883, 38.877388316806844], [-104.71983894919363, 38.87784431687282], [-104.71982894931486, 38.878980317034724], [-104.71980994958098, 38.881467317389], [-104.7198369496982, 38.88248631753173], [-104.7198079498296, 38.88375631771394], [-104.71978894992337, 38.884657317843], [-104.71977394999514, 38.88534931794224], [-104.71976395005244, 38.885897318020696], [-104.71975995017323, 38.88701531817956], [-104.71975895021833, 38.8874323182388], [-104.71976295037705, 38.88888131844392], [-104.71974395062632, 38.89121031877572], [-104.71976495064675, 38.891353318794536], [-104.71975395071604, 38.89201331888899], [-104.71975095073529, 38.89219631891521], [-104.71974795075496, 38.892383318941754], [-104.71974195079437, 38.892758318995476], [-104.71974395087526, 38.89349631909999], [-104.71974495089553, 38.893680319125956], [-104.7197439509175, 38.89388431915501], [-104.71972395097572, 38.89446231923835], [-104.71970095103696, 38.8950723193264], [-104.71970095104, 38.8951003193304], [-104.71969095121078, 38.89669031955652], [-104.71961395147191, 38.89925031992482], [-104.71960495150532, 38.89957631997162], [-104.71959795162009, 38.90064432012363], [-104.7195829518408, 38.90270132041624], [-104.71957095203702, 38.904527320676024], [-104.71953395223626, 38.90643332094874], [-104.7195199523466, 38.90747532109752], [-104.71951495243141, 38.9082633212096], [-104.71951195249747, 38.90887532129657], [-104.71950795257695, 38.90961332140144], [-104.71950595263559, 38.910155321478356], [-104.71950595264583, 38.91024932149178], [-104.71950295271974, 38.910933321588885], [-104.71971295276823, 38.91093332157492], [-104.72037595292184, 38.91093732153134], [-104.72046195294185, 38.910938321525855], [-104.72146695317515, 38.91095032146059], [-104.72180795325626, 38.910970321440786], [-104.72208095332249, 38.910999321426644], [-104.72252395343574, 38.911100321411446], [-104.72287395352801, 38.91120432140298], [-104.72309195358721, 38.911286321399935], [-104.72326295363868, 38.91139632140422], [-104.72360195374102, 38.9116163214129], [-104.7238629538189, 38.91177732141835], [-104.7240879538826, 38.91188432141854], [-104.72415295390093, 38.91191532141866], [-104.72442995397728, 38.91202932141625], [-104.72445695398439, 38.91203632141549], [-104.72470795404955, 38.91210232140826], [-104.72496995411412, 38.91213932139591], [-104.72553795424739, 38.9121583213608], [-104.72564595427218, 38.91215732135354], [-104.72579095430561, 38.91215632134368], [-104.72604595436215, 38.912134321323705], [-104.72626395441033, 38.91211532130637], [-104.72657995447324, 38.91202232127226], [-104.72698495455161, 38.9118833212256], [-104.7271479545827, 38.91182332120613], [-104.72726895460595, 38.91178032119196], [-104.72749695465222, 38.9117213211685], [-104.7279549547522, 38.91166832113054], [-104.7281599547995, 38.911667321116695], [-104.72995895521427, 38.91166032099589], [-104.73051195534985, 38.911733320969404], [-104.73057195536559, 38.911750320967776], [-104.73078595542212, 38.9118153209628], [-104.73105695549765, 38.91193432096172], [-104.73161595565867, 38.91222632096591], [-104.73187095573203, 38.91235932096774], [-104.73207795579168, 38.912467320969334], [-104.73263095595198, 38.91276732097501], [-104.7328839560255, 38.9129053209776], [-104.73304995607255, 38.912984320977884], [-104.73309795608608, 38.9130073209779], [-104.73352995619834, 38.91312132096529], [-104.73352495620007, 38.91314832096936], [-104.73350395620162, 38.91320632097903], [-104.73372495626036, 38.913277320974366], [-104.73375895625868, 38.91319032095987], [-104.73380495625709, 38.91307832094087], [-104.73398395626685, 38.91278832088785], [-104.73423195628726, 38.91245032082337], [-104.73443395630703, 38.91220432077511], [-104.73492595635555, 38.911607320657716], [-104.73530995638009, 38.91101932054881], [-104.73559195639699, 38.91057632046723], [-104.73584395641198, 38.91018132039445], [-104.73642195643959, 38.90921032021844], [-104.73664795645072, 38.90883332014992], [-104.73702495646583, 38.90817332003132], [-104.73729795647702, 38.907697319945584], [-104.73811795651088, 38.906271319689004], [-104.73839195652229, 38.905796319603375], [-104.73864395653054, 38.905338319521654], [-104.73874795653413, 38.90515031948816], [-104.73907695654704, 38.90457231938425], [-104.73930795656169, 38.904217319318484], [-104.73948095657997, 38.90401831927887], [-104.7394959565817, 38.90400231927547], [-104.73971295660958, 38.903798319232116], [-104.73986495663021, 38.90366531920319], [-104.74000995665062, 38.903546319176755], [-104.74021295667968, 38.903382319139965], [-104.7404429567113, 38.903185319096764], [-104.74058595673117, 38.90306431907], [-104.7406659567422, 38.902996319055106], [-104.7409059567754, 38.90279231901021], [-104.74098595678643, 38.902724318995304], [-104.74120995681723, 38.90253331895335], [-104.74155995686563, 38.90223531888765], [-104.74188395691067, 38.901962318827515], [-104.74204395693306, 38.90182931879783], [-104.74210995694199, 38.90177031878517], [-104.74213795694588, 38.90174731878011], [-104.74225095696261, 38.901660318760186], [-104.7423779569802, 38.9015543187368], [-104.74257795700844, 38.90138831869994], [-104.74294395705826, 38.90107031863044], [-104.74332195710959, 38.900740318558555], [-104.74340295712062, 38.90067031854313], [-104.74449095727584, 38.899789318345945], [-104.74488195733174, 38.89947431827534], [-104.74528995739013, 38.89914631820156], [-104.74621295752253, 38.8984053180351], [-104.74651095756445, 38.898158317980254], [-104.74691495762139, 38.89782531790632], [-104.74709895764737, 38.89767331787235], [-104.74745795769805, 38.89737731780655], [-104.74765095772513, 38.897217317771094], [-104.7478349577511, 38.89706531773734], [-104.7476779577009, 38.89693831772978], [-104.74775195771078, 38.8968713177153], [-104.74807695775756, 38.89661231765704], [-104.74814995776809, 38.89655431764393], [-104.74879995786178, 38.896037317527295], [-104.74883895786742, 38.896006317520374], [-104.748804957856, 38.895973317517864], [-104.74878195784824, 38.895950317516196], [-104.7487409578343, 38.89590931751311], [-104.7486739578113, 38.89584131750797], [-104.74852895775689, 38.89564831749031], [-104.74846795772312, 38.89546831746867], [-104.74846695772104, 38.895451317466375], [-104.74846295769909, 38.895258317439314], [-104.74852495769768, 38.89511331741472], [-104.74866895771744, 38.894990317387595], [-104.74868995772039, 38.89497231738375], [-104.74889195775079, 38.894823317349115], [-104.74894495775838, 38.89478031733949], [-104.74959795785372, 38.894272317224114], [-104.74961895785646, 38.894252317219824], [-104.7498899578913, 38.893998317165746], [-104.7499289578964, 38.89396231715809], [-104.75031795795061, 38.89363531708581], [-104.750749958011, 38.89327431700584], [-104.75092095803492, 38.8931323169743], [-104.75102395804701, 38.8930243169523], [-104.7510609580515, 38.892987316944506], [-104.75108895805532, 38.892963316939245], [-104.7511639580656, 38.89289931692517], [-104.75145095810593, 38.89266031687218], [-104.75169095813989, 38.89246331682833], [-104.75174695814746, 38.89241531681774], [-104.75191895817171, 38.8922733167863], [-104.75197595817984, 38.89222631677586], [-104.75199095818441, 38.892236316776255], [-104.7520369581984, 38.89226731677761], [-104.75205295820327, 38.89227831677797], [-104.75221495825251, 38.892387316782774], [-104.75270095840074, 38.892717316797174], [-104.7527129584044, 38.892726316797685], [-104.7543149586259, 38.89136431649794], [-104.75474295869137, 38.89105831642619], [-104.75510995875734, 38.89088631637736], [-104.755377958815, 38.89084831635402], [-104.75570995888654, 38.89080131632532], [-104.75685895914614, 38.890749316241475], [-104.75709295919894, 38.89073831622448], [-104.75708395915163, 38.89032331616617], [-104.75708195913516, 38.89017631614538], [-104.75783195929355, 38.890040316076316], [-104.75786395930038, 38.89003531607346], [-104.75890995952132, 38.88984831597736], [-104.75996295974223, 38.889644315878336], [-104.76008395977024, 38.889644315870285], [-104.76034795983114, 38.889644315852706], [-104.76084695994444, 38.889627315817144], [-104.7610079599816, 38.88962731580644], [-104.76148996009321, 38.88963031577485], [-104.7616519601307, 38.88963131576415], [-104.76274196038318, 38.88963931569286], [-104.76299996044287, 38.889641315675966], [-104.76369096060297, 38.889646315630586], [-104.76425596073375, 38.88965031559354], [-104.76490996088573, 38.889659315551334], [-104.76532796098765, 38.88971031553075], [-104.76570796108638, 38.88981131551992], [-104.76597996115912, 38.8899023155146], [-104.76604896117755, 38.889925315513274], [-104.7663219612542, 38.89005131551304], [-104.76647396129829, 38.890133315514404], [-104.76660996134298, 38.89025531552261], [-104.76665396136303, 38.89034631553268], [-104.76668096138027, 38.89044731554518], [-104.766700961393, 38.89052231555446], [-104.76670296140219, 38.890601315565675], [-104.76758396158664, 38.89042931548264], [-104.76780896163395, 38.890386315461576], [-104.77023596214644, 38.88995031523832], [-104.77112096233351, 38.889792315156924], [-104.77160296243535, 38.88970531511258], [-104.77281796269199, 38.88948731500076], [-104.77305196274149, 38.889446314979374], [-104.7735349628435, 38.88936031493522], [-104.77364796286741, 38.8893393149246], [-104.77366496287107, 38.88933731492318], [-104.7739869629377, 38.88926631489164], [-104.77409996296115, 38.88924231488074]]]}, "properties": {"zip": "80917", "name": "ZIP 80917"}, "id": "80917"}, {"type": "Feature", "geometry": {"type": "Polygon", "coordinates": [[[-104.83616297007056, 38.82299730136652], [-104.83613897000954, 38.822485301295636], [-104.83613096997128, 38.82214930124845], [-104.83602196989153, 38.82164530118427], [-104.83584396980122, 38.82119130113184], [-104.83548896966268, 38.82066730108108], [-104.83521196955917, 38.820302301047725], [-104.834599969356, 38.81972930100713], [-104.83260396872465, 38.81814830091534], [-104.83107296825085, 38.81703230085873], [-104.83000896793698, 38.81639930083962], [-104.82923596772098, 38.816049300841264], [-104.8281889674412, 38.815694300860336], [-104.8270329671448, 38.815417300897764], [-104.82617196693229, 38.815287300936504], [-104.82451296653481, 38.81514830102677], [-104.82429196648252, 38.81513530103973], [-104.82411096643963, 38.81512430105016], [-104.82271696611211, 38.815067301134484], [-104.82241796604198, 38.815055301152704], [-104.82235196602639, 38.81505230115655], [-104.82235396601871, 38.81497730114581], [-104.82235696601079, 38.81489730113423], [-104.82155196582453, 38.814890301186786], [-104.82077296563939, 38.814839301231075], [-104.82012296548399, 38.814787301266804], [-104.81948796533553, 38.81476830130627], [-104.81828396504278, 38.81462730136622], [-104.81754596485614, 38.814474301393425], [-104.81746496483561, 38.81445730139643], [-104.81685496468185, 38.81433630141981], [-104.81611496448781, 38.814119301438105], [-104.81603696446736, 38.81409630144007], [-104.81536296428528, 38.81385030144976], [-104.81463996408715, 38.813560301456576], [-104.81457796407048, 38.813537301457494], [-104.81439396402081, 38.81347130146039], [-104.81434396400745, 38.81345330146108], [-104.81433296400434, 38.813448301461065], [-104.81402296391592, 38.81329230145955], [-104.81381496385671, 38.8131883014585], [-104.81328496370315, 38.81289830145251], [-104.81315596366603, 38.812830301451484], [-104.81310596365175, 38.81280530145132], [-104.81288396358812, 38.81269030144962], [-104.81280596356426, 38.81263630144726], [-104.81266796352205, 38.812539301442634], [-104.81252696347975, 38.812449301439266], [-104.81221696338581, 38.81224130143015], [-104.81173096323859, 38.81191630141636], [-104.81160096319918, 38.81182930141258], [-104.81114396306059, 38.81152330139951], [-104.81063996290504, 38.81115930138124], [-104.8104669628516, 38.81103430137508], [-104.80989296267435, 38.81061930135423], [-104.80948296254756, 38.81032230133923], [-104.80916796245037, 38.81009430132789], [-104.80825996216876, 38.809427301293326], [-104.8078529620425, 38.80912830127784], [-104.80760996196848, 38.80896230127054], [-104.80688196174701, 38.80846630124844], [-104.8067049616932, 38.80834630124315], [-104.8066419616735, 38.80829930124068], [-104.80633796160525, 38.80831530126301], [-104.80623596157375, 38.80824230125942], [-104.80590896150002, 38.808257301283255], [-104.80465996121494, 38.80828330136978], [-104.80411096109029, 38.808301301408804], [-104.80392796104829, 38.80830230142096], [-104.80364396094416, 38.807946301389315], [-104.80313496075586, 38.80729030132985], [-104.80226496043451, 38.806175301229445], [-104.80176496024994, 38.80553530117171], [-104.80051795992111, 38.80515430120041], [-104.80051395985798, 38.80457930111893], [-104.7995809596435, 38.804585301181575], [-104.79934695958968, 38.80458630119734], [-104.79904695952077, 38.804588301217514], [-104.79904195946429, 38.80407730114528], [-104.79904195945183, 38.803962301129005], [-104.7990409594405, 38.80386030111452], [-104.7990409594236, 38.803704301092424], [-104.79819095919288, 38.80338330110311], [-104.79699695891857, 38.80339230118356], [-104.79685895888682, 38.80339330119298], [-104.79678895887074, 38.80339330119762], [-104.79672195885546, 38.80339430120208], [-104.79672795886322, 38.80345330121014], [-104.7967509588907, 38.803658301237654], [-104.79676195889907, 38.80371230124462], [-104.79679695891399, 38.80377530125132], [-104.7968769589431, 38.803874301260066], [-104.79692295896449, 38.8039733012711], [-104.7969689589908, 38.804118301288554], [-104.79699095900858, 38.804236301303824], [-104.7969909590164, 38.80430830131414], [-104.79696695902022, 38.80439430132796], [-104.79684995903835, 38.804812301395025], [-104.79681595903737, 38.80487530140607], [-104.79667595902275, 38.80503730143844], [-104.79656095901281, 38.80519030146786], [-104.79651395900588, 38.80522630147605], [-104.79629495896805, 38.80534330150722], [-104.79576395887764, 38.80563930158445], [-104.79560195884896, 38.80571930160638], [-104.7953929588164, 38.80586330164071], [-104.79531295880464, 38.80592630165505], [-104.79524295879635, 38.80599830166983], [-104.79517395878928, 38.80607930168582], [-104.79511595878166, 38.80613330169754], [-104.79509295878226, 38.80618730170657], [-104.79506895878447, 38.8062593017185], [-104.7950449587907, 38.80636730173532], [-104.79502195879996, 38.806502301756126], [-104.79502195881567, 38.80664730177662], [-104.79504395883153, 38.80674630178926], [-104.79504495883315, 38.80675930179106], [-104.79507795886468, 38.806980301820204], [-104.79509995887662, 38.80704330182775], [-104.79527195895636, 38.80741430186898], [-104.79528395896587, 38.80747630187701], [-104.7952949589744, 38.807531301884005], [-104.7952829589794, 38.80760330189512], [-104.79525895898465, 38.80770230191074], [-104.79520995898326, 38.80779430192705], [-104.79568195912209, 38.808072301935134], [-104.79634495931745, 38.80846330194671], [-104.79715095953958, 38.80879930194102], [-104.79722495956, 38.80882930194034], [-104.79680895947233, 38.80890630197885], [-104.79658095942447, 38.808949302000066], [-104.79592295929336, 38.809139302070584], [-104.79565195923841, 38.8092093020986], [-104.7955159592109, 38.8092443021125], [-104.79544495919654, 38.80926330212003], [-104.79542095919182, 38.809270302122485], [-104.79512595913248, 38.809350302153426], [-104.79501995911106, 38.809379302164665], [-104.79489595908639, 38.80941430217777], [-104.7946809590436, 38.80947730220103], [-104.794646959037, 38.809489302204916], [-104.79454195901613, 38.80951930221612], [-104.79340095879228, 38.8098823023433], [-104.79252295863078, 38.810260302455184], [-104.7922949585889, 38.81035830248436], [-104.7906589583017, 38.81119030271085], [-104.79042795826334, 38.81132730274561], [-104.79018595822302, 38.81147130278208], [-104.78939495809155, 38.81194130290125], [-104.78917795805899, 38.81210130293847], [-104.78935095811747, 38.81227330295144], [-104.78973195824861, 38.81267330298279], [-104.7900329583498, 38.812966303004536], [-104.79016695839424, 38.813091303013415], [-104.79035795845955, 38.81328830302868], [-104.79058395853139, 38.81346930303943], [-104.79067395856103, 38.81355130304494], [-104.7911159587042, 38.81393230306984], [-104.79128795876336, 38.81411230308393], [-104.79142995881219, 38.81426030309553], [-104.7917209589184, 38.81462130312747], [-104.79187295898258, 38.81489030315564], [-104.79201695905083, 38.815213303191854], [-104.79208595909707, 38.81549330322703], [-104.79209995913054, 38.81577230326575], [-104.79209895918092, 38.816239303332004], [-104.79218395921436, 38.81636730334459], [-104.79219095925772, 38.81675230339866], [-104.79219995931835, 38.81729330347485], [-104.79240895936654, 38.817293303460985], [-104.79279395945547, 38.81729430343569], [-104.7929699594991, 38.81732230342798], [-104.79303595951535, 38.817332303425], [-104.79318495955249, 38.81735730341877], [-104.79323895956757, 38.817382303418675], [-104.79334895959853, 38.817433303418554], [-104.79344995962684, 38.81748030341851], [-104.79365895968547, 38.81757630341819], [-104.79367795969152, 38.81759130341925], [-104.79377295972189, 38.81766930342393], [-104.79429295988795, 38.81809530344996], [-104.79464195999928, 38.81838130346741], [-104.79532496021605, 38.81892730349946], [-104.79587496038853, 38.81934830352273], [-104.79611396046346, 38.8195313035329], [-104.79640496055582, 38.81976430354658], [-104.79667596064189, 38.819981303559416], [-104.7968099606845, 38.82008930356591], [-104.79740596086944, 38.820528303588574], [-104.7975259609026, 38.82057930358796], [-104.79784696099145, 38.82071530358601], [-104.7979189610114, 38.820746303585544], [-104.79825096109572, 38.82081830357367], [-104.798499961159, 38.82087230356485], [-104.79906696129828, 38.820951303538344], [-104.79949396139814, 38.82096430351206], [-104.79991196149605, 38.820978303486214], [-104.8002089615655, 38.820987303467824], [-104.80109996177377, 38.82101430341246], [-104.80139696184338, 38.821024303394154], [-104.8016939619126, 38.82103130337548], [-104.80233296206187, 38.82104830333544], [-104.80258796212149, 38.82105630331981], [-104.80288596219116, 38.821066303301365], [-104.80318696226169, 38.82107630328279], [-104.80369596238096, 38.82109330325138], [-104.80362796251649, 38.822487303453734], [-104.80359096260173, 38.82335230357887], [-104.80355396264753, 38.82385330365251], [-104.80356096272031, 38.824510303745235], [-104.8035699627619, 38.82487430379623], [-104.8035749627818, 38.825047303820504], [-104.80355496283299, 38.825561303894645], [-104.80355696288778, 38.8260633039657], [-104.80356596290898, 38.82623930399007], [-104.80339496286882, 38.82623230400056], [-104.80334796285914, 38.82624230400502], [-104.8031549628196, 38.826288304024416], [-104.80330996287655, 38.82648430404183], [-104.80331896288159, 38.82651130404517], [-104.80338396291735, 38.82670230406792], [-104.8034069629544, 38.8269953041079], [-104.80340496299104, 38.82733730415659], [-104.8034049630213, 38.82761630419614], [-104.80276896287309, 38.8276023042363], [-104.80250896281574, 38.82762530425692], [-104.8022979627753, 38.82770130428159], [-104.80192896271008, 38.82788430433207], [-104.80174996267834, 38.82797230435646], [-104.80098896255218, 38.8284273044715], [-104.80087596254039, 38.82855830449759], [-104.8007639625316, 38.82871530452729], [-104.80072596252863, 38.828769304537516], [-104.80060896251565, 38.828897304563405], [-104.8004149624817, 38.828997304590544], [-104.80016696243196, 38.829065304616584], [-104.80003896240795, 38.829116304632315], [-104.7999619623989, 38.8291963046488], [-104.79986696239486, 38.82936130467849], [-104.79980796239951, 38.82952930470627], [-104.79973796240198, 38.82970130473533], [-104.79965696239466, 38.82980630475557], [-104.79945996236502, 38.829951304789134], [-104.79920096231731, 38.83006230482225], [-104.79888996226116, 38.830205304863085], [-104.79867796222585, 38.83033030489492], [-104.79849996219909, 38.830462304925526], [-104.79828596217645, 38.83070830497457], [-104.79797896215453, 38.83115930505894], [-104.79783196215044, 38.831433305107495], [-104.79776596215312, 38.83159830513526], [-104.79776396215364, 38.831607305136714], [-104.79773196216668, 38.83179530516559], [-104.7977399622137, 38.83221230522406], [-104.79774196222708, 38.83233130524091], [-104.79772896230294, 38.833057305344795], [-104.79803496237429, 38.83306530532554], [-104.79851096248561, 38.83307930529584], [-104.79895296258879, 38.83309130526834], [-104.79925996266064, 38.83310030524927], [-104.79946796270967, 38.833110305236794], [-104.79955896273076, 38.83311130523079], [-104.80001796283753, 38.833121305201864], [-104.80045696293972, 38.83312930517379], [-104.80075696300969, 38.83313630515496], [-104.80086696303522, 38.83313830514786], [-104.80105696307983, 38.83314630513637], [-104.8015129631875, 38.833168305109275], [-104.80195896329224, 38.83318630508211], [-104.8022599633631, 38.83319930506394], [-104.80256096343355, 38.833210305045725], [-104.80302496354251, 38.833228305017364], [-104.80297896365336, 38.834346305178954], [-104.80297296368481, 38.83465030522254], [-104.80296096375231, 38.83529630531497], [-104.80292496378816, 38.83570330537503], [-104.80290896381875, 38.836019305420905], [-104.80288896382505, 38.836119305436334], [-104.80282896395894, 38.83748030563338], [-104.80303996400866, 38.83749030562085], [-104.80360496414018, 38.837502305584955], [-104.8036049641468, 38.83756330559368], [-104.80356796420887, 38.83821330568826], [-104.80351596427391, 38.83892330579236], [-104.80347696433081, 38.83952930588095], [-104.80344096440376, 38.84027830598953], [-104.80312596433009, 38.84026830600906], [-104.80265596422025, 38.84025530603848], [-104.80262496426899, 38.840769306113316], [-104.80257696436082, 38.841717306250985], [-104.80250996449823, 38.84312430645501], [-104.80246996457925, 38.843955306575516], [-104.80243696463138, 38.84450630665581], [-104.80239996469022, 38.845126306746074], [-104.80236796476456, 38.84587830685492], [-104.80233296480442, 38.84631930691961], [-104.8022849648913, 38.847221307050745], [-104.80225696496208, 38.847932307153435], [-104.80222396502656, 38.8485953072496], [-104.80237996506284, 38.84859830723971], [-104.80260896511622, 38.84860430722533], [-104.8024729650946, 38.84869330724705], [-104.80236896507843, 38.848765307264095], [-104.80220496505322, 38.84888130729142], [-104.80220396506745, 38.84901430731036], [-104.80215996516247, 38.849982307450496], [-104.80290896533855, 38.85001330740518], [-104.8029009653734, 38.85035130745356], [-104.80283296547054, 38.851389307605274], [-104.80282196548679, 38.8515623076305], [-104.80278896553583, 38.85208330770666], [-104.80278496554355, 38.85216330771812], [-104.80276596554921, 38.85225630773261], [-104.80276096555579, 38.85232630774297], [-104.8027479655757, 38.852537307773616], [-104.80274496558273, 38.852608307783925], [-104.80274296559554, 38.85273030780133], [-104.8027429655976, 38.85274930780398], [-104.8027259656273, 38.85305830784892], [-104.80272196563058, 38.85309730785474], [-104.80271196564156, 38.85321930787267], [-104.8027049656512, 38.85332330788795], [-104.8027019656602, 38.853412307900825], [-104.80269596569117, 38.85371030794345], [-104.80269396569548, 38.85375430794971], [-104.80268496571935, 38.853992307984186], [-104.80267896573902, 38.85418630801198], [-104.80266496575588, 38.85437130803919], [-104.80265296578406, 38.85465630808034], [-104.80263896579919, 38.85482430810512], [-104.80262796581164, 38.854962308125465], [-104.80261296582917, 38.855156308153816], [-104.80207796570814, 38.855177308192346], [-104.80184196565395, 38.85517930820831], [-104.80123296551432, 38.85518730825002], [-104.79988896520712, 38.85521130834278], [-104.79953096512546, 38.85522030836772], [-104.79876096495006, 38.85524030842179], [-104.79814196480702, 38.85523730846256], [-104.79809896479722, 38.85523830846551], [-104.7975939646823, 38.85525230850113], [-104.79669096448741, 38.855375308578424], [-104.79612496435803, 38.85538630861764], [-104.7960299643363, 38.85538830862422], [-104.79546396420692, 38.855398308663176], [-104.79521296414947, 38.85540230868057], [-104.79490096407804, 38.855408308702145], [-104.79470796403405, 38.85541230871553], [-104.79446296397786, 38.85541530873228], [-104.79421296392076, 38.85542030874948], [-104.79420896395126, 38.85570930879085], [-104.79420696397231, 38.855907308819056], [-104.7942119640465, 38.85657930891401], [-104.79421496407872, 38.85686930895476], [-104.79421796411218, 38.857170308997254], [-104.7942109641575, 38.85760230905901], [-104.79418296434912, 38.8594243093191], [-104.79417696438756, 38.85979030937148], [-104.79417696438885, 38.85980230937311], [-104.79417996446935, 38.86053630947692], [-104.79417996448957, 38.86072230950339], [-104.79418096455048, 38.861280309582426], [-104.79418196457102, 38.8614673096089], [-104.7941819645781, 38.86153230961812], [-104.79418196459942, 38.8617283096458], [-104.7941819646066, 38.8617943096551], [-104.79445196468122, 38.86190830965332], [-104.79526196490549, 38.862252309648284], [-104.79553196498021, 38.862367309646736], [-104.79563196499994, 38.8623363096356], [-104.79593296505962, 38.862246309602895], [-104.79603396507956, 38.86221630959188], [-104.79660696523746, 38.862452309587276], [-104.79662696524302, 38.86246130958725], [-104.79731196539927, 38.86244530953936], [-104.7981239655834, 38.86241630948136], [-104.80215896650589, 38.862342309202525], [-104.80437496700955, 38.862274309045624], [-104.80654796751224, 38.862289308903314], [-104.80687396758766, 38.8622913088819], [-104.8086079679794, 38.86221730875605], [-104.8088959680451, 38.86221030873603], [-104.80893096805978, 38.86227130874225], [-104.80896396806475, 38.8622473087366], [-104.80901696807278, 38.8622083087277], [-104.80906496808018, 38.86217530871975], [-104.8090989680855, 38.862152308714286], [-104.80914696809276, 38.86211730870612], [-104.80929296811519, 38.86201330868159], [-104.80934196812278, 38.86197930867355], [-104.80930196810881, 38.86193530867003], [-104.809204968069, 38.861775308653755], [-104.80916896804725, 38.8616513086386], [-104.80916896803006, 38.86149330861626], [-104.80922796801617, 38.861241308576595], [-104.8092869679684, 38.86067630849256], [-104.80929796795438, 38.86052430847033], [-104.80934696788765, 38.859806308365265], [-104.80937396783949, 38.859306308292624], [-104.80938596778306, 38.85876230821464], [-104.80939096775383, 38.85848230817478], [-104.80940896766691, 38.857645308054956], [-104.8094109676578, 38.85755730804235], [-104.80941996763914, 38.85736630801472], [-104.80943396761226, 38.85708930797448], [-104.80947996753254, 38.85625830785366], [-104.80949596750618, 38.855982307813385], [-104.80950896748257, 38.855737307777964], [-104.8095409674248, 38.855138307690964], [-104.80953696741683, 38.855073307681955], [-104.80953296740823, 38.85500330767236], [-104.8095229673871, 38.85483030764838], [-104.8095239673796, 38.854759307638254], [-104.80952396737558, 38.85472230763299], [-104.80952596736756, 38.85464430762191], [-104.80952796736057, 38.85457530761199], [-104.80936596732236, 38.85456730762163], [-104.8088829672084, 38.854543307650346], [-104.80872196717053, 38.85453630766001], [-104.808729967151, 38.85434030763164], [-104.80875496709334, 38.8537563075472], [-104.80876396707426, 38.853561307518994], [-104.80891996711071, 38.85356630750939], [-104.80902596713554, 38.85357030750289], [-104.80933296720694, 38.853575307483226], [-104.80939096722034, 38.853575307479396], [-104.80954796725682, 38.853578307469256], [-104.80962996727564, 38.85357730746378], [-104.80987696733247, 38.85357630744711], [-104.80995996735163, 38.8535763074416], [-104.8100399673718, 38.85359230743868], [-104.81005896737655, 38.853596307437925], [-104.8102839674311, 38.853620307426425], [-104.81036596745095, 38.85362930742211], [-104.81051396748514, 38.85363030741246], [-104.81055296749432, 38.85363130741012], [-104.8109529675871, 38.85363630738412], [-104.81110596762163, 38.853630307373116], [-104.81135096767845, 38.85363330735737], [-104.81162296774164, 38.853637307339795], [-104.81172496776513, 38.85363730733301], [-104.81208696784887, 38.85363930730922], [-104.81233296790592, 38.85364230729324], [-104.8125579679573, 38.853638307277734], [-104.81257196796054, 38.8536383072768], [-104.81323396811598, 38.853664307236485], [-104.81345996816911, 38.85367330722276], [-104.8134549681545, 38.85354930720562], [-104.81346296812708, 38.8532803071669], [-104.81349796801082, 38.852136307002425], [-104.8134989680076, 38.85210430699786], [-104.81351196796787, 38.85171230694132], [-104.81360696799004, 38.85171430693548], [-104.81389396805716, 38.85172230691747], [-104.81398996807954, 38.851725306911455], [-104.81413796811395, 38.851728306902075], [-104.81427096814507, 38.8517323068938], [-104.81481496827209, 38.85174730685973], [-104.8151149683426, 38.851759306841636], [-104.815396968409, 38.85177230682453], [-104.81537596844585, 38.85215530688033], [-104.81531296855626, 38.85330530704742], [-104.81529296859348, 38.85368930710311], [-104.81565296867566, 38.85368230707832], [-104.81619296879919, 38.853673307041106], [-104.81673296892369, 38.853673307005224], [-104.81691296896534, 38.85367430699335], [-104.81709396900717, 38.853675306981515], [-104.81743696908629, 38.85367630695897], [-104.81793496920142, 38.853679306926175], [-104.81842196931382, 38.853681306894075], [-104.8184659693238, 38.853679306890875], [-104.81880996940238, 38.85367230686698], [-104.81894896943403, 38.85366830685718], [-104.81903896945478, 38.8536683068512], [-104.81969996960757, 38.85367230680782], [-104.8197259696135, 38.8536723068061], [-104.81995596966685, 38.85367430679107], [-104.82007296969381, 38.8536743067833], [-104.82018496971968, 38.85367530677606], [-104.82042596977455, 38.85366830675901], [-104.82054396980142, 38.85366530675088], [-104.82072996984355, 38.85365930673767], [-104.82093096988991, 38.85365930672431], [-104.82160297004484, 38.853659306679646], [-104.82181197009308, 38.85366030666582], [-104.82209297015916, 38.85367130664869], [-104.82248097025027, 38.853687306625055], [-104.82335897045539, 38.85371230657041], [-104.82416797064487, 38.85373930652034], [-104.82441897070434, 38.85375430650579], [-104.82524297089766, 38.8537853064555], [-104.82601397107777, 38.853808306407444], [-104.8261949711202, 38.853814306396245], [-104.82618397113221, 38.85394830641602], [-104.8264399711919, 38.85395430639979], [-104.8268499712876, 38.85396530637412], [-104.82721097137129, 38.853969306350685], [-104.82746797143078, 38.85397230633407], [-104.82769997148489, 38.853977306319294], [-104.82811397158127, 38.853986306293066], [-104.8282719716172, 38.85398230628203], [-104.82839897164736, 38.85399030627463], [-104.82863197170273, 38.85400630626148], [-104.82869897171732, 38.853997306255714], [-104.82936697185347, 38.853833306188214], [-104.82974597192876, 38.85372230614717], [-104.82967897190385, 38.85363630613943], [-104.82933497177267, 38.85315830609465], [-104.8292429717357, 38.85301330608012], [-104.82909397166802, 38.85270730604679], [-104.82879497153534, 38.85212130598363], [-104.82870397149676, 38.85195830596662], [-104.82868097148553, 38.851904305960446], [-104.82867597148163, 38.851879305957304], [-104.82866897147602, 38.85184130595225], [-104.82867497146347, 38.85171430593402], [-104.82869397142485, 38.85131830587655], [-104.82870197141608, 38.85122030586224], [-104.82870897140992, 38.85114830585144], [-104.82871697140175, 38.8510563058379], [-104.82874297137381, 38.850744305791885], [-104.8287529713642, 38.850634305775806], [-104.8288229713332, 38.85020130570964], [-104.82887997130462, 38.84981730565152], [-104.82892597128169, 38.849509305604904], [-104.82893997127493, 38.84941730559095], [-104.82895497126037, 38.8492513055664], [-104.82898797122931, 38.84889530551359], [-104.82903097119369, 38.8484763054515], [-104.8290579711718, 38.84821830541313], [-104.8290009711475, 38.84811630540238], [-104.82900497113891, 38.84802730538962], [-104.82900797113534, 38.84798830538388], [-104.82903497109473, 38.847557305321004], [-104.82901997105827, 38.8472543052791], [-104.82901497104419, 38.84713530526247], [-104.82905297103999, 38.84701630524316], [-104.8290139710104, 38.84682630521875], [-104.82900397100272, 38.84677730521253], [-104.8289589709609, 38.846488305174624], [-104.82889597092138, 38.846257305145976], [-104.82884497088948, 38.846071305123075], [-104.82871897081944, 38.845695305078145], [-104.82866097078269, 38.84547930505126], [-104.82863897077182, 38.84542630504527], [-104.8286159707606, 38.84537130503911], [-104.82855797073633, 38.845271305028646], [-104.82844297069614, 38.84514530501853], [-104.82825897063718, 38.84499230500918], [-104.827890970515, 38.84464930498491], [-104.82783397049108, 38.84454930497462], [-104.82781097047398, 38.84444130496076], [-104.82779997044594, 38.84420730492832], [-104.82780397039444, 38.84372430485963], [-104.82781197032288, 38.84304830476329], [-104.82789997024963, 38.84218730463544], [-104.82773797018125, 38.841901304605656], [-104.82772497017518, 38.84187330460251], [-104.82767897015658, 38.84180030459523], [-104.82760597012941, 38.84170430458655], [-104.82757597011827, 38.84166530458294], [-104.82723096999169, 38.84123230454457], [-104.82717396996972, 38.84115130453674], [-104.82717196996825, 38.84114230453574], [-104.82716196996022, 38.84108830452877], [-104.82716296994772, 38.84097130451202], [-104.82716796994181, 38.84090630450259], [-104.82720996988806, 38.840322304417015], [-104.8272149698865, 38.84029830441328], [-104.8272339698818, 38.84021430440004], [-104.82726796987984, 38.84012430438509], [-104.82741896987747, 38.839781304326465], [-104.82749996988345, 38.83966430430439], [-104.82761596989356, 38.839511304275156], [-104.8276309698954, 38.83949630427202], [-104.82766196989732, 38.83944830426311], [-104.82773096990631, 38.83938530424952], [-104.82831496998695, 38.838888304140404], [-104.82877997005134, 38.83849430405358], [-104.82876197003377, 38.83837130403745], [-104.82874197001395, 38.83823030401869], [-104.8286899699775, 38.838005303990315], [-104.82866196995808, 38.83788530397518], [-104.82863996993193, 38.83769230394926], [-104.82861796990548, 38.83749430392264], [-104.8285899698576, 38.83711430387064], [-104.82857596983366, 38.836922303844275], [-104.82870596986392, 38.83692530383612], [-104.82878296988191, 38.836927303831274], [-104.82909596995492, 38.836936303811775], [-104.82915896996977, 38.83693830380789], [-104.82922696998519, 38.83693630380308], [-104.82927196999533, 38.83693430379981], [-104.82940697002601, 38.83693030379035], [-104.82945297003661, 38.8369303037873], [-104.82954397005784, 38.83693330378157], [-104.82981997012253, 38.83694230376453], [-104.82991197014415, 38.83694630375898], [-104.82997497015853, 38.8369453037547], [-104.83013097019456, 38.83694530374434], [-104.83024197022013, 38.836945303736975], [-104.8303919702545, 38.83694430372682], [-104.83042097023686, 38.836719303693], [-104.83047997020387, 38.83629130362837], [-104.83064897017792, 38.83569330353247], [-104.83084497017256, 38.835228303453476], [-104.83101797017848, 38.83491530339761], [-104.83134597020516, 38.83446530331216], [-104.83159297022834, 38.83415330325147], [-104.83207397028639, 38.833667303150726], [-104.8326089703607, 38.833216303051266], [-104.83319997044406, 38.83272930294286], [-104.83349897047961, 38.83242230287964], [-104.83351897048146, 38.832397302874654], [-104.83379997051166, 38.83207830281085], [-104.834029970527, 38.831731302746284], [-104.83413897052633, 38.831494302705536], [-104.83422697051806, 38.83123130266235], [-104.83425197051596, 38.83115830265035], [-104.8343039705054, 38.83095130261763], [-104.83434297049654, 38.83078730259176], [-104.83435997049381, 38.83072530258182], [-104.83441197048575, 38.83054030255218], [-104.83442997048317, 38.830479302542244], [-104.83454297046536, 38.8300753024776], [-104.83460697045575, 38.829850302441336], [-104.83485297040457, 38.82885630228411], [-104.83495497038392, 38.82844930221969], [-104.83496797038107, 38.82839530221116], [-104.83500797037262, 38.828233302185424], [-104.83502197037011, 38.82818030217705], [-104.83493397034613, 38.82814630217813], [-104.83488997033416, 38.82812930217867], [-104.83492697032626, 38.82797830215474], [-104.83540897021375, 38.82591730183055], [-104.83562897017669, 38.825108301701306], [-104.83580697014041, 38.8243963015886], [-104.83599297010335, 38.82365930147175], [-104.83616297007056, 38.82299730136652]]]}, "properties": {"zip": "80903", "name": "ZIP 80903"}, "id": "80903"}, {"type": "Feature", "geometry": {"type": "Polygon", "coordinates": [[[-104.76335794897584, 38.783189300542325], [-104.76336994893737, 38.78280730048704], [-104.76329794890347, 38.78264830046939], [-104.763281948896, 38.782612300465196], [-104.7631999488576, 38.78243230044511], [-104.7629929487607, 38.78197730039414], [-104.76281394869315, 38.78173430037137], [-104.76277794868062, 38.78169530036837], [-104.76213594853142, 38.781685300409364], [-104.76209894852421, 38.7816973004136], [-104.7619869484973, 38.7816873004195], [-104.76187394847129, 38.78168830042718], [-104.76179394845292, 38.78168830043247], [-104.76124094832576, 38.781692300469636], [-104.76049494815423, 38.78169730051978], [-104.7594089479046, 38.781705300592805], [-104.75880694776609, 38.78170930063314], [-104.75825694763972, 38.78171430067014], [-104.75817194762021, 38.781715300676005], [-104.75787094755096, 38.78171730069621], [-104.75751194746857, 38.78172030072046], [-104.75744194745243, 38.7817203007251], [-104.75712494737957, 38.781723300746386], [-104.7570199473555, 38.781724300753574], [-104.75644894722444, 38.78173030079224], [-104.75596594711342, 38.781734300824695], [-104.75557994702487, 38.78173830085081], [-104.75545694699636, 38.781738300858954], [-104.75508994691198, 38.78174030088368], [-104.75496794688402, 38.78174230089205], [-104.75476794683793, 38.781742300905286], [-104.75416794669955, 38.78174230094501], [-104.75396794665336, 38.78174230095824], [-104.75377094660793, 38.78174230097127], [-104.753181946472, 38.78174230101026], [-104.75298594642695, 38.781743301023276], [-104.75279594638302, 38.781743301035846], [-104.7522259462516, 38.78174330107357], [-104.75203694620812, 38.78174430108634], [-104.75179794615302, 38.781744301102165], [-104.75108394598827, 38.78174430114941], [-104.75084594593339, 38.7817453011652], [-104.75059894587636, 38.78174430118152], [-104.74985994570584, 38.78174430123043], [-104.74961394564909, 38.781744301246725], [-104.74934794558759, 38.781743301264065], [-104.74888194548006, 38.78174330129491], [-104.74855094540379, 38.781744301317076], [-104.74828594534286, 38.78174530133464], [-104.74809894529962, 38.78174530134701], [-104.7475369451701, 38.78174630138447], [-104.74735094512727, 38.78174730139681], [-104.74717094508567, 38.78174730140873], [-104.74663094496113, 38.781747301444476], [-104.7464519449199, 38.78174730145631], [-104.74601294481846, 38.78174630148535], [-104.74469594451462, 38.78174630157251], [-104.74425694441324, 38.78174630160156], [-104.74409094437495, 38.78174630161256], [-104.74359594426075, 38.78174630164531], [-104.7434309442228, 38.78174730165627], [-104.74330794419444, 38.7817473016644], [-104.74293894410931, 38.781747301688824], [-104.74281694408114, 38.781747301696896], [-104.74263994404006, 38.781745301708334], [-104.74210894391716, 38.781741301742905], [-104.74193294387636, 38.78174030175454], [-104.74176294383695, 38.78173830176535], [-104.74125594371961, 38.781735301798584], [-104.74108694368068, 38.781735301809775], [-104.74062794357435, 38.781732301839625], [-104.74016994346843, 38.781729301869625], [-104.7392539432545, 38.78170630192686], [-104.73899394319393, 38.78170030194323], [-104.7387969431477, 38.78169430195548], [-104.73712894275631, 38.78163330205712], [-104.73658794262941, 38.78161430209021], [-104.73363594193512, 38.78149430226852], [-104.73282194174278, 38.781452302316524], [-104.73212594157832, 38.78141630235732], [-104.73196094153921, 38.78140830236713], [-104.73167394147207, 38.78139830238478], [-104.73072994125067, 38.78136630244271], [-104.73045894118722, 38.78135730245934], [-104.72991294105815, 38.781329302491436], [-104.72921894089413, 38.781294302532345], [-104.72827794067213, 38.781249302588215], [-104.72773294054365, 38.781224302620785], [-104.72715394040708, 38.78119730265516], [-104.72541893999805, 38.781117302758716], [-104.7248409398618, 38.78109130279325], [-104.72398593966015, 38.78105130284405], [-104.72387593963421, 38.781046302850676], [-104.72315193946328, 38.78101130289358], [-104.72264193934272, 38.78098530292357], [-104.7218409391536, 38.78094530297098], [-104.72122893900905, 38.78091530300723], [-104.72103993896394, 38.7809013030176], [-104.7208089389097, 38.780893303031824], [-104.72060893886268, 38.780885303043945], [-104.7206079388161, 38.78045630298285], [-104.72060593877752, 38.78010330293286], [-104.72060093865552, 38.778984302773885], [-104.72057993839684, 38.77663230244067], [-104.72057093826994, 38.77547630227671], [-104.72053593780794, 38.77127030168043], [-104.7204909377465, 38.7707973016162], [-104.72038493767077, 38.77032330155557], [-104.72021693758853, 38.769919301509184], [-104.72021093758549, 38.76990430150759], [-104.72009193752717, 38.769618301474736], [-104.71981893741135, 38.769129301423064], [-104.7194779372828, 38.76866730138], [-104.71908793714522, 38.768227301343124], [-104.71888193707649, 38.76802930132855], [-104.71864893700017, 38.76782130131436], [-104.71855293697021, 38.767748301310334], [-104.71840893692529, 38.76764030130441], [-104.71817693685492, 38.7674843012976], [-104.7180379368128, 38.7673913012935], [-104.7175949366799, 38.76710830128255], [-104.71718893656444, 38.76690630128063], [-104.7167189364341, 38.76670430128289], [-104.71633593633084, 38.766565301288495], [-104.71592693622337, 38.766444301298264], [-104.71537993608246, 38.766308301314965], [-104.71476293592936, 38.76621030134188], [-104.71421193579631, 38.76615530137055], [-104.71280993547097, 38.7661393014609], [-104.70853793448822, 38.76617130174786], [-104.7054429337708, 38.766145301948704], [-104.70505393368147, 38.76614930197514], [-104.7011289327795, 38.76618830224001], [-104.69925193234586, 38.76618630236386], [-104.69907393230443, 38.76618330237526], [-104.69875093222932, 38.76617830239585], [-104.6987339322895, 38.766773302481745], [-104.69874593242592, 38.7680123026574], [-104.6987629324736, 38.76841730271389], [-104.69876293250002, 38.76866230274879], [-104.69878293252714, 38.76887130277732], [-104.6988039325492, 38.76903030279858], [-104.69883593257728, 38.76922230282372], [-104.69895493264842, 38.76962730287364], [-104.69905693270512, 38.7699343029104], [-104.69915893275908, 38.77021630294389], [-104.69929793282077, 38.77049030297383], [-104.69950293290424, 38.77082530300799], [-104.69977693301027, 38.77122230304619], [-104.70009493312517, 38.771606303080006], [-104.70051693326762, 38.7720233031115], [-104.70170193365989, 38.77312330318967], [-104.70252293392932, 38.77386430324094], [-104.70297693408746, 38.774357303281], [-104.70344993427042, 38.77504130334725], [-104.70352793430318, 38.77517830336153], [-104.70250393409857, 38.7754723034711], [-104.70191393398063, 38.77564230353433], [-104.70120393382818, 38.775748303596295], [-104.70067593370942, 38.77577730363544], [-104.69986893352397, 38.77578630369013], [-104.6998179337741, 38.778213304038914], [-104.69979393379819, 38.77848730407961], [-104.69971093380066, 38.77868730411358], [-104.69959993379479, 38.77887030414685], [-104.69942493377238, 38.77903730418235], [-104.69914293372834, 38.77923230422873], [-104.69899293370152, 38.77930530424903], [-104.69876293365645, 38.77937930427469], [-104.6984129335822, 38.779440304306625], [-104.69809293350971, 38.77945330432966], [-104.69705193327205, 38.779478304402], [-104.69649993315006, 38.779529304445695], [-104.69621293309402, 38.77962430447825], [-104.69592393304394, 38.77977830451925], [-104.69570093301269, 38.77996630456086], [-104.69545293299342, 38.780318304627386], [-104.6953789329893, 38.780438304649344], [-104.69523793298444, 38.78069530469518], [-104.69509893297551, 38.780909304735], [-104.69377793267186, 38.780923304824256], [-104.69329993256144, 38.78092230485568], [-104.69222493231301, 38.7809203049265], [-104.69059993193919, 38.780934305036055], [-104.689385931659, 38.78093630511662], [-104.68912293159599, 38.780915305131074], [-104.68903593157255, 38.780884305132325], [-104.68892393154057, 38.78082730513171], [-104.68877593149509, 38.78072330512661], [-104.68866693145961, 38.78062730512017], [-104.68860293143325, 38.780521305109225], [-104.68857493141432, 38.780405305094575], [-104.68857393138616, 38.78014630505784], [-104.68860493124131, 38.778737304855085], [-104.68860893099844, 38.77647830453309], [-104.68862593094481, 38.77594530445623], [-104.68861293090531, 38.7756073044089], [-104.68859693089021, 38.77550130439478], [-104.68850193085264, 38.77535630438048], [-104.68841493082351, 38.775273304374466], [-104.68829493079107, 38.77522930437609], [-104.68816893076094, 38.775219304383015], [-104.68750893060755, 38.775210304425336], [-104.68433992987507, 38.7752053046341], [-104.68410492982363, 38.77523130465334], [-104.68397992980142, 38.775293304670456], [-104.68384492978038, 38.7753873046927], [-104.68378192979608, 38.77566830473708], [-104.68376993000274, 38.777608305014105], [-104.68379193015389, 38.778962305205404], [-104.6837939302748, 38.780078305364334], [-104.68378493031759, 38.78049430542414], [-104.68358393029366, 38.78070230546699], [-104.6832549302447, 38.78095230552429], [-104.68293993017183, 38.78095130554503], [-104.67816192906788, 38.780949305860794], [-104.67579592852218, 38.780957306018315], [-104.67537392842469, 38.78095730604622], [-104.67489192831331, 38.780956306078075], [-104.6738389280702, 38.78095830614797], [-104.67359992801512, 38.78095930616381], [-104.67353792800085, 38.78095930616791], [-104.67333092795302, 38.78096030618178], [-104.67283892783963, 38.78096230621462], [-104.67169692757541, 38.78095830628963], [-104.66920292699832, 38.78095130645344], [-104.66712492651965, 38.780964306592715], [-104.66679492644333, 38.78096330661433], [-104.665161926066, 38.780962306722245], [-104.66513492605972, 38.780962306724014], [-104.66505692604167, 38.78096230672919], [-104.66503092603573, 38.7809623067309], [-104.66499492602728, 38.78096230673328], [-104.66495992601921, 38.780962306735596], [-104.6648859260022, 38.78096230674048], [-104.66485092599409, 38.7809623067428], [-104.66427792586171, 38.78096230678069], [-104.66255892546454, 38.780962306894324], [-104.6619859253321, 38.78096230693222], [-104.66150192522014, 38.78096130696404], [-104.66137392519055, 38.78096130697249], [-104.66124992516198, 38.78096130698069], [-104.66034292495225, 38.780960307040566], [-104.65956592477274, 38.780960307091924], [-104.65946092477353, 38.781193307132], [-104.65914692474797, 38.78162830721466], [-104.65859992468947, 38.78225730734045], [-104.65753792458403, 38.78355430759547], [-104.65709492453675, 38.78406530769776], [-104.65680492450798, 38.78441930776716], [-104.65671592450398, 38.78457330779516], [-104.65660492450807, 38.78484830784166], [-104.6564959245439, 38.78541430792945], [-104.65634892458337, 38.786094308035985], [-104.65614392458939, 38.78658830811998], [-104.65580892456151, 38.78704730820745], [-104.65543792451363, 38.78739830828212], [-104.65491792443088, 38.787745308365864], [-104.65480892441371, 38.78781930838372], [-104.6544739243609, 38.78804730843834], [-104.65405092430265, 38.788413308518386], [-104.65376792427278, 38.788742308584006], [-104.65355592426653, 38.789138308654515], [-104.65343392427528, 38.789480308711184], [-104.6534219243136, 38.78986130876637], [-104.65342292435402, 38.79023330881932], [-104.65353092441413, 38.79055830885841], [-104.65386292455976, 38.7911963089273], [-104.65427292473227, 38.79191630900287], [-104.65456192486003, 38.792481309064236], [-104.6547969249696, 38.79299330912153], [-104.65550192529109, 38.79446130928398], [-104.65581992541313, 38.794910309326895], [-104.65618492553916, 38.795296309357724], [-104.65726292588941, 38.79623230941968], [-104.65785692607858, 38.79671230944885], [-104.65842492626132, 38.797189309479236], [-104.65889892642159, 38.79765830951457], [-104.65920892654374, 38.79812630956071], [-104.65943792664491, 38.79857230960904], [-104.6595879267168, 38.79891730964816], [-104.659673926781, 38.799327309701084], [-104.65973492683693, 38.79971430975196], [-104.65986692694622, 38.80044330984719], [-104.66000692703426, 38.80095930991123], [-104.66025792714063, 38.801406309958345], [-104.6605319272386, 38.80172630998576], [-104.66082792733553, 38.80199031000378], [-104.6610709274118, 38.80217631001428], [-104.66141892751375, 38.80237631001957], [-104.66303692796144, 38.80305931000975], [-104.66382392817823, 38.8033813100035], [-104.66434092832402, 38.80362531000414], [-104.66476692844998, 38.80387931001198], [-104.6653529286333, 38.804322310036326], [-104.6666149290381, 38.80536931010184], [-104.66719092922106, 38.8058303101294], [-104.66781292942336, 38.80637231016533], [-104.66790592945328, 38.8064513101704], [-104.66842492962132, 38.80689531019937], [-104.66883692975696, 38.80726931022517], [-104.66918692987821, 38.80764231025524], [-104.66970993006831, 38.80828331031179], [-104.67082293048487, 38.809756310447774], [-104.67111893059652, 38.8101573104852], [-104.67331393141669, 38.81304931075147], [-104.67393693164944, 38.81387031082706], [-104.67398793166839, 38.813936310833036], [-104.67444693183859, 38.81452931088705], [-104.6749769320358, 38.8152203109503], [-104.67600993242338, 38.816596311077674], [-104.67642893258073, 38.81715531112929], [-104.67667493267388, 38.817491311160914], [-104.6769299327705, 38.81783931119357], [-104.67707693282601, 38.818039311212296], [-104.67772193306455, 38.81886531128704], [-104.67776293307965, 38.81891731129177], [-104.67800893316583, 38.81918831131408], [-104.67832393327616, 38.81953631134253], [-104.67870893340879, 38.81993931137447], [-104.6789549334916, 38.82017931139227], [-104.67934293362234, 38.82055831142062], [-104.68037693398169, 38.82167131151036], [-104.68095593418704, 38.822332311565994], [-104.68141793435379, 38.82288631161416], [-104.68169293444953, 38.82318331163828], [-104.68172093446022, 38.823222311642], [-104.6818909345249, 38.823457311664086], [-104.68208093460451, 38.823787311698354], [-104.68240793474729, 38.82440731176499], [-104.68242493475464, 38.82443931176839], [-104.682464934772, 38.82451431177644], [-104.68247293477644, 38.82453831177932], [-104.68248593478326, 38.824573311783354], [-104.68261093485016, 38.824925311825275], [-104.68263193486126, 38.8249823118319], [-104.68272593491616, 38.82528831186911], [-104.68275893495398, 38.825567311906646], [-104.68277493500761, 38.82602831197123], [-104.68277993502403, 38.82617031199112], [-104.68278393505022, 38.826403312023935], [-104.68278593506207, 38.82650831203871], [-104.68279193509792, 38.826826312083575], [-104.68279393510997, 38.82693331209862], [-104.68279793513385, 38.827145312128486], [-104.68278993521136, 38.827878312233345], [-104.68277793535417, 38.82922131242505], [-104.68278693550523, 38.830597312620306], [-104.68278493551767, 38.83071631263723], [-104.68277893558744, 38.83137231273101], [-104.68277593561815, 38.831662312772295], [-104.68277793574735, 38.83285031294117], [-104.68277893578649, 38.833209312992224], [-104.68279893590842, 38.83429231314496], [-104.68279193603948, 38.835516313319324], [-104.68279393613747, 38.83641631344722], [-104.68279493614973, 38.83652731346289], [-104.68279193622081, 38.83718931355724], [-104.68279093623185, 38.83729331357218], [-104.68278893627708, 38.837715313632216], [-104.68278793631296, 38.83804831367971], [-104.6827879363251, 38.838160313695624], [-104.68280693632998, 38.838164313694925], [-104.6829289363613, 38.83819331369087], [-104.68335193646999, 38.83829431367716], [-104.68349393650641, 38.838328313672726], [-104.68356493652476, 38.83834531367044], [-104.68475493683556, 38.83867631363844], [-104.68482893685491, 38.83869731363662], [-104.68535793699075, 38.83882331361945], [-104.68602893715384, 38.83889731358538], [-104.68608993716876, 38.83890431358237], [-104.68776893756029, 38.83893731347575], [-104.68833593769251, 38.83894931343981], [-104.68865793776668, 38.83894731341818], [-104.68920693789333, 38.838945313381515], [-104.68996693807023, 38.838957313332884], [-104.6907259382442, 38.83894431328053], [-104.69114393834003, 38.83893731325193], [-104.69120993835534, 38.83893831324763], [-104.69147293841675, 38.83894431323098], [-104.6918699385092, 38.83895131320567], [-104.6918679384659, 38.838556313149695], [-104.69187493837123, 38.83766831302308], [-104.69189393833148, 38.837260312963764], [-104.69189593832704, 38.83721531295729], [-104.69191693828338, 38.836768312892296], [-104.6919269382829, 38.836742312887935], [-104.69208193831822, 38.83673831287711], [-104.69209693832178, 38.83673831287611], [-104.69229293836712, 38.836739312863315], [-104.69276693847678, 38.83674031283196], [-104.69536193907678, 38.83674631266066], [-104.69549293910721, 38.83674731265222], [-104.69578493917467, 38.836747312632866], [-104.69580193917862, 38.83674731263173], [-104.69596493921642, 38.836748312621125], [-104.69604293923442, 38.836748312615946], [-104.69615693926069, 38.83674831260838], [-104.69651693934401, 38.836749312584594], [-104.69659493936206, 38.836749312579414], [-104.6974159395519, 38.83675131252525], [-104.69786393965543, 38.83675231249573], [-104.69859393982432, 38.8367543124476], [-104.69962194006207, 38.836757312379724], [-104.69987594012079, 38.836757312362884], [-104.70015794018492, 38.83674831234304], [-104.70080694033281, 38.836730312297384], [-104.7013859404648, 38.8367133122566], [-104.70154294050052, 38.83670831224543], [-104.70154394049219, 38.83662931223419], [-104.70154594048387, 38.83654831222256], [-104.70154794046745, 38.83639231220014], [-104.70154994045946, 38.83631431218906], [-104.7015499404523, 38.83624831217951], [-104.70155394043196, 38.83605231215153], [-104.70155494042515, 38.83598731214216], [-104.70155894036004, 38.83537831205541], [-104.70157494016597, 38.83355431179496], [-104.70157594015916, 38.8334893117856], [-104.70155994009676, 38.83294731170973], [-104.70155094006131, 38.832639311666476], [-104.70154594003768, 38.832432311637504], [-104.70154093995905, 38.8317173115362], [-104.70153993992555, 38.83141031149259], [-104.7015379399097, 38.8312683114725], [-104.70153493986312, 38.83084531141256], [-104.70153393984761, 38.83070431139265], [-104.70153093977204, 38.83001331129466], [-104.70152993970355, 38.82938331120511], [-104.7015299396667, 38.82904331115668], [-104.70152993961815, 38.82859531109303], [-104.70152793954657, 38.82793931100002], [-104.70152593947137, 38.82724931090198], [-104.70152493944471, 38.82700531086741], [-104.70152393939355, 38.82653531080049], [-104.70152793936609, 38.82627331076317], [-104.70153193934071, 38.82603031072829], [-104.70153293932981, 38.82592731071363], [-104.70135093928738, 38.825923310725116], [-104.70096693919794, 38.82591631074954], [-104.70028593903443, 38.825859310786505], [-104.70015193899908, 38.82581831078954], [-104.69986593891845, 38.8256843107895], [-104.69937593876318, 38.82529531076669], [-104.69833393843332, 38.82447231071882], [-104.69846293845197, 38.82436931069544], [-104.69873893849221, 38.824152310646326], [-104.69916593855422, 38.82381431057003], [-104.69940093858844, 38.82362931052816], [-104.69902993846996, 38.82332631050962], [-104.69884193840988, 38.82317231050023], [-104.6978949381124, 38.82244631045974], [-104.69751493799333, 38.822156310443674], [-104.69797293806006, 38.82179531036193], [-104.69804493807061, 38.82173931034921], [-104.69851093813966, 38.8213833102677], [-104.69936293826558, 38.8207293101183], [-104.69982693833444, 38.820375310037264], [-104.70003793836415, 38.82019930999823], [-104.70025493839502, 38.82002130995859], [-104.70068193845715, 38.81968430988237], [-104.70089793848865, 38.819514309843846], [-104.70099193848768, 38.819305309807824], [-104.7011399385085, 38.81918130978047], [-104.70155093856638, 38.818839309704494], [-104.7007239383037, 38.81817730966529], [-104.70049493823095, 38.81799430965439], [-104.70016193812869, 38.81776030964319], [-104.69968993798086, 38.817402309623624], [-104.69959893795239, 38.8173323096196], [-104.69932493786284, 38.817090309603365], [-104.69930393785242, 38.817038309597315], [-104.69928593784073, 38.81696930958866], [-104.6992969378387, 38.8169263095818], [-104.69943693785802, 38.816806309555474], [-104.70011493795741, 38.81627830943548], [-104.70011993795703, 38.816264309433265], [-104.70012393795658, 38.816251309431124], [-104.70010993794712, 38.81619430942386], [-104.70005893792897, 38.81613430941869], [-104.69999893790929, 38.816081309415196], [-104.69985393786224, 38.815956309407], [-104.69946693774111, 38.81566230939084], [-104.69936493770908, 38.815584309386416], [-104.69884593754196, 38.815147309358736], [-104.69897293755773, 38.81502230933252], [-104.69945893762817, 38.81463630924548], [-104.69946893762919, 38.81462430924298], [-104.69952193763434, 38.81455830923013], [-104.69949593762115, 38.81449230922252], [-104.69944993760451, 38.81443730921782], [-104.6992199375309, 38.814247309205946], [-104.69882893740852, 38.81395130918976], [-104.69764893702882, 38.81296130912713], [-104.6968419367745, 38.81233330909131], [-104.6958369364524, 38.811501309039485], [-104.69491293617529, 38.810913309017046], [-104.6947369361225, 38.81080130901272], [-104.69223393535111, 38.80901430892441], [-104.6920809353039, 38.80890530891889], [-104.69208093525057, 38.808412308848816], [-104.6923239352881, 38.80824030880824], [-104.69305193549512, 38.808599308811154], [-104.69345793562667, 38.80894830883384], [-104.6939339357288, 38.80887630879213], [-104.6940879357658, 38.80888930878382], [-104.69691993665319, 38.811045308902955], [-104.69702893670124, 38.81125730892585], [-104.6982429371195, 38.81253130902656], [-104.70462693912182, 38.81740830929726], [-104.70794494016243, 38.81994230943759], [-104.71206194145361, 38.823086309611746], [-104.71375894197958, 38.824323309675094], [-104.71326594190472, 38.82468430975916], [-104.71293194185402, 38.824928309815874], [-104.71361594207686, 38.82552630985548], [-104.71421394227163, 38.82604930989028], [-104.71388494235346, 38.827505310119065], [-104.71425694246523, 38.82774431012822], [-104.71447694256503, 38.82819731017806], [-104.7146419426362, 38.828502310210425], [-104.71302294239726, 38.82974731049471], [-104.71302294248581, 38.83056431061092], [-104.71302294254596, 38.8311193106897], [-104.71439694286315, 38.831118310598555], [-104.715101943019, 38.83105331054251], [-104.71559594311908, 38.8309243104914], [-104.71580994315985, 38.83084531046601], [-104.71586894317058, 38.83081831045816], [-104.71605594320447, 38.83073231043376], [-104.71618294322613, 38.83066131041519], [-104.7163049432468, 38.83059231039731], [-104.71646694327227, 38.83048231037087], [-104.7165809432896, 38.83039931035154], [-104.71675794331303, 38.830238310316936], [-104.7169529433353, 38.83002831027401], [-104.71705094334416, 38.829901310249625], [-104.71782494340624, 38.82882531004538], [-104.71804594342791, 38.82855430999215], [-104.71837494347052, 38.82824630992666], [-104.7187569435297, 38.827978309863134], [-104.719094943588, 38.82779630981486], [-104.71939194364275, 38.827669309777086], [-104.72027594380909, 38.82732030966897], [-104.72028094383093, 38.827511309695794], [-104.72027594384355, 38.82763830971421], [-104.72030094384806, 38.827627309710955], [-104.7206809439239, 38.82751730967006], [-104.72088994396748, 38.82747430965009], [-104.72112794402099, 38.82746030963241], [-104.7213589440781, 38.82749530962192], [-104.72160794414448, 38.82757730961713], [-104.72181994420706, 38.82770330962089], [-104.72201194427379, 38.82791030963768], [-104.72210794431496, 38.828085309656245], [-104.72213394434758, 38.828330309689186], [-104.72197794439407, 38.82909230980799], [-104.72163694437685, 38.82965930991099], [-104.72146394437137, 38.829977309967695], [-104.72131294436623, 38.830252310016775], [-104.72108694435931, 38.83066931009109], [-104.72104794436054, 38.830763310106974], [-104.72090594436435, 38.83110131016453], [-104.72086694436562, 38.83119631018043], [-104.72080594437347, 38.83139931021345], [-104.7206959443155, 38.83109831017793], [-104.72036794414235, 38.83019931007198], [-104.72025894408459, 38.82989931003644], [-104.72007094404233, 38.82990931005047], [-104.7200389440352, 38.829911310052864], [-104.7197849439789, 38.82993331007289], [-104.71965994395374, 38.829967310085976], [-104.71953894393434, 38.83004631010514], [-104.71952994393303, 38.830053310106834], [-104.71945694392693, 38.83015231012572], [-104.71943994392836, 38.830202310133835], [-104.71942594392955, 38.83024231014057], [-104.71942094395165, 38.83045731017148], [-104.7194549440018, 38.830847310224556], [-104.71945794400867, 38.83090431023237], [-104.71949894409035, 38.83157031032438], [-104.71958194420009, 38.83240631043771], [-104.71965394424804, 38.83269531047396], [-104.71973894430062, 38.832999310511596], [-104.71976194432874, 38.83321031054009], [-104.71976094436214, 38.833520310584106], [-104.7202709444799, 38.83352031055027], [-104.72067494456968, 38.83348731051877], [-104.72067694459311, 38.83370031054892], [-104.72067794460658, 38.83382231056617], [-104.72068094464711, 38.83418931061809], [-104.72068294466101, 38.83431231063546], [-104.72068394467306, 38.83442131065085], [-104.72068594469357, 38.83460731067723], [-104.72068294470829, 38.834748310697435], [-104.72068094471965, 38.83485831071322], [-104.72067994472341, 38.834895310718444], [-104.72067794473506, 38.835007310734504], [-104.72067794473918, 38.83504531074003], [-104.72067394482306, 38.8358263108512], [-104.7206639450748, 38.83816931118479], [-104.7206639450915, 38.83832331120662], [-104.72066994516094, 38.838950311295314], [-104.72091594521797, 38.83895231127927], [-104.72175594541255, 38.83895831122438], [-104.722922945683, 38.838967311148274], [-104.72404594594319, 38.83897531107482], [-104.72460594607297, 38.83898031103843], [-104.72501594616979, 38.83900031101412], [-104.72531594624066, 38.8390153109962], [-104.7257789463501, 38.83903831096885], [-104.72610094642735, 38.83906531095127], [-104.72633694648349, 38.83908131093795], [-104.72704494665231, 38.83912931089768], [-104.72728194670884, 38.83914631088438], [-104.72744494674764, 38.8391573108751], [-104.72782494683837, 38.83918431085382], [-104.72793594686439, 38.83918831084702], [-104.72809994690289, 38.83919431083697], [-104.72809894685992, 38.83880031078116], [-104.72869094688724, 38.83779231059857], [-104.72871194688845, 38.83775831059239], [-104.7289509469159, 38.837502310540124], [-104.72972394700471, 38.83667631037157], [-104.72989694703283, 38.83656731034465], [-104.73084094718662, 38.83597631019804], [-104.7320319473622, 38.83505930998875], [-104.73234094737222, 38.834494309887944], [-104.73237494731974, 38.83393730980666], [-104.73236794729738, 38.833746309780025], [-104.73235694726024, 38.83342730973535], [-104.73267494722896, 38.832462309577274], [-104.73278494726866, 38.83259330958861], [-104.7328349472867, 38.832653309593766], [-104.7332819474158, 38.83289230959815], [-104.73333094742863, 38.83290630959678], [-104.73392294757475, 38.83299330956978], [-104.73421094764987, 38.83307430956233], [-104.73446494771659, 38.83314730955581], [-104.73466294777309, 38.833247309556846], [-104.73471194778584, 38.833261309555674], [-104.73524994795358, 38.83366330957692], [-104.73599094816889, 38.834070309585684], [-104.73604094818242, 38.834088309585], [-104.73663194832926, 38.8341843095594], [-104.73712394844391, 38.83419430952811], [-104.73761694857106, 38.8343173095129], [-104.73764594858157, 38.83435330951605], [-104.73776694863889, 38.83462430954658], [-104.7377549486567, 38.834813309574194], [-104.73773494866475, 38.83493030959206], [-104.73768394871553, 38.83550730967753], [-104.73766194872981, 38.835685309704274], [-104.7376369487466, 38.83589430973548], [-104.73763794875518, 38.835971309746334], [-104.73764594876096, 38.83600730975105], [-104.73788694885418, 38.83635430978425], [-104.73823294895476, 38.83654430978838], [-104.73828294896727, 38.836553309786204], [-104.73852894902221, 38.83653630976751], [-104.73878194907148, 38.836452309738725], [-104.73878294911162, 38.83682030979101], [-104.73878194913657, 38.83705230982407], [-104.73878194916368, 38.837302309859446], [-104.73876794926586, 38.83827430999834], [-104.73875694932622, 38.8388543100815], [-104.73874594938897, 38.83945531016771], [-104.73874394939392, 38.83950531017482], [-104.73874094940984, 38.83965831019681], [-104.73873994941515, 38.839709310204036], [-104.73873994942394, 38.839790310215704], [-104.73873994943261, 38.83987031022691], [-104.73873994945062, 38.840036310250575], [-104.73873994945953, 38.84011831026223], [-104.73896194951185, 38.84012931024909], [-104.73936994960614, 38.84012931022202], [-104.73963094966635, 38.840130310204714], [-104.74064094989956, 38.840130310137695], [-104.74099394998024, 38.8401223101132], [-104.74126295004233, 38.84012331009556], [-104.74162095012541, 38.84012631007216], [-104.74189495018805, 38.84012131005317], [-104.74227795027582, 38.84011531002697], [-104.74286895041183, 38.84011130998719], [-104.74311395046817, 38.840109309970636], [-104.74348595055368, 38.84010630994549], [-104.74561495104489, 38.84010430980392], [-104.74677095131071, 38.840095309725896], [-104.746919951345, 38.84009430971591], [-104.74799095159129, 38.84008630964376], [-104.74798995158532, 38.840033309636176], [-104.74798695156738, 38.839874309613975], [-104.74798695156174, 38.839822309606554], [-104.7480509515641, 38.839708309586115], [-104.74805995156458, 38.83969330958337], [-104.74806095155732, 38.839624309573516], [-104.7480649515361, 38.83942030954427], [-104.74806695152935, 38.83935330953457], [-104.748070951499, 38.839065309493414], [-104.748073951487, 38.83894830947667], [-104.74806895140514, 38.838204309371264], [-104.74806895139352, 38.8380973093561], [-104.74805795137155, 38.837918309331535], [-104.74821795140646, 38.8379003093183], [-104.74911595159575, 38.83773430923509], [-104.75001495178546, 38.83757030915206], [-104.75059995190408, 38.83741930909194], [-104.75076495193585, 38.83736130907274], [-104.75114095200833, 38.83722930902899], [-104.75172195210743, 38.83690730894467], [-104.75185795212857, 38.83681230892233], [-104.75209495216284, 38.83662430887978], [-104.75236595220244, 38.836412308831775], [-104.75291995227855, 38.83593630872748], [-104.75276395223034, 38.83582330872169], [-104.75229595208594, 38.83548730870509], [-104.75213995203784, 38.835376308699736], [-104.75211195202921, 38.835356308698685], [-104.75207295201723, 38.83532830869732], [-104.75202995200384, 38.83529630869565], [-104.75200295199544, 38.835277308694565], [-104.75188495195898, 38.835192308690424], [-104.75172595191107, 38.83508830868631], [-104.75169895190301, 38.83507130868551], [-104.75125195176834, 38.834781308674145], [-104.75105795170484, 38.834608308662375], [-104.75092895166159, 38.83448430865336], [-104.75087795164437, 38.834434308649605], [-104.75073895159316, 38.83425730863381], [-104.75072295158577, 38.83422330863005], [-104.75040795152852, 38.83436530867095], [-104.75023195149419, 38.83442330869104], [-104.75001095145113, 38.83449730871614], [-104.74978095140571, 38.834567308741285], [-104.74929395130202, 38.83464830878523], [-104.74887695121109, 38.83469630881961], [-104.7486729511638, 38.834695308833055], [-104.7485659511392, 38.834695308840146], [-104.74823095105916, 38.834670308858726], [-104.7481449510379, 38.83465730886257], [-104.74795495099103, 38.83462930887137], [-104.74788895099657, 38.83482130890293], [-104.74787595100092, 38.83488930891338], [-104.74783595100685, 38.83502830893572], [-104.74772595100309, 38.83522830897147], [-104.74749495098408, 38.83554430903167], [-104.74741395096649, 38.83555430903861], [-104.74730395093769, 38.83552330904142], [-104.74709695087972, 38.835429309041864], [-104.74690295082893, 38.835373309046766], [-104.74671595078067, 38.83532730905253], [-104.74645395071119, 38.83524330905798], [-104.74620495063961, 38.835113309056126], [-104.7460079505814, 38.83499630905266], [-104.74581095052577, 38.83490230905229], [-104.74582695052014, 38.83481630903899], [-104.74593795052745, 38.83464730900766], [-104.74606795054075, 38.83449330897721], [-104.74613595054186, 38.834359308953616], [-104.74616595054069, 38.83428530894118], [-104.74619495054617, 38.83427330893748], [-104.74644095061672, 38.834400308939216], [-104.74680595071723, 38.83455030893625], [-104.7469889507671, 38.834620308934156], [-104.74714595080968, 38.83467930893202], [-104.74727495081191, 38.83442530888754], [-104.74712895077255, 38.83437330888979], [-104.74679695068322, 38.83425630889511], [-104.74648695059756, 38.834125308897065], [-104.74608595048656, 38.833955308899505], [-104.74624095049734, 38.83372530885658], [-104.74637195050656, 38.83353230882043], [-104.74655495051701, 38.83323830876661], [-104.74659295051923, 38.83317830875555], [-104.74676095056411, 38.83323430875239], [-104.74710295065833, 38.83337530874982], [-104.74725495067005, 38.833159308708986], [-104.74740095068648, 38.83300030867665], [-104.74759395071341, 38.83283830864099], [-104.74780295074362, 38.8326723086035], [-104.74801595077427, 38.83250130856512], [-104.74821995080367, 38.83233830852845], [-104.74794395071712, 38.83212730851677], [-104.74783095068062, 38.83203230851073], [-104.74788795068886, 38.831986308500305], [-104.74796795070046, 38.83192330848621], [-104.74813895072391, 38.831775308453814], [-104.74823595073713, 38.83169030843525], [-104.74831795074847, 38.83162030841994], [-104.748494950766, 38.83140530837764], [-104.7485489507657, 38.83128830835751], [-104.74859995076528, 38.831175308337954], [-104.74861495076301, 38.83112230832951], [-104.74865195075888, 38.83100530831053], [-104.74883095080354, 38.83103630830296], [-104.74923495090124, 38.831077308282], [-104.74942995090298, 38.83067930821247], [-104.74919695081675, 38.83037930818539], [-104.74919795078002, 38.83003830813692], [-104.74936895081126, 38.82996230811468], [-104.74953295083272, 38.82981130808252], [-104.74960095083156, 38.82965630805593], [-104.74952795079857, 38.82950730803954], [-104.74942395075145, 38.829294308016316], [-104.74969095079243, 38.82910330797135], [-104.74973895075667, 38.82867130790694], [-104.74941595065482, 38.82841930789253], [-104.74947095065832, 38.82833530787693], [-104.74951795064787, 38.82813830784589], [-104.74961795063861, 38.82784130779697], [-104.74935495054704, 38.82755530777378], [-104.74867895039111, 38.827556307818824], [-104.74867995038082, 38.82745930780499], [-104.74869095035248, 38.82717430776383], [-104.74868995034423, 38.827100307753284], [-104.7486899503205, 38.826881307722175], [-104.7486899503126, 38.82680830771182], [-104.7487039502832, 38.826507307668265], [-104.74872495024454, 38.826106307609784], [-104.74872295018967, 38.82560430753865], [-104.74872295016961, 38.82541930751233], [-104.74872295015716, 38.82530430749611], [-104.74948195033242, 38.82530530744581], [-104.75176195085899, 38.82530930729531], [-104.75252195103462, 38.825311307245194], [-104.75295695113515, 38.82531230721635], [-104.75426195143666, 38.825316307130365], [-104.7546969515373, 38.825318307101774], [-104.75469595153837, 38.825330307103656], [-104.75469395154225, 38.82537030710941], [-104.75469395154366, 38.82538330711122], [-104.75525095167164, 38.82537930707379], [-104.75539395170463, 38.82537830706421], [-104.75651195196073, 38.82536130698751], [-104.75683295203436, 38.82535730696566], [-104.75692395205525, 38.8253563069596], [-104.75701395207606, 38.82535630695363], [-104.75735895215576, 38.82535730693076], [-104.75748195218428, 38.82535830692281], [-104.75748395209835, 38.82456130680947], [-104.75748495209174, 38.824498306800386], [-104.7574669519724, 38.823436306650834], [-104.75747395196551, 38.82335730663919], [-104.75748295185609, 38.82232830649243], [-104.75748595183988, 38.82217230647014], [-104.75749595179192, 38.821709306403584], [-104.75749295175508, 38.82137630635665], [-104.75749595174922, 38.82131530634772], [-104.75750595173173, 38.821132306321005], [-104.75750795172883, 38.8211013063166], [-104.75750795172569, 38.82107230631239], [-104.7575079517195, 38.82101530630439], [-104.75751095170156, 38.82084330627974], [-104.75751195169578, 38.82078730627169], [-104.75751595165909, 38.82044030622205], [-104.75751695164263, 38.82028630620016], [-104.75752295155044, 38.81942230607714], [-104.75752495148188, 38.81878530598643], [-104.75752695142816, 38.818285305915296], [-104.75741195140208, 38.81828930592342], [-104.75729595137585, 38.81829530593214], [-104.75694695129712, 38.81831130595745], [-104.75660495121575, 38.8182883059769], [-104.756525951197, 38.818283305981396], [-104.75637595116041, 38.81826630598892], [-104.75642995113819, 38.817945305939865], [-104.75643695113568, 38.81790730593386], [-104.75641095111288, 38.817753305913776], [-104.75632895107982, 38.817621305900346], [-104.75618595103876, 38.817547305899446], [-104.75604795099798, 38.817465305896874], [-104.75595395096607, 38.81737030588956], [-104.75590195094618, 38.817297305882825], [-104.755895950936, 38.81721630587159], [-104.75589095092673, 38.81714130586128], [-104.75592395090756, 38.81689430582401], [-104.75580895088113, 38.81689530583189], [-104.75551795081365, 38.81689230585064], [-104.75510395071782, 38.816889305877794], [-104.7546709506091, 38.81680830589485], [-104.75432395051763, 38.81670230590273], [-104.75394695041447, 38.816553305906716], [-104.75366595033115, 38.81638330590111], [-104.75358495030419, 38.816307305895826], [-104.75327195020034, 38.81601430587484], [-104.75284695005054, 38.815537305835264], [-104.75268594999277, 38.815346305818785], [-104.75254194994082, 38.815174305803886], [-104.75246094990369, 38.81500430578525], [-104.75245594989997, 38.81497930578192], [-104.75241694986994, 38.81478630575711], [-104.75241794986215, 38.8147123057466], [-104.75242894980931, 38.81420030567307], [-104.75249894979389, 38.81390930562698], [-104.75250594979273, 38.813883305623], [-104.75259694978924, 38.81365730558481], [-104.75265794978726, 38.813508305559516], [-104.75271094978501, 38.81337530553716], [-104.75274494978417, 38.81329430552344], [-104.7530679497765, 38.81253530539406], [-104.75307694977649, 38.812516305390815], [-104.7531599497663, 38.81224530534676], [-104.75328694976348, 38.811948305296276], [-104.75339294977609, 38.8118393052738], [-104.75347394978586, 38.811757305256776], [-104.75364494981245, 38.811638305228605], [-104.75382794984684, 38.811565305205946], [-104.75408094990021, 38.811519305182756], [-104.75472895004795, 38.81150330513746], [-104.7547429500512, 38.81150330513653], [-104.75520495015903, 38.81151430510744], [-104.75567195026775, 38.811524305077874], [-104.75623495039922, 38.811538305042625], [-104.75707495059308, 38.81153830498695], [-104.75742895067471, 38.81153830496348], [-104.75744895067922, 38.81153830496214], [-104.75754295070031, 38.811532304955094], [-104.75791995078492, 38.81151030492697], [-104.75800895080471, 38.811503304920045], [-104.758189950845, 38.81148930490609], [-104.75846995090384, 38.81143630487989], [-104.7586749509456, 38.81138530485909], [-104.75937795108905, 38.81121230478799], [-104.7594469511033, 38.81119630478109], [-104.75983295118255, 38.8111063047427], [-104.75971995112825, 38.81084530471322], [-104.75970795112227, 38.81081630470979], [-104.75949695101806, 38.8103033046509], [-104.75942095097292, 38.81004830461978], [-104.75933995092477, 38.80977630458658], [-104.75931895091279, 38.809709304578384], [-104.75932195090319, 38.809614304564654], [-104.75933695085295, 38.8091193044934], [-104.75934295083651, 38.808954304469395], [-104.75934995082204, 38.80880530444794], [-104.75935995080202, 38.808599304418], [-104.75939795078504, 38.808361304381705], [-104.75942295077493, 38.80821530435927], [-104.75945195076224, 38.80803530433161], [-104.75946795075544, 38.807939304316996], [-104.7596249507464, 38.80752130424724], [-104.75966395074433, 38.80741830423004], [-104.75969395074429, 38.80735430421901], [-104.75942995067439, 38.80727130422475], [-104.75936395065759, 38.80725630422682], [-104.75933495064713, 38.80722230422395], [-104.75951995064428, 38.806801304151854], [-104.75976695064877, 38.806316304066605], [-104.76008395066837, 38.80582130397532], [-104.76021995068355, 38.80567230394513], [-104.76057995078529, 38.80584430394572], [-104.76062695078963, 38.805785303934314], [-104.76076995080388, 38.805611303900115], [-104.76081795080866, 38.80555330388866], [-104.76068095076927, 38.805481303887426], [-104.76050195071807, 38.80539030388646], [-104.76009495060198, 38.8051853038842], [-104.75963795048152, 38.805046303894805], [-104.7595079504488, 38.80502130389993], [-104.75915995036124, 38.80495430391341], [-104.75883895028286, 38.80491430392893], [-104.75869995024914, 38.80489830393597], [-104.75787095005624, 38.80488430398877], [-104.75754794998124, 38.8048793040096], [-104.75754994992445, 38.804350303934264], [-104.75755694980857, 38.80326430377953], [-104.75755894975514, 38.80276630370864], [-104.75756194969867, 38.802238303633445], [-104.7575619496803, 38.802068303609204], [-104.75756394964445, 38.80173230356143], [-104.75756394962562, 38.8015583035367], [-104.75756494960744, 38.801388303512454], [-104.75756494959391, 38.80126330349466], [-104.75756494955355, 38.80089030344168], [-104.75756594954039, 38.80076630342386], [-104.75756594952219, 38.80059830340013], [-104.75756694946821, 38.80009730332883], [-104.75756794945049, 38.79993130330509], [-104.75756794937432, 38.79922730320507], [-104.75756894936113, 38.79910330318745], [-104.75756994933529, 38.798862303153065], [-104.7575709493274, 38.79878730314237], [-104.75757994920716, 38.79765730298112], [-104.75758094918716, 38.79747030295463], [-104.75758294914942, 38.797117302904255], [-104.7575889490748, 38.7964143028039], [-104.75841294926293, 38.79639630274687], [-104.75856994929413, 38.7963493027298], [-104.75875794933077, 38.79628730270859], [-104.75882794934297, 38.7962503026986], [-104.75887894935184, 38.796224302691556], [-104.7590669493827, 38.796108302662546], [-104.75930394940686, 38.79582630260676], [-104.75941194939949, 38.79552730255724], [-104.75949194936796, 38.79506530248625], [-104.75954594931457, 38.79445730239622], [-104.75955294929634, 38.794273302369675], [-104.75955894928131, 38.79412130234754], [-104.75956794925742, 38.793881302312876], [-104.75957694923594, 38.79366330228135], [-104.75959094922713, 38.7935523022647], [-104.75966294918226, 38.792983302179074], [-104.75974794916922, 38.79268230213063], [-104.75989294917464, 38.79242230208404], [-104.76007794919286, 38.792197302039874], [-104.76031294923187, 38.7920553020041], [-104.7603469492374, 38.792034301998896], [-104.76088494933919, 38.791828301934], [-104.7615829494749, 38.791594301854474], [-104.76185194952426, 38.791476301819905], [-104.76237394961215, 38.79117630174261], [-104.7628379496764, 38.790780301655694], [-104.7626029496061, 38.790631301649995], [-104.76176494934955, 38.79004630162223], [-104.761570949291, 38.789918301616986], [-104.76128394920597, 38.78974430161125], [-104.76102794913376, 38.78962230161088], [-104.76066994903321, 38.78945730161116], [-104.76063894902495, 38.78944630161162], [-104.7606829490259, 38.78936130159673], [-104.76082194902867, 38.789090301548946], [-104.76086794902966, 38.789002301533394], [-104.7610259490329, 38.788694301479076], [-104.76117394903362, 38.78838530142541], [-104.76122494903386, 38.788278301406784], [-104.76128494903075, 38.788121301380514], [-104.76128594898978, 38.78774030132639], [-104.76123494894618, 38.78744630128797], [-104.76114594891368, 38.78733530127799], [-104.76104194888177, 38.787262301274446], [-104.7609079488443, 38.787201301274806], [-104.7606479487788, 38.787150301284804], [-104.76015694866493, 38.787144301316296], [-104.7597069485621, 38.78715330134742], [-104.7591119484261, 38.78716530138847], [-104.7587359483368, 38.78714130141008], [-104.75851694828087, 38.78709130141743], [-104.75839394824642, 38.78703530141759], [-104.7583049482196, 38.78697730141526], [-104.75817794817429, 38.786829301402605], [-104.75810194813775, 38.78665330138261], [-104.75804394809064, 38.786341301342105], [-104.7578939479683, 38.78552930123672], [-104.75788494790912, 38.78500130116211], [-104.75788394790654, 38.784979301159154], [-104.75788294789916, 38.784913301149736], [-104.75788294789689, 38.78489230114674], [-104.75798194791987, 38.78489330114044], [-104.75828094798916, 38.78489630112113], [-104.75838094801232, 38.78489730111459], [-104.75838094801458, 38.78491830111751], [-104.75838094802171, 38.78498430112702], [-104.7583809480241, 38.78500630113002], [-104.7583819480615, 38.78535030117891], [-104.75840694808764, 38.78553830120391], [-104.75844294812465, 38.785804301239274], [-104.75849694816384, 38.78605230127107], [-104.75853494818483, 38.78616430128448], [-104.75864894821568, 38.78620630128286], [-104.75948894840856, 38.786198301226115], [-104.76002294853122, 38.786193301189996], [-104.76060194866442, 38.78619030115136], [-104.76158094888973, 38.786186301085976], [-104.76165594890433, 38.78616030107734], [-104.76171194891245, 38.78611630106726], [-104.76174494891227, 38.78604430105489], [-104.76172994885167, 38.785515300980656], [-104.76171394878548, 38.7849373008995], [-104.76170194874271, 38.78456730084783], [-104.76170294871754, 38.784332300814285], [-104.76170794866151, 38.783802300738635], [-104.7617089486412, 38.78361330071168], [-104.76216694874603, 38.78360530068029], [-104.76217494871516, 38.78330230063664], [-104.7621739487098, 38.783255300630046], [-104.76272394883874, 38.78327430059635], [-104.76288094887799, 38.78330230058992], [-104.76295994889705, 38.783310300585796], [-104.76307294892608, 38.783337300582026], [-104.76335294899621, 38.78338830057089], [-104.76335794897584, 38.783189300542325]]]}, "properties": {"zip": "80916", "name": "ZIP 80916"}, "id": "80916"}]}