{"type": "FeatureCollection", "features": [{"type": "Feature", "properties": {"SENATE": 12}, "geometry": {"type": "Polygon", "coordinates": [[[-105.011938, 39.021194], [-105.011933, 39.021211], [-105.011896, 39.021347], [-105.01189, 39.021366], [-105.011872, 39.021519], [-105.011879, 39.021658], [-105.011927, 39.021791], [-105.011977, 39.02187], [-105.012024, 39.021944], [-105.012039, 39.021967], [-105.012045, 39.021988], [-105.012083, 39.022111], [-105.012101, 39.022259], [-105.012099, 39.022296], [-105.01209, 39.022451], [-105.012028, 39.022647], [-105.011967, 39.022811], [-105.011861, 39.02295], [-105.011728, 39.023106], [-105.011629, 39.023225], [-105.011593, 39.023327], [-105.011592, 39.023339], [-105.011588, 39.023372], [-105.011575, 39.023477], [-105.011596, 39.023616], [-105.011691, 39.02384], [-105.011887, 39.024188], [-105.012225, 39.024876], [-105.012261, 39.025069], [-105.012258, 39.025253], [-105.012283, 39.025313], [-105.012308, 39.025373], [-105.012314, 39.02537], [-105.012516, 39.025237], [-105.012738, 39.025077], [-105.012891, 39.024977], [-105.01311, 39.024804], [-105.013186, 39.024679], [-105.013211, 39.024611], [-105.013193, 39.024546], [-105.013156, 39.02452], [-105.013148, 39.024514], [-105.013068, 39.024484], [-105.012849, 39.024481], [-105.012792, 39.024462], [-105.012787, 39.02446], [-105.012745, 39.024422], [-105.012717, 39.024335], [-105.012714, 39.024246], [-105.012728, 39.024034], [-105.012808, 39.023628], [-105.012873, 39.023232], [-105.012933, 39.022948], [-105.012939, 39.022921], [-105.013016, 39.022642], [-105.013005, 39.022376], [-105.013022, 39.022119], [-105.013082, 39.021932], [-105.013223, 39.02168], [-105.013238, 39.021653], [-105.013297, 39.021498], [-105.013318, 39.021352], [-105.01332, 39.021306], [-105.013325, 39.021216], [-105.013328, 39.021152], [-105.013366, 39.021005], [-105.013385, 39.020971], [-105.013433, 39.020882], [-105.013443, 39.020864], [-105.01346, 39.020832], [-105.013536, 39.020732], [-105.013672, 39.020648], [-105.013863, 39.020585], [-105.014088, 39.020547], [-105.014696, 39.020477], [-105.014859, 39.020469], [-105.014991, 39.02048], [-105.01512, 39.020501], [-105.015419, 39.02062], [-105.015463, 39.020631], [-105.015731, 39.020696], [-105.015768, 39.020704], [-105.016075, 39.020764], [-105.016554, 39.020907], [-105.016911, 39.020957], [-105.017006, 39.02097], [-105.017336, 39.021012], [-105.017433, 39.021024], [-105.017484, 39.02104], [-105.018148, 39.021238], [-105.018819, 39.021327], [-105.018912, 39.021321], [-105.019041, 39.021313], [-105.019152, 39.021319], [-105.019267, 39.021354], [-105.019274, 39.02136], [-105.019354, 39.021422], [-105.019358, 39.021424], [-105.019458, 39.021466], [-105.019475, 39.021473], [-105.019593, 39.021511], [-105.01967, 39.021525], [-105.019718, 39.021533], [-105.019724, 39.021535], [-105.019824, 39.021561], [-105.01984, 39.021565], [-105.019972, 39.021622], [-105.020009, 39.021637], [-105.020395, 39.021795], [-105.020672, 39.021908], [-105.021111, 39.022088], [-105.021379, 39.022194], [-105.021583, 39.022242], [-105.021761, 39.022242], [-105.021869, 39.022218], [-105.021948, 39.022199], [-105.022077, 39.022136], [-105.022097, 39.022126], [-105.022108, 39.02212], [-105.022302, 39.021968], [-105.022455, 39.021854], [-105.022615, 39.021735], [-105.022858, 39.02157], [-105.022897, 39.021555], [-105.023004, 39.021513], [-105.023015, 39.021512], [-105.023181, 39.021491], [-105.023459, 39.021464], [-105.023634, 39.021405], [-105.024405, 39.021142], [-105.024743, 39.021028], [-105.024873, 39.020996], [-105.025226, 39.020909], [-105.025639, 39.02076], [-105.026001, 39.020584], [-105.02624, 39.020459], [-105.026627, 39.020177], [-105.026636, 39.020171], [-105.026874, 39.019983], [-105.027098, 39.019806], [-105.027279, 39.01969], [-105.027349, 39.019645], [-105.027362, 39.019637], [-105.027499, 39.019586], [-105.027524, 39.019577], [-105.027524, 39.019569], [-105.027528, 39.019485], [-105.02754, 39.019198], [-105.027554, 39.018863], [-105.027577, 39.018335], [-105.027701, 39.014856], [-105.027772, 39.01436], [-105.027844, 39.013851], [-105.027844, 39.013851], [-105.027942, 39.013157], [-105.027944, 39.013133], [-105.027955, 39.013063], [-105.028575, 39.008696], [-105.028778, 39.007268], [-105.028819, 39.007008], [-105.02884, 39.006861], [-105.029108, 39.005128], [-105.029955, 38.999638], [-105.027994, 38.989115], [-105.02799, 38.989097], [-105.027526, 38.986624], [-105.027451, 38.986226], [-105.027451, 38.986225], [-105.027327, 38.985564], [-105.027328, 38.985501], [-105.027328, 38.985501], [-105.027356, 38.981804], [-105.027384, 38.980697], [-105.027395, 38.976793], [-105.027429, 38.972043], [-105.027435, 38.971144], [-105.027425, 38.970602], [-105.027425, 38.970584], [-105.02736, 38.967482], [-105.027353, 38.967111], [-105.027347, 38.96681], [-105.027324, 38.965709], [-105.027311, 38.965067], [-105.027302, 38.964676], [-105.027291, 38.964101], [-105.027273, 38.963466], [-105.027243, 38.962562], [-105.02721, 38.961525], [-105.027186, 38.960768], [-105.027179, 38.96056], [-105.027168, 38.960219], [-105.027076, 38.957363], [-105.027074, 38.957287], [-105.027069, 38.957136], [-105.027058, 38.956789], [-105.027051, 38.956573], [-105.027053, 38.956315], [-105.027054, 38.956192], [-105.027057, 38.955826], [-105.027063, 38.955262], [-105.027066, 38.954887], [-105.027071, 38.954363], [-105.027079, 38.953462], [-105.027085, 38.952771], [-105.027092, 38.95201], [-105.027094, 38.951762], [-105.027109, 38.950101], [-105.027118, 38.949096], [-105.02722, 38.941761], [-105.027222, 38.941621], [-105.027222, 38.941621], [-105.02723, 38.940975], [-105.027265, 38.938086], [-105.027352, 38.930817], [-105.027361, 38.930066], [-105.027401, 38.926839], [-105.027403, 38.926702], [-105.02741, 38.926491], [-105.027458, 38.924917], [-105.027476, 38.924553], [-105.027529, 38.922976], [-105.027624, 38.920135], [-105.027647, 38.919461], [-105.027763, 38.916015], [-105.027786, 38.915333], [-105.027811, 38.914599], [-105.027891, 38.91222], [-105.02789, 38.9121], [-105.027841, 38.907708], [-105.027729, 38.897728], [-105.027898, 38.893622], [-105.028158, 38.887293], [-105.028193, 38.886439], [-105.028324, 38.883249], [-105.028448, 38.877631], [-105.028461, 38.877043], [-105.028581, 38.8715], [-105.028639, 38.868893], [-105.028639, 38.868893], [-105.028642, 38.868769], [-105.034834, 38.868862], [-105.036103, 38.868881], [-105.036123, 38.868882], [-105.047051, 38.869044], [-105.057706, 38.86912], [-105.057706, 38.86912], [-105.065804, 38.869176], [-105.066475, 38.869183], [-105.06677, 38.869186], [-105.06679, 38.869079], [-105.06734, 38.865311], [-105.067382, 38.864512], [-105.067569, 38.862676], [-105.067491, 38.862511], [-105.06743, 38.862301], [-105.067419, 38.862159], [-105.067483, 38.861837], [-105.067694, 38.860945], [-105.06792, 38.860161], [-105.067961, 38.859887], [-105.067964, 38.859694], [-105.067919, 38.85939], [-105.067858, 38.859231], [-105.06767, 38.858997], [-105.067882, 38.856851], [-105.068453, 38.851153], [-105.068649, 38.849199], [-105.068873, 38.846983], [-105.06924, 38.843337], [-105.069437, 38.841384], [-105.069453, 38.841218], [-105.069503, 38.840721], [-105.06952, 38.840556], [-105.069526, 38.840489], [-105.069546, 38.840289], [-105.069554, 38.840223], [-105.069977, 38.836018], [-105.071247, 38.823406], [-105.071647, 38.819446], [-105.071668, 38.819202], [-105.07169, 38.818948], [-105.071718, 38.818632], [-105.071757, 38.818187], [-105.071769, 38.818063], [-105.071774, 38.817998], [-105.07178, 38.817934], [-105.071855, 38.817074], [-105.072082, 38.814494], [-105.072158, 38.813635], [-105.072308, 38.811914], [-105.072381, 38.811093], [-105.072539, 38.808406], [-105.072503, 38.80674], [-105.072467, 38.805013], [-105.072194, 38.799388], [-105.069979, 38.799401], [-105.069506, 38.799403], [-105.067078, 38.799415], [-105.065488, 38.799424], [-105.063577, 38.799433], [-105.061313, 38.799445], [-105.059117, 38.799457], [-105.056485, 38.79947], [-105.054373, 38.799481], [-105.05187, 38.799356], [-105.049702, 38.799248], [-105.046667, 38.799087], [-105.042658, 38.798854], [-105.038836, 38.798631], [-105.038752, 38.798626], [-105.033195, 38.798302], [-105.030586, 38.79815], [-105.029747, 38.798101], [-105.029021, 38.798059], [-105.028246, 38.798047], [-105.028234, 38.798047], [-105.026526, 38.798007], [-105.02461, 38.797976], [-105.021912, 38.797931], [-105.02051, 38.797908], [-105.019859, 38.797898], [-105.019399, 38.79789], [-105.019267, 38.797888], [-105.019099, 38.797885], [-105.018815, 38.797881], [-105.017478, 38.797859], [-105.016368, 38.797841], [-105.01556, 38.797827], [-105.014758, 38.79783], [-105.01045, 38.797997], [-105.008275, 38.798064], [-105.005019, 38.798182], [-105.003305, 38.798245], [-105.002451, 38.798275], [-105.001922, 38.798295], [-105.000648, 38.798339], [-105.000466, 38.798347], [-104.99983, 38.79837], [-104.998409, 38.798422], [-104.996223, 38.798501], [-104.994698, 38.798556], [-104.994535, 38.798555], [-104.991949, 38.798515], [-104.989682, 38.79848], [-104.986437, 38.798435], [-104.982003, 38.798361], [-104.979963, 38.798329], [-104.977149, 38.798285], [-104.975092, 38.798281], [-104.973128, 38.798292], [-104.971477, 38.798335], [-104.96967, 38.798322], [-104.968565, 38.798315], [-104.967379, 38.798322], [-104.965816, 38.79833], [-104.964462, 38.798338], [-104.962654, 38.798339], [-104.961265, 38.798355], [-104.959853, 38.798362], [-104.958057, 38.798371], [-104.955918, 38.79843], [-104.952402, 38.798501], [-104.949455, 38.79856], [-104.948785, 38.798565], [-104.947427, 38.798258], [-104.944868, 38.797679], [-104.941581, 38.796934], [-104.941434, 38.796901], [-104.939879, 38.796549], [-104.939764, 38.79228], [-104.939644, 38.787782], [-104.939593, 38.785894], [-104.939565, 38.784806], [-104.939502, 38.782388], [-104.939501, 38.781589], [-104.939491, 38.773564], [-104.939491, 38.773564], [-104.939484, 38.767743], [-104.939398, 38.756792], [-104.939396, 38.756481], [-104.939357, 38.751787], [-104.939364, 38.751364], [-104.939386, 38.749994], [-104.939354, 38.747561], [-104.939354, 38.747561], [-104.939341, 38.746562], [-104.939285, 38.742236], [-104.939235, 38.738387], [-104.939227, 38.737161], [-104.939225, 38.737006], [-104.939225, 38.736999], [-104.939224, 38.736843], [-104.93921, 38.734815], [-104.939209, 38.734704], [-104.939178, 38.730404], [-104.939178, 38.730343], [-104.939141, 38.725383], [-104.939141, 38.725383], [-104.939135, 38.72451], [-104.939088, 38.720473], [-104.939088, 38.720472], [-104.938986, 38.711793], [-104.938986, 38.711756], [-104.938971, 38.71053], [-104.939538, 38.703488], [-104.939725, 38.696325], [-104.939745, 38.696325], [-104.942239, 38.696274], [-104.942239, 38.696245], [-104.942239, 38.696205], [-104.942235, 38.693435], [-104.942213, 38.680012], [-104.942205, 38.671755], [-104.942201, 38.66887], [-104.942197, 38.664536], [-104.941933, 38.65013], [-104.942233, 38.65014], [-104.942301, 38.650149], [-104.942435, 38.650165], [-104.942436, 38.649888], [-104.942439, 38.648945], [-104.94244, 38.648635], [-104.942456, 38.644876], [-104.942462, 38.643624], [-104.94249, 38.636621], [-104.942493, 38.636054], [-104.942538, 38.624999], [-104.942514, 38.622627], [-104.942441, 38.615614], [-104.942408, 38.612424], [-104.942369, 38.608612], [-104.942355, 38.607304], [-104.942353, 38.607073], [-104.942325, 38.604474], [-104.94225, 38.597244], [-104.94225, 38.597244], [-104.942196, 38.592063], [-104.942154, 38.587926], [-104.942136, 38.586582], [-104.942105, 38.584165], [-104.942084, 38.582552], [-104.942069, 38.581381], [-104.942067, 38.581209], [-104.942062, 38.580747], [-104.942049, 38.579361], [-104.942045, 38.578899], [-104.942031, 38.577399], [-104.941989, 38.5729], [-104.941976, 38.571401], [-104.941969, 38.57068], [-104.941949, 38.568517], [-104.941943, 38.567834], [-104.941943, 38.567797], [-104.941935, 38.567007], [-104.941914, 38.564638], [-104.941907, 38.563849], [-104.941905, 38.563687], [-104.941899, 38.563201], [-104.941899, 38.563125], [-104.941906, 38.56304], [-104.941895, 38.563008], [-104.941905, 38.562911], [-104.941908, 38.56288], [-104.941895, 38.560102], [-104.941889, 38.559951], [-104.941875, 38.559569], [-104.941874, 38.559501], [-104.941873, 38.559352], [-104.941871, 38.559212], [-104.941865, 38.558795], [-104.941864, 38.558657], [-104.94186, 38.558385], [-104.941855, 38.557967], [-104.941856, 38.557943], [-104.941847, 38.557176], [-104.941831, 38.555908], [-104.941823, 38.555222], [-104.941819, 38.554989], [-104.94181, 38.554293], [-104.94181, 38.554062], [-104.941806, 38.553761], [-104.941796, 38.552858], [-104.941793, 38.552558], [-104.941765, 38.548952], [-104.941693, 38.539396], [-104.941683, 38.538133], [-104.941656, 38.534548], [-104.941656, 38.534529], [-104.941628, 38.530779], [-104.941567, 38.522311], [-104.941562, 38.521763], [-104.941547, 38.520122], [-104.941543, 38.519582], [-104.941543, 38.519575], [-104.939234, 38.519767], [-104.939185, 38.519771], [-104.938373, 38.519839], [-104.93825, 38.519849], [-104.934241, 38.520184], [-104.934092, 38.520197], [-104.932959, 38.520292], [-104.923788, 38.520295], [-104.923726, 38.520295], [-104.919357, 38.520285], [-104.919165, 38.520285], [-104.918028, 38.520285], [-104.917651, 38.520285], [-104.911731, 38.520291], [-104.911477, 38.520291], [-104.911335, 38.520291], [-104.911207, 38.520291], [-104.905288, 38.520296], [-104.895693, 38.520306], [-104.894823, 38.520259], [-104.894758, 38.520256], [-104.892165, 38.520118], [-104.888353, 38.519915], [-104.88758, 38.51991], [-104.882022, 38.520093], [-104.881981, 38.520094], [-104.8795, 38.520088], [-104.875543, 38.520077], [-104.871313, 38.52002], [-104.869685, 38.519997], [-104.866705, 38.520023], [-104.866684, 38.520023], [-104.86616, 38.519863], [-104.866092, 38.519863], [-104.865891, 38.519863], [-104.865824, 38.519864], [-104.862742, 38.519874], [-104.853499, 38.519904], [-104.850418, 38.519915], [-104.844757, 38.519912], [-104.84395, 38.519916], [-104.841532, 38.51993], [-104.840726, 38.519935], [-104.840711, 38.519936], [-104.840666, 38.519936], [-104.840651, 38.519936], [-104.840053, 38.51994], [-104.83979, 38.519943], [-104.83721, 38.519974], [-104.83635, 38.519985], [-104.836234, 38.519986], [-104.836179, 38.519986], [-104.836177, 38.519986], [-104.826067, 38.519781], [-104.825916, 38.519782], [-104.823175, 38.519785], [-104.820476, 38.519919], [-104.82042, 38.519922], [-104.819978, 38.519943], [-104.815986, 38.520035], [-104.815119, 38.520033], [-104.813099, 38.520028], [-104.807038, 38.520013], [-104.805019, 38.520008], [-104.804478, 38.520006], [-104.802855, 38.520002], [-104.802315, 38.520001], [-104.800095, 38.519996], [-104.798262, 38.519991], [-104.798132, 38.51999], [-104.796114, 38.520171], [-104.787227, 38.520125], [-104.775797, 38.519933], [-104.77209, 38.51987], [-104.770787, 38.519848], [-104.770589, 38.519845], [-104.770155, 38.519847], [-104.768743, 38.519855], [-104.768262, 38.519857], [-104.767631, 38.519861], [-104.766154, 38.519868], [-104.761724, 38.519892], [-104.760334, 38.5199], [-104.760248, 38.5199], [-104.75054, 38.519877], [-104.74136, 38.519658], [-104.741012, 38.519659], [-104.739324, 38.519665], [-104.737869, 38.519658], [-104.737775, 38.519657], [-104.73729, 38.519655], [-104.734098, 38.519637], [-104.724675, 38.519581], [-104.72335, 38.519572], [-104.71805, 38.519566], [-104.718004, 38.519566], [-104.715397, 38.519563], [-104.714799, 38.519562], [-104.712538, 38.519559], [-104.710746, 38.519558], [-104.710352, 38.519557], [-104.710305, 38.519557], [-104.707723, 38.519554], [-104.707525, 38.519554], [-104.707251, 38.519553], [-104.707171, 38.519553], [-104.706987, 38.519553], [-104.706959, 38.519553], [-104.706865, 38.519552], [-104.70683, 38.519552], [-104.706813, 38.519552], [-104.706793, 38.519552], [-104.706291, 38.519548], [-104.706171, 38.519548], [-104.705865, 38.519547], [-104.705559, 38.519545], [-104.705447, 38.519544], [-104.705111, 38.519542], [-104.704999, 38.519542], [-104.6933, 38.519488], [-104.693208, 38.519488], [-104.692855, 38.519486], [-104.691799, 38.51948], [-104.691447, 38.519479], [-104.691384, 38.519478], [-104.691197, 38.519478], [-104.691135, 38.519478], [-104.691068, 38.519477], [-104.690871, 38.519476], [-104.690805, 38.519476], [-104.687785, 38.519462], [-104.687321, 38.51946], [-104.68729, 38.51946], [-104.685918, 38.519453], [-104.684332, 38.519446], [-104.679323, 38.519513], [-104.674713, 38.519577], [-104.674291, 38.519583], [-104.670179, 38.519623], [-104.670101, 38.519624], [-104.669262, 38.519635], [-104.666748, 38.51967], [-104.66591, 38.519683], [-104.664805, 38.519698], [-104.66149, 38.519744], [-104.660386, 38.51976], [-104.644701, 38.519848], [-104.631455, 38.519923], [-104.631139, 38.51992], [-104.630692, 38.519923], [-104.630748, 38.520015], [-104.630838, 38.52016], [-104.631102, 38.52068], [-104.631582, 38.521622], [-104.631901, 38.522239], [-104.63217, 38.522758], [-104.632159, 38.522765], [-104.632065, 38.52282], [-104.633211, 38.525092], [-104.633917, 38.526439], [-104.634742, 38.528095], [-104.635379, 38.529321], [-104.637461, 38.53345], [-104.637889, 38.5343], [-104.637929, 38.534373], [-104.638235, 38.53494], [-104.638357, 38.535221], [-104.638334, 38.535303], [-104.638298, 38.535358], [-104.638281, 38.535376], [-104.638263, 38.535394], [-104.638178, 38.535443], [-104.638297, 38.535662], [-104.638337, 38.53572], [-104.638485, 38.535934], [-104.638713, 38.536178], [-104.639045, 38.536817], [-104.639526, 38.537742], [-104.639531, 38.537751], [-104.639808, 38.538298], [-104.64094, 38.540537], [-104.641411, 38.541469], [-104.641576, 38.541798], [-104.641862, 38.542365], [-104.642073, 38.542785], [-104.642118, 38.542874], [-104.642229, 38.543119], [-104.642516, 38.543756], [-104.642865, 38.544578], [-104.643059, 38.545101], [-104.643906, 38.547397], [-104.644304, 38.548421], [-104.644496, 38.548842], [-104.644676, 38.54922], [-104.644868, 38.549601], [-104.644965, 38.549803], [-104.645022, 38.549923], [-104.645578, 38.551083], [-104.645727, 38.551412], [-104.645781, 38.551573], [-104.645815, 38.551695], [-104.64588, 38.551863], [-104.645972, 38.552091], [-104.646778, 38.553741], [-104.646844, 38.55387], [-104.647381, 38.554924], [-104.647473, 38.555093], [-104.647681, 38.555476], [-104.648549, 38.557147], [-104.649049, 38.55816], [-104.651087, 38.562287], [-104.6511, 38.562318], [-104.651186, 38.562519], [-104.651562, 38.563254], [-104.6512, 38.563282], [-104.651149, 38.563281], [-104.651085, 38.56328], [-104.650154, 38.563266], [-104.647392, 38.56327], [-104.647279, 38.563287], [-104.647468, 38.563523], [-104.647804, 38.563955], [-104.647824, 38.563981], [-104.649434, 38.565916], [-104.649978, 38.56657], [-104.65229, 38.569349], [-104.652499, 38.569604], [-104.655363, 38.573099], [-104.658095, 38.576378], [-104.659359, 38.577895], [-104.66, 38.578664], [-104.660045, 38.578721], [-104.660618, 38.579437], [-104.661087, 38.580022], [-104.662545, 38.581773], [-104.662635, 38.581881], [-104.662635, 38.581881], [-104.662635, 38.581882], [-104.663212, 38.582575], [-104.66425, 38.583821], [-104.665208, 38.584989], [-104.66587, 38.585797], [-104.665894, 38.585826], [-104.665967, 38.585916], [-104.665992, 38.585946], [-104.665995, 38.585945], [-104.666008, 38.585938], [-104.666056, 38.585918], [-104.666073, 38.585912], [-104.666095, 38.585902], [-104.666163, 38.585874], [-104.666186, 38.585865], [-104.666212, 38.585853], [-104.66629, 38.585821], [-104.666317, 38.58581], [-104.666428, 38.585762], [-104.666445, 38.585756], [-104.666511, 38.585757], [-104.666788, 38.58579], [-104.66688, 38.585801], [-104.666908, 38.585806], [-104.667299, 38.585871], [-104.667407, 38.58589], [-104.667584, 38.585935], [-104.667725, 38.585983], [-104.667734, 38.585989], [-104.667952, 38.586132], [-104.66797, 38.586145], [-104.668078, 38.586222], [-104.66815, 38.586292], [-104.668193, 38.586334], [-104.668245, 38.586384], [-104.668299, 38.586453], [-104.668302, 38.586456], [-104.668408, 38.586589], [-104.668418, 38.586601], [-104.668422, 38.586608], [-104.66853, 38.586781], [-104.668535, 38.586779], [-104.668566, 38.586767], [-104.668568, 38.586766], [-104.668677, 38.586725], [-104.668714, 38.586712], [-104.66883, 38.586668], [-104.669029, 38.586595], [-104.669178, 38.586539], [-104.669295, 38.586496], [-104.669299, 38.586505], [-104.669331, 38.586563], [-104.669441, 38.586764], [-104.669457, 38.586794], [-104.669478, 38.586832], [-104.669681, 38.587194], [-104.670293, 38.58828], [-104.670307, 38.588305], [-104.670381, 38.588436], [-104.670492, 38.588645], [-104.670514, 38.588686], [-104.670694, 38.589023], [-104.671301, 38.590157], [-104.671504, 38.590535], [-104.671939, 38.591349], [-104.672261, 38.591928], [-104.672751, 38.592808], [-104.673749, 38.59467], [-104.67432, 38.595693], [-104.67454, 38.596103], [-104.675013, 38.59698], [-104.675299, 38.597496], [-104.67568, 38.598185], [-104.675689, 38.598202], [-104.675926, 38.59863], [-104.67625, 38.599241], [-104.676831, 38.600337], [-104.677209, 38.60105], [-104.677635, 38.601854], [-104.677756, 38.602051], [-104.678566, 38.60337], [-104.67944, 38.604745], [-104.679576, 38.604953], [-104.680202, 38.605908], [-104.680222, 38.605939], [-104.680284, 38.606032], [-104.680305, 38.606064], [-104.680582, 38.606472], [-104.68125, 38.607454], [-104.681425, 38.607689], [-104.68172, 38.608085], [-104.68231, 38.608878], [-104.68233, 38.608905], [-104.682909, 38.60965], [-104.683491, 38.610397], [-104.68411, 38.611239], [-104.684697, 38.612036], [-104.68493, 38.612353], [-104.685631, 38.613305], [-104.685865, 38.613623], [-104.686535, 38.614522], [-104.686576, 38.614577], [-104.686631, 38.614661], [-104.686809, 38.614928], [-104.687255, 38.615599], [-104.687288, 38.615648], [-104.687328, 38.615717], [-104.687649, 38.616268], [-104.687652, 38.616272], [-104.687652, 38.616273], [-104.687817, 38.616653], [-104.688233, 38.617571], [-104.688435, 38.61812], [-104.688781, 38.619312], [-104.688801, 38.61938], [-104.688939, 38.619972], [-104.689033, 38.620492], [-104.689122, 38.620887], [-104.689217, 38.621313], [-104.689505, 38.622593], [-104.689601, 38.62302], [-104.689863, 38.624186], [-104.690062, 38.625143], [-104.690135, 38.625496], [-104.690286, 38.626221], [-104.690624, 38.62778], [-104.691169, 38.630284], [-104.691346, 38.631067], [-104.691394, 38.631278], [-104.691813, 38.633263], [-104.691847, 38.633423], [-104.692017, 38.634209], [-104.692479, 38.636356], [-104.69379, 38.642442], [-104.693867, 38.642798], [-104.6941, 38.643876], [-104.69431, 38.644616], [-104.694417, 38.644923], [-104.694483, 38.645113], [-104.694644, 38.645521], [-104.694835, 38.645961], [-104.694879, 38.646061], [-104.695639, 38.647965], [-104.696074, 38.649087], [-104.696205, 38.649425], [-104.696479, 38.650132], [-104.69706, 38.651631], [-104.697659, 38.653144], [-104.700498, 38.660313], [-104.701254, 38.662159], [-104.701425, 38.662575], [-104.701578, 38.662842], [-104.701614, 38.662904], [-104.701849, 38.66334], [-104.702126, 38.663806], [-104.702497, 38.66437], [-104.702821, 38.664816], [-104.702907, 38.664931], [-104.702763, 38.665003], [-104.702673, 38.665049], [-104.702332, 38.665219], [-104.702195, 38.665289], [-104.702195, 38.665289], [-104.702189, 38.665292], [-104.702147, 38.665203], [-104.702132, 38.665165], [-104.702065, 38.664998], [-104.702028, 38.664904], [-104.701889, 38.664554], [-104.701716, 38.664188], [-104.701701, 38.664158], [-104.701698, 38.664151], [-104.701562, 38.664164], [-104.701697, 38.664632], [-104.701758, 38.664867], [-104.701813, 38.665103], [-104.701864, 38.665339], [-104.701909, 38.665576], [-104.701948, 38.665814], [-104.701983, 38.666052], [-104.702012, 38.666291], [-104.702043, 38.66654], [-104.701949, 38.666541], [-104.701935, 38.666542], [-104.701873, 38.666543], [-104.701738, 38.666546], [-104.701738, 38.666546], [-104.701729, 38.666546], [-104.701667, 38.666044], [-104.701633, 38.66581], [-104.70155, 38.665344], [-104.701446, 38.66488], [-104.701386, 38.664649], [-104.701307, 38.664377], [-104.701282, 38.664291], [-104.701223, 38.664196], [-104.701153, 38.664083], [-104.701053, 38.663919], [-104.698713, 38.657996], [-104.698711, 38.65799], [-104.698277, 38.657982], [-104.698112, 38.657975], [-104.697046, 38.657957], [-104.696899, 38.659439], [-104.696792, 38.660879], [-104.696766, 38.661557], [-104.696763, 38.661865], [-104.696581, 38.661883], [-104.694884, 38.662039], [-104.694888, 38.662144], [-104.694941, 38.663201], [-104.694335, 38.663216], [-104.694112, 38.663221], [-104.693786, 38.663228], [-104.691983, 38.663269], [-104.69198, 38.663269], [-104.691918, 38.663271], [-104.691865, 38.663275], [-104.691858, 38.663275], [-104.691812, 38.663168], [-104.691756, 38.662964], [-104.691709, 38.662704], [-104.69169, 38.662594], [-104.691689, 38.662552], [-104.691689, 38.662552], [-104.691689, 38.662545], [-104.691542, 38.662547], [-104.69078, 38.662557], [-104.68962, 38.662574], [-104.688186, 38.662595], [-104.688056, 38.662595], [-104.687922, 38.662595], [-104.687874, 38.662593], [-104.68775, 38.662588], [-104.687648, 38.662566], [-104.687504, 38.662535], [-104.687449, 38.662516], [-104.687406, 38.662501], [-104.687315, 38.662469], [-104.687184, 38.662396], [-104.687159, 38.662382], [-104.687152, 38.662378], [-104.687091, 38.662328], [-104.68709, 38.662328], [-104.68709, 38.662328], [-104.687082, 38.66232], [-104.686982, 38.662386], [-104.68654, 38.662663], [-104.685589, 38.663256], [-104.68558, 38.663261], [-104.685575, 38.663262], [-104.685494, 38.663278], [-104.685333, 38.663311], [-104.685335, 38.663317], [-104.685341, 38.66334], [-104.685369, 38.663443], [-104.685375, 38.663465], [-104.68539, 38.663518], [-104.685388, 38.663518], [-104.684983, 38.663521], [-104.682544, 38.663541], [-104.682534, 38.663541], [-104.682521, 38.662663], [-104.682506, 38.661674], [-104.682489, 38.660521], [-104.682468, 38.659149], [-104.682441, 38.657327], [-104.682445, 38.657258], [-104.682445, 38.657252], [-104.682244, 38.657233], [-104.682018, 38.657223], [-104.682004, 38.657222], [-104.681935, 38.657219], [-104.681608, 38.657225], [-104.681284, 38.657231], [-104.67977, 38.657227], [-104.677897, 38.657224], [-104.676632, 38.657248], [-104.674257, 38.657259], [-104.673413, 38.657264], [-104.673299, 38.657256], [-104.673267, 38.657254], [-104.673267, 38.657293], [-104.673267, 38.657313], [-104.669979, 38.657343], [-104.6695, 38.657347], [-104.663985, 38.657389], [-104.663982, 38.65791], [-104.663976, 38.660346], [-104.663971, 38.662153], [-104.663966, 38.663648], [-104.663964, 38.664251], [-104.663964, 38.664331], [-104.663963, 38.664551], [-104.663963, 38.664583], [-104.663862, 38.664555], [-104.662509, 38.664564], [-104.662028, 38.664582], [-104.654993, 38.664684], [-104.654956, 38.664684], [-104.652728, 38.664687], [-104.645518, 38.664731], [-104.643093, 38.664756], [-104.643093, 38.664756], [-104.643093, 38.664756], [-104.636453, 38.664822], [-104.636453, 38.664842], [-104.636495, 38.668372], [-104.636498, 38.668592], [-104.636584, 38.675951], [-104.636623, 38.679271], [-104.63337, 38.679275], [-104.633421, 38.681716], [-104.633439, 38.682586], [-104.632648, 38.682592], [-104.631496, 38.682606], [-104.627875, 38.682631], [-104.627415, 38.682635], [-104.627122, 38.682637], [-104.627122, 38.682637], [-104.627112, 38.682637], [-104.627064, 38.680926], [-104.627064, 38.680919], [-104.623068, 38.680957], [-104.623058, 38.680957], [-104.623054, 38.680496], [-104.623043, 38.679316], [-104.623043, 38.67931], [-104.623043, 38.679309], [-104.622102, 38.679309], [-104.621412, 38.679308], [-104.621048, 38.679307], [-104.620588, 38.679305], [-104.618899, 38.679301], [-104.609168, 38.67928], [-104.609056, 38.686624], [-104.605436, 38.686613], [-104.605411, 38.689551], [-104.605405, 38.690306], [-104.602336, 38.690301], [-104.600786, 38.690298], [-104.599192, 38.690295], [-104.599177, 38.692194], [-104.599169, 38.693163], [-104.599162, 38.693997], [-104.599161, 38.694028], [-104.599171, 38.694028], [-104.599173, 38.694028], [-104.599669, 38.694027], [-104.602336, 38.694022], [-104.604634, 38.694017], [-104.608861, 38.693994], [-104.615893, 38.693988], [-104.620257, 38.693985], [-104.620654, 38.693984], [-104.622158, 38.693983], [-104.62371, 38.693995], [-104.624997, 38.694005], [-104.627432, 38.693995], [-104.62765, 38.693999], [-104.627739, 38.694], [-104.628006, 38.694005], [-104.628068, 38.694007], [-104.628096, 38.694007], [-104.628665, 38.694017], [-104.628779, 38.694016], [-104.631329, 38.693989], [-104.632592, 38.693989], [-104.644941, 38.693997], [-104.645567, 38.693997], [-104.64608, 38.693991], [-104.648403, 38.693967], [-104.648929, 38.693961], [-104.650577, 38.693975], [-104.651263, 38.693981], [-104.651687, 38.693985], [-104.652, 38.693988], [-104.653159, 38.693976], [-104.653322, 38.693974], [-104.653505, 38.693973], [-104.654009, 38.693968], [-104.654753, 38.693961], [-104.654815, 38.69396], [-104.655231, 38.693963], [-104.65599, 38.693969], [-104.656026, 38.693969], [-104.656073, 38.693969], [-104.657485, 38.69398], [-104.658991, 38.693991], [-104.659029, 38.693991], [-104.662268, 38.693983], [-104.663812, 38.69398], [-104.664332, 38.693979], [-104.664334, 38.693979], [-104.664344, 38.693979], [-104.664445, 38.69398], [-104.664781, 38.693982], [-104.666125, 38.69399], [-104.666573, 38.693993], [-104.666751, 38.693991], [-104.666815, 38.69399], [-104.667544, 38.693984], [-104.667787, 38.693982], [-104.667983, 38.69398], [-104.66828, 38.693985], [-104.669292, 38.694003], [-104.66976, 38.694011], [-104.669821, 38.694013], [-104.670254, 38.694009], [-104.670254, 38.694016], [-104.670252, 38.694091], [-104.670262, 38.694091], [-104.671359, 38.694083], [-104.671442, 38.694082], [-104.671442, 38.694089], [-104.671443, 38.694763], [-104.671443, 38.69498], [-104.671443, 38.69498], [-104.671453, 38.69498], [-104.67359, 38.694981], [-104.67359, 38.694986], [-104.67359, 38.694988], [-104.673588, 38.695036], [-104.673594, 38.695577], [-104.673595, 38.695804], [-104.673597, 38.696401], [-104.6736, 38.698091], [-104.673602, 38.699053], [-104.673603, 38.699671], [-104.673604, 38.699964], [-104.673605, 38.700643], [-104.67361, 38.703303], [-104.673611, 38.703758], [-104.673613, 38.704973], [-104.673615, 38.706095], [-104.673619, 38.708106], [-104.67362, 38.708454], [-104.673613, 38.708454], [-104.673602, 38.708454], [-104.673483, 38.708453], [-104.673353, 38.708452], [-104.673021, 38.708452], [-104.67287, 38.708453], [-104.672841, 38.708453], [-104.672336, 38.708456], [-104.671997, 38.708459], [-104.67085, 38.708474], [-104.669988, 38.708486], [-104.669932, 38.708486], [-104.669806, 38.708497], [-104.669641, 38.708511], [-104.669295, 38.708551], [-104.668964, 38.70863], [-104.668673, 38.708709], [-104.668406, 38.708822], [-104.668392, 38.708829], [-104.668218, 38.708906], [-104.668107, 38.708972], [-104.668075, 38.70899], [-104.667571, 38.709341], [-104.667315, 38.709533], [-104.666436, 38.710249], [-104.66608, 38.710506], [-104.66527, 38.711124], [-104.665217, 38.711168], [-104.665207, 38.711176], [-104.665172, 38.711205], [-104.665018, 38.711332], [-104.664955, 38.711384], [-104.664531, 38.711743], [-104.664492, 38.711774], [-104.664373, 38.711874], [-104.663798, 38.712355], [-104.663371, 38.712711], [-104.663102, 38.712942], [-104.662912, 38.713106], [-104.662639, 38.713332], [-104.662334, 38.713584], [-104.662276, 38.713632], [-104.66212, 38.71376], [-104.66212, 38.71376], [-104.662116, 38.713764], [-104.66207, 38.713802], [-104.662035, 38.713832], [-104.662014, 38.713849], [-104.661975, 38.71388], [-104.661912, 38.713933], [-104.661608, 38.714186], [-104.660641, 38.715057], [-104.660223, 38.715463], [-104.660138, 38.71556], [-104.660078, 38.715627], [-104.659963, 38.715761], [-104.659741, 38.716017], [-104.659529, 38.716258], [-104.659514, 38.716277], [-104.659502, 38.716291], [-104.659455, 38.716346], [-104.659336, 38.716281], [-104.65933, 38.716278], [-104.658062, 38.715611], [-104.658052, 38.715606], [-104.658052, 38.715605], [-104.659398, 38.714037], [-104.660141, 38.713416], [-104.65947, 38.712924], [-104.658427, 38.712159], [-104.658419, 38.712152], [-104.657359, 38.712153], [-104.654317, 38.712157], [-104.652623, 38.712159], [-104.644915, 38.712167], [-104.641708, 38.712167], [-104.641438, 38.712167], [-104.638969, 38.712168], [-104.627412, 38.712169], [-104.627337, 38.712169], [-104.627337, 38.71217], [-104.627337, 38.712214], [-104.627306, 38.719433], [-104.627316, 38.719433], [-104.627403, 38.719433], [-104.62815, 38.719434], [-104.62815, 38.719441], [-104.62815, 38.719456], [-104.628147, 38.720379], [-104.628121, 38.723002], [-104.628131, 38.723002], [-104.628284, 38.723004], [-104.628294, 38.723004], [-104.628518, 38.723006], [-104.628856, 38.723009], [-104.629845, 38.723011], [-104.629845, 38.723018], [-104.629845, 38.723018], [-104.629844, 38.723033], [-104.629844, 38.723099], [-104.629854, 38.723099], [-104.629854, 38.723099], [-104.630007, 38.7231], [-104.630096, 38.723099], [-104.630111, 38.723084], [-104.631427, 38.723061], [-104.635202, 38.723092], [-104.635202, 38.723092], [-104.635223, 38.723092], [-104.635231, 38.723092], [-104.636651, 38.723095], [-104.63666, 38.723022], [-104.63684, 38.723023], [-104.637184, 38.723019], [-104.637478, 38.723016], [-104.638296, 38.723005], [-104.638758, 38.723005], [-104.639283, 38.723007], [-104.639557, 38.723007], [-104.63972, 38.723006], [-104.640561, 38.723005], [-104.641031, 38.723005], [-104.641469, 38.723005], [-104.641469, 38.723012], [-104.641464, 38.724021], [-104.641465, 38.724302], [-104.641468, 38.724726], [-104.641468, 38.724866], [-104.64149, 38.725775], [-104.641501, 38.726202], [-104.641495, 38.726458], [-104.641489, 38.726759], [-104.64142, 38.726972], [-104.641331, 38.727155], [-104.641184, 38.727337], [-104.641178, 38.727341], [-104.640832, 38.72758], [-104.640519, 38.72773], [-104.639639, 38.728156], [-104.639466, 38.728239], [-104.639347, 38.728287], [-104.639276, 38.728315], [-104.639143, 38.728367], [-104.639067, 38.728398], [-104.638969, 38.728416], [-104.638735, 38.728458], [-104.638549, 38.728463], [-104.638549, 38.72847], [-104.638555, 38.728573], [-104.638554, 38.729036], [-104.638552, 38.729475], [-104.63855, 38.730264], [-104.63856, 38.730264], [-104.638864, 38.730264], [-104.639141, 38.730264], [-104.639706, 38.730265], [-104.64032, 38.730265], [-104.640444, 38.730265], [-104.640785, 38.730265], [-104.640829, 38.730265], [-104.641178, 38.730267], [-104.641683, 38.73027], [-104.641852, 38.730271], [-104.641925, 38.730271], [-104.643383, 38.730273], [-104.64351, 38.730273], [-104.644003, 38.730273], [-104.644006, 38.730273], [-104.643994, 38.73028], [-104.643987, 38.730283], [-104.643846, 38.730359], [-104.643591, 38.73046], [-104.643285, 38.73054], [-104.64294, 38.730727], [-104.642963, 38.730726], [-104.646121, 38.730589], [-104.646117, 38.730596], [-104.645312, 38.732021], [-104.644942, 38.732931], [-104.644504, 38.734323], [-104.644392, 38.735232], [-104.644392, 38.736131], [-104.644392, 38.736883], [-104.644335, 38.737386], [-104.644346, 38.737386], [-104.64617, 38.737401], [-104.649841, 38.737433], [-104.649849, 38.737437], [-104.649852, 38.737437], [-104.649953, 38.737476], [-104.650073, 38.737497], [-104.650083, 38.737498], [-104.65021, 38.737511], [-104.650348, 38.73751], [-104.650626, 38.737509], [-104.650654, 38.737509], [-104.651201, 38.737508], [-104.651209, 38.737508], [-104.651775, 38.737506], [-104.651803, 38.737506], [-104.651902, 38.737505], [-104.652349, 38.737504], [-104.652353, 38.737504], [-104.652421, 38.737504], [-104.652701, 38.737501], [-104.652924, 38.7375], [-104.65293, 38.7375], [-104.653498, 38.737496], [-104.653499, 38.737496], [-104.653534, 38.737495], [-104.653823, 38.737493], [-104.654072, 38.737495], [-104.65408, 38.737495], [-104.654109, 38.737496], [-104.654647, 38.737502], [-104.654661, 38.737502], [-104.654739, 38.737503], [-104.654851, 38.737501], [-104.655108, 38.737498], [-104.655145, 38.737497], [-104.655235, 38.737495], [-104.655236, 38.737495], [-104.655333, 38.737494], [-104.655616, 38.73749], [-104.656011, 38.737493], [-104.656238, 38.737495], [-104.656732, 38.737499], [-104.657317, 38.737494], [-104.658042, 38.737488], [-104.659428, 38.737477], [-104.659671, 38.737475], [-104.659965, 38.737472], [-104.660868, 38.737485], [-104.661821, 38.737475], [-104.661978, 38.737473], [-104.662078, 38.737472], [-104.663456, 38.737475], [-104.663565, 38.737476], [-104.664114, 38.737478], [-104.664214, 38.73748], [-104.66441, 38.737483], [-104.664944, 38.737492], [-104.665051, 38.737494], [-104.665261, 38.737492], [-104.665468, 38.73749], [-104.666091, 38.737484], [-104.666168, 38.737484], [-104.666299, 38.737483], [-104.666607, 38.73748], [-104.666691, 38.73748], [-104.66683, 38.737478], [-104.667628, 38.737488], [-104.667669, 38.737489], [-104.668523, 38.737488], [-104.669, 38.73748], [-104.669021, 38.737479], [-104.669113, 38.737477], [-104.669278, 38.737478], [-104.670419, 38.737481], [-104.671122, 38.737473], [-104.671392, 38.737473], [-104.671616, 38.737473], [-104.672392, 38.737473], [-104.672946, 38.737465], [-104.673152, 38.737462], [-104.673438, 38.737465], [-104.67347, 38.737466], [-104.67347, 38.737466], [-104.67356, 38.737466], [-104.673643, 38.737468], [-104.673651, 38.737468], [-104.673689, 38.737469], [-104.673689, 38.737454], [-104.673689, 38.737454], [-104.673689, 38.737411], [-104.673689, 38.737388], [-104.673689, 38.737388], [-104.673696, 38.73739], [-104.673731, 38.737398], [-104.673731, 38.737399], [-104.673731, 38.737402], [-104.673731, 38.737436], [-104.673731, 38.73747], [-104.673741, 38.73747], [-104.673882, 38.737472], [-104.6744, 38.737464], [-104.674899, 38.737457], [-104.674915, 38.737457], [-104.675408, 38.737459], [-104.676075, 38.737463], [-104.676868, 38.737458], [-104.677871, 38.737452], [-104.678469, 38.737443], [-104.678851, 38.737436], [-104.679238, 38.737436], [-104.679687, 38.737435], [-104.680178, 38.737449], [-104.680762, 38.737455], [-104.680924, 38.737457], [-104.681251, 38.737455], [-104.681738, 38.737453], [-104.68184, 38.737454], [-104.682318, 38.737455], [-104.682529, 38.737464], [-104.682712, 38.737472], [-104.682712, 38.737472], [-104.682712, 38.737478], [-104.682699, 38.738605], [-104.682701, 38.738745], [-104.682701, 38.738896], [-104.682701, 38.738896], [-104.682702, 38.739541], [-104.682709, 38.739931], [-104.682703, 38.740677], [-104.682708, 38.740977], [-104.682692, 38.7418], [-104.682696, 38.742162], [-104.682695, 38.742175], [-104.68269, 38.742884], [-104.682695, 38.743218], [-104.682669, 38.744673], [-104.682673, 38.74517], [-104.682687, 38.745664], [-104.682687, 38.746416], [-104.682698, 38.746783], [-104.682698, 38.747566], [-104.682693, 38.747858], [-104.682696, 38.748103], [-104.6827, 38.748502], [-104.68269, 38.749399], [-104.682671, 38.750008], [-104.682675, 38.75124], [-104.682659, 38.752367], [-104.682672, 38.753551], [-104.682684, 38.754604], [-104.682698, 38.755863], [-104.682693, 38.756286], [-104.682686, 38.757048], [-104.682644, 38.758819], [-104.682632, 38.759334], [-104.682648, 38.760303], [-104.682652, 38.760544], [-104.682671, 38.760824], [-104.682682, 38.760989], [-104.682683, 38.760996], [-104.682686, 38.761034], [-104.682701, 38.761172], [-104.682707, 38.761218], [-104.682734, 38.761457], [-104.682845, 38.761899], [-104.682919, 38.762114], [-104.683039, 38.762458], [-104.68318, 38.762741], [-104.683362, 38.763107], [-104.683715, 38.763633], [-104.684175, 38.764096], [-104.684485, 38.764343], [-104.684993, 38.764747], [-104.685001, 38.764752], [-104.685229, 38.76489], [-104.685305, 38.764936], [-104.685535, 38.765077], [-104.685612, 38.765124], [-104.685698, 38.765176], [-104.686385, 38.765516], [-104.687058, 38.765752], [-104.687508, 38.765909], [-104.687707, 38.765952], [-104.687982, 38.766013], [-104.688621, 38.766125], [-104.688882, 38.766162], [-104.68928, 38.766196], [-104.689701, 38.766215], [-104.690169, 38.766216], [-104.692033, 38.766202], [-104.693796, 38.766188], [-104.695146, 38.766178], [-104.696608, 38.766167], [-104.697402, 38.766161], [-104.698751, 38.766178], [-104.699074, 38.766183], [-104.699252, 38.766186], [-104.701129, 38.766188], [-104.702424, 38.766175], [-104.70382, 38.766162], [-104.705054, 38.766149], [-104.705443, 38.766145], [-104.708538, 38.766171], [-104.709921, 38.766161], [-104.711449, 38.76615], [-104.71281, 38.766139], [-104.714212, 38.766155], [-104.714763, 38.76621], [-104.71538, 38.766308], [-104.715927, 38.766444], [-104.716336, 38.766565], [-104.716719, 38.766704], [-104.717189, 38.766906], [-104.717595, 38.767108], [-104.717605, 38.767114], [-104.718038, 38.767391], [-104.718159, 38.767472], [-104.718157, 38.767473], [-104.718177, 38.767484], [-104.718409, 38.76764], [-104.718553, 38.767748], [-104.718649, 38.767821], [-104.718882, 38.768029], [-104.719088, 38.768227], [-104.719478, 38.768667], [-104.719819, 38.769129], [-104.720092, 38.769618], [-104.720385, 38.770323], [-104.720491, 38.770797], [-104.720536, 38.77127], [-104.720547, 38.77265], [-104.720558, 38.773954], [-104.720571, 38.775476], [-104.72058, 38.776632], [-104.720601, 38.778984], [-104.720606, 38.780103], [-104.720608, 38.780456], [-104.720609, 38.780714], [-104.720609, 38.780714], [-104.720609, 38.780715], [-104.720609, 38.780885], [-104.720609, 38.780885], [-104.720619, 38.780886], [-104.720809, 38.780893], [-104.72104, 38.780901], [-104.721229, 38.780915], [-104.721841, 38.780945], [-104.722642, 38.780985], [-104.723152, 38.781011], [-104.723876, 38.781046], [-104.723986, 38.781051], [-104.724841, 38.781091], [-104.725419, 38.781117], [-104.727154, 38.781197], [-104.727733, 38.781224], [-104.728278, 38.781249], [-104.729219, 38.781294], [-104.729913, 38.781329], [-104.730365, 38.781352], [-104.730459, 38.781357], [-104.730489, 38.781358], [-104.73073, 38.781366], [-104.73118, 38.781296], [-104.73147, 38.781251], [-104.732036, 38.781184], [-104.732114, 38.781172], [-104.732282, 38.781145], [-104.732487, 38.781107], [-104.732682, 38.781067], [-104.733098, 38.780982], [-104.733305, 38.78094], [-104.733649, 38.780869], [-104.733821, 38.780834], [-104.73399, 38.7808], [-104.734304, 38.780735], [-104.734589, 38.780677], [-104.73462, 38.780671], [-104.735185, 38.780556], [-104.735357, 38.780521], [-104.735611, 38.780469], [-104.735615, 38.780468], [-104.735984, 38.780392], [-104.736125, 38.780363], [-104.73635, 38.780316], [-104.736594, 38.780265], [-104.736893, 38.780204], [-104.737042, 38.780174], [-104.737615, 38.780056], [-104.737661, 38.780047], [-104.737872, 38.780004], [-104.738085, 38.77996], [-104.738122, 38.779953], [-104.738428, 38.77989], [-104.738704, 38.779833], [-104.738723, 38.779545], [-104.738714, 38.77835], [-104.7388, 38.77835], [-104.738973, 38.778351], [-104.739093, 38.778351], [-104.739093, 38.778351], [-104.739093, 38.778358], [-104.739093, 38.778358], [-104.739093, 38.778362], [-104.739093, 38.778362], [-104.739093, 38.778429], [-104.739093, 38.778429], [-104.739094, 38.778478], [-104.739094, 38.778478], [-104.739095, 38.778694], [-104.739095, 38.778694], [-104.739095, 38.77871], [-104.739095, 38.77871], [-104.739095, 38.778728], [-104.739095, 38.778728], [-104.739101, 38.77892], [-104.739101, 38.77892], [-104.739101, 38.778927], [-104.739101, 38.778927], [-104.739108, 38.779147], [-104.739108, 38.779147], [-104.739109, 38.779149], [-104.739109, 38.779149], [-104.73911, 38.779197], [-104.73911, 38.779198], [-104.739112, 38.779252], [-104.739112, 38.779252], [-104.739114, 38.779316], [-104.739114, 38.779316], [-104.739114, 38.779317], [-104.739114, 38.779317], [-104.739114, 38.779319], [-104.739114, 38.779319], [-104.739118, 38.779374], [-104.739118, 38.779374], [-104.739118, 38.779387], [-104.739118, 38.779387], [-104.739118, 38.779388], [-104.739118, 38.779388], [-104.739123, 38.779455], [-104.739123, 38.779455], [-104.739123, 38.779455], [-104.739123, 38.779455], [-104.739123, 38.77946], [-104.739123, 38.77946], [-104.739126, 38.779522], [-104.739126, 38.779522], [-104.739126, 38.779523], [-104.739126, 38.779523], [-104.739129, 38.77959], [-104.739129, 38.77959], [-104.739129, 38.779591], [-104.739129, 38.779591], [-104.73913, 38.779601], [-104.73913, 38.779601], [-104.739133, 38.779659], [-104.739133, 38.779659], [-104.739133, 38.779659], [-104.739133, 38.779659], [-104.739136, 38.779727], [-104.739136, 38.779727], [-104.739136, 38.77973], [-104.739136, 38.77973], [-104.739139, 38.779795], [-104.739139, 38.779795], [-104.73914, 38.779799], [-104.73914, 38.779799], [-104.739143, 38.779863], [-104.739143, 38.779863], [-104.739143, 38.779866], [-104.739143, 38.779866], [-104.739145, 38.779905], [-104.739145, 38.779905], [-104.739145, 38.779931], [-104.739145, 38.779931], [-104.739145, 38.779934], [-104.739145, 38.779934], [-104.739147, 38.779999], [-104.739147, 38.779999], [-104.739147, 38.78], [-104.739147, 38.78], [-104.739148, 38.780067], [-104.739148, 38.780067], [-104.739148, 38.780067], [-104.739148, 38.780067], [-104.739149, 38.780135], [-104.739149, 38.780135], [-104.739149, 38.780136], [-104.739149, 38.780136], [-104.73915, 38.780203], [-104.73915, 38.780203], [-104.73915, 38.780207], [-104.73915, 38.780207], [-104.739151, 38.780256], [-104.739151, 38.780256], [-104.73916, 38.78027], [-104.73916, 38.78027], [-104.739161, 38.780271], [-104.739161, 38.780271], [-104.739208, 38.780339], [-104.739208, 38.780339], [-104.739253, 38.780404], [-104.739253, 38.780404], [-104.739254, 38.780404], [-104.739259, 38.780404], [-104.73934, 38.780405], [-104.739434, 38.780405], [-104.739476, 38.780405], [-104.739715, 38.780406], [-104.739763, 38.780406], [-104.74001, 38.780406], [-104.740051, 38.780406], [-104.740309, 38.780407], [-104.740338, 38.780407], [-104.740371, 38.780407], [-104.740552, 38.780418], [-104.740625, 38.780422], [-104.74087, 38.780437], [-104.740891, 38.780438], [-104.740912, 38.780438], [-104.741143, 38.780439], [-104.741199, 38.780439], [-104.741438, 38.780439], [-104.741487, 38.780439], [-104.741731, 38.780439], [-104.741774, 38.780439], [-104.741992, 38.780439], [-104.742061, 38.780445], [-104.742251, 38.780461], [-104.742348, 38.780469], [-104.742499, 38.780481], [-104.742635, 38.780492], [-104.742813, 38.780507], [-104.742923, 38.780516], [-104.743013, 38.780523], [-104.743133, 38.780523], [-104.74321, 38.780522], [-104.743446, 38.780522], [-104.743497, 38.780521], [-104.743714, 38.78052], [-104.743784, 38.78052], [-104.744021, 38.780519], [-104.744072, 38.780519], [-104.744322, 38.780518], [-104.744359, 38.780518], [-104.744464, 38.780517], [-104.744586, 38.780517], [-104.744646, 38.780517], [-104.744888, 38.780518], [-104.744934, 38.780518], [-104.745185, 38.780518], [-104.745221, 38.780518], [-104.745503, 38.780518], [-104.745508, 38.780518], [-104.745778, 38.780518], [-104.745796, 38.780518], [-104.746018, 38.780518], [-104.746083, 38.780518], [-104.746346, 38.780518], [-104.74637, 38.780518], [-104.746619, 38.780518], [-104.746658, 38.780518], [-104.746906, 38.780519], [-104.746945, 38.780519], [-104.74723, 38.780519], [-104.747232, 38.780519], [-104.74747, 38.780519], [-104.74752, 38.780519], [-104.747771, 38.780519], [-104.747807, 38.780519], [-104.748052, 38.780519], [-104.748094, 38.780519], [-104.748343, 38.780519], [-104.748381, 38.780519], [-104.74859, 38.780519], [-104.748669, 38.780519], [-104.748922, 38.78052], [-104.748956, 38.78052], [-104.749224, 38.78052], [-104.749243, 38.78052], [-104.749531, 38.78052], [-104.749533, 38.78052], [-104.749818, 38.78052], [-104.74982, 38.78052], [-104.750071, 38.78052], [-104.750105, 38.78052], [-104.750373, 38.78052], [-104.750382, 38.78052], [-104.750398, 38.78052], [-104.750405, 38.78052], [-104.750567, 38.78052], [-104.750852, 38.78052], [-104.75095, 38.78052], [-104.751618, 38.780519], [-104.751623, 38.780519], [-104.752384, 38.780519], [-104.752541, 38.780518], [-104.75315, 38.780518], [-104.753711, 38.780517], [-104.753847, 38.780486], [-104.753867, 38.780481], [-104.754249, 38.780373], [-104.7549, 38.780114], [-104.755237, 38.779937], [-104.75579, 38.779563], [-104.756164, 38.779228], [-104.756482, 38.77886], [-104.756666, 38.778563], [-104.756742, 38.778442], [-104.756827, 38.778219], [-104.756906, 38.777971], [-104.756906, 38.777971], [-104.756841, 38.777351], [-104.757183, 38.777351], [-104.757444, 38.77735], [-104.757535, 38.777349], [-104.757535, 38.777349], [-104.757535, 38.777349], [-104.757533, 38.777083], [-104.757533, 38.777083], [-104.757528, 38.777043], [-104.757528, 38.777043], [-104.75752, 38.776981], [-104.75752, 38.776981], [-104.757449, 38.776427], [-104.757449, 38.776427], [-104.757433, 38.774271], [-104.757433, 38.774271], [-104.757388, 38.773184], [-104.757388, 38.773184], [-104.757376, 38.772925], [-104.757376, 38.772925], [-104.757322, 38.771739], [-104.757359, 38.771507], [-104.7574, 38.771375], [-104.757563, 38.770854], [-104.757715, 38.770594], [-104.757871, 38.77037], [-104.757961, 38.770243], [-104.758082, 38.770091], [-104.758096, 38.770073], [-104.758098, 38.77007], [-104.758228, 38.769908], [-104.758228, 38.769908], [-104.758382, 38.769741], [-104.758382, 38.769741], [-104.758576, 38.769534], [-104.758576, 38.769534], [-104.758765, 38.76936], [-104.758765, 38.76936], [-104.75889, 38.769244], [-104.759401, 38.76891], [-104.759489, 38.768848], [-104.759756, 38.768663], [-104.759917, 38.76855], [-104.7604, 38.768215], [-104.760561, 38.768103], [-104.7606, 38.768075], [-104.760717, 38.767994], [-104.760745, 38.767975], [-104.760757, 38.767967], [-104.760964, 38.767822], [-104.761341, 38.767561], [-104.761588, 38.767392], [-104.761798, 38.76725], [-104.762716, 38.766623], [-104.763058, 38.766391], [-104.763555, 38.76606], [-104.763815, 38.765886], [-104.764878, 38.765406], [-104.765681, 38.765142], [-104.766141, 38.764991], [-104.766752, 38.764846], [-104.766752, 38.764846], [-104.766752, 38.764846], [-104.766752, 38.764846], [-104.766739, 38.764594], [-104.766739, 38.764594], [-104.7667, 38.763841], [-104.7667, 38.763841], [-104.766687, 38.76359], [-104.766381, 38.763266], [-104.766312, 38.763203], [-104.766232, 38.76314], [-104.766002, 38.762986], [-104.765738, 38.762796], [-104.765672, 38.762736], [-104.765669, 38.762733], [-104.765543, 38.76267], [-104.765278, 38.762516], [-104.765271, 38.762513], [-104.76526, 38.762506], [-104.764635, 38.762163], [-104.764405, 38.762027], [-104.764278, 38.761953], [-104.764278, 38.761953], [-104.764267, 38.761946], [-104.764256, 38.76194], [-104.764015, 38.76181], [-104.763865, 38.76172], [-104.763739, 38.761657], [-104.763624, 38.761611], [-104.763118, 38.761385], [-104.76298, 38.761331], [-104.762808, 38.761285], [-104.762781, 38.761277], [-104.762765, 38.761272], [-104.762543, 38.761204], [-104.762382, 38.761149], [-104.76221, 38.761077], [-104.762015, 38.761004], [-104.761819, 38.760914], [-104.761428, 38.76076], [-104.761049, 38.760624], [-104.761032, 38.760619], [-104.760831, 38.76056], [-104.760704, 38.760551], [-104.760589, 38.760533], [-104.760474, 38.760524], [-104.760393, 38.760496], [-104.76029, 38.760451], [-104.759991, 38.760289], [-104.759991, 38.760288], [-104.759575, 38.760023], [-104.759566, 38.760017], [-104.759483, 38.759968], [-104.759474, 38.759963], [-104.75936, 38.759855], [-104.759234, 38.759701], [-104.759234, 38.759701], [-104.759177, 38.759566], [-104.759177, 38.759566], [-104.75912, 38.759349], [-104.75912, 38.759349], [-104.759086, 38.75925], [-104.759086, 38.759169], [-104.759086, 38.759169], [-104.759085, 38.759156], [-104.759085, 38.759156], [-104.759064, 38.758709], [-104.759064, 38.758709], [-104.759064, 38.758704], [-104.759065, 38.758448], [-104.759077, 38.758385], [-104.7591, 38.758322], [-104.759135, 38.75825], [-104.759263, 38.757953], [-104.759266, 38.757948], [-104.759284, 38.757918], [-104.759621, 38.75735], [-104.759633, 38.757305], [-104.759651, 38.757258], [-104.759668, 38.757215], [-104.75968, 38.757116], [-104.759681, 38.75711], [-104.759689, 38.757074], [-104.759726, 38.756908], [-104.75975, 38.756638], [-104.759751, 38.756341], [-104.759751, 38.756341], [-104.75974, 38.756215], [-104.75974, 38.756215], [-104.759729, 38.75616], [-104.759649, 38.756043], [-104.7595, 38.755899], [-104.758868, 38.755438], [-104.758865, 38.755436], [-104.758627, 38.755248], [-104.758444, 38.755119], [-104.758435, 38.755112], [-104.758435, 38.755112], [-104.758536, 38.755077], [-104.758742, 38.755041], [-104.758835, 38.755032], [-104.758916, 38.755005], [-104.759065, 38.754979], [-104.759146, 38.754961], [-104.759213, 38.754934], [-104.759238, 38.754925], [-104.759307, 38.754871], [-104.759458, 38.754646], [-104.75955, 38.754484], [-104.759597, 38.754421], [-104.759643, 38.75434], [-104.759724, 38.754259], [-104.759781, 38.754223], [-104.75981, 38.754194], [-104.759816, 38.754187], [-104.759818, 38.754178], [-104.759828, 38.754133], [-104.75984, 38.754007], [-104.760139, 38.753827], [-104.760347, 38.753719], [-104.760428, 38.753666], [-104.760532, 38.753567], [-104.76059, 38.753441], [-104.760624, 38.753351], [-104.760636, 38.753325], [-104.760645, 38.753333], [-104.760645, 38.753333], [-104.770668, 38.76112], [-104.773925, 38.764088], [-104.774682, 38.764774], [-104.774775, 38.764862], [-104.774901, 38.764973], [-104.775786, 38.765778], [-104.775926, 38.765905], [-104.77667, 38.766581], [-104.777258, 38.767344], [-104.77853, 38.768996], [-104.778699, 38.76924], [-104.778703, 38.769238], [-104.778834, 38.769174], [-104.778992, 38.769097], [-104.779122, 38.769034], [-104.779122, 38.769034], [-104.779157, 38.769017], [-104.779246, 38.768973], [-104.779606, 38.768811], [-104.779611, 38.76882], [-104.780091, 38.76954], [-104.780506, 38.770203], [-104.780977, 38.771008], [-104.78138, 38.771748], [-104.781648, 38.77227], [-104.782046, 38.773098], [-104.782383, 38.773863], [-104.782611, 38.774418], [-104.782869, 38.775054], [-104.783251, 38.775996], [-104.78326, 38.776001], [-104.783952, 38.776345], [-104.784946, 38.776284], [-104.785049, 38.775415], [-104.785086, 38.775104], [-104.78512, 38.774927], [-104.785195, 38.774721], [-104.785291, 38.774538], [-104.785455, 38.774193], [-104.785531, 38.773982], [-104.785595, 38.773742], [-104.785637, 38.773498], [-104.785833, 38.771929], [-104.785843, 38.771741], [-104.785816, 38.771498], [-104.78575, 38.771279], [-104.785694, 38.771155], [-104.785163, 38.770106], [-104.785046, 38.769875], [-104.78493, 38.769539], [-104.784913, 38.769416], [-104.784908, 38.769167], [-104.784968, 38.769168], [-104.784967, 38.76872], [-104.78523, 38.768719], [-104.785439, 38.768689], [-104.785669, 38.768599], [-104.786494, 38.768134], [-104.786859, 38.767932], [-104.78663, 38.76771], [-104.786679, 38.76768], [-104.786794, 38.767607], [-104.786792, 38.767562], [-104.786681, 38.76747], [-104.786515, 38.767362], [-104.786586, 38.767284], [-104.785864, 38.766579], [-104.785858, 38.766572], [-104.783566, 38.766575], [-104.783562, 38.767251], [-104.783572, 38.767258], [-104.78363, 38.767294], [-104.783252, 38.767655], [-104.783252, 38.767655], [-104.782791, 38.767359], [-104.78288, 38.767274], [-104.782663, 38.767135], [-104.782797, 38.767008], [-104.782134, 38.766583], [-104.782124, 38.766576], [-104.778211, 38.76658], [-104.77803, 38.76658], [-104.778026, 38.76658], [-104.777838, 38.766363], [-104.776981, 38.765376], [-104.776666, 38.76509], [-104.776405, 38.764852], [-104.777359, 38.764912], [-104.777487, 38.76492], [-104.777728, 38.764936], [-104.778187, 38.764962], [-104.779101, 38.765014], [-104.779563, 38.76505], [-104.780022, 38.765087], [-104.780238, 38.765104], [-104.780889, 38.765155], [-104.781106, 38.765173], [-104.78232, 38.76527], [-104.782784, 38.765302], [-104.785472, 38.765491], [-104.7867, 38.765561], [-104.787824, 38.765625], [-104.787944, 38.765632], [-104.788721, 38.765652], [-104.789507, 38.765672], [-104.789665, 38.765676], [-104.790142, 38.765688], [-104.790301, 38.765692], [-104.790729, 38.765722], [-104.791058, 38.765724], [-104.792375, 38.765733], [-104.793333, 38.765729], [-104.794092, 38.765726], [-104.794695, 38.765723], [-104.794985, 38.765722], [-104.796505, 38.765715], [-104.797109, 38.765713], [-104.797447, 38.765712], [-104.797719, 38.765711], [-104.797969, 38.765711], [-104.798547, 38.765713], [-104.798547, 38.76572], [-104.798546, 38.765755], [-104.798543, 38.765929], [-104.798538, 38.766299], [-104.798547, 38.766516], [-104.798557, 38.766518], [-104.798879, 38.766568], [-104.798914, 38.766569], [-104.799899, 38.766575], [-104.802015, 38.766579], [-104.803722, 38.766585], [-104.803722, 38.766585], [-104.805188, 38.766588], [-104.806147, 38.76659], [-104.807433, 38.766593], [-104.810919, 38.7666], [-104.811, 38.7666], [-104.812298, 38.766602], [-104.812298, 38.766602], [-104.812298, 38.766602], [-104.812429, 38.766602], [-104.812429, 38.766604], [-104.81243, 38.766609], [-104.81244, 38.766716], [-104.812462, 38.766951], [-104.812518, 38.767568], [-104.81252, 38.767619], [-104.812567, 38.768485], [-104.812583, 38.768781], [-104.812661, 38.769629], [-104.812724, 38.770298], [-104.812742, 38.770635], [-104.812748, 38.770743], [-104.812752, 38.77082], [-104.812781, 38.771322], [-104.812842, 38.771625], [-104.812844, 38.771642], [-104.81287, 38.771842], [-104.812901, 38.771976], [-104.812928, 38.772094], [-104.812988, 38.772282], [-104.813048, 38.772468], [-104.813183, 38.772858], [-104.813269, 38.773035], [-104.813336, 38.773172], [-104.813372, 38.773246], [-104.81343, 38.773365], [-104.813433, 38.77337], [-104.813434, 38.773372], [-104.813483, 38.773456], [-104.813525, 38.77353], [-104.813548, 38.773569], [-104.813677, 38.773794], [-104.813814, 38.774005], [-104.813983, 38.774265], [-104.814129, 38.77449], [-104.814171, 38.774552], [-104.814618, 38.775215], [-104.814657, 38.775273], [-104.814959, 38.775721], [-104.815365, 38.776323], [-104.815402, 38.776375], [-104.815427, 38.776411], [-104.815435, 38.776422], [-104.815769, 38.776894], [-104.815899, 38.777085], [-104.815909, 38.7771], [-104.815917, 38.777111], [-104.81638, 38.777789], [-104.816388, 38.777801], [-104.816624, 38.778146], [-104.816858, 38.778478], [-104.816866, 38.77849], [-104.817066, 38.778773], [-104.817331, 38.779168], [-104.817339, 38.779179], [-104.81748, 38.779388], [-104.817576, 38.77953], [-104.817795, 38.779857], [-104.817802, 38.779867], [-104.818, 38.780161], [-104.818268, 38.780546], [-104.818276, 38.780558], [-104.818552, 38.780953], [-104.818709, 38.781179], [-104.818748, 38.781235], [-104.818756, 38.781247], [-104.818955, 38.781532], [-104.819157, 38.781821], [-104.819199, 38.781882], [-104.819229, 38.781925], [-104.819237, 38.781936], [-104.819715, 38.782625], [-104.819815, 38.78277], [-104.819931, 38.782917], [-104.820003, 38.783009], [-104.820023, 38.783035], [-104.820029, 38.783042], [-104.820032, 38.783046], [-104.820092, 38.783122], [-104.820454, 38.783631], [-104.820881, 38.7843], [-104.820887, 38.784309], [-104.821025, 38.784524], [-104.821175, 38.784781], [-104.821345, 38.785104], [-104.821493, 38.78543], [-104.821615, 38.785761], [-104.821649, 38.785851], [-104.821756, 38.786176], [-104.821878, 38.786724], [-104.821938, 38.787082], [-104.821962, 38.78739], [-104.821978, 38.787588], [-104.821979, 38.787767], [-104.821991, 38.788902], [-104.821993, 38.789074], [-104.821995, 38.789281], [-104.821995, 38.789283], [-104.821996, 38.789476], [-104.822, 38.790063], [-104.822002, 38.790239], [-104.822002, 38.790259], [-104.822014, 38.790798], [-104.822025, 38.791262], [-104.82203, 38.791479], [-104.822051, 38.792418], [-104.822061, 38.792802], [-104.822061, 38.792958], [-104.822064, 38.793164], [-104.822075, 38.793784], [-104.822079, 38.793991], [-104.82208, 38.794099], [-104.82208, 38.794122], [-104.822111, 38.796983], [-104.822112, 38.797086], [-104.822113, 38.797187], [-104.822115, 38.797284], [-104.822115, 38.797298], [-104.822115, 38.797375], [-104.822104, 38.798068], [-104.8221, 38.798567], [-104.822097, 38.799154], [-104.822105, 38.799684], [-104.822106, 38.799843], [-104.822107, 38.799904], [-104.822108, 38.800089], [-104.822107, 38.800615], [-104.822107, 38.800841], [-104.822097, 38.801751], [-104.8221, 38.802189], [-104.822102, 38.802453], [-104.822104, 38.802714], [-104.822106, 38.802714], [-104.822114, 38.802714], [-104.822216, 38.802714], [-104.822279, 38.802713], [-104.822279, 38.80272], [-104.822285, 38.803005], [-104.822291, 38.803294], [-104.822336, 38.805474], [-104.822384, 38.806522], [-104.822387, 38.806596], [-104.822392, 38.80669], [-104.822392, 38.806691], [-104.822376, 38.807487], [-104.822377, 38.808281], [-104.822382, 38.808629], [-104.822396, 38.809691], [-104.82241, 38.811575], [-104.822426, 38.812542], [-104.822428, 38.812735], [-104.822439, 38.814], [-104.822433, 38.81466], [-104.822431, 38.814899], [-104.822441, 38.8149], [-104.822657, 38.814908], [-104.822732, 38.814911], [-104.822929, 38.814918], [-104.822969, 38.81492], [-104.823431, 38.814937], [-104.82352, 38.814941], [-104.823718, 38.814952], [-104.823784, 38.814955], [-104.823983, 38.814966], [-104.82405, 38.81497], [-104.824079, 38.814971], [-104.824167, 38.814976], [-104.824197, 38.814978], [-104.824262, 38.814981], [-104.82446, 38.814991], [-104.824526, 38.814995], [-104.82486, 38.81501], [-104.825342, 38.815034], [-104.825813, 38.815082], [-104.825861, 38.815086], [-104.825876, 38.815088], [-104.826195, 38.81512], [-104.826225, 38.815123], [-104.826867, 38.815219], [-104.827085, 38.815267], [-104.827518, 38.815364], [-104.828103, 38.815516], [-104.828646, 38.815696], [-104.828682, 38.815708], [-104.82877, 38.815737], [-104.829243, 38.815926], [-104.82954, 38.816033], [-104.829658, 38.816091], [-104.830535, 38.816525], [-104.830615, 38.816572], [-104.831192, 38.816909], [-104.831196, 38.816912], [-104.831507, 38.817135], [-104.831543, 38.817161], [-104.831833, 38.817368], [-104.831921, 38.817433], [-104.832659, 38.817985], [-104.833048, 38.818302], [-104.833083, 38.818331], [-104.833285, 38.818495], [-104.833998, 38.819049], [-104.834397, 38.819369], [-104.834727, 38.819634], [-104.835165, 38.820059], [-104.835303, 38.820193], [-104.835312, 38.820201], [-104.835769, 38.820779], [-104.835812, 38.820853], [-104.836049, 38.821257], [-104.836185, 38.821622], [-104.836217, 38.821781], [-104.836296, 38.822175], [-104.836303, 38.822489], [-104.83631, 38.822822], [-104.836308, 38.822876], [-104.836304, 38.822969], [-104.836302, 38.823029], [-104.836302, 38.823036], [-104.836301, 38.823039], [-104.836298, 38.823052], [-104.836291, 38.823081], [-104.835975, 38.82437], [-104.835969, 38.824399], [-104.835853, 38.824835], [-104.835627, 38.825688], [-104.835168, 38.827582], [-104.835124, 38.827763], [-104.835059, 38.82803], [-104.834927, 38.827978], [-104.83489, 38.828129], [-104.8349, 38.828133], [-104.834934, 38.828146], [-104.835022, 38.82818], [-104.835021, 38.828183], [-104.835008, 38.828233], [-104.834968, 38.828395], [-104.834955, 38.828449], [-104.834853, 38.828856], [-104.834607, 38.82985], [-104.834543, 38.830075], [-104.83443, 38.830479], [-104.834412, 38.83054], [-104.83436, 38.830725], [-104.834343, 38.830787], [-104.834304, 38.830951], [-104.834254, 38.831151], [-104.834252, 38.831158], [-104.834227, 38.831231], [-104.83421, 38.831283], [-104.834195, 38.831328], [-104.834139, 38.831494], [-104.83403, 38.831731], [-104.8338, 38.832078], [-104.833519, 38.832397], [-104.833499, 38.832422], [-104.8332, 38.832729], [-104.832747, 38.833103], [-104.832609, 38.833216], [-104.832074, 38.833667], [-104.831993, 38.833749], [-104.831593, 38.834153], [-104.831346, 38.834465], [-104.831018, 38.834915], [-104.830845, 38.835228], [-104.830748, 38.835458], [-104.830649, 38.835693], [-104.830563, 38.835996], [-104.83048, 38.836291], [-104.830473, 38.836345], [-104.830421, 38.836719], [-104.830401, 38.836877], [-104.830392, 38.836944], [-104.830389, 38.836944], [-104.830302, 38.836945], [-104.830242, 38.836945], [-104.830131, 38.836945], [-104.829975, 38.836945], [-104.829912, 38.836946], [-104.82982, 38.836942], [-104.829544, 38.836933], [-104.829453, 38.83693], [-104.829407, 38.83693], [-104.829272, 38.836934], [-104.829227, 38.836936], [-104.829159, 38.836938], [-104.829159, 38.836938], [-104.829155, 38.836938], [-104.829096, 38.836936], [-104.828783, 38.836927], [-104.828706, 38.836925], [-104.828583, 38.836922], [-104.828576, 38.836922], [-104.82857, 38.836922], [-104.82855, 38.836921], [-104.828473, 38.836918], [-104.828448, 38.836918], [-104.828371, 38.836915], [-104.828313, 38.836914], [-104.82814, 38.836916], [-104.828064, 38.836918], [-104.827925, 38.836919], [-104.827509, 38.836927], [-104.827373, 38.836936], [-104.827328, 38.836932], [-104.827194, 38.83692], [-104.82715, 38.836916], [-104.827128, 38.836914], [-104.827063, 38.836908], [-104.827042, 38.836906], [-104.826779, 38.836883], [-104.826657, 38.836878], [-104.826652, 38.836878], [-104.82634, 38.836866], [-104.825989, 38.83685], [-104.825736, 38.836817], [-104.825483, 38.836791], [-104.825423, 38.836785], [-104.825299, 38.836776], [-104.825266, 38.836773], [-104.825104, 38.836757], [-104.825094, 38.836756], [-104.825081, 38.836875], [-104.825077, 38.837047], [-104.825066, 38.837233], [-104.82506, 38.837353], [-104.82505, 38.837513], [-104.825022, 38.837993], [-104.825014, 38.838154], [-104.824848, 38.838157], [-104.82467, 38.83815], [-104.824179, 38.838134], [-104.823641, 38.838116], [-104.823299, 38.838105], [-104.822914, 38.838093], [-104.821762, 38.838058], [-104.821579, 38.838053], [-104.821378, 38.838048], [-104.820513, 38.83803], [-104.81962, 38.837995], [-104.818744, 38.837962], [-104.818573, 38.837958], [-104.818063, 38.837946], [-104.817893, 38.837942], [-104.817721, 38.837934], [-104.817558, 38.837928], [-104.816686, 38.837897], [-104.816555, 38.837893], [-104.816221, 38.837885], [-104.816173, 38.837883], [-104.81603, 38.83788], [-104.815983, 38.837879], [-104.815554, 38.837867], [-104.815413, 38.837864], [-104.814702, 38.837835], [-104.814268, 38.837828], [-104.813993, 38.837825], [-104.81384, 38.83782], [-104.813689, 38.837815], [-104.813239, 38.8378], [-104.813145, 38.837797], [-104.813089, 38.837796], [-104.813066, 38.837795], [-104.812998, 38.837793], [-104.812976, 38.837793], [-104.812959, 38.837792], [-104.812911, 38.83779], [-104.812895, 38.83779], [-104.812878, 38.837789], [-104.812827, 38.837787], [-104.812811, 38.837787], [-104.812636, 38.837782], [-104.812529, 38.837779], [-104.812113, 38.837773], [-104.811939, 38.837771], [-104.811845, 38.837769], [-104.811566, 38.837766], [-104.811473, 38.837765], [-104.811261, 38.837764], [-104.810626, 38.837762], [-104.810415, 38.837762], [-104.810187, 38.837762], [-104.810147, 38.837762], [-104.809504, 38.837747], [-104.809277, 38.837743], [-104.809035, 38.837737], [-104.808309, 38.837721], [-104.808068, 38.837716], [-104.807844, 38.83771], [-104.807491, 38.837703], [-104.807413, 38.837702], [-104.807175, 38.837688], [-104.806952, 38.837676], [-104.8069, 38.837673], [-104.806713, 38.837662], [-104.806668, 38.83766], [-104.806347, 38.837647], [-104.805997, 38.837634], [-104.805759, 38.837625], [-104.804592, 38.8376], [-104.803912, 38.837581], [-104.803827, 38.837578], [-104.803802, 38.837577], [-104.803615, 38.837564], [-104.803614, 38.837564], [-104.803605, 38.837563], [-104.803605, 38.837508], [-104.803605, 38.837502], [-104.80304, 38.83749], [-104.802829, 38.83748], [-104.802487, 38.837468], [-104.802317, 38.837461], [-104.802062, 38.837458], [-104.801761, 38.837441], [-104.801513, 38.837428], [-104.801297, 38.837416], [-104.800859, 38.837401], [-104.800559, 38.837392], [-104.800256, 38.837382], [-104.799803, 38.837369], [-104.799543, 38.837361], [-104.799349, 38.837354], [-104.799047, 38.837345], [-104.798957, 38.837343], [-104.798743, 38.837331], [-104.79858, 38.837323], [-104.798304, 38.837309], [-104.797834, 38.837284], [-104.797532, 38.837269], [-104.797372, 38.83726], [-104.797229, 38.837255], [-104.796776, 38.837242], [-104.796322, 38.837227], [-104.79602, 38.837218], [-104.795773, 38.83721], [-104.795709, 38.837208], [-104.795239, 38.837201], [-104.794779, 38.837192], [-104.794672, 38.837191], [-104.794474, 38.837187], [-104.794469, 38.837187], [-104.794465, 38.837401], [-104.794463, 38.837477], [-104.79446, 38.837677], [-104.794458, 38.837786], [-104.794446, 38.837977], [-104.794424, 38.838346], [-104.794407, 38.838636], [-104.794399, 38.838768], [-104.794397, 38.8388], [-104.794395, 38.838844], [-104.794393, 38.838883], [-104.79437, 38.839468], [-104.794363, 38.839677], [-104.794365, 38.839727], [-104.794351, 38.839932], [-104.794326, 38.840317], [-104.794302, 38.840699], [-104.794297, 38.840787], [-104.794295, 38.840955], [-104.794293, 38.841132], [-104.794287, 38.841663], [-104.794286, 38.841841], [-104.794285, 38.841931], [-104.794285, 38.842202], [-104.794285, 38.842293], [-104.794288, 38.842529], [-104.794289, 38.84256], [-104.794301, 38.843222], [-104.794295, 38.843363], [-104.794285, 38.843631], [-104.794285, 38.843632], [-104.794283, 38.843751], [-104.794282, 38.84388], [-104.794279, 38.844112], [-104.794279, 38.844233], [-104.794278, 38.844374], [-104.794278, 38.8445], [-104.794269, 38.8448], [-104.794268, 38.844874], [-104.79426, 38.844942], [-104.794262, 38.845073], [-104.794263, 38.845131], [-104.79427, 38.845243], [-104.794266, 38.845468], [-104.794264, 38.8456], [-104.794262, 38.845734], [-104.794255, 38.846136], [-104.794254, 38.846271], [-104.794253, 38.846413], [-104.79425, 38.846839], [-104.79425, 38.846982], [-104.794248, 38.847109], [-104.794244, 38.847493], [-104.794243, 38.847622], [-104.794239, 38.847885], [-104.794236, 38.848204], [-104.794218, 38.848674], [-104.794208, 38.848938], [-104.794209, 38.849095], [-104.794212, 38.849363], [-104.794209, 38.849566], [-104.794208, 38.849724], [-104.794208, 38.849734], [-104.794209, 38.849831], [-104.794215, 38.850153], [-104.794218, 38.850261], [-104.79422, 38.850341], [-104.794227, 38.850583], [-104.79423, 38.850664], [-104.794229, 38.8508], [-104.794228, 38.851207], [-104.794228, 38.851344], [-104.794229, 38.851638], [-104.794233, 38.852522], [-104.794234, 38.85261], [-104.794231, 38.852817], [-104.794228, 38.852996], [-104.794226, 38.853077], [-104.794223, 38.853346], [-104.794219, 38.853593], [-104.794214, 38.85386], [-104.794211, 38.854122], [-104.794211, 38.854134], [-104.794214, 38.854381], [-104.794221, 38.854839], [-104.794216, 38.85516], [-104.794213, 38.85542], [-104.794209, 38.855709], [-104.794207, 38.855907], [-104.794212, 38.856579], [-104.794215, 38.856869], [-104.794218, 38.85717], [-104.794211, 38.857602], [-104.794183, 38.859424], [-104.794177, 38.85979], [-104.794177, 38.859802], [-104.79418, 38.860536], [-104.79418, 38.860703], [-104.79418, 38.860722], [-104.794181, 38.86128], [-104.794182, 38.861467], [-104.794182, 38.861498], [-104.794182, 38.861532], [-104.794182, 38.861728], [-104.794182, 38.861794], [-104.794182, 38.861797], [-104.794182, 38.861831], [-104.794182, 38.861875], [-104.794182, 38.861944], [-104.794182, 38.861982], [-104.794177, 38.862243], [-104.794169, 38.862679], [-104.79416, 38.863251], [-104.794164, 38.864512], [-104.794158, 38.864774], [-104.794145, 38.865472], [-104.794142, 38.865573], [-104.794138, 38.865814], [-104.794138, 38.865877], [-104.79414, 38.865979], [-104.794143, 38.866234], [-104.794153, 38.867041], [-104.794153, 38.867765], [-104.794153, 38.867803], [-104.794154, 38.869292], [-104.794149, 38.869924], [-104.794077, 38.869932], [-104.79408, 38.870315], [-104.794128, 38.870661], [-104.794259, 38.871098], [-104.794573, 38.871818], [-104.794604, 38.871889], [-104.794734, 38.872256], [-104.794771, 38.872464], [-104.794813, 38.872679], [-104.794844, 38.873024], [-104.794874, 38.873566], [-104.794884, 38.873566], [-104.795066, 38.873559], [-104.795071, 38.873559], [-104.795133, 38.873556], [-104.795913, 38.873527], [-104.796173, 38.873518], [-104.798392, 38.873433], [-104.798935, 38.87344], [-104.799285, 38.873444], [-104.799576, 38.873454], [-104.799569, 38.87346], [-104.799534, 38.873491], [-104.79955, 38.873492], [-104.799965, 38.873519], [-104.800249, 38.873547], [-104.800399, 38.873575], [-104.800831, 38.873656], [-104.801056, 38.873705], [-104.801699, 38.873847], [-104.80209, 38.873918], [-104.802434, 38.873928], [-104.803424, 38.873891], [-104.803439, 38.873891], [-104.803533, 38.873887], [-104.80364, 38.873891], [-104.804006, 38.873907], [-104.804289, 38.873916], [-104.804506, 38.873923], [-104.804721, 38.873929], [-104.805077, 38.873941], [-104.805369, 38.873949], [-104.805585, 38.873955], [-104.8058, 38.873961], [-104.806178, 38.873972], [-104.806445, 38.873978], [-104.806661, 38.873984], [-104.806874, 38.873988], [-104.807226, 38.873997], [-104.807514, 38.874005], [-104.807728, 38.874012], [-104.809141, 38.874063], [-104.809299, 38.874066], [-104.809814, 38.874075], [-104.809899, 38.874078], [-104.810446, 38.87409], [-104.811131, 38.874112], [-104.811952, 38.874142], [-104.812125, 38.874148], [-104.812839, 38.874173], [-104.812841, 38.874173], [-104.81306, 38.87418], [-104.8133, 38.874191], [-104.814156, 38.874213], [-104.814176, 38.874214], [-104.814735, 38.874234], [-104.815003, 38.874244], [-104.815028, 38.874245], [-104.815463, 38.874267], [-104.815908, 38.874274], [-104.815941, 38.874275], [-104.816201, 38.874293], [-104.816347, 38.874303], [-104.816528, 38.874303], [-104.816638, 38.874303], [-104.817091, 38.87433], [-104.817509, 38.874331], [-104.817665, 38.874332], [-104.817837, 38.874341], [-104.817857, 38.874341], [-104.81792, 38.874344], [-104.817941, 38.874346], [-104.818075, 38.874353], [-104.818246, 38.874358], [-104.818616, 38.874369], [-104.819164, 38.874395], [-104.81924, 38.874399], [-104.81947, 38.874404], [-104.81956, 38.874407], [-104.819663, 38.874409], [-104.819848, 38.874412], [-104.820983, 38.874436], [-104.821362, 38.874445], [-104.821621, 38.874452], [-104.822025, 38.874464], [-104.82214, 38.874468], [-104.822399, 38.874466], [-104.822432, 38.874466], [-104.822658, 38.874482], [-104.822977, 38.874509], [-104.82301, 38.874512], [-104.823498, 38.874569], [-104.823931, 38.874624], [-104.824249, 38.874665], [-104.824517, 38.8747], [-104.824709, 38.874725], [-104.824932, 38.874736], [-104.825304, 38.874752], [-104.825327, 38.874751], [-104.825483, 38.874747], [-104.825598, 38.87475], [-104.825662, 38.874752], [-104.825737, 38.874756], [-104.825854, 38.874766], [-104.825919, 38.874772], [-104.825994, 38.874779], [-104.826043, 38.874783], [-104.826123, 38.874792], [-104.82614, 38.874794], [-104.826264, 38.874809], [-104.826394, 38.874824], [-104.826704, 38.874886], [-104.826729, 38.874892], [-104.826929, 38.87494], [-104.827075, 38.874973], [-104.827147, 38.874997], [-104.827168, 38.875004], [-104.827432, 38.875086], [-104.827463, 38.875095], [-104.827521, 38.87512], [-104.827581, 38.875145], [-104.827684, 38.875188], [-104.827859, 38.875277], [-104.82808, 38.875391], [-104.828146, 38.875425], [-104.828218, 38.875462], [-104.828565, 38.87564], [-104.828668, 38.875693], [-104.829121, 38.875889], [-104.829637, 38.876014], [-104.830071, 38.87606], [-104.83013, 38.876064], [-104.830674, 38.876102], [-104.830759, 38.876108], [-104.8309, 38.876125], [-104.831576, 38.87621], [-104.831715, 38.876228], [-104.831803, 38.876231], [-104.831902, 38.87624], [-104.8322, 38.876267], [-104.8323, 38.876277], [-104.832443, 38.876286], [-104.832873, 38.876316], [-104.833017, 38.876326], [-104.833087, 38.876332], [-104.833211, 38.876333], [-104.833796, 38.876339], [-104.833991, 38.876341], [-104.834227, 38.876343], [-104.834853, 38.876349], [-104.834935, 38.876349], [-104.835171, 38.876352], [-104.835264, 38.876352], [-104.835543, 38.876354], [-104.835637, 38.876355], [-104.835685, 38.876355], [-104.835832, 38.876355], [-104.835881, 38.876355], [-104.836137, 38.876355], [-104.836472, 38.876356], [-104.836552, 38.876356], [-104.836636, 38.876356], [-104.836905, 38.876356], [-104.836944, 38.876356], [-104.837043, 38.876357], [-104.837109, 38.876357], [-104.837161, 38.876357], [-104.837275, 38.876357], [-104.837385, 38.876357], [-104.837409, 38.876357], [-104.837448, 38.876357], [-104.838305, 38.876356], [-104.838417, 38.876357], [-104.838976, 38.876373], [-104.839643, 38.876374], [-104.840073, 38.876378], [-104.841055, 38.876346], [-104.842909, 38.876288], [-104.843717, 38.876253], [-104.843789, 38.87625], [-104.843833, 38.876248], [-104.845292, 38.876184], [-104.846704, 38.876123], [-104.846943, 38.876098], [-104.846944, 38.876098], [-104.847208, 38.876082], [-104.847788, 38.876039], [-104.848361, 38.875997], [-104.849395, 38.875927], [-104.849562, 38.875914], [-104.850277, 38.875858], [-104.850282, 38.875857], [-104.850287, 38.875856], [-104.85073, 38.875723], [-104.851012, 38.87563], [-104.851048, 38.875619], [-104.851534, 38.875403], [-104.852001, 38.875175], [-104.852108, 38.875122], [-104.85234, 38.87501], [-104.852426, 38.874959], [-104.85253, 38.874899], [-104.852749, 38.874789], [-104.852749, 38.874789], [-104.85296, 38.874682], [-104.85319, 38.874567], [-104.853754, 38.874249], [-104.85416, 38.873999], [-104.854209, 38.873959], [-104.854209, 38.873959], [-104.854584, 38.873657], [-104.854802, 38.873471], [-104.855437, 38.872935], [-104.855458, 38.872914], [-104.855666, 38.872716], [-104.855885, 38.872506], [-104.856001, 38.872396], [-104.856553, 38.87189], [-104.856777, 38.871686], [-104.857314, 38.871178], [-104.857418, 38.871081], [-104.857595, 38.870924], [-104.857917, 38.870638], [-104.857945, 38.870613], [-104.858762, 38.869843], [-104.858827, 38.869782], [-104.858934, 38.869666], [-104.859106, 38.869482], [-104.859155, 38.869429], [-104.859323, 38.869188], [-104.85938, 38.869107], [-104.85938, 38.869106], [-104.859392, 38.869089], [-104.859407, 38.869059], [-104.859416, 38.869041], [-104.859435, 38.869011], [-104.859453, 38.868982], [-104.859521, 38.868892], [-104.859569, 38.868835], [-104.85967, 38.868714], [-104.859688, 38.868692], [-104.859727, 38.868663], [-104.859763, 38.868637], [-104.859863, 38.868563], [-104.85993, 38.868513], [-104.860267, 38.868341], [-104.860268, 38.868341], [-104.860482, 38.868231], [-104.861151, 38.868071], [-104.861225, 38.868057], [-104.861763, 38.867964], [-104.862124, 38.867884], [-104.862396, 38.867795], [-104.862552, 38.867745], [-104.863038, 38.867448], [-104.863357, 38.867111], [-104.863526, 38.8668], [-104.863567, 38.866641], [-104.863614, 38.86646], [-104.863617, 38.866393], [-104.863655, 38.865738], [-104.863656, 38.865679], [-104.863662, 38.86551], [-104.863662, 38.865503], [-104.863663, 38.865467], [-104.863663, 38.865465], [-104.863664, 38.865434], [-104.863664, 38.865434], [-104.863674, 38.864768], [-104.863675, 38.864667], [-104.863676, 38.864607], [-104.863676, 38.864323], [-104.863666, 38.864124], [-104.863664, 38.864098], [-104.863645, 38.863723], [-104.863607, 38.863438], [-104.8636, 38.863388], [-104.863573, 38.863183], [-104.863525, 38.862751], [-104.863517, 38.862678], [-104.863508, 38.862598], [-104.863495, 38.862344], [-104.863483, 38.862064], [-104.863482, 38.862052], [-104.863479, 38.861999], [-104.863469, 38.861792], [-104.863515, 38.861573], [-104.863532, 38.861495], [-104.86361, 38.861378], [-104.863693, 38.861255], [-104.863764, 38.861199], [-104.863872, 38.861115], [-104.864261, 38.860938], [-104.864278, 38.86093], [-104.864281, 38.86093], [-104.864389, 38.860919], [-104.864392, 38.860919], [-104.864782, 38.860881], [-104.864835, 38.860875], [-104.86484, 38.860875], [-104.865068, 38.860852], [-104.865086, 38.860851], [-104.865485, 38.860862], [-104.865526, 38.860863], [-104.865528, 38.860863], [-104.865526, 38.86086], [-104.865441, 38.860714], [-104.865408, 38.860657], [-104.865335, 38.860502], [-104.865217, 38.860251], [-104.865144, 38.860096], [-104.864973, 38.859721], [-104.86486, 38.859473], [-104.864724, 38.859174], [-104.864593, 38.858711], [-104.864561, 38.858368], [-104.864584, 38.857974], [-104.864679, 38.857631], [-104.864736, 38.857496], [-104.864878, 38.857166], [-104.865047, 38.85693], [-104.865063, 38.856908], [-104.865067, 38.856902], [-104.865083, 38.856879], [-104.865094, 38.856864], [-104.865118, 38.85683], [-104.86513, 38.856814], [-104.865257, 38.856607], [-104.865304, 38.856533], [-104.865321, 38.856506], [-104.865365, 38.856463], [-104.865569, 38.856272], [-104.865637, 38.856209], [-104.865704, 38.856145], [-104.865765, 38.856087], [-104.865905, 38.855957], [-104.865973, 38.855895], [-104.866134, 38.855745], [-104.866602, 38.855312], [-104.866617, 38.855297], [-104.866679, 38.85524], [-104.866778, 38.855147], [-104.867094, 38.854819], [-104.867365, 38.854539], [-104.867367, 38.854537], [-104.867373, 38.854541], [-104.867422, 38.854571], [-104.868145, 38.855014], [-104.868495, 38.855223], [-104.868945, 38.855494], [-104.868951, 38.855498], [-104.869162, 38.855635], [-104.86938, 38.855776], [-104.86938, 38.855776], [-104.869385, 38.855771], [-104.869608, 38.85554], [-104.86973, 38.855425], [-104.870164, 38.855], [-104.870304, 38.854863], [-104.870378, 38.854787], [-104.870824, 38.854335], [-104.870863, 38.854294], [-104.87098, 38.854175], [-104.870992, 38.854164], [-104.871021, 38.854137], [-104.871111, 38.85405], [-104.871157, 38.854007], [-104.871378, 38.853787], [-104.871467, 38.8537], [-104.871552, 38.853616], [-104.87194, 38.853174], [-104.871985, 38.853096], [-104.872082, 38.852923], [-104.872168, 38.852661], [-104.87234, 38.852146], [-104.872453, 38.851828], [-104.872623, 38.85132], [-104.872627, 38.851307], [-104.872659, 38.851202], [-104.872668, 38.851211], [-104.872668, 38.851211], [-104.872698, 38.851241], [-104.872928, 38.851475], [-104.873542, 38.85203], [-104.874164, 38.852573], [-104.874536, 38.852857], [-104.874545, 38.852863], [-104.874988, 38.853135], [-104.875449, 38.853399], [-104.875966, 38.853613], [-104.876326, 38.853742], [-104.877577, 38.854075], [-104.878233, 38.854194], [-104.88215, 38.854885], [-104.882148, 38.85489], [-104.882117, 38.854979], [-104.882129, 38.854981], [-104.883029, 38.855124], [-104.883197, 38.855151], [-104.883431, 38.855188], [-104.884574, 38.855396], [-104.885544, 38.855583], [-104.885758, 38.85562], [-104.886215, 38.8557], [-104.886374, 38.855728], [-104.886418, 38.855736], [-104.886669, 38.855781], [-104.886892, 38.855821], [-104.886897, 38.855822], [-104.886898, 38.855887], [-104.8869, 38.856022], [-104.886901, 38.856207], [-104.886901, 38.856253], [-104.886899, 38.856658], [-104.886908, 38.856707], [-104.886915, 38.856745], [-104.886915, 38.856788], [-104.886915, 38.856809], [-104.886916, 38.85686], [-104.886917, 38.857283], [-104.886928, 38.857568], [-104.886925, 38.858099], [-104.88693, 38.858395], [-104.886922, 38.858803], [-104.886921, 38.859039], [-104.886921, 38.859077], [-104.886929, 38.860981], [-104.88693, 38.861137], [-104.88692, 38.862528], [-104.886918, 38.862763], [-104.886918, 38.862807], [-104.886918, 38.862816], [-104.886918, 38.862912], [-104.886917, 38.86292], [-104.886917, 38.86302], [-104.886917, 38.863025], [-104.886917, 38.863027], [-104.886917, 38.863139], [-104.886917, 38.863145], [-104.886916, 38.863252], [-104.886916, 38.863259], [-104.886916, 38.863366], [-104.886916, 38.863373], [-104.886916, 38.863479], [-104.886916, 38.86348], [-104.886915, 38.863592], [-104.886915, 38.8636], [-104.886915, 38.863641], [-104.886915, 38.86368], [-104.886915, 38.863746], [-104.886914, 38.864072], [-104.886913, 38.86429], [-104.886913, 38.864293], [-104.886923, 38.864293], [-104.888565, 38.864266], [-104.888604, 38.864265], [-104.888664, 38.864265], [-104.892141, 38.864235], [-104.892175, 38.864234], [-104.89257, 38.864236], [-104.892878, 38.864237], [-104.892918, 38.864237], [-104.893258, 38.864239], [-104.896024, 38.864251], [-104.896024, 38.864251], [-104.89603, 38.863781], [-104.896046, 38.862625], [-104.89622, 38.862481], [-104.896689, 38.862091], [-104.896805, 38.861493], [-104.89689, 38.861049], [-104.896891, 38.861046], [-104.896734, 38.860994], [-104.896392, 38.860878], [-104.896091, 38.860779], [-104.896073, 38.860773], [-104.896072, 38.860772], [-104.896413, 38.860769], [-104.897667, 38.860757], [-104.897668, 38.860757], [-104.897665, 38.860745], [-104.897659, 38.860718], [-104.897631, 38.860694], [-104.897626, 38.860582], [-104.897455, 38.859746], [-104.897422, 38.859589], [-104.897514, 38.859577], [-104.897988, 38.859516], [-104.898018, 38.859512], [-104.898061, 38.859539], [-104.898101, 38.859558], [-104.898105, 38.859562], [-104.898266, 38.859694], [-104.898365, 38.859775], [-104.898418, 38.85982], [-104.898524, 38.859905], [-104.898607, 38.85997], [-104.898705, 38.860051], [-104.898799, 38.860135], [-104.898888, 38.860219], [-104.898931, 38.860263], [-104.899016, 38.860353], [-104.89905, 38.860393], [-104.899097, 38.860445], [-104.899136, 38.860491], [-104.899173, 38.860539], [-104.899224, 38.860611], [-104.899258, 38.860669], [-104.899291, 38.860742], [-104.899298, 38.860742], [-104.900602, 38.860729], [-104.900602, 38.860733], [-104.900602, 38.860736], [-104.900588, 38.861237], [-104.900585, 38.861327], [-104.900572, 38.861814], [-104.900557, 38.862321], [-104.900555, 38.862408], [-104.900517, 38.86383], [-104.900518, 38.8641], [-104.900528, 38.8641], [-104.903338, 38.864006], [-104.903576, 38.863999], [-104.904995, 38.863952], [-104.909423, 38.863941], [-104.909423, 38.863942], [-104.909423, 38.863948], [-104.909265, 38.86693], [-104.909231, 38.867586], [-104.909228, 38.867642], [-104.909228, 38.867645], [-104.909227, 38.867656], [-104.909227, 38.867656], [-104.909232, 38.867854], [-104.909249, 38.868152], [-104.909249, 38.868156], [-104.909259, 38.868383], [-104.909341, 38.870283], [-104.909355, 38.8706], [-104.909386, 38.871313], [-104.909386, 38.871313], [-104.909396, 38.871313], [-104.910421, 38.871307], [-104.910642, 38.871305], [-104.91067, 38.871305], [-104.910891, 38.871303], [-104.913074, 38.871287], [-104.913819, 38.871284], [-104.913819, 38.871284], [-104.913819, 38.871291], [-104.914006, 38.874613], [-104.914014, 38.874744], [-104.914018, 38.874813], [-104.914019, 38.874841], [-104.914024, 38.874941], [-104.914083, 38.875998], [-104.91423, 38.878599], [-104.914412, 38.881857], [-104.914436, 38.882256], [-104.914436, 38.882257], [-104.915941, 38.883503], [-104.917038, 38.884411], [-104.917087, 38.885873], [-104.914561, 38.885938], [-104.914561, 38.885939], [-104.914561, 38.885956], [-104.914563, 38.886065], [-104.914567, 38.886167], [-104.914715, 38.890596], [-104.914802, 38.893177], [-104.913897, 38.893197], [-104.913655, 38.893203], [-104.91293, 38.893219], [-104.912237, 38.893235], [-104.912192, 38.893236], [-104.912192, 38.893236], [-104.905508, 38.893385], [-104.905499, 38.893385], [-104.900872, 38.893332], [-104.900862, 38.893332], [-104.898543, 38.893306], [-104.898545, 38.893365], [-104.898545, 38.893365], [-104.898546, 38.893538], [-104.898574, 38.894389], [-104.898585, 38.894506], [-104.898594, 38.894689], [-104.898595, 38.894717], [-104.898596, 38.894763], [-104.898596, 38.894763], [-104.898596, 38.894763], [-104.8986, 38.894933], [-104.898606, 38.895106], [-104.898607, 38.89513], [-104.898607, 38.89513], [-104.898602, 38.89513], [-104.8986, 38.89513], [-104.898599, 38.89513], [-104.897551, 38.895117], [-104.896289, 38.895101], [-104.896354, 38.896923], [-104.892996, 38.896878], [-104.889812, 38.896835], [-104.88709, 38.896798], [-104.886968, 38.904037], [-104.886967, 38.904104], [-104.886953, 38.904921], [-104.886878, 38.909613], [-104.886878, 38.909615], [-104.886877, 38.909618], [-104.886853, 38.911139], [-104.886863, 38.911139], [-104.88955, 38.911134], [-104.890575, 38.911133], [-104.890713, 38.911153], [-104.891007, 38.911197], [-104.891127, 38.911166], [-104.891263, 38.911133], [-104.893749, 38.911148], [-104.893995, 38.91115], [-104.894983, 38.911156], [-104.89552, 38.91116], [-104.895897, 38.911162], [-104.898086, 38.911146], [-104.901208, 38.911123], [-104.903695, 38.911106], [-104.90402, 38.911106], [-104.904998, 38.911106], [-104.905324, 38.911106], [-104.907986, 38.911092], [-104.909231, 38.911083], [-104.911254, 38.911069], [-104.920951, 38.911009], [-104.924859, 38.910985], [-104.924859, 38.910985], [-104.924859, 38.910985], [-104.927945, 38.911002], [-104.931904, 38.911025], [-104.932196, 38.911024], [-104.932959, 38.91102], [-104.935363, 38.911008], [-104.935363, 38.911015], [-104.935362, 38.912851], [-104.935362, 38.914607], [-104.935362, 38.915939], [-104.935372, 38.91594], [-104.935747, 38.915963], [-104.935839, 38.915963], [-104.935881, 38.915963], [-104.936142, 38.915977], [-104.936328, 38.916018], [-104.936402, 38.91605], [-104.936411, 38.916056], [-104.936447, 38.916079], [-104.936469, 38.916138], [-104.936469, 38.916196], [-104.936462, 38.916234], [-104.936436, 38.916254], [-104.936391, 38.916272], [-104.936283, 38.916266], [-104.936, 38.916231], [-104.935858, 38.916184], [-104.935833, 38.916182], [-104.935638, 38.916169], [-104.935564, 38.916178], [-104.935504, 38.916207], [-104.935422, 38.916277], [-104.935399, 38.916302], [-104.935333, 38.916373], [-104.935187, 38.916547], [-104.935045, 38.916751], [-104.934973, 38.916818], [-104.934919, 38.91687], [-104.934736, 38.916984], [-104.934449, 38.917059], [-104.934251, 38.917129], [-104.93414, 38.917179], [-104.934117, 38.917216], [-104.934102, 38.917249], [-104.934087, 38.917283], [-104.934083, 38.917356], [-104.934087, 38.917394], [-104.934106, 38.917438], [-104.934128, 38.91747], [-104.934162, 38.917499], [-104.934167, 38.917501], [-104.934221, 38.917522], [-104.934337, 38.917546], [-104.934445, 38.917543], [-104.934512, 38.917531], [-104.934605, 38.917487], [-104.934826, 38.917325], [-104.93506, 38.917156], [-104.935373, 38.91699], [-104.935399, 38.916978], [-104.935399, 38.916989], [-104.935403, 38.919285], [-104.935404, 38.919804], [-104.935405, 38.920221], [-104.935423, 38.926206], [-104.93543, 38.928513], [-104.935448, 38.932202], [-104.935462, 38.935031], [-104.935502, 38.943268], [-104.935517, 38.946119], [-104.935521, 38.946958], [-104.935555, 38.951885], [-104.9356, 38.958296], [-104.935608, 38.959519], [-104.935658, 38.966666], [-104.935666, 38.96779], [-104.935683, 38.971594], [-104.935684, 38.971839], [-104.93569, 38.973984], [-104.935692, 38.974543], [-104.935693, 38.974924], [-104.935712, 38.981155], [-104.935719, 38.983302], [-104.935722, 38.983461], [-104.93572, 38.983546], [-104.935731, 38.987727], [-104.935731, 38.988033], [-104.935738, 38.990385], [-104.935745, 38.992986], [-104.93575, 38.994637], [-104.935759, 38.998288], [-104.935768, 39.001494], [-104.935775, 39.003965], [-104.93578, 39.005982], [-104.93578, 39.006082], [-104.935796, 39.010612], [-104.935802, 39.012276], [-104.935812, 39.012276], [-104.936636, 39.012272], [-104.937009, 39.01227], [-104.942134, 39.012247], [-104.944355, 39.012237], [-104.946839, 39.012226], [-104.948031, 39.01222], [-104.952662, 39.012199], [-104.953959, 39.012184], [-104.958185, 39.012592], [-104.958866, 39.012657], [-104.960358, 39.012802], [-104.961696, 39.012931], [-104.967256, 39.013468], [-104.967857, 39.013526], [-104.972995, 39.014022], [-104.977474, 39.013731], [-104.97823, 39.013683], [-104.98109, 39.013497], [-104.981934, 39.013502], [-104.981934, 39.013508], [-104.981936, 39.01413], [-104.986605, 39.014189], [-104.987149, 39.014196], [-104.988035, 39.014207], [-104.989976, 39.014232], [-104.990109, 39.014234], [-104.991274, 39.014248], [-104.991479, 39.014251], [-104.991505, 39.014251], [-104.991708, 39.014253], [-104.991708, 39.014255], [-104.991708, 39.014255], [-104.99172, 39.01472], [-104.991748, 39.01574], [-104.991746, 39.016205], [-104.991742, 39.017601], [-104.991741, 39.018067], [-104.991723, 39.018289], [-104.991671, 39.018956], [-104.991654, 39.019179], [-104.991675, 39.020104], [-104.991682, 39.020388], [-104.991696, 39.021015], [-104.991706, 39.021015], [-104.993562, 39.020992], [-104.994488, 39.020982], [-104.99799, 39.02099], [-104.999155, 39.020992], [-104.999456, 39.020993], [-105.00404, 39.021003], [-105.004845, 39.021005], [-105.010714, 39.021018], [-105.01072, 39.019269], [-105.010722, 39.018572], [-105.010723, 39.018557], [-105.010724, 39.01835], [-105.01074, 39.013905], [-105.010739, 39.013675], [-105.010739, 39.01353], [-105.011283, 39.013548], [-105.011513, 39.013556], [-105.011653, 39.013565], [-105.012074, 39.013593], [-105.012215, 39.013603], [-105.012213, 39.013609], [-105.012212, 39.013609], [-105.012125, 39.0138], [-105.012078, 39.014057], [-105.012078, 39.014361], [-105.012094, 39.014594], [-105.012096, 39.014621], [-105.012151, 39.014839], [-105.012252, 39.015205], [-105.012358, 39.015536], [-105.012427, 39.015955], [-105.01244, 39.016008], [-105.012451, 39.016051], [-105.012554, 39.016466], [-105.012557, 39.016479], [-105.012656, 39.016876], [-105.012667, 39.016919], [-105.012743, 39.017363], [-105.012798, 39.017805], [-105.012797, 39.01785], [-105.012795, 39.017903], [-105.012787, 39.018213], [-105.01274, 39.018474], [-105.012706, 39.01861], [-105.012694, 39.018741], [-105.012595, 39.019247], [-105.012475, 39.019604], [-105.012402, 39.01982], [-105.012262, 39.02027], [-105.01225, 39.020312], [-105.011938, 39.021194]]]}}, {"type": "Feature", "properties": {"SENATE": 10}, "geometry": {"type": "Polygon", "coordinates": [[[-104.677635, 38.94087], [-104.678164, 38.940895], [-104.67831, 38.940908], [-104.679191, 38.940983], [-104.679276, 38.94099], [-104.680965, 38.941154], [-104.681586, 38.941204], [-104.681893, 38.941228], [-104.682479, 38.941278], [-104.683328, 38.941334], [-104.68429, 38.941358], [-104.685989, 38.94138], [-104.687082, 38.941388], [-104.687292, 38.941387], [-104.687567, 38.941385], [-104.687914, 38.941383], [-104.688339, 38.94138], [-104.689093, 38.941375], [-104.690186, 38.941369], [-104.690689, 38.941371], [-104.691287, 38.941373], [-104.692812, 38.94137], [-104.694079, 38.941357], [-104.69478, 38.941323], [-104.695267, 38.9413], [-104.695614, 38.941275], [-104.695863, 38.941257], [-104.696092, 38.941241], [-104.696497, 38.94121], [-104.696724, 38.941197], [-104.696877, 38.94119], [-104.697129, 38.941178], [-104.697488, 38.941163], [-104.69845, 38.941127], [-104.698565, 38.941121], [-104.698925, 38.941102], [-104.699362, 38.941098], [-104.700363, 38.941092], [-104.700673, 38.941085], [-104.701019, 38.94108], [-104.70111, 38.941078], [-104.701113, 38.941078], [-104.701853, 38.941069], [-104.70261, 38.94106], [-104.703893, 38.941011], [-104.70439, 38.940976], [-104.704906, 38.940938], [-104.704916, 38.940938], [-104.705227, 38.940914], [-104.706347, 38.940855], [-104.70701, 38.940834], [-104.707258, 38.940825], [-104.708514, 38.940784], [-104.70963, 38.940764], [-104.709856, 38.94076], [-104.710369, 38.940751], [-104.711184, 38.940727], [-104.712232, 38.940647], [-104.71225, 38.940646], [-104.712562, 38.940622], [-104.713369, 38.940561], [-104.713885, 38.940527], [-104.713962, 38.940524], [-104.714613, 38.940493], [-104.71487, 38.940485], [-104.715234, 38.940473], [-104.71724, 38.940406], [-104.71749, 38.9404], [-104.718401, 38.940378], [-104.719243, 38.940331], [-104.719266, 38.94033], [-104.719346, 38.940326], [-104.719424, 38.940321], [-104.719443, 38.94032], [-104.719512, 38.940316], [-104.719565, 38.940313], [-104.719724, 38.940317], [-104.719742, 38.940317], [-104.719752, 38.940317], [-104.719752, 38.940317], [-104.719753, 38.940317], [-104.719912, 38.940319], [-104.719953, 38.940318], [-104.720053, 38.940316], [-104.720076, 38.940127], [-104.720211, 38.94013], [-104.720468, 38.940139], [-104.722118, 38.940138], [-104.72273, 38.940135], [-104.724539, 38.94013], [-104.72474, 38.940129], [-104.724767, 38.940129], [-104.727142, 38.940121], [-104.728993, 38.940107], [-104.729175, 38.940105], [-104.729186, 38.940105], [-104.72934, 38.940105], [-104.729384, 38.940104], [-104.729384, 38.940111], [-104.729381, 38.940175], [-104.729377, 38.940269], [-104.729387, 38.940269], [-104.730611, 38.940269], [-104.731094, 38.940248], [-104.731434, 38.940237], [-104.731698, 38.940229], [-104.733527, 38.94023], [-104.734272, 38.940231], [-104.734487, 38.940232], [-104.737607, 38.940233], [-104.738169, 38.940234], [-104.739417, 38.940235], [-104.739591, 38.940235], [-104.739625, 38.94018], [-104.739681, 38.940087], [-104.74001, 38.940092], [-104.74009, 38.940093], [-104.740673, 38.940102], [-104.748162, 38.940081], [-104.748163, 38.940088], [-104.748168, 38.940122], [-104.748179, 38.940197], [-104.748188, 38.940196], [-104.748359, 38.940173], [-104.748728, 38.940125], [-104.748873, 38.940095], [-104.749168, 38.940037], [-104.749604, 38.939943], [-104.750015, 38.939826], [-104.750268, 38.939733], [-104.750756, 38.939567], [-104.750889, 38.939504], [-104.751525, 38.939206], [-104.752467, 38.938781], [-104.752529, 38.938755], [-104.75311, 38.938523], [-104.753575, 38.938364], [-104.753935, 38.938258], [-104.754386, 38.93817], [-104.754951, 38.938089], [-104.755375, 38.938051], [-104.75573, 38.938044], [-104.756377, 38.938032], [-104.75658, 38.938034], [-104.756704, 38.938036], [-104.756831, 38.938037], [-104.756829, 38.937967], [-104.756829, 38.937964], [-104.756823, 38.937888], [-104.757065, 38.937891], [-104.758186, 38.937886], [-104.75866, 38.937844], [-104.758715, 38.937834], [-104.758888, 38.9378], [-104.759063, 38.937767], [-104.759352, 38.937711], [-104.759963, 38.937602], [-104.760363, 38.937516], [-104.760686, 38.937435], [-104.760861, 38.937444], [-104.760932, 38.937447], [-104.761095, 38.937394], [-104.761407, 38.937294], [-104.761583, 38.937221], [-104.76165, 38.937194], [-104.761681, 38.937181], [-104.761727, 38.937162], [-104.761843, 38.937115], [-104.762472, 38.936797], [-104.762952, 38.936555], [-104.763047, 38.936456], [-104.763981, 38.93596], [-104.764469, 38.935725], [-104.764887, 38.935613], [-104.765116, 38.935509], [-104.765698, 38.935249], [-104.766017, 38.935107], [-104.766616, 38.934848], [-104.766645, 38.934835], [-104.766851, 38.934745], [-104.767361, 38.934525], [-104.767449, 38.934487], [-104.767707, 38.934374], [-104.767926, 38.93428], [-104.767978, 38.934258], [-104.768017, 38.934241], [-104.768842, 38.933875], [-104.769165, 38.933732], [-104.769354, 38.933648], [-104.770019, 38.933363], [-104.770148, 38.933316], [-104.770191, 38.9333], [-104.770481, 38.933195], [-104.770847, 38.933123], [-104.770848, 38.933122], [-104.770938, 38.933112], [-104.771081, 38.933095], [-104.771149, 38.933094], [-104.771223, 38.933093], [-104.771574, 38.933089], [-104.771738, 38.933086], [-104.771741, 38.933086], [-104.771851, 38.933086], [-104.771852, 38.933086], [-104.772443, 38.933085], [-104.772639, 38.933085], [-104.772639, 38.933085], [-104.772639, 38.933085], [-104.772815, 38.933084], [-104.773393, 38.933083], [-104.773777, 38.933078], [-104.774107, 38.933073], [-104.774708, 38.933065], [-104.774754, 38.933064], [-104.774919, 38.933064], [-104.775093, 38.933063], [-104.77522, 38.933063], [-104.775315, 38.933062], [-104.775419, 38.933061], [-104.775581, 38.93306], [-104.776005, 38.933058], [-104.77606, 38.933058], [-104.776398, 38.933056], [-104.776485, 38.933056], [-104.776541, 38.933056], [-104.776725, 38.933055], [-104.776965, 38.933054], [-104.776981, 38.933054], [-104.777245, 38.933053], [-104.777445, 38.933053], [-104.777472, 38.933053], [-104.777795, 38.933052], [-104.777925, 38.933052], [-104.777948, 38.933052], [-104.778404, 38.933052], [-104.778411, 38.933052], [-104.778806, 38.933051], [-104.778884, 38.933051], [-104.778908, 38.933051], [-104.779327, 38.933051], [-104.779364, 38.933051], [-104.779388, 38.933051], [-104.779594, 38.933051], [-104.779716, 38.933051], [-104.779844, 38.933051], [-104.779868, 38.933051], [-104.780324, 38.933051], [-104.780344, 38.933051], [-104.780397, 38.933051], [-104.780665, 38.933051], [-104.780717, 38.933051], [-104.780804, 38.933051], [-104.780839, 38.933051], [-104.780921, 38.933051], [-104.781283, 38.933051], [-104.781284, 38.933051], [-104.781689, 38.933051], [-104.781764, 38.933052], [-104.781791, 38.933052], [-104.781945, 38.933052], [-104.782047, 38.933052], [-104.782219, 38.933052], [-104.782244, 38.933052], [-104.782271, 38.933052], [-104.782352, 38.933052], [-104.782455, 38.933053], [-104.782723, 38.933053], [-104.782754, 38.933053], [-104.78287, 38.933053], [-104.783203, 38.933054], [-104.78324, 38.933054], [-104.783683, 38.933055], [-104.783726, 38.933055], [-104.784115, 38.933055], [-104.784163, 38.933056], [-104.784204, 38.933056], [-104.784383, 38.933056], [-104.784531, 38.93306], [-104.784643, 38.933063], [-104.784649, 38.933063], [-104.784941, 38.933068], [-104.785123, 38.933069], [-104.785144, 38.933069], [-104.785172, 38.93307], [-104.785595, 38.933074], [-104.785603, 38.933074], [-104.785677, 38.933072], [-104.785874, 38.933066], [-104.786048, 38.933051], [-104.786083, 38.933046], [-104.78625, 38.933018], [-104.786389, 38.932994], [-104.786563, 38.932953], [-104.786722, 38.932916], [-104.786729, 38.932914], [-104.786963, 38.932854], [-104.787045, 38.932834], [-104.787167, 38.932803], [-104.787219, 38.93279], [-104.787404, 38.932743], [-104.787526, 38.932715], [-104.787559, 38.932707], [-104.787682, 38.932677], [-104.787817, 38.932644], [-104.787966, 38.932617], [-104.788007, 38.93261], [-104.788009, 38.932609], [-104.788163, 38.932557], [-104.788175, 38.932553], [-104.788225, 38.932535], [-104.788411, 38.932494], [-104.788488, 38.932487], [-104.78858, 38.932477], [-104.788808, 38.932454], [-104.788968, 38.932456], [-104.788978, 38.932456], [-104.789244, 38.932458], [-104.789446, 38.932462], [-104.789448, 38.932462], [-104.789921, 38.93247], [-104.789927, 38.93247], [-104.790406, 38.932478], [-104.790407, 38.932478], [-104.790429, 38.932478], [-104.790887, 38.932483], [-104.790918, 38.932483], [-104.791367, 38.932487], [-104.791393, 38.932487], [-104.791828, 38.932491], [-104.791847, 38.932492], [-104.79189, 38.932492], [-104.792327, 38.932496], [-104.792341, 38.932496], [-104.792806, 38.932501], [-104.792838, 38.932501], [-104.792994, 38.932502], [-104.793207, 38.932505], [-104.793286, 38.932506], [-104.793326, 38.932506], [-104.793532, 38.932508], [-104.793747, 38.932511], [-104.793766, 38.932511], [-104.793852, 38.932511], [-104.794246, 38.932509], [-104.794273, 38.932508], [-104.794466, 38.932507], [-104.794701, 38.932506], [-104.794726, 38.932507], [-104.794747, 38.932508], [-104.795206, 38.93252], [-104.795211, 38.93252], [-104.795404, 38.932525], [-104.795685, 38.932534], [-104.795691, 38.932534], [-104.796086, 38.932554], [-104.796118, 38.932556], [-104.796118, 38.932556], [-104.796146, 38.932557], [-104.796146, 38.932557], [-104.796354, 38.932568], [-104.796359, 38.932574], [-104.796359, 38.932574], [-104.796475, 38.932713], [-104.79648, 38.932714], [-104.796488, 38.932714], [-104.796645, 38.932724], [-104.796927, 38.932751], [-104.797252, 38.932787], [-104.7993, 38.933161], [-104.799685, 38.933184], [-104.800783, 38.933184], [-104.802311, 38.933189], [-104.802603, 38.933186], [-104.803035, 38.93317], [-104.803142, 38.93317], [-104.80332, 38.933155], [-104.804039, 38.933099], [-104.804367, 38.933073], [-104.804393, 38.933071], [-104.804807, 38.933043], [-104.805324, 38.933026], [-104.805544, 38.933015], [-104.80578, 38.933012], [-104.805988, 38.933017], [-104.806373, 38.933014], [-104.80692, 38.933008], [-104.807822, 38.933], [-104.808015, 38.932999], [-104.808238, 38.932996], [-104.809172, 38.932986], [-104.809485, 38.932964], [-104.809589, 38.932958], [-104.809772, 38.932952], [-104.809901, 38.932943], [-104.810063, 38.932932], [-104.81009, 38.93293], [-104.810454, 38.932912], [-104.810659, 38.932916], [-104.810849, 38.93292], [-104.810938, 38.932921], [-104.811205, 38.932926], [-104.811294, 38.932928], [-104.811434, 38.93293], [-104.811854, 38.932938], [-104.811994, 38.932941], [-104.812167, 38.932943], [-104.812461, 38.932949], [-104.812486, 38.93295], [-104.812491, 38.93295], [-104.812687, 38.932955], [-104.812861, 38.932961], [-104.812867, 38.932905], [-104.812868, 38.932897], [-104.812882, 38.932774], [-104.812887, 38.93273], [-104.813008, 38.932112], [-104.813019, 38.93204], [-104.813109, 38.931482], [-104.8132, 38.930996], [-104.813428, 38.929632], [-104.813472, 38.929272], [-104.813516, 38.928916], [-104.813621, 38.92835], [-104.813649, 38.928123], [-104.813681, 38.927878], [-104.813754, 38.927447], [-104.813793, 38.927223], [-104.813798, 38.927193], [-104.813812, 38.927116], [-104.813856, 38.926888], [-104.813866, 38.926794], [-104.813879, 38.926687], [-104.813903, 38.92648], [-104.813964, 38.926027], [-104.814007, 38.925713], [-104.814092, 38.924839], [-104.814192, 38.924045], [-104.814194, 38.924036], [-104.814289, 38.923387], [-104.814305, 38.923278], [-104.814349, 38.922979], [-104.814353, 38.922951], [-104.814371, 38.922843], [-104.814439, 38.922413], [-104.814647, 38.921126], [-104.814716, 38.920697], [-104.814721, 38.920661], [-104.814738, 38.920556], [-104.814744, 38.920521], [-104.815209, 38.918799], [-104.815623, 38.917758], [-104.81613, 38.916917], [-104.816624, 38.916236], [-104.816943, 38.915911], [-104.817221, 38.915675], [-104.817428, 38.915446], [-104.817697, 38.915199], [-104.817904, 38.91501], [-104.818238, 38.914734], [-104.818311, 38.914673], [-104.818583, 38.914469], [-104.819101, 38.914083], [-104.819626, 38.91368], [-104.819972, 38.913415], [-104.820066, 38.913343], [-104.820075, 38.913335], [-104.820388, 38.913102], [-104.820493, 38.913025], [-104.820577, 38.912962], [-104.82066, 38.912901], [-104.820825, 38.91277], [-104.820907, 38.912705], [-104.820948, 38.912671], [-104.821074, 38.912571], [-104.821117, 38.912538], [-104.82113, 38.912528], [-104.821315, 38.91238], [-104.821378, 38.912335], [-104.821388, 38.912328], [-104.821481, 38.912249], [-104.821672, 38.912112], [-104.821948, 38.911905], [-104.822433, 38.911536], [-104.822533, 38.91146], [-104.822567, 38.911435], [-104.822632, 38.911403], [-104.822768, 38.911336], [-104.822828, 38.911308], [-104.822895, 38.911279], [-104.823308, 38.910892], [-104.824237, 38.910045], [-104.824723, 38.909499], [-104.825185, 38.908839], [-104.825635, 38.908082], [-104.826168, 38.907133], [-104.826428, 38.906509], [-104.826843, 38.905516], [-104.826941, 38.90528], [-104.826959, 38.905237], [-104.827052, 38.905014], [-104.827134, 38.904819], [-104.827327, 38.904345], [-104.827418, 38.904122], [-104.827533, 38.903839], [-104.827878, 38.90299], [-104.827993, 38.902707], [-104.828026, 38.902627], [-104.828188, 38.902239], [-104.828293, 38.90199], [-104.828474, 38.90156], [-104.828871, 38.900563], [-104.828874, 38.900556], [-104.829166, 38.899827], [-104.829299, 38.899498], [-104.82945, 38.899104], [-104.829621, 38.898657], [-104.829761, 38.898294], [-104.830111, 38.897355], [-104.830127, 38.897315], [-104.830313, 38.896875], [-104.830386, 38.896703], [-104.83053, 38.89635], [-104.831179, 38.894774], [-104.831245, 38.894615], [-104.831275, 38.894551], [-104.831385, 38.894315], [-104.831412, 38.894257], [-104.831421, 38.894235], [-104.831451, 38.894172], [-104.831461, 38.894152], [-104.831474, 38.894124], [-104.831513, 38.89404], [-104.831526, 38.894012], [-104.831571, 38.893914], [-104.831708, 38.89362], [-104.831754, 38.893523], [-104.83231, 38.892329], [-104.832644, 38.891716], [-104.832855, 38.891332], [-104.83418, 38.888759], [-104.834449, 38.888236], [-104.834802, 38.88755], [-104.835113, 38.886866], [-104.835229, 38.88661], [-104.835305, 38.886393], [-104.835335, 38.886308], [-104.835504, 38.885832], [-104.835717, 38.885005], [-104.835852, 38.884363], [-104.835865, 38.884301], [-104.835958, 38.88386], [-104.836, 38.883522], [-104.83603, 38.883275], [-104.836038, 38.883169], [-104.836099, 38.882447], [-104.836086, 38.881548], [-104.836047, 38.880715], [-104.836007, 38.880291], [-104.83588, 38.879558], [-104.835819, 38.879203], [-104.835624, 38.878377], [-104.835604, 38.878294], [-104.835545, 38.878044], [-104.835526, 38.877962], [-104.83545, 38.877641], [-104.835391, 38.877392], [-104.835239, 38.876674], [-104.835206, 38.87652], [-104.835175, 38.876372], [-104.835172, 38.876359], [-104.835171, 38.876352], [-104.834935, 38.876349], [-104.834853, 38.876349], [-104.834227, 38.876343], [-104.833991, 38.876341], [-104.833796, 38.876339], [-104.833211, 38.876333], [-104.833087, 38.876332], [-104.833017, 38.876326], [-104.832873, 38.876316], [-104.832443, 38.876286], [-104.8323, 38.876277], [-104.8322, 38.876267], [-104.831902, 38.87624], [-104.831803, 38.876231], [-104.831715, 38.876228], [-104.831576, 38.87621], [-104.8309, 38.876125], [-104.830759, 38.876108], [-104.830674, 38.876102], [-104.83013, 38.876064], [-104.830071, 38.87606], [-104.829637, 38.876014], [-104.829121, 38.875889], [-104.828668, 38.875693], [-104.828565, 38.87564], [-104.828218, 38.875462], [-104.828146, 38.875425], [-104.82808, 38.875391], [-104.827859, 38.875277], [-104.827684, 38.875188], [-104.827581, 38.875145], [-104.827521, 38.87512], [-104.827463, 38.875095], [-104.827432, 38.875086], [-104.827168, 38.875004], [-104.827147, 38.874997], [-104.827075, 38.874973], [-104.826929, 38.87494], [-104.826729, 38.874892], [-104.826704, 38.874886], [-104.826394, 38.874824], [-104.826264, 38.874809], [-104.82614, 38.874794], [-104.826123, 38.874792], [-104.826043, 38.874783], [-104.825994, 38.874779], [-104.825919, 38.874772], [-104.825854, 38.874766], [-104.825737, 38.874756], [-104.825662, 38.874752], [-104.825598, 38.87475], [-104.825483, 38.874747], [-104.825327, 38.874751], [-104.825304, 38.874752], [-104.824932, 38.874736], [-104.824709, 38.874725], [-104.824517, 38.8747], [-104.824249, 38.874665], [-104.823931, 38.874624], [-104.823498, 38.874569], [-104.82301, 38.874512], [-104.822977, 38.874509], [-104.822658, 38.874482], [-104.822432, 38.874466], [-104.822399, 38.874466], [-104.82214, 38.874468], [-104.822025, 38.874464], [-104.821621, 38.874452], [-104.821362, 38.874445], [-104.820983, 38.874436], [-104.819848, 38.874412], [-104.819663, 38.874409], [-104.81956, 38.874407], [-104.81947, 38.874404], [-104.81924, 38.874399], [-104.819164, 38.874395], [-104.818616, 38.874369], [-104.818246, 38.874358], [-104.818075, 38.874353], [-104.817941, 38.874346], [-104.81792, 38.874344], [-104.817857, 38.874341], [-104.817837, 38.874341], [-104.817665, 38.874332], [-104.817509, 38.874331], [-104.817091, 38.87433], [-104.816638, 38.874303], [-104.816528, 38.874303], [-104.816347, 38.874303], [-104.816201, 38.874293], [-104.815941, 38.874275], [-104.815908, 38.874274], [-104.815463, 38.874267], [-104.815028, 38.874245], [-104.815003, 38.874244], [-104.814735, 38.874234], [-104.814176, 38.874214], [-104.814156, 38.874213], [-104.8133, 38.874191], [-104.81306, 38.87418], [-104.812841, 38.874173], [-104.812839, 38.874173], [-104.812125, 38.874148], [-104.811952, 38.874142], [-104.811131, 38.874112], [-104.810446, 38.87409], [-104.809899, 38.874078], [-104.809814, 38.874075], [-104.809299, 38.874066], [-104.809141, 38.874063], [-104.807728, 38.874012], [-104.807514, 38.874005], [-104.807226, 38.873997], [-104.806874, 38.873988], [-104.806661, 38.873984], [-104.806445, 38.873978], [-104.806178, 38.873972], [-104.8058, 38.873961], [-104.805585, 38.873955], [-104.805369, 38.873949], [-104.805077, 38.873941], [-104.804721, 38.873929], [-104.804506, 38.873923], [-104.804289, 38.873916], [-104.804006, 38.873907], [-104.80364, 38.873891], [-104.803533, 38.873887], [-104.803439, 38.873891], [-104.803424, 38.873891], [-104.802434, 38.873928], [-104.80209, 38.873918], [-104.801699, 38.873847], [-104.801056, 38.873705], [-104.800831, 38.873656], [-104.800399, 38.873575], [-104.800249, 38.873547], [-104.799965, 38.873519], [-104.79955, 38.873492], [-104.799534, 38.873491], [-104.799569, 38.87346], [-104.799576, 38.873454], [-104.799285, 38.873444], [-104.798935, 38.87344], [-104.798392, 38.873433], [-104.796173, 38.873518], [-104.795913, 38.873527], [-104.795133, 38.873556], [-104.795071, 38.873559], [-104.795066, 38.873559], [-104.794884, 38.873566], [-104.794874, 38.873566], [-104.794844, 38.873024], [-104.794813, 38.872679], [-104.794771, 38.872464], [-104.794734, 38.872256], [-104.794604, 38.871889], [-104.794573, 38.871818], [-104.794259, 38.871098], [-104.794128, 38.870661], [-104.79408, 38.870315], [-104.794077, 38.869932], [-104.794149, 38.869924], [-104.794154, 38.869292], [-104.794153, 38.867803], [-104.794153, 38.867765], [-104.794153, 38.867041], [-104.794143, 38.866234], [-104.79414, 38.865979], [-104.794138, 38.865877], [-104.794138, 38.865814], [-104.794142, 38.865573], [-104.794145, 38.865472], [-104.794158, 38.864774], [-104.794164, 38.864512], [-104.79416, 38.863251], [-104.794169, 38.862679], [-104.794177, 38.862243], [-104.794182, 38.861982], [-104.794182, 38.861944], [-104.794182, 38.861875], [-104.794182, 38.861831], [-104.794182, 38.861797], [-104.794182, 38.861794], [-104.794177, 38.861792], [-104.792193, 38.86102], [-104.788785, 38.859694], [-104.787633, 38.859339], [-104.787047, 38.859158], [-104.786124, 38.859125], [-104.784503, 38.859068], [-104.784059, 38.859053], [-104.78402, 38.859051], [-104.784001, 38.859051], [-104.783992, 38.85905], [-104.783565, 38.859045], [-104.782689, 38.859035], [-104.782603, 38.859034], [-104.782559, 38.859034], [-104.782343, 38.859032], [-104.780997, 38.859018], [-104.778039, 38.858988], [-104.777396, 38.858981], [-104.7759, 38.858966], [-104.775836, 38.858965], [-104.77578, 38.858965], [-104.775747, 38.858964], [-104.775742, 38.858965], [-104.773658, 38.859049], [-104.773647, 38.859049], [-104.772439, 38.859099], [-104.771029, 38.859118], [-104.770737, 38.859122], [-104.766855, 38.859178], [-104.766798, 38.859178], [-104.766442, 38.859183], [-104.766074, 38.859189], [-104.765389, 38.859198], [-104.765173, 38.859201], [-104.764524, 38.859211], [-104.764461, 38.859212], [-104.764309, 38.859215], [-104.762921, 38.859219], [-104.76281, 38.85922], [-104.762518, 38.85922], [-104.760892, 38.859224], [-104.76061, 38.859225], [-104.760164, 38.859226], [-104.758975, 38.859231], [-104.758758, 38.859231], [-104.75838, 38.859233], [-104.757616, 38.859235], [-104.757494, 38.859236], [-104.757436, 38.859236], [-104.757371, 38.859236], [-104.757312, 38.859236], [-104.757136, 38.85924], [-104.757078, 38.859242], [-104.757084, 38.859349], [-104.757084, 38.859354], [-104.757095, 38.859534], [-104.757095, 38.859601], [-104.757095, 38.859673], [-104.757096, 38.859781], [-104.756998, 38.859812], [-104.756425, 38.860032], [-104.756026, 38.860186], [-104.755716, 38.860304], [-104.755716, 38.860304], [-104.755308, 38.860458], [-104.754967, 38.860576], [-104.754587, 38.860708], [-104.754406, 38.860757], [-104.754274, 38.860794], [-104.753874, 38.86089], [-104.753711, 38.860928], [-104.753636, 38.860946], [-104.753569, 38.860955], [-104.753141, 38.861019], [-104.752999, 38.861041], [-104.752781, 38.861058], [-104.752127, 38.861109], [-104.75191, 38.861127], [-104.751724, 38.861141], [-104.751421, 38.861164], [-104.751172, 38.861215], [-104.751046, 38.861243], [-104.751046, 38.861243], [-104.750991, 38.861254], [-104.750826, 38.861288], [-104.750096, 38.861486], [-104.749864, 38.861534], [-104.749174, 38.861619], [-104.749013, 38.861621], [-104.748847, 38.861624], [-104.748492, 38.861644], [-104.748329, 38.861653], [-104.748021, 38.861686], [-104.747896, 38.861721], [-104.747868, 38.861728], [-104.747811, 38.861745], [-104.747748, 38.861762], [-104.747378, 38.861925], [-104.747244, 38.862001], [-104.746363, 38.862498], [-104.74583, 38.862784], [-104.745613, 38.862901], [-104.745275, 38.863086], [-104.744964, 38.863256], [-104.744749, 38.863375], [-104.744315, 38.863618], [-104.74391, 38.863846], [-104.743008, 38.86434], [-104.742657, 38.864533], [-104.74257, 38.864576], [-104.742496, 38.864614], [-104.742274, 38.864728], [-104.742201, 38.864767], [-104.74176, 38.865048], [-104.741718, 38.865075], [-104.7407, 38.865976], [-104.740583, 38.866084], [-104.7402, 38.86644], [-104.739898, 38.86673], [-104.739699, 38.866922], [-104.739153, 38.867421], [-104.738967, 38.867575], [-104.738911, 38.867623], [-104.738643, 38.867769], [-104.738608, 38.867788], [-104.738533, 38.86781], [-104.738412, 38.867845], [-104.738387, 38.867848], [-104.738108, 38.867893], [-104.73784, 38.867904], [-104.737703, 38.867909], [-104.737544, 38.867916], [-104.737475, 38.867916], [-104.737111, 38.867916], [-104.736019, 38.867917], [-104.735656, 38.867918], [-104.734814, 38.867914], [-104.733175, 38.867909], [-104.732291, 38.867913], [-104.73145, 38.867918], [-104.731046, 38.867923], [-104.730935, 38.867924], [-104.730426, 38.867931], [-104.729933, 38.867926], [-104.729835, 38.867926], [-104.729496, 38.867925], [-104.729432, 38.867924], [-104.728963, 38.867921], [-104.728756, 38.86792], [-104.728302, 38.867929], [-104.728115, 38.867954], [-104.727853, 38.867989], [-104.727735, 38.868005], [-104.727496, 38.86804], [-104.727173, 38.868117], [-104.727084, 38.868135], [-104.726898, 38.868196], [-104.7268, 38.868228], [-104.72669, 38.868265], [-104.726276, 38.868448], [-104.726258, 38.868456], [-104.725918, 38.868626], [-104.725747, 38.868729], [-104.725598, 38.86882], [-104.725425, 38.868947], [-104.725337, 38.86901], [-104.725184, 38.869123], [-104.725083, 38.869213], [-104.725003, 38.869286], [-104.724797, 38.869473], [-104.724777, 38.869492], [-104.724175, 38.870089], [-104.724123, 38.870138], [-104.723905, 38.870351], [-104.723904, 38.870352], [-104.72365, 38.870597], [-104.72296, 38.871264], [-104.722881, 38.871324], [-104.72268, 38.87148], [-104.722602, 38.87154], [-104.722483, 38.87161], [-104.72214, 38.871768], [-104.722097, 38.871789], [-104.721911, 38.871868], [-104.721641, 38.871949], [-104.721513, 38.871973], [-104.721381, 38.871993], [-104.720706, 38.872101], [-104.720639, 38.872101], [-104.720124, 38.872105], [-104.720024, 38.872107], [-104.72001, 38.872105], [-104.719898, 38.872101], [-104.719847, 38.872101], [-104.719392, 38.872096], [-104.718855, 38.872092], [-104.718495, 38.872085], [-104.718266, 38.872065], [-104.71821, 38.87206], [-104.718206, 38.87206], [-104.717895, 38.872005], [-104.717882, 38.872001], [-104.717658, 38.871943], [-104.717645, 38.871939], [-104.717609, 38.871927], [-104.71746, 38.871874], [-104.7174, 38.871852], [-104.717088, 38.87171], [-104.716999, 38.87167], [-104.716556, 38.871469], [-104.716341, 38.871372], [-104.716332, 38.871368], [-104.716152, 38.871286], [-104.71592, 38.871181], [-104.715872, 38.871253], [-104.715723, 38.871195], [-104.715681, 38.871176], [-104.715673, 38.871172], [-104.715534, 38.871108], [-104.715466, 38.871077], [-104.715451, 38.87107], [-104.715022, 38.870874], [-104.715014, 38.87087], [-104.714585, 38.870673], [-104.714534, 38.870649], [-104.714388, 38.870582], [-104.714201, 38.870495], [-104.714193, 38.870492], [-104.714135, 38.870464], [-104.714088, 38.870443], [-104.714014, 38.870408], [-104.713453, 38.870147], [-104.713341, 38.870095], [-104.713267, 38.87006], [-104.712946, 38.86991], [-104.712449, 38.869679], [-104.711989, 38.869457], [-104.711672, 38.869304], [-104.711471, 38.869207], [-104.710204, 38.868649], [-104.709873, 38.868504], [-104.709746, 38.868455], [-104.709443, 38.868341], [-104.709234, 38.868262], [-104.708861, 38.868148], [-104.708314, 38.868064], [-104.7083, 38.868062], [-104.707818, 38.868043], [-104.70703, 38.868028], [-104.706223, 38.868014], [-104.704687, 38.868001], [-104.704666, 38.868001], [-104.703878, 38.867995], [-104.70336, 38.867991], [-104.703088, 38.867989], [-104.701807, 38.868011], [-104.701388, 38.868019], [-104.70129, 38.868021], [-104.701079, 38.868024], [-104.700812, 38.868027], [-104.700242, 38.868036], [-104.699378, 38.868034], [-104.6989, 38.868034], [-104.69841, 38.868034], [-104.698369, 38.868037], [-104.698245, 38.868044], [-104.697552, 38.868091], [-104.696664, 38.868176], [-104.696286, 38.868188], [-104.695669, 38.868209], [-104.695632, 38.86821], [-104.695289, 38.868221], [-104.695064, 38.868229], [-104.694817, 38.868228], [-104.694807, 38.868228], [-104.694263, 38.868225], [-104.693921, 38.868224], [-104.693558, 38.868222], [-104.692416, 38.868225], [-104.691654, 38.868228], [-104.691266, 38.868203], [-104.691221, 38.8682], [-104.690698, 38.868166], [-104.689688, 38.868117], [-104.689218, 38.868095], [-104.688733, 38.868097], [-104.688064, 38.8681], [-104.687907, 38.8681], [-104.68748, 38.868102], [-104.687236, 38.868099], [-104.686819, 38.868093], [-104.686743, 38.868092], [-104.686488, 38.868089], [-104.686403, 38.868088], [-104.685669, 38.868084], [-104.685392, 38.868083], [-104.685337, 38.868083], [-104.684342, 38.868078], [-104.684187, 38.868077], [-104.683468, 38.868073], [-104.683057, 38.868072], [-104.682758, 38.86807], [-104.682756, 38.86807], [-104.682754, 38.86807], [-104.682752, 38.86807], [-104.682745, 38.86807], [-104.682737, 38.86807], [-104.682735, 38.86807], [-104.682733, 38.867968], [-104.682733, 38.867961], [-104.682177, 38.867961], [-104.682175, 38.867961], [-104.679294, 38.867996], [-104.679079, 38.867996], [-104.679078, 38.867996], [-104.679077, 38.867996], [-104.678476, 38.867998], [-104.678475, 38.867998], [-104.678379, 38.867999], [-104.678378, 38.867999], [-104.677898, 38.868], [-104.677897, 38.868], [-104.677228, 38.868003], [-104.677227, 38.868003], [-104.677226, 38.868003], [-104.677225, 38.868003], [-104.677201, 38.868003], [-104.6772, 38.868003], [-104.677199, 38.868003], [-104.676171, 38.868], [-104.676171, 38.868], [-104.675758, 38.867999], [-104.675756, 38.867999], [-104.675764, 38.868133], [-104.67576, 38.870503], [-104.675758, 38.870909], [-104.67576, 38.870909], [-104.675768, 38.870909], [-104.67661, 38.870898], [-104.67661, 38.870898], [-104.67661, 38.870905], [-104.676625, 38.871581], [-104.676626, 38.871581], [-104.676635, 38.871581], [-104.679792, 38.871569], [-104.680056, 38.871568], [-104.680057, 38.871568], [-104.680063, 38.871568], [-104.680064, 38.871568], [-104.680067, 38.871568], [-104.680067, 38.871575], [-104.680038, 38.873158], [-104.680053, 38.87507], [-104.680071, 38.876731], [-104.679979, 38.876732], [-104.679978, 38.876732], [-104.679447, 38.876733], [-104.679446, 38.876733], [-104.679403, 38.876733], [-104.679403, 38.876733], [-104.679375, 38.876733], [-104.679374, 38.876733], [-104.679373, 38.876733], [-104.678871, 38.876733], [-104.67887, 38.876733], [-104.678828, 38.876733], [-104.678827, 38.876733], [-104.678266, 38.876733], [-104.678265, 38.876733], [-104.678253, 38.876733], [-104.678252, 38.876733], [-104.677709, 38.876732], [-104.677708, 38.876732], [-104.677677, 38.876732], [-104.677677, 38.876732], [-104.677676, 38.876732], [-104.677676, 38.876732], [-104.677675, 38.876732], [-104.677537, 38.876732], [-104.677536, 38.876732], [-104.677535, 38.876732], [-104.676261, 38.876741], [-104.676023, 38.876744], [-104.675829, 38.876745], [-104.675659, 38.876738], [-104.675658, 38.876738], [-104.675584, 38.87675], [-104.674131, 38.876756], [-104.673508, 38.876758], [-104.673498, 38.876758], [-104.673468, 38.868884], [-104.673469, 38.868523], [-104.673435, 38.868232], [-104.673413, 38.868122], [-104.673391, 38.868011], [-104.67339, 38.868004], [-104.673176, 38.868006], [-104.673139, 38.868006], [-104.672698, 38.868009], [-104.671151, 38.868013], [-104.671124, 38.868013], [-104.671123, 38.868013], [-104.671109, 38.868013], [-104.671108, 38.868013], [-104.670678, 38.868014], [-104.670677, 38.868014], [-104.669925, 38.867982], [-104.669645, 38.867938], [-104.669178, 38.867864], [-104.668616, 38.86773], [-104.667845, 38.867447], [-104.666995, 38.867047], [-104.666551, 38.86677], [-104.666542, 38.866764], [-104.665912, 38.866268], [-104.665496, 38.865853], [-104.665128, 38.865438], [-104.664806, 38.865086], [-104.663975, 38.864237], [-104.663718, 38.863931], [-104.663712, 38.863923], [-104.663711, 38.863922], [-104.663615, 38.863988], [-104.663614, 38.863989], [-104.663534, 38.864044], [-104.663532, 38.864045], [-104.663532, 38.864045], [-104.663502, 38.864018], [-104.663422, 38.863944], [-104.663405, 38.863928], [-104.663356, 38.863883], [-104.663348, 38.863875], [-104.663348, 38.863875], [-104.662836, 38.864252], [-104.66232, 38.86465], [-104.661876, 38.864994], [-104.661022, 38.86577], [-104.660226, 38.86654], [-104.660131, 38.866642], [-104.659517, 38.867302], [-104.659487, 38.867335], [-104.658816, 38.868139], [-104.658698, 38.868295], [-104.657495, 38.869886], [-104.65703, 38.870534], [-104.656581, 38.871112], [-104.655393, 38.872732], [-104.654886, 38.873399], [-104.653666, 38.875008], [-104.645566, 38.885901], [-104.643539, 38.888776], [-104.643523, 38.8888], [-104.64256, 38.890202], [-104.641512, 38.891691], [-104.640445, 38.893256], [-104.639917, 38.894017], [-104.63746, 38.897555], [-104.634406, 38.901954], [-104.632466, 38.904861], [-104.632267, 38.905159], [-104.631399, 38.906505], [-104.63099, 38.907152], [-104.628789, 38.910428], [-104.628394, 38.911069], [-104.627854, 38.911852], [-104.627851, 38.911856], [-104.62784, 38.91185], [-104.62763, 38.911733], [-104.627623, 38.911729], [-104.62762, 38.911727], [-104.62755, 38.911699], [-104.627451, 38.911659], [-104.627287, 38.911619], [-104.627203, 38.911609], [-104.627075, 38.911594], [-104.626848, 38.91159], [-104.626745, 38.911589], [-104.626585, 38.911586], [-104.626557, 38.911584], [-104.62653, 38.911583], [-104.62652, 38.911582], [-104.626475, 38.91158], [-104.626449, 38.911579], [-104.626448, 38.911579], [-104.626448, 38.911586], [-104.626455, 38.912008], [-104.626462, 38.912434], [-104.62646, 38.912859], [-104.626471, 38.912934], [-104.626484, 38.913013], [-104.626523, 38.913118], [-104.626602, 38.91321], [-104.626603, 38.91326], [-104.626585, 38.913309], [-104.626534, 38.913387], [-104.626494, 38.913458], [-104.626454, 38.913509], [-104.626453, 38.91351], [-104.626373, 38.913965], [-104.626254, 38.914145], [-104.625994, 38.914519], [-104.625105, 38.915777], [-104.624828, 38.916157], [-104.624485, 38.916648], [-104.624346, 38.916833], [-104.624152, 38.917119], [-104.624114, 38.91717], [-104.624014, 38.917309], [-104.62393, 38.917425], [-104.623769, 38.917663], [-104.62353, 38.918004], [-104.62299, 38.918757], [-104.622676, 38.919188], [-104.62262, 38.919282], [-104.622529, 38.919434], [-104.622341, 38.919701], [-104.62204, 38.920153], [-104.621733, 38.920578], [-104.62149, 38.920935], [-104.621261, 38.921247], [-104.621174, 38.921373], [-104.621098, 38.921484], [-104.620872, 38.921831], [-104.620708, 38.922059], [-104.620666, 38.92212], [-104.620376, 38.922539], [-104.620332, 38.922605], [-104.620211, 38.922786], [-104.620141, 38.92289], [-104.620118, 38.92292], [-104.619986, 38.923103], [-104.619835, 38.923317], [-104.619742, 38.923451], [-104.619672, 38.923552], [-104.619465, 38.923858], [-104.619397, 38.92396], [-104.619342, 38.924036], [-104.619214, 38.924218], [-104.619179, 38.924268], [-104.619127, 38.924346], [-104.618911, 38.924664], [-104.618824, 38.92478], [-104.618675, 38.924981], [-104.618214, 38.925652], [-104.617991, 38.925993], [-104.617921, 38.926089], [-104.61776, 38.926311], [-104.617088, 38.926311], [-104.617085, 38.926311], [-104.617076, 38.926311], [-104.61709, 38.926258], [-104.617092, 38.926251], [-104.617027, 38.926251], [-104.616936, 38.926249], [-104.61639, 38.926235], [-104.616228, 38.92623], [-104.615542, 38.926228], [-104.615141, 38.926226], [-104.614652, 38.926224], [-104.614248, 38.926217], [-104.613732, 38.926208], [-104.613406, 38.926198], [-104.611324, 38.926187], [-104.611035, 38.92617], [-104.609649, 38.926176], [-104.608867, 38.926168], [-104.608754, 38.926167], [-104.608355, 38.926163], [-104.608289, 38.926163], [-104.608001, 38.926161], [-104.6079, 38.926159], [-104.607908, 38.926205], [-104.607869, 38.926204], [-104.607752, 38.926202], [-104.607713, 38.926202], [-104.607713, 38.926208], [-104.607733, 38.92641], [-104.607744, 38.926473], [-104.607801, 38.926976], [-104.607811, 38.927062], [-104.607867, 38.927555], [-104.607883, 38.927833], [-104.608068, 38.929298], [-104.608073, 38.929336], [-104.60813, 38.929701], [-104.608165, 38.930071], [-104.608228, 38.930534], [-104.608236, 38.930529], [-104.608236, 38.930529], [-104.60861, 38.930294], [-104.609221, 38.929896], [-104.609229, 38.929904], [-104.60923, 38.929905], [-104.609506, 38.930162], [-104.611075, 38.931625], [-104.611082, 38.931631], [-104.611083, 38.93163], [-104.611084, 38.93163], [-104.611183, 38.931562], [-104.61152, 38.931343], [-104.611543, 38.931329], [-104.611656, 38.931256], [-104.611999, 38.931039], [-104.612113, 38.930967], [-104.612197, 38.930913], [-104.612283, 38.930856], [-104.612609, 38.930642], [-104.612793, 38.930524], [-104.612964, 38.930415], [-104.613449, 38.930107], [-104.613675, 38.929958], [-104.613772, 38.929895], [-104.614408, 38.92989], [-104.615288, 38.929908], [-104.615798, 38.929574], [-104.617017, 38.92878], [-104.617052, 38.928739], [-104.617221, 38.9286], [-104.617481, 38.928438], [-104.617842, 38.928196], [-104.618351, 38.927873], [-104.618716, 38.927619], [-104.618728, 38.927609], [-104.61961, 38.926976], [-104.619922, 38.926768], [-104.620327, 38.926513], [-104.62037, 38.926491], [-104.620548, 38.926401], [-104.620736, 38.926358], [-104.620939, 38.926337], [-104.620941, 38.926337], [-104.621894, 38.926359], [-104.624415, 38.926374], [-104.625006, 38.926377], [-104.626534, 38.926392], [-104.626765, 38.926394], [-104.627558, 38.926402], [-104.627558, 38.926408], [-104.627558, 38.926409], [-104.62754, 38.936269], [-104.62758, 38.937748], [-104.627552, 38.938905], [-104.627562, 38.938905], [-104.629454, 38.938909], [-104.631451, 38.93894], [-104.631459, 38.936146], [-104.637581, 38.936219], [-104.63963, 38.936244], [-104.645107, 38.936309], [-104.64541, 38.936308], [-104.654607, 38.936291], [-104.659006, 38.936282], [-104.659006, 38.936289], [-104.659011, 38.937323], [-104.659021, 38.937323], [-104.659363, 38.937323], [-104.659363, 38.93733], [-104.659365, 38.937374], [-104.659375, 38.937374], [-104.664119, 38.937365], [-104.664119, 38.937372], [-104.664119, 38.937372], [-104.664146, 38.939796], [-104.664156, 38.939796], [-104.664263, 38.939798], [-104.664263, 38.939804], [-104.664266, 38.939843], [-104.664266, 38.939878], [-104.664568, 38.940129], [-104.66457, 38.940129], [-104.664871, 38.940136], [-104.665302, 38.940146], [-104.665304, 38.940146], [-104.665525, 38.94015], [-104.66591, 38.940175], [-104.66591, 38.940175], [-104.6664, 38.940207], [-104.666677, 38.940225], [-104.666839, 38.940235], [-104.667019, 38.940242], [-104.667269, 38.940251], [-104.667645, 38.940267], [-104.667929, 38.940278], [-104.668068, 38.940292], [-104.668122, 38.940297], [-104.668284, 38.940313], [-104.668339, 38.940319], [-104.668868, 38.94037], [-104.66922, 38.940405], [-104.66922, 38.940405], [-104.669221, 38.940405], [-104.66951, 38.940433], [-104.670066, 38.940467], [-104.670459, 38.940491], [-104.670902, 38.940519], [-104.670991, 38.940522], [-104.671178, 38.940528], [-104.671178, 38.940528], [-104.672201, 38.940558], [-104.672696, 38.940572], [-104.673133, 38.940582], [-104.673133, 38.940582], [-104.673357, 38.940586], [-104.673358, 38.940586], [-104.673358, 38.940592], [-104.673355, 38.940848], [-104.673365, 38.940848], [-104.673817, 38.94084], [-104.67681, 38.940859], [-104.677635, 38.94087]]]}}, {"type": "Feature", "properties": {"SENATE": 11}, "geometry": {"type": "Polygon", "coordinates": [[[-104.626463, 38.893487], [-104.62645, 38.894654], [-104.626443, 38.895358], [-104.626419, 38.89556], [-104.626418, 38.895713], [-104.626418, 38.895772], [-104.626415, 38.896542], [-104.626412, 38.896846], [-104.626411, 38.896901], [-104.626402, 38.897804], [-104.626404, 38.89796], [-104.626404, 38.897979], [-104.626419, 38.899104], [-104.626419, 38.899109], [-104.626419, 38.899113], [-104.626429, 38.900246], [-104.62643, 38.900306], [-104.626431, 38.90045], [-104.626435, 38.901312], [-104.626436, 38.90138], [-104.626436, 38.901393], [-104.626451, 38.902512], [-104.626451, 38.902513], [-104.626454, 38.902745], [-104.626463, 38.903647], [-104.626463, 38.903652], [-104.62647, 38.904272], [-104.626477, 38.90478], [-104.626477, 38.904799], [-104.626486, 38.905479], [-104.626484, 38.905914], [-104.626484, 38.905978], [-104.626483, 38.906173], [-104.626491, 38.907047], [-104.626492, 38.907095], [-104.626493, 38.907248], [-104.626504, 38.908181], [-104.626505, 38.908252], [-104.626509, 38.908542], [-104.626515, 38.909314], [-104.626516, 38.909449], [-104.626525, 38.910448], [-104.626525, 38.910498], [-104.626522, 38.911079], [-104.62652, 38.911478], [-104.62652, 38.911582], [-104.62653, 38.911583], [-104.626557, 38.911584], [-104.626585, 38.911586], [-104.626745, 38.911589], [-104.626848, 38.91159], [-104.627075, 38.911594], [-104.627203, 38.911609], [-104.627287, 38.911619], [-104.627451, 38.911659], [-104.62755, 38.911699], [-104.62762, 38.911727], [-104.627623, 38.911729], [-104.62763, 38.911733], [-104.62784, 38.91185], [-104.627851, 38.911856], [-104.627854, 38.911852], [-104.628394, 38.911069], [-104.628789, 38.910428], [-104.63099, 38.907152], [-104.631399, 38.906505], [-104.632267, 38.905159], [-104.632466, 38.904861], [-104.634406, 38.901954], [-104.63746, 38.897555], [-104.639917, 38.894017], [-104.640445, 38.893256], [-104.641512, 38.891691], [-104.64256, 38.890202], [-104.643523, 38.8888], [-104.643539, 38.888776], [-104.645566, 38.885901], [-104.653666, 38.875008], [-104.654886, 38.873399], [-104.655393, 38.872732], [-104.656581, 38.871112], [-104.65703, 38.870534], [-104.657495, 38.869886], [-104.658698, 38.868295], [-104.658816, 38.868139], [-104.659487, 38.867335], [-104.659517, 38.867302], [-104.660131, 38.866642], [-104.660226, 38.86654], [-104.661022, 38.86577], [-104.661876, 38.864994], [-104.66232, 38.86465], [-104.662836, 38.864252], [-104.663348, 38.863875], [-104.663348, 38.863875], [-104.663356, 38.863883], [-104.663405, 38.863928], [-104.663422, 38.863944], [-104.663502, 38.864018], [-104.663532, 38.864045], [-104.663532, 38.864045], [-104.663534, 38.864044], [-104.663614, 38.863989], [-104.663615, 38.863988], [-104.663711, 38.863922], [-104.663712, 38.863923], [-104.663718, 38.863931], [-104.663975, 38.864237], [-104.664806, 38.865086], [-104.665128, 38.865438], [-104.665496, 38.865853], [-104.665912, 38.866268], [-104.666542, 38.866764], [-104.666551, 38.86677], [-104.666995, 38.867047], [-104.667845, 38.867447], [-104.668616, 38.86773], [-104.669178, 38.867864], [-104.669645, 38.867938], [-104.669925, 38.867982], [-104.670677, 38.868014], [-104.670678, 38.868014], [-104.671108, 38.868013], [-104.671109, 38.868013], [-104.671123, 38.868013], [-104.671124, 38.868013], [-104.671151, 38.868013], [-104.672698, 38.868009], [-104.673139, 38.868006], [-104.673176, 38.868006], [-104.67339, 38.868004], [-104.673391, 38.868011], [-104.673413, 38.868122], [-104.673435, 38.868232], [-104.673469, 38.868523], [-104.673468, 38.868884], [-104.673498, 38.876758], [-104.673508, 38.876758], [-104.674131, 38.876756], [-104.675584, 38.87675], [-104.675658, 38.876738], [-104.675659, 38.876738], [-104.675829, 38.876745], [-104.676023, 38.876744], [-104.676261, 38.876741], [-104.677535, 38.876732], [-104.677536, 38.876732], [-104.677537, 38.876732], [-104.677675, 38.876732], [-104.677676, 38.876732], [-104.677676, 38.876732], [-104.677677, 38.876732], [-104.677677, 38.876732], [-104.677708, 38.876732], [-104.677709, 38.876732], [-104.678252, 38.876733], [-104.678253, 38.876733], [-104.678265, 38.876733], [-104.678266, 38.876733], [-104.678827, 38.876733], [-104.678828, 38.876733], [-104.67887, 38.876733], [-104.678871, 38.876733], [-104.679373, 38.876733], [-104.679374, 38.876733], [-104.679375, 38.876733], [-104.679403, 38.876733], [-104.679403, 38.876733], [-104.679446, 38.876733], [-104.679447, 38.876733], [-104.679978, 38.876732], [-104.679979, 38.876732], [-104.680071, 38.876731], [-104.680053, 38.87507], [-104.680038, 38.873158], [-104.680067, 38.871575], [-104.680067, 38.871568], [-104.680064, 38.871568], [-104.680063, 38.871568], [-104.680057, 38.871568], [-104.680056, 38.871568], [-104.679792, 38.871569], [-104.676635, 38.871581], [-104.676626, 38.871581], [-104.676625, 38.871581], [-104.67661, 38.870905], [-104.67661, 38.870898], [-104.67661, 38.870898], [-104.675768, 38.870909], [-104.67576, 38.870909], [-104.675758, 38.870909], [-104.67576, 38.870503], [-104.675764, 38.868133], [-104.675756, 38.867999], [-104.675758, 38.867999], [-104.676171, 38.868], [-104.676171, 38.868], [-104.677199, 38.868003], [-104.6772, 38.868003], [-104.677201, 38.868003], [-104.677225, 38.868003], [-104.677226, 38.868003], [-104.677227, 38.868003], [-104.677228, 38.868003], [-104.677897, 38.868], [-104.677898, 38.868], [-104.678378, 38.867999], [-104.678379, 38.867999], [-104.678475, 38.867998], [-104.678476, 38.867998], [-104.679077, 38.867996], [-104.679078, 38.867996], [-104.679079, 38.867996], [-104.679294, 38.867996], [-104.682175, 38.867961], [-104.682177, 38.867961], [-104.682733, 38.867961], [-104.682733, 38.867968], [-104.682735, 38.86807], [-104.682737, 38.86807], [-104.682745, 38.86807], [-104.682752, 38.86807], [-104.682754, 38.86807], [-104.682756, 38.86807], [-104.682758, 38.86807], [-104.683057, 38.868072], [-104.683468, 38.868073], [-104.684187, 38.868077], [-104.684342, 38.868078], [-104.685337, 38.868083], [-104.685392, 38.868083], [-104.685669, 38.868084], [-104.686403, 38.868088], [-104.686488, 38.868089], [-104.686743, 38.868092], [-104.686819, 38.868093], [-104.687236, 38.868099], [-104.68748, 38.868102], [-104.687907, 38.8681], [-104.688064, 38.8681], [-104.688733, 38.868097], [-104.689218, 38.868095], [-104.689688, 38.868117], [-104.690698, 38.868166], [-104.691221, 38.8682], [-104.691266, 38.868203], [-104.691654, 38.868228], [-104.692416, 38.868225], [-104.693558, 38.868222], [-104.693921, 38.868224], [-104.694263, 38.868225], [-104.694807, 38.868228], [-104.694817, 38.868228], [-104.695064, 38.868229], [-104.695289, 38.868221], [-104.695632, 38.86821], [-104.695669, 38.868209], [-104.696286, 38.868188], [-104.696664, 38.868176], [-104.697552, 38.868091], [-104.698245, 38.868044], [-104.698369, 38.868037], [-104.69841, 38.868034], [-104.6989, 38.868034], [-104.699378, 38.868034], [-104.700242, 38.868036], [-104.700812, 38.868027], [-104.701079, 38.868024], [-104.70129, 38.868021], [-104.701388, 38.868019], [-104.701807, 38.868011], [-104.703088, 38.867989], [-104.70336, 38.867991], [-104.703878, 38.867995], [-104.704666, 38.868001], [-104.704687, 38.868001], [-104.706223, 38.868014], [-104.70703, 38.868028], [-104.707818, 38.868043], [-104.7083, 38.868062], [-104.708314, 38.868064], [-104.708861, 38.868148], [-104.709234, 38.868262], [-104.709443, 38.868341], [-104.709746, 38.868455], [-104.709873, 38.868504], [-104.710204, 38.868649], [-104.711471, 38.869207], [-104.711672, 38.869304], [-104.711989, 38.869457], [-104.712449, 38.869679], [-104.712946, 38.86991], [-104.713267, 38.87006], [-104.713341, 38.870095], [-104.713453, 38.870147], [-104.714014, 38.870408], [-104.714088, 38.870443], [-104.714135, 38.870464], [-104.714193, 38.870492], [-104.714201, 38.870495], [-104.714388, 38.870582], [-104.714534, 38.870649], [-104.714585, 38.870673], [-104.715014, 38.87087], [-104.715022, 38.870874], [-104.715451, 38.87107], [-104.715466, 38.871077], [-104.715534, 38.871108], [-104.715673, 38.871172], [-104.715681, 38.871176], [-104.715723, 38.871195], [-104.715872, 38.871253], [-104.71592, 38.871181], [-104.716152, 38.871286], [-104.716332, 38.871368], [-104.716341, 38.871372], [-104.716556, 38.871469], [-104.716999, 38.87167], [-104.717088, 38.87171], [-104.7174, 38.871852], [-104.71746, 38.871874], [-104.717609, 38.871927], [-104.717645, 38.871939], [-104.717658, 38.871943], [-104.717882, 38.872001], [-104.717895, 38.872005], [-104.718206, 38.87206], [-104.71821, 38.87206], [-104.718266, 38.872065], [-104.718495, 38.872085], [-104.718855, 38.872092], [-104.719392, 38.872096], [-104.719847, 38.872101], [-104.719898, 38.872101], [-104.72001, 38.872105], [-104.720024, 38.872107], [-104.720124, 38.872105], [-104.720639, 38.872101], [-104.720706, 38.872101], [-104.721381, 38.871993], [-104.721513, 38.871973], [-104.721641, 38.871949], [-104.721911, 38.871868], [-104.722097, 38.871789], [-104.72214, 38.871768], [-104.722483, 38.87161], [-104.722602, 38.87154], [-104.72268, 38.87148], [-104.722881, 38.871324], [-104.72296, 38.871264], [-104.72365, 38.870597], [-104.723904, 38.870352], [-104.723905, 38.870351], [-104.724123, 38.870138], [-104.724175, 38.870089], [-104.724777, 38.869492], [-104.724797, 38.869473], [-104.725003, 38.869286], [-104.725083, 38.869213], [-104.725184, 38.869123], [-104.725337, 38.86901], [-104.725425, 38.868947], [-104.725598, 38.86882], [-104.725747, 38.868729], [-104.725918, 38.868626], [-104.726258, 38.868456], [-104.726276, 38.868448], [-104.72669, 38.868265], [-104.7268, 38.868228], [-104.726898, 38.868196], [-104.727084, 38.868135], [-104.727173, 38.868117], [-104.727496, 38.86804], [-104.727735, 38.868005], [-104.727853, 38.867989], [-104.728115, 38.867954], [-104.728302, 38.867929], [-104.728756, 38.86792], [-104.728963, 38.867921], [-104.729432, 38.867924], [-104.729496, 38.867925], [-104.729835, 38.867926], [-104.729933, 38.867926], [-104.730426, 38.867931], [-104.730935, 38.867924], [-104.731046, 38.867923], [-104.73145, 38.867918], [-104.732291, 38.867913], [-104.733175, 38.867909], [-104.734814, 38.867914], [-104.735656, 38.867918], [-104.736019, 38.867917], [-104.737111, 38.867916], [-104.737475, 38.867916], [-104.737544, 38.867916], [-104.737703, 38.867909], [-104.73784, 38.867904], [-104.738108, 38.867893], [-104.738387, 38.867848], [-104.738412, 38.867845], [-104.738533, 38.86781], [-104.738608, 38.867788], [-104.738643, 38.867769], [-104.738911, 38.867623], [-104.738967, 38.867575], [-104.739153, 38.867421], [-104.739699, 38.866922], [-104.739898, 38.86673], [-104.7402, 38.86644], [-104.740583, 38.866084], [-104.7407, 38.865976], [-104.741718, 38.865075], [-104.74176, 38.865048], [-104.742201, 38.864767], [-104.742274, 38.864728], [-104.742496, 38.864614], [-104.74257, 38.864576], [-104.742657, 38.864533], [-104.743008, 38.86434], [-104.74391, 38.863846], [-104.744315, 38.863618], [-104.744749, 38.863375], [-104.744964, 38.863256], [-104.745275, 38.863086], [-104.745613, 38.862901], [-104.74583, 38.862784], [-104.746363, 38.862498], [-104.747244, 38.862001], [-104.747378, 38.861925], [-104.747748, 38.861762], [-104.747811, 38.861745], [-104.747868, 38.861728], [-104.747896, 38.861721], [-104.748021, 38.861686], [-104.748329, 38.861653], [-104.748492, 38.861644], [-104.748847, 38.861624], [-104.749013, 38.861621], [-104.749174, 38.861619], [-104.749864, 38.861534], [-104.750096, 38.861486], [-104.750826, 38.861288], [-104.750991, 38.861254], [-104.751046, 38.861243], [-104.751046, 38.861243], [-104.751172, 38.861215], [-104.751421, 38.861164], [-104.751724, 38.861141], [-104.75191, 38.861127], [-104.752127, 38.861109], [-104.752781, 38.861058], [-104.752999, 38.861041], [-104.753141, 38.861019], [-104.753569, 38.860955], [-104.753636, 38.860946], [-104.753711, 38.860928], [-104.753874, 38.86089], [-104.754274, 38.860794], [-104.754406, 38.860757], [-104.754587, 38.860708], [-104.754967, 38.860576], [-104.755308, 38.860458], [-104.755716, 38.860304], [-104.755716, 38.860304], [-104.756026, 38.860186], [-104.756425, 38.860032], [-104.756998, 38.859812], [-104.757096, 38.859781], [-104.757095, 38.859673], [-104.757095, 38.859601], [-104.757095, 38.859534], [-104.757084, 38.859354], [-104.757084, 38.859349], [-104.757078, 38.859242], [-104.757136, 38.85924], [-104.757312, 38.859236], [-104.757371, 38.859236], [-104.757436, 38.859236], [-104.757494, 38.859236], [-104.757616, 38.859235], [-104.75838, 38.859233], [-104.758758, 38.859231], [-104.758975, 38.859231], [-104.760164, 38.859226], [-104.76061, 38.859225], [-104.760892, 38.859224], [-104.762518, 38.85922], [-104.76281, 38.85922], [-104.762921, 38.859219], [-104.764309, 38.859215], [-104.764461, 38.859212], [-104.764524, 38.859211], [-104.765173, 38.859201], [-104.765389, 38.859198], [-104.766074, 38.859189], [-104.766442, 38.859183], [-104.766798, 38.859178], [-104.766855, 38.859178], [-104.770737, 38.859122], [-104.771029, 38.859118], [-104.772439, 38.859099], [-104.773647, 38.859049], [-104.773658, 38.859049], [-104.775742, 38.858965], [-104.775747, 38.858964], [-104.77578, 38.858965], [-104.775836, 38.858965], [-104.7759, 38.858966], [-104.777396, 38.858981], [-104.778039, 38.858988], [-104.780997, 38.859018], [-104.782343, 38.859032], [-104.782559, 38.859034], [-104.782603, 38.859034], [-104.782689, 38.859035], [-104.783565, 38.859045], [-104.783992, 38.85905], [-104.784001, 38.859051], [-104.78402, 38.859051], [-104.784059, 38.859053], [-104.784503, 38.859068], [-104.786124, 38.859125], [-104.787047, 38.859158], [-104.787633, 38.859339], [-104.788785, 38.859694], [-104.792193, 38.86102], [-104.794177, 38.861792], [-104.794182, 38.861794], [-104.794182, 38.861728], [-104.794182, 38.861532], [-104.794182, 38.861498], [-104.794182, 38.861467], [-104.794181, 38.86128], [-104.79418, 38.860722], [-104.79418, 38.860703], [-104.79418, 38.860536], [-104.794177, 38.859802], [-104.794177, 38.85979], [-104.794183, 38.859424], [-104.794211, 38.857602], [-104.794218, 38.85717], [-104.794215, 38.856869], [-104.794212, 38.856579], [-104.794207, 38.855907], [-104.794209, 38.855709], [-104.794213, 38.85542], [-104.794216, 38.85516], [-104.794221, 38.854839], [-104.794214, 38.854381], [-104.794211, 38.854134], [-104.794211, 38.854122], [-104.794214, 38.85386], [-104.794219, 38.853593], [-104.794223, 38.853346], [-104.794226, 38.853077], [-104.794228, 38.852996], [-104.794231, 38.852817], [-104.794234, 38.85261], [-104.794233, 38.852522], [-104.794229, 38.851638], [-104.794228, 38.851344], [-104.794228, 38.851207], [-104.794229, 38.8508], [-104.79423, 38.850664], [-104.794227, 38.850583], [-104.79422, 38.850341], [-104.794218, 38.850261], [-104.794215, 38.850153], [-104.794209, 38.849831], [-104.794208, 38.849734], [-104.794208, 38.849724], [-104.794209, 38.849566], [-104.794212, 38.849363], [-104.794209, 38.849095], [-104.794208, 38.848938], [-104.794218, 38.848674], [-104.794236, 38.848204], [-104.794239, 38.847885], [-104.794243, 38.847622], [-104.794244, 38.847493], [-104.794248, 38.847109], [-104.79425, 38.846982], [-104.79425, 38.846839], [-104.794253, 38.846413], [-104.794254, 38.846271], [-104.794255, 38.846136], [-104.794262, 38.845734], [-104.794264, 38.8456], [-104.794266, 38.845468], [-104.79427, 38.845243], [-104.794263, 38.845131], [-104.794262, 38.845073], [-104.79426, 38.844942], [-104.794268, 38.844874], [-104.794269, 38.8448], [-104.794278, 38.8445], [-104.794278, 38.844374], [-104.794279, 38.844233], [-104.794279, 38.844112], [-104.794282, 38.84388], [-104.794283, 38.843751], [-104.794285, 38.843632], [-104.794285, 38.843631], [-104.794295, 38.843363], [-104.794301, 38.843222], [-104.794289, 38.84256], [-104.794288, 38.842529], [-104.794285, 38.842293], [-104.794285, 38.842202], [-104.794285, 38.841931], [-104.794286, 38.841841], [-104.794287, 38.841663], [-104.794293, 38.841132], [-104.794295, 38.840955], [-104.794297, 38.840787], [-104.794302, 38.840699], [-104.794326, 38.840317], [-104.794351, 38.839932], [-104.794365, 38.839727], [-104.794363, 38.839677], [-104.79437, 38.839468], [-104.794393, 38.838883], [-104.794395, 38.838844], [-104.794397, 38.8388], [-104.794399, 38.838768], [-104.794407, 38.838636], [-104.794424, 38.838346], [-104.794446, 38.837977], [-104.794458, 38.837786], [-104.79446, 38.837677], [-104.794463, 38.837477], [-104.794465, 38.837401], [-104.794469, 38.837187], [-104.794474, 38.837187], [-104.794672, 38.837191], [-104.794779, 38.837192], [-104.795239, 38.837201], [-104.795709, 38.837208], [-104.795773, 38.83721], [-104.79602, 38.837218], [-104.796322, 38.837227], [-104.796776, 38.837242], [-104.797229, 38.837255], [-104.797372, 38.83726], [-104.797532, 38.837269], [-104.797834, 38.837284], [-104.798304, 38.837309], [-104.79858, 38.837323], [-104.798743, 38.837331], [-104.798957, 38.837343], [-104.799047, 38.837345], [-104.799349, 38.837354], [-104.799543, 38.837361], [-104.799803, 38.837369], [-104.800256, 38.837382], [-104.800559, 38.837392], [-104.800859, 38.837401], [-104.801297, 38.837416], [-104.801513, 38.837428], [-104.801761, 38.837441], [-104.802062, 38.837458], [-104.802317, 38.837461], [-104.802487, 38.837468], [-104.802829, 38.83748], [-104.80304, 38.83749], [-104.803605, 38.837502], [-104.803605, 38.837508], [-104.803605, 38.837563], [-104.803614, 38.837564], [-104.803615, 38.837564], [-104.803802, 38.837577], [-104.803827, 38.837578], [-104.803912, 38.837581], [-104.804592, 38.8376], [-104.805759, 38.837625], [-104.805997, 38.837634], [-104.806347, 38.837647], [-104.806668, 38.83766], [-104.806713, 38.837662], [-104.8069, 38.837673], [-104.806952, 38.837676], [-104.807175, 38.837688], [-104.807413, 38.837702], [-104.807491, 38.837703], [-104.807844, 38.83771], [-104.808068, 38.837716], [-104.808309, 38.837721], [-104.809035, 38.837737], [-104.809277, 38.837743], [-104.809504, 38.837747], [-104.810147, 38.837762], [-104.810187, 38.837762], [-104.810415, 38.837762], [-104.810626, 38.837762], [-104.811261, 38.837764], [-104.811473, 38.837765], [-104.811566, 38.837766], [-104.811845, 38.837769], [-104.811939, 38.837771], [-104.812113, 38.837773], [-104.812529, 38.837779], [-104.812636, 38.837782], [-104.812811, 38.837787], [-104.812827, 38.837787], [-104.812878, 38.837789], [-104.812895, 38.83779], [-104.812911, 38.83779], [-104.812959, 38.837792], [-104.812976, 38.837793], [-104.812998, 38.837793], [-104.813066, 38.837795], [-104.813089, 38.837796], [-104.813145, 38.837797], [-104.813239, 38.8378], [-104.813689, 38.837815], [-104.81384, 38.83782], [-104.813993, 38.837825], [-104.814268, 38.837828], [-104.814702, 38.837835], [-104.815413, 38.837864], [-104.815554, 38.837867], [-104.815983, 38.837879], [-104.81603, 38.83788], [-104.816173, 38.837883], [-104.816221, 38.837885], [-104.816555, 38.837893], [-104.816686, 38.837897], [-104.817558, 38.837928], [-104.817721, 38.837934], [-104.817893, 38.837942], [-104.818063, 38.837946], [-104.818573, 38.837958], [-104.818744, 38.837962], [-104.81962, 38.837995], [-104.820513, 38.83803], [-104.821378, 38.838048], [-104.821579, 38.838053], [-104.821762, 38.838058], [-104.822914, 38.838093], [-104.823299, 38.838105], [-104.823641, 38.838116], [-104.824179, 38.838134], [-104.82467, 38.83815], [-104.824848, 38.838157], [-104.825014, 38.838154], [-104.825022, 38.837993], [-104.82505, 38.837513], [-104.82506, 38.837353], [-104.825066, 38.837233], [-104.825077, 38.837047], [-104.825081, 38.836875], [-104.825094, 38.836756], [-104.825104, 38.836757], [-104.825266, 38.836773], [-104.825299, 38.836776], [-104.825423, 38.836785], [-104.825483, 38.836791], [-104.825736, 38.836817], [-104.825989, 38.83685], [-104.82634, 38.836866], [-104.826652, 38.836878], [-104.826657, 38.836878], [-104.826779, 38.836883], [-104.827042, 38.836906], [-104.827063, 38.836908], [-104.827128, 38.836914], [-104.82715, 38.836916], [-104.827194, 38.83692], [-104.827328, 38.836932], [-104.827373, 38.836936], [-104.827509, 38.836927], [-104.827925, 38.836919], [-104.828064, 38.836918], [-104.82814, 38.836916], [-104.828313, 38.836914], [-104.828371, 38.836915], [-104.828448, 38.836918], [-104.828473, 38.836918], [-104.82855, 38.836921], [-104.82857, 38.836922], [-104.828576, 38.836922], [-104.828583, 38.836922], [-104.828706, 38.836925], [-104.828783, 38.836927], [-104.829096, 38.836936], [-104.829155, 38.836938], [-104.829159, 38.836938], [-104.829159, 38.836938], [-104.829227, 38.836936], [-104.829272, 38.836934], [-104.829407, 38.83693], [-104.829453, 38.83693], [-104.829544, 38.836933], [-104.82982, 38.836942], [-104.829912, 38.836946], [-104.829975, 38.836945], [-104.830131, 38.836945], [-104.830242, 38.836945], [-104.830302, 38.836945], [-104.830389, 38.836944], [-104.830392, 38.836944], [-104.830401, 38.836877], [-104.830421, 38.836719], [-104.830473, 38.836345], [-104.83048, 38.836291], [-104.830563, 38.835996], [-104.830649, 38.835693], [-104.830748, 38.835458], [-104.830845, 38.835228], [-104.831018, 38.834915], [-104.831346, 38.834465], [-104.831593, 38.834153], [-104.831993, 38.833749], [-104.832074, 38.833667], [-104.832609, 38.833216], [-104.832747, 38.833103], [-104.8332, 38.832729], [-104.833499, 38.832422], [-104.833519, 38.832397], [-104.8338, 38.832078], [-104.83403, 38.831731], [-104.834139, 38.831494], [-104.834195, 38.831328], [-104.83421, 38.831283], [-104.834227, 38.831231], [-104.834252, 38.831158], [-104.834254, 38.831151], [-104.834304, 38.830951], [-104.834343, 38.830787], [-104.83436, 38.830725], [-104.834412, 38.83054], [-104.83443, 38.830479], [-104.834543, 38.830075], [-104.834607, 38.82985], [-104.834853, 38.828856], [-104.834955, 38.828449], [-104.834968, 38.828395], [-104.835008, 38.828233], [-104.835021, 38.828183], [-104.835022, 38.82818], [-104.834934, 38.828146], [-104.8349, 38.828133], [-104.83489, 38.828129], [-104.834927, 38.827978], [-104.835059, 38.82803], [-104.835124, 38.827763], [-104.835168, 38.827582], [-104.835627, 38.825688], [-104.835853, 38.824835], [-104.835969, 38.824399], [-104.835975, 38.82437], [-104.836291, 38.823081], [-104.836298, 38.823052], [-104.836301, 38.823039], [-104.836302, 38.823036], [-104.836302, 38.823029], [-104.836304, 38.822969], [-104.836308, 38.822876], [-104.83631, 38.822822], [-104.836303, 38.822489], [-104.836296, 38.822175], [-104.836217, 38.821781], [-104.836185, 38.821622], [-104.836049, 38.821257], [-104.835812, 38.820853], [-104.835769, 38.820779], [-104.835312, 38.820201], [-104.835303, 38.820193], [-104.835165, 38.820059], [-104.834727, 38.819634], [-104.834397, 38.819369], [-104.833998, 38.819049], [-104.833285, 38.818495], [-104.833083, 38.818331], [-104.833048, 38.818302], [-104.832659, 38.817985], [-104.831921, 38.817433], [-104.831833, 38.817368], [-104.831543, 38.817161], [-104.831507, 38.817135], [-104.831196, 38.816912], [-104.831192, 38.816909], [-104.830615, 38.816572], [-104.830535, 38.816525], [-104.829658, 38.816091], [-104.82954, 38.816033], [-104.829243, 38.815926], [-104.82877, 38.815737], [-104.828682, 38.815708], [-104.828646, 38.815696], [-104.828103, 38.815516], [-104.827518, 38.815364], [-104.827085, 38.815267], [-104.826867, 38.815219], [-104.826225, 38.815123], [-104.826195, 38.81512], [-104.825876, 38.815088], [-104.825861, 38.815086], [-104.825813, 38.815082], [-104.825342, 38.815034], [-104.82486, 38.81501], [-104.824526, 38.814995], [-104.82446, 38.814991], [-104.824262, 38.814981], [-104.824197, 38.814978], [-104.824167, 38.814976], [-104.824079, 38.814971], [-104.82405, 38.81497], [-104.823983, 38.814966], [-104.823784, 38.814955], [-104.823718, 38.814952], [-104.82352, 38.814941], [-104.823431, 38.814937], [-104.822969, 38.81492], [-104.822929, 38.814918], [-104.822732, 38.814911], [-104.822657, 38.814908], [-104.822441, 38.8149], [-104.822431, 38.814899], [-104.822433, 38.81466], [-104.822439, 38.814], [-104.822428, 38.812735], [-104.822426, 38.812542], [-104.82241, 38.811575], [-104.822396, 38.809691], [-104.822382, 38.808629], [-104.822377, 38.808281], [-104.822376, 38.807487], [-104.822392, 38.806691], [-104.822392, 38.80669], [-104.822387, 38.806596], [-104.822384, 38.806522], [-104.822336, 38.805474], [-104.822291, 38.803294], [-104.822285, 38.803005], [-104.822279, 38.80272], [-104.822279, 38.802713], [-104.822216, 38.802714], [-104.822114, 38.802714], [-104.822106, 38.802714], [-104.822104, 38.802714], [-104.822102, 38.802453], [-104.8221, 38.802189], [-104.822097, 38.801751], [-104.822107, 38.800841], [-104.822107, 38.800615], [-104.822108, 38.800089], [-104.822107, 38.799904], [-104.822106, 38.799843], [-104.822105, 38.799684], [-104.822097, 38.799154], [-104.8221, 38.798567], [-104.822104, 38.798068], [-104.822115, 38.797375], [-104.822115, 38.797298], [-104.822115, 38.797284], [-104.822113, 38.797187], [-104.822112, 38.797086], [-104.822111, 38.796983], [-104.82208, 38.794122], [-104.82208, 38.794099], [-104.822079, 38.793991], [-104.822075, 38.793784], [-104.822064, 38.793164], [-104.822061, 38.792958], [-104.822061, 38.792802], [-104.822051, 38.792418], [-104.82203, 38.791479], [-104.822025, 38.791262], [-104.822014, 38.790798], [-104.822002, 38.790259], [-104.822002, 38.790239], [-104.822, 38.790063], [-104.821996, 38.789476], [-104.821995, 38.789283], [-104.821995, 38.789281], [-104.821993, 38.789074], [-104.821991, 38.788902], [-104.821979, 38.787767], [-104.821978, 38.787588], [-104.821962, 38.78739], [-104.821938, 38.787082], [-104.821878, 38.786724], [-104.821756, 38.786176], [-104.821649, 38.785851], [-104.821615, 38.785761], [-104.821493, 38.78543], [-104.821345, 38.785104], [-104.821175, 38.784781], [-104.821025, 38.784524], [-104.820887, 38.784309], [-104.820881, 38.7843], [-104.820454, 38.783631], [-104.820092, 38.783122], [-104.820032, 38.783046], [-104.820029, 38.783042], [-104.820023, 38.783035], [-104.820003, 38.783009], [-104.819931, 38.782917], [-104.819815, 38.78277], [-104.819715, 38.782625], [-104.819237, 38.781936], [-104.819229, 38.781925], [-104.819199, 38.781882], [-104.819157, 38.781821], [-104.818955, 38.781532], [-104.818756, 38.781247], [-104.818748, 38.781235], [-104.818709, 38.781179], [-104.818552, 38.780953], [-104.818276, 38.780558], [-104.818268, 38.780546], [-104.818, 38.780161], [-104.817802, 38.779867], [-104.817795, 38.779857], [-104.817576, 38.77953], [-104.81748, 38.779388], [-104.817339, 38.779179], [-104.817331, 38.779168], [-104.817066, 38.778773], [-104.816866, 38.77849], [-104.816858, 38.778478], [-104.816624, 38.778146], [-104.816388, 38.777801], [-104.81638, 38.777789], [-104.815917, 38.777111], [-104.815909, 38.7771], [-104.815899, 38.777085], [-104.815769, 38.776894], [-104.815435, 38.776422], [-104.815427, 38.776411], [-104.815402, 38.776375], [-104.815365, 38.776323], [-104.814959, 38.775721], [-104.814657, 38.775273], [-104.814618, 38.775215], [-104.814171, 38.774552], [-104.814129, 38.77449], [-104.813983, 38.774265], [-104.813814, 38.774005], [-104.813677, 38.773794], [-104.813548, 38.773569], [-104.813525, 38.77353], [-104.813483, 38.773456], [-104.813434, 38.773372], [-104.813433, 38.77337], [-104.81343, 38.773365], [-104.813372, 38.773246], [-104.813336, 38.773172], [-104.813269, 38.773035], [-104.813183, 38.772858], [-104.813048, 38.772468], [-104.812988, 38.772282], [-104.812928, 38.772094], [-104.812901, 38.771976], [-104.81287, 38.771842], [-104.812844, 38.771642], [-104.812842, 38.771625], [-104.812781, 38.771322], [-104.812752, 38.77082], [-104.812748, 38.770743], [-104.812742, 38.770635], [-104.812724, 38.770298], [-104.812661, 38.769629], [-104.812583, 38.768781], [-104.812567, 38.768485], [-104.81252, 38.767619], [-104.812518, 38.767568], [-104.812462, 38.766951], [-104.81244, 38.766716], [-104.81243, 38.766609], [-104.812429, 38.766604], [-104.812429, 38.766602], [-104.812298, 38.766602], [-104.812298, 38.766602], [-104.812298, 38.766602], [-104.811, 38.7666], [-104.810919, 38.7666], [-104.807433, 38.766593], [-104.806147, 38.76659], [-104.805188, 38.766588], [-104.803722, 38.766585], [-104.803722, 38.766585], [-104.802015, 38.766579], [-104.799899, 38.766575], [-104.798914, 38.766569], [-104.798879, 38.766568], [-104.798557, 38.766518], [-104.798547, 38.766516], [-104.798538, 38.766299], [-104.798543, 38.765929], [-104.798546, 38.765755], [-104.798547, 38.76572], [-104.798547, 38.765713], [-104.797969, 38.765711], [-104.797719, 38.765711], [-104.797447, 38.765712], [-104.797109, 38.765713], [-104.796505, 38.765715], [-104.794985, 38.765722], [-104.794695, 38.765723], [-104.794092, 38.765726], [-104.793333, 38.765729], [-104.792375, 38.765733], [-104.791058, 38.765724], [-104.790729, 38.765722], [-104.790301, 38.765692], [-104.790142, 38.765688], [-104.789665, 38.765676], [-104.789507, 38.765672], [-104.788721, 38.765652], [-104.787944, 38.765632], [-104.787824, 38.765625], [-104.7867, 38.765561], [-104.785472, 38.765491], [-104.782784, 38.765302], [-104.78232, 38.76527], [-104.781106, 38.765173], [-104.780889, 38.765155], [-104.780238, 38.765104], [-104.780022, 38.765087], [-104.779563, 38.76505], [-104.779101, 38.765014], [-104.778187, 38.764962], [-104.777728, 38.764936], [-104.777487, 38.76492], [-104.777359, 38.764912], [-104.776405, 38.764852], [-104.776666, 38.76509], [-104.776981, 38.765376], [-104.777838, 38.766363], [-104.778026, 38.76658], [-104.77803, 38.76658], [-104.778211, 38.76658], [-104.782124, 38.766576], [-104.782134, 38.766583], [-104.782797, 38.767008], [-104.782663, 38.767135], [-104.78288, 38.767274], [-104.782791, 38.767359], [-104.783252, 38.767655], [-104.783252, 38.767655], [-104.78363, 38.767294], [-104.783572, 38.767258], [-104.783562, 38.767251], [-104.783566, 38.766575], [-104.785858, 38.766572], [-104.785864, 38.766579], [-104.786586, 38.767284], [-104.786515, 38.767362], [-104.786681, 38.76747], [-104.786792, 38.767562], [-104.786794, 38.767607], [-104.786679, 38.76768], [-104.78663, 38.76771], [-104.786859, 38.767932], [-104.786494, 38.768134], [-104.785669, 38.768599], [-104.785439, 38.768689], [-104.78523, 38.768719], [-104.784967, 38.76872], [-104.784968, 38.769168], [-104.784908, 38.769167], [-104.784913, 38.769416], [-104.78493, 38.769539], [-104.785046, 38.769875], [-104.785163, 38.770106], [-104.785694, 38.771155], [-104.78575, 38.771279], [-104.785816, 38.771498], [-104.785843, 38.771741], [-104.785833, 38.771929], [-104.785637, 38.773498], [-104.785595, 38.773742], [-104.785531, 38.773982], [-104.785455, 38.774193], [-104.785291, 38.774538], [-104.785195, 38.774721], [-104.78512, 38.774927], [-104.785086, 38.775104], [-104.785049, 38.775415], [-104.784946, 38.776284], [-104.783952, 38.776345], [-104.78326, 38.776001], [-104.783251, 38.775996], [-104.782869, 38.775054], [-104.782611, 38.774418], [-104.782383, 38.773863], [-104.782046, 38.773098], [-104.781648, 38.77227], [-104.78138, 38.771748], [-104.780977, 38.771008], [-104.780506, 38.770203], [-104.780091, 38.76954], [-104.779611, 38.76882], [-104.779606, 38.768811], [-104.779246, 38.768973], [-104.779157, 38.769017], [-104.779122, 38.769034], [-104.779122, 38.769034], [-104.778992, 38.769097], [-104.778834, 38.769174], [-104.778703, 38.769238], [-104.778699, 38.76924], [-104.77853, 38.768996], [-104.777258, 38.767344], [-104.77667, 38.766581], [-104.775926, 38.765905], [-104.775786, 38.765778], [-104.774901, 38.764973], [-104.774775, 38.764862], [-104.774682, 38.764774], [-104.773925, 38.764088], [-104.770668, 38.76112], [-104.760645, 38.753333], [-104.760645, 38.753333], [-104.760636, 38.753325], [-104.760624, 38.753351], [-104.76059, 38.753441], [-104.760532, 38.753567], [-104.760428, 38.753666], [-104.760347, 38.753719], [-104.760139, 38.753827], [-104.75984, 38.754007], [-104.759828, 38.754133], [-104.759818, 38.754178], [-104.759816, 38.754187], [-104.75981, 38.754194], [-104.759781, 38.754223], [-104.759724, 38.754259], [-104.759643, 38.75434], [-104.759597, 38.754421], [-104.75955, 38.754484], [-104.759458, 38.754646], [-104.759307, 38.754871], [-104.759238, 38.754925], [-104.759213, 38.754934], [-104.759146, 38.754961], [-104.759065, 38.754979], [-104.758916, 38.755005], [-104.758835, 38.755032], [-104.758742, 38.755041], [-104.758536, 38.755077], [-104.758435, 38.755112], [-104.758435, 38.755112], [-104.758444, 38.755119], [-104.758627, 38.755248], [-104.758865, 38.755436], [-104.758868, 38.755438], [-104.7595, 38.755899], [-104.759649, 38.756043], [-104.759729, 38.75616], [-104.75974, 38.756215], [-104.75974, 38.756215], [-104.759751, 38.756341], [-104.759751, 38.756341], [-104.75975, 38.756638], [-104.759726, 38.756908], [-104.759689, 38.757074], [-104.759681, 38.75711], [-104.75968, 38.757116], [-104.759668, 38.757215], [-104.759651, 38.757258], [-104.759633, 38.757305], [-104.759621, 38.75735], [-104.759284, 38.757918], [-104.759266, 38.757948], [-104.759263, 38.757953], [-104.759135, 38.75825], [-104.7591, 38.758322], [-104.759077, 38.758385], [-104.759065, 38.758448], [-104.759064, 38.758704], [-104.759064, 38.758709], [-104.759064, 38.758709], [-104.759085, 38.759156], [-104.759085, 38.759156], [-104.759086, 38.759169], [-104.759086, 38.759169], [-104.759086, 38.75925], [-104.75912, 38.759349], [-104.75912, 38.759349], [-104.759177, 38.759566], [-104.759177, 38.759566], [-104.759234, 38.759701], [-104.759234, 38.759701], [-104.75936, 38.759855], [-104.759474, 38.759963], [-104.759483, 38.759968], [-104.759566, 38.760017], [-104.759575, 38.760023], [-104.759991, 38.760288], [-104.759991, 38.760289], [-104.76029, 38.760451], [-104.760393, 38.760496], [-104.760474, 38.760524], [-104.760589, 38.760533], [-104.760704, 38.760551], [-104.760831, 38.76056], [-104.761032, 38.760619], [-104.761049, 38.760624], [-104.761428, 38.76076], [-104.761819, 38.760914], [-104.762015, 38.761004], [-104.76221, 38.761077], [-104.762382, 38.761149], [-104.762543, 38.761204], [-104.762765, 38.761272], [-104.762781, 38.761277], [-104.762808, 38.761285], [-104.76298, 38.761331], [-104.763118, 38.761385], [-104.763624, 38.761611], [-104.763739, 38.761657], [-104.763865, 38.76172], [-104.764015, 38.76181], [-104.764256, 38.76194], [-104.764267, 38.761946], [-104.764278, 38.761953], [-104.764278, 38.761953], [-104.764405, 38.762027], [-104.764635, 38.762163], [-104.76526, 38.762506], [-104.765271, 38.762513], [-104.765278, 38.762516], [-104.765543, 38.76267], [-104.765669, 38.762733], [-104.765672, 38.762736], [-104.765738, 38.762796], [-104.766002, 38.762986], [-104.766232, 38.76314], [-104.766312, 38.763203], [-104.766381, 38.763266], [-104.766687, 38.76359], [-104.7667, 38.763841], [-104.7667, 38.763841], [-104.766739, 38.764594], [-104.766739, 38.764594], [-104.766752, 38.764846], [-104.766752, 38.764846], [-104.766752, 38.764846], [-104.766752, 38.764846], [-104.766141, 38.764991], [-104.765681, 38.765142], [-104.764878, 38.765406], [-104.763815, 38.765886], [-104.763555, 38.76606], [-104.763058, 38.766391], [-104.762716, 38.766623], [-104.761798, 38.76725], [-104.761588, 38.767392], [-104.761341, 38.767561], [-104.760964, 38.767822], [-104.760757, 38.767967], [-104.760745, 38.767975], [-104.760717, 38.767994], [-104.7606, 38.768075], [-104.760561, 38.768103], [-104.7604, 38.768215], [-104.759917, 38.76855], [-104.759756, 38.768663], [-104.759489, 38.768848], [-104.759401, 38.76891], [-104.75889, 38.769244], [-104.758765, 38.76936], [-104.758765, 38.76936], [-104.758576, 38.769534], [-104.758576, 38.769534], [-104.758382, 38.769741], [-104.758382, 38.769741], [-104.758228, 38.769908], [-104.758228, 38.769908], [-104.758098, 38.77007], [-104.758096, 38.770073], [-104.758082, 38.770091], [-104.757961, 38.770243], [-104.757871, 38.77037], [-104.757715, 38.770594], [-104.757563, 38.770854], [-104.7574, 38.771375], [-104.757359, 38.771507], [-104.757322, 38.771739], [-104.757376, 38.772925], [-104.757376, 38.772925], [-104.757388, 38.773184], [-104.757388, 38.773184], [-104.757433, 38.774271], [-104.757433, 38.774271], [-104.757449, 38.776427], [-104.757449, 38.776427], [-104.75752, 38.776981], [-104.75752, 38.776981], [-104.757528, 38.777043], [-104.757528, 38.777043], [-104.757533, 38.777083], [-104.757533, 38.777083], [-104.757535, 38.777349], [-104.757535, 38.777349], [-104.757535, 38.777349], [-104.757444, 38.77735], [-104.757183, 38.777351], [-104.756841, 38.777351], [-104.756906, 38.777971], [-104.756906, 38.777971], [-104.756827, 38.778219], [-104.756742, 38.778442], [-104.756666, 38.778563], [-104.756482, 38.77886], [-104.756164, 38.779228], [-104.75579, 38.779563], [-104.755237, 38.779937], [-104.7549, 38.780114], [-104.754249, 38.780373], [-104.753867, 38.780481], [-104.753847, 38.780486], [-104.753711, 38.780517], [-104.75315, 38.780518], [-104.752541, 38.780518], [-104.752384, 38.780519], [-104.751623, 38.780519], [-104.751618, 38.780519], [-104.75095, 38.78052], [-104.750852, 38.78052], [-104.750567, 38.78052], [-104.750405, 38.78052], [-104.750398, 38.78052], [-104.750382, 38.78052], [-104.750373, 38.78052], [-104.750105, 38.78052], [-104.750071, 38.78052], [-104.74982, 38.78052], [-104.749818, 38.78052], [-104.749533, 38.78052], [-104.749531, 38.78052], [-104.749243, 38.78052], [-104.749224, 38.78052], [-104.748956, 38.78052], [-104.748922, 38.78052], [-104.748669, 38.780519], [-104.74859, 38.780519], [-104.748381, 38.780519], [-104.748343, 38.780519], [-104.748094, 38.780519], [-104.748052, 38.780519], [-104.747807, 38.780519], [-104.747771, 38.780519], [-104.74752, 38.780519], [-104.74747, 38.780519], [-104.747232, 38.780519], [-104.74723, 38.780519], [-104.746945, 38.780519], [-104.746906, 38.780519], [-104.746658, 38.780518], [-104.746619, 38.780518], [-104.74637, 38.780518], [-104.746346, 38.780518], [-104.746083, 38.780518], [-104.746018, 38.780518], [-104.745796, 38.780518], [-104.745778, 38.780518], [-104.745508, 38.780518], [-104.745503, 38.780518], [-104.745221, 38.780518], [-104.745185, 38.780518], [-104.744934, 38.780518], [-104.744888, 38.780518], [-104.744646, 38.780517], [-104.744586, 38.780517], [-104.744464, 38.780517], [-104.744359, 38.780518], [-104.744322, 38.780518], [-104.744072, 38.780519], [-104.744021, 38.780519], [-104.743784, 38.78052], [-104.743714, 38.78052], [-104.743497, 38.780521], [-104.743446, 38.780522], [-104.74321, 38.780522], [-104.743133, 38.780523], [-104.743013, 38.780523], [-104.742923, 38.780516], [-104.742813, 38.780507], [-104.742635, 38.780492], [-104.742499, 38.780481], [-104.742348, 38.780469], [-104.742251, 38.780461], [-104.742061, 38.780445], [-104.741992, 38.780439], [-104.741774, 38.780439], [-104.741731, 38.780439], [-104.741487, 38.780439], [-104.741438, 38.780439], [-104.741199, 38.780439], [-104.741143, 38.780439], [-104.740912, 38.780438], [-104.740891, 38.780438], [-104.74087, 38.780437], [-104.740625, 38.780422], [-104.740552, 38.780418], [-104.740371, 38.780407], [-104.740338, 38.780407], [-104.740309, 38.780407], [-104.740051, 38.780406], [-104.74001, 38.780406], [-104.739763, 38.780406], [-104.739715, 38.780406], [-104.739476, 38.780405], [-104.739434, 38.780405], [-104.73934, 38.780405], [-104.739259, 38.780404], [-104.739254, 38.780404], [-104.739253, 38.780404], [-104.739253, 38.780404], [-104.739208, 38.780339], [-104.739208, 38.780339], [-104.739161, 38.780271], [-104.739161, 38.780271], [-104.73916, 38.78027], [-104.73916, 38.78027], [-104.739151, 38.780256], [-104.739151, 38.780256], [-104.73915, 38.780207], [-104.73915, 38.780207], [-104.73915, 38.780203], [-104.73915, 38.780203], [-104.739149, 38.780136], [-104.739149, 38.780136], [-104.739149, 38.780135], [-104.739149, 38.780135], [-104.739148, 38.780067], [-104.739148, 38.780067], [-104.739148, 38.780067], [-104.739148, 38.780067], [-104.739147, 38.78], [-104.739147, 38.78], [-104.739147, 38.779999], [-104.739147, 38.779999], [-104.739145, 38.779934], [-104.739145, 38.779934], [-104.739145, 38.779931], [-104.739145, 38.779931], [-104.739145, 38.779905], [-104.739145, 38.779905], [-104.739143, 38.779866], [-104.739143, 38.779866], [-104.739143, 38.779863], [-104.739143, 38.779863], [-104.73914, 38.779799], [-104.73914, 38.779799], [-104.739139, 38.779795], [-104.739139, 38.779795], [-104.739136, 38.77973], [-104.739136, 38.77973], [-104.739136, 38.779727], [-104.739136, 38.779727], [-104.739133, 38.779659], [-104.739133, 38.779659], [-104.739133, 38.779659], [-104.739133, 38.779659], [-104.73913, 38.779601], [-104.73913, 38.779601], [-104.739129, 38.779591], [-104.739129, 38.779591], [-104.739129, 38.77959], [-104.739129, 38.77959], [-104.739126, 38.779523], [-104.739126, 38.779523], [-104.739126, 38.779522], [-104.739126, 38.779522], [-104.739123, 38.77946], [-104.739123, 38.77946], [-104.739123, 38.779455], [-104.739123, 38.779455], [-104.739123, 38.779455], [-104.739123, 38.779455], [-104.739118, 38.779388], [-104.739118, 38.779388], [-104.739118, 38.779387], [-104.739118, 38.779387], [-104.739118, 38.779374], [-104.739118, 38.779374], [-104.739114, 38.779319], [-104.739114, 38.779319], [-104.739114, 38.779317], [-104.739114, 38.779317], [-104.739114, 38.779316], [-104.739114, 38.779316], [-104.739112, 38.779252], [-104.739112, 38.779252], [-104.73911, 38.779198], [-104.73911, 38.779197], [-104.739109, 38.779149], [-104.739109, 38.779149], [-104.739108, 38.779147], [-104.739108, 38.779147], [-104.739101, 38.778927], [-104.739101, 38.778927], [-104.739101, 38.77892], [-104.739101, 38.77892], [-104.739095, 38.778728], [-104.739095, 38.778728], [-104.739095, 38.77871], [-104.739095, 38.77871], [-104.739095, 38.778694], [-104.739095, 38.778694], [-104.739094, 38.778478], [-104.739094, 38.778478], [-104.739093, 38.778429], [-104.739093, 38.778429], [-104.739093, 38.778362], [-104.739093, 38.778362], [-104.739093, 38.778358], [-104.739093, 38.778358], [-104.739093, 38.778351], [-104.739093, 38.778351], [-104.738973, 38.778351], [-104.7388, 38.77835], [-104.738714, 38.77835], [-104.738723, 38.779545], [-104.738704, 38.779833], [-104.738428, 38.77989], [-104.738122, 38.779953], [-104.738085, 38.77996], [-104.737872, 38.780004], [-104.737661, 38.780047], [-104.737615, 38.780056], [-104.737042, 38.780174], [-104.736893, 38.780204], [-104.736594, 38.780265], [-104.73635, 38.780316], [-104.736125, 38.780363], [-104.735984, 38.780392], [-104.735615, 38.780468], [-104.735611, 38.780469], [-104.735357, 38.780521], [-104.735185, 38.780556], [-104.73462, 38.780671], [-104.734589, 38.780677], [-104.734304, 38.780735], [-104.73399, 38.7808], [-104.733821, 38.780834], [-104.733649, 38.780869], [-104.733305, 38.78094], [-104.733098, 38.780982], [-104.732682, 38.781067], [-104.732487, 38.781107], [-104.732282, 38.781145], [-104.732114, 38.781172], [-104.732036, 38.781184], [-104.73147, 38.781251], [-104.73118, 38.781296], [-104.73073, 38.781366], [-104.730489, 38.781358], [-104.730459, 38.781357], [-104.730365, 38.781352], [-104.729913, 38.781329], [-104.729219, 38.781294], [-104.728278, 38.781249], [-104.727733, 38.781224], [-104.727154, 38.781197], [-104.725419, 38.781117], [-104.724841, 38.781091], [-104.723986, 38.781051], [-104.723876, 38.781046], [-104.723152, 38.781011], [-104.722642, 38.780985], [-104.721841, 38.780945], [-104.721229, 38.780915], [-104.72104, 38.780901], [-104.720809, 38.780893], [-104.720619, 38.780886], [-104.720609, 38.780885], [-104.720609, 38.780885], [-104.720609, 38.780715], [-104.720609, 38.780714], [-104.720609, 38.780714], [-104.720608, 38.780456], [-104.720606, 38.780103], [-104.720601, 38.778984], [-104.72058, 38.776632], [-104.720571, 38.775476], [-104.720558, 38.773954], [-104.720547, 38.77265], [-104.720536, 38.77127], [-104.720491, 38.770797], [-104.720385, 38.770323], [-104.720092, 38.769618], [-104.719819, 38.769129], [-104.719478, 38.768667], [-104.719088, 38.768227], [-104.718882, 38.768029], [-104.718649, 38.767821], [-104.718553, 38.767748], [-104.718409, 38.76764], [-104.718177, 38.767484], [-104.718157, 38.767473], [-104.718159, 38.767472], [-104.718038, 38.767391], [-104.717605, 38.767114], [-104.717595, 38.767108], [-104.717189, 38.766906], [-104.716719, 38.766704], [-104.716336, 38.766565], [-104.715927, 38.766444], [-104.71538, 38.766308], [-104.714763, 38.76621], [-104.714212, 38.766155], [-104.71281, 38.766139], [-104.711449, 38.76615], [-104.709921, 38.766161], [-104.708538, 38.766171], [-104.705443, 38.766145], [-104.705054, 38.766149], [-104.70382, 38.766162], [-104.702424, 38.766175], [-104.701129, 38.766188], [-104.699252, 38.766186], [-104.699074, 38.766183], [-104.698751, 38.766178], [-104.697402, 38.766161], [-104.696608, 38.766167], [-104.695146, 38.766178], [-104.693796, 38.766188], [-104.692033, 38.766202], [-104.690169, 38.766216], [-104.689701, 38.766215], [-104.68928, 38.766196], [-104.688882, 38.766162], [-104.688621, 38.766125], [-104.687982, 38.766013], [-104.687707, 38.765952], [-104.687508, 38.765909], [-104.687058, 38.765752], [-104.686385, 38.765516], [-104.685698, 38.765176], [-104.685612, 38.765124], [-104.685535, 38.765077], [-104.685305, 38.764936], [-104.685229, 38.76489], [-104.685001, 38.764752], [-104.684993, 38.764747], [-104.684485, 38.764343], [-104.684175, 38.764096], [-104.683715, 38.763633], [-104.683362, 38.763107], [-104.68318, 38.762741], [-104.683039, 38.762458], [-104.682919, 38.762114], [-104.682845, 38.761899], [-104.682734, 38.761457], [-104.682707, 38.761218], [-104.682701, 38.761172], [-104.682686, 38.761034], [-104.682683, 38.760996], [-104.682682, 38.760989], [-104.682671, 38.760824], [-104.682652, 38.760544], [-104.682648, 38.760303], [-104.682632, 38.759334], [-104.682644, 38.758819], [-104.682686, 38.757048], [-104.682693, 38.756286], [-104.682698, 38.755863], [-104.682684, 38.754604], [-104.682672, 38.753551], [-104.682659, 38.752367], [-104.682675, 38.75124], [-104.682671, 38.750008], [-104.68269, 38.749399], [-104.6827, 38.748502], [-104.682696, 38.748103], [-104.682693, 38.747858], [-104.682698, 38.747566], [-104.682698, 38.746783], [-104.682687, 38.746416], [-104.682687, 38.745664], [-104.682673, 38.74517], [-104.682669, 38.744673], [-104.682695, 38.743218], [-104.68269, 38.742884], [-104.682695, 38.742175], [-104.682696, 38.742162], [-104.682692, 38.7418], [-104.682708, 38.740977], [-104.682703, 38.740677], [-104.682709, 38.739931], [-104.682702, 38.739541], [-104.682701, 38.738896], [-104.682701, 38.738896], [-104.682701, 38.738745], [-104.682699, 38.738605], [-104.682712, 38.737478], [-104.682712, 38.737472], [-104.682712, 38.737472], [-104.682529, 38.737464], [-104.682318, 38.737455], [-104.68184, 38.737454], [-104.681738, 38.737453], [-104.681251, 38.737455], [-104.680924, 38.737457], [-104.680762, 38.737455], [-104.680178, 38.737449], [-104.679687, 38.737435], [-104.679238, 38.737436], [-104.678851, 38.737436], [-104.678469, 38.737443], [-104.677871, 38.737452], [-104.676868, 38.737458], [-104.676075, 38.737463], [-104.675408, 38.737459], [-104.674915, 38.737457], [-104.674899, 38.737457], [-104.6744, 38.737464], [-104.673882, 38.737472], [-104.673741, 38.73747], [-104.673731, 38.73747], [-104.673731, 38.737436], [-104.673731, 38.737402], [-104.673731, 38.737399], [-104.673731, 38.737398], [-104.673696, 38.73739], [-104.673689, 38.737388], [-104.673689, 38.737388], [-104.673689, 38.737411], [-104.673689, 38.737454], [-104.673689, 38.737454], [-104.673689, 38.737469], [-104.673651, 38.737468], [-104.673643, 38.737468], [-104.67356, 38.737466], [-104.67347, 38.737466], [-104.67347, 38.737466], [-104.673438, 38.737465], [-104.673152, 38.737462], [-104.672946, 38.737465], [-104.672392, 38.737473], [-104.671616, 38.737473], [-104.671392, 38.737473], [-104.671122, 38.737473], [-104.670419, 38.737481], [-104.669278, 38.737478], [-104.669113, 38.737477], [-104.669021, 38.737479], [-104.669, 38.73748], [-104.668523, 38.737488], [-104.667669, 38.737489], [-104.667628, 38.737488], [-104.66683, 38.737478], [-104.666691, 38.73748], [-104.666607, 38.73748], [-104.666299, 38.737483], [-104.666168, 38.737484], [-104.666091, 38.737484], [-104.665468, 38.73749], [-104.665261, 38.737492], [-104.665051, 38.737494], [-104.664944, 38.737492], [-104.66441, 38.737483], [-104.664214, 38.73748], [-104.664114, 38.737478], [-104.663565, 38.737476], [-104.663456, 38.737475], [-104.662078, 38.737472], [-104.661978, 38.737473], [-104.661821, 38.737475], [-104.660868, 38.737485], [-104.659965, 38.737472], [-104.659671, 38.737475], [-104.659428, 38.737477], [-104.658042, 38.737488], [-104.657317, 38.737494], [-104.656732, 38.737499], [-104.656238, 38.737495], [-104.656011, 38.737493], [-104.655616, 38.73749], [-104.655333, 38.737494], [-104.655236, 38.737495], [-104.655235, 38.737495], [-104.655145, 38.737497], [-104.655108, 38.737498], [-104.654851, 38.737501], [-104.654739, 38.737503], [-104.654661, 38.737502], [-104.654647, 38.737502], [-104.654109, 38.737496], [-104.65408, 38.737495], [-104.654072, 38.737495], [-104.653823, 38.737493], [-104.653534, 38.737495], [-104.653499, 38.737496], [-104.653498, 38.737496], [-104.65293, 38.7375], [-104.652924, 38.7375], [-104.652701, 38.737501], [-104.652421, 38.737504], [-104.652353, 38.737504], [-104.652349, 38.737504], [-104.651902, 38.737505], [-104.651803, 38.737506], [-104.651775, 38.737506], [-104.651209, 38.737508], [-104.651201, 38.737508], [-104.650654, 38.737509], [-104.650626, 38.737509], [-104.650348, 38.73751], [-104.65021, 38.737511], [-104.650083, 38.737498], [-104.650073, 38.737497], [-104.649953, 38.737476], [-104.649852, 38.737437], [-104.649849, 38.737437], [-104.649841, 38.737433], [-104.64617, 38.737401], [-104.644346, 38.737386], [-104.644335, 38.737386], [-104.644392, 38.736883], [-104.644392, 38.736131], [-104.644392, 38.735232], [-104.644504, 38.734323], [-104.644942, 38.732931], [-104.645312, 38.732021], [-104.646117, 38.730596], [-104.646121, 38.730589], [-104.642963, 38.730726], [-104.64294, 38.730727], [-104.643285, 38.73054], [-104.643591, 38.73046], [-104.643846, 38.730359], [-104.643987, 38.730283], [-104.643994, 38.73028], [-104.644006, 38.730273], [-104.644003, 38.730273], [-104.64351, 38.730273], [-104.643383, 38.730273], [-104.641925, 38.730271], [-104.641852, 38.730271], [-104.641683, 38.73027], [-104.641178, 38.730267], [-104.640829, 38.730265], [-104.640785, 38.730265], [-104.640444, 38.730265], [-104.64032, 38.730265], [-104.639706, 38.730265], [-104.639141, 38.730264], [-104.638864, 38.730264], [-104.63856, 38.730264], [-104.63855, 38.730264], [-104.638552, 38.729475], [-104.638554, 38.729036], [-104.638555, 38.728573], [-104.638549, 38.72847], [-104.638549, 38.728463], [-104.638735, 38.728458], [-104.638969, 38.728416], [-104.639067, 38.728398], [-104.639143, 38.728367], [-104.639276, 38.728315], [-104.639347, 38.728287], [-104.639466, 38.728239], [-104.639639, 38.728156], [-104.640519, 38.72773], [-104.640832, 38.72758], [-104.641178, 38.727341], [-104.641184, 38.727337], [-104.641331, 38.727155], [-104.64142, 38.726972], [-104.641489, 38.726759], [-104.641495, 38.726458], [-104.641501, 38.726202], [-104.64149, 38.725775], [-104.641468, 38.724866], [-104.641468, 38.724726], [-104.641465, 38.724302], [-104.641464, 38.724021], [-104.641469, 38.723012], [-104.641469, 38.723005], [-104.641031, 38.723005], [-104.640561, 38.723005], [-104.63972, 38.723006], [-104.639557, 38.723007], [-104.639283, 38.723007], [-104.638758, 38.723005], [-104.638296, 38.723005], [-104.637478, 38.723016], [-104.637184, 38.723019], [-104.63684, 38.723023], [-104.63666, 38.723022], [-104.636651, 38.723095], [-104.635231, 38.723092], [-104.635223, 38.723092], [-104.635202, 38.723092], [-104.635202, 38.723092], [-104.631427, 38.723061], [-104.630111, 38.723084], [-104.630096, 38.723099], [-104.630007, 38.7231], [-104.629854, 38.723099], [-104.629854, 38.723099], [-104.629844, 38.723099], [-104.629844, 38.723033], [-104.629845, 38.723018], [-104.629845, 38.723018], [-104.629845, 38.723011], [-104.628856, 38.723009], [-104.628518, 38.723006], [-104.628294, 38.723004], [-104.628284, 38.723004], [-104.628131, 38.723002], [-104.628121, 38.723002], [-104.628147, 38.720379], [-104.62815, 38.719456], [-104.62815, 38.719441], [-104.62815, 38.719434], [-104.627403, 38.719433], [-104.627316, 38.719433], [-104.627306, 38.719433], [-104.627337, 38.712214], [-104.627337, 38.71217], [-104.627337, 38.712169], [-104.627203, 38.712143], [-104.6272, 38.712143], [-104.6272, 38.712143], [-104.625429, 38.712142], [-104.613509, 38.712137], [-104.608921, 38.712135], [-104.608876, 38.712135], [-104.608876, 38.712135], [-104.608865, 38.712135], [-104.608865, 38.712136], [-104.608839, 38.713394], [-104.608834, 38.713649], [-104.608823, 38.714195], [-104.608823, 38.714199], [-104.608822, 38.714211], [-104.608822, 38.714213], [-104.608821, 38.714261], [-104.608821, 38.714278], [-104.608816, 38.715651], [-104.60881, 38.717503], [-104.608808, 38.718114], [-104.608804, 38.719318], [-104.608803, 38.71977], [-104.6088, 38.720746], [-104.608799, 38.721144], [-104.608823, 38.722592], [-104.608826, 38.722757], [-104.608838, 38.72346], [-104.608896, 38.726936], [-104.608921, 38.728384], [-104.608921, 38.728384], [-104.608878, 38.728373], [-104.608817, 38.728358], [-104.608805, 38.728357], [-104.608749, 38.728348], [-104.608713, 38.728344], [-104.608706, 38.728343], [-104.608706, 38.728343], [-104.6087, 38.728673], [-104.608683, 38.729663], [-104.608678, 38.729994], [-104.608621, 38.732303], [-104.608619, 38.732369], [-104.608619, 38.732375], [-104.608442, 38.739494], [-104.608393, 38.741485], [-104.608393, 38.741487], [-104.608338, 38.741658], [-104.608277, 38.74185], [-104.608276, 38.741852], [-104.608278, 38.742572], [-104.608283, 38.743867], [-104.608299, 38.748391], [-104.6083, 38.748605], [-104.608305, 38.749914], [-104.608313, 38.75193], [-104.608352, 38.754833], [-104.608364, 38.755677], [-104.608406, 38.758822], [-104.608469, 38.763542], [-104.608509, 38.766435], [-104.608509, 38.766446], [-104.608522, 38.767118], [-104.608527, 38.767362], [-104.608521, 38.769137], [-104.60852, 38.769811], [-104.608511, 38.772792], [-104.60851, 38.773076], [-104.608509, 38.773455], [-104.608507, 38.773541], [-104.608504, 38.773661], [-104.608474, 38.774953], [-104.608476, 38.775324], [-104.608487, 38.77675], [-104.608501, 38.777707], [-104.608492, 38.779291], [-104.608473, 38.780759], [-104.608473, 38.780921], [-104.608473, 38.781053], [-104.608473, 38.781097], [-104.608476, 38.78219], [-104.608473, 38.783433], [-104.608465, 38.784029], [-104.60846, 38.784355], [-104.608458, 38.784532], [-104.608453, 38.785336], [-104.608452, 38.785579], [-104.608452, 38.785664], [-104.608449, 38.786221], [-104.608449, 38.786375], [-104.608436, 38.786967], [-104.608419, 38.787712], [-104.60842, 38.787892], [-104.608424, 38.788334], [-104.608425, 38.78845], [-104.608425, 38.788524], [-104.608427, 38.788749], [-104.608428, 38.788824], [-104.608429, 38.789084], [-104.60843, 38.789161], [-104.608426, 38.78957], [-104.608424, 38.789713], [-104.608422, 38.789857], [-104.60842, 38.790037], [-104.608419, 38.790125], [-104.608418, 38.790247], [-104.60842, 38.791622], [-104.60842, 38.791719], [-104.608409, 38.793117], [-104.608408, 38.793217], [-104.608383, 38.795113], [-104.608378, 38.795464], [-104.608236, 38.795637], [-104.60825, 38.795638], [-104.608408, 38.795649], [-104.608408, 38.795655], [-104.608401, 38.795898], [-104.608398, 38.796293], [-104.608395, 38.796776], [-104.608392, 38.797313], [-104.608388, 38.79795], [-104.608384, 38.798546], [-104.608381, 38.799099], [-104.608357, 38.80281], [-104.608331, 38.80696], [-104.608312, 38.809966], [-104.608322, 38.809966], [-104.608548, 38.809966], [-104.608652, 38.809965], [-104.609489, 38.809979], [-104.610825, 38.809995], [-104.612491, 38.810012], [-104.616405, 38.810052], [-104.617555, 38.810064], [-104.617555, 38.810071], [-104.617544, 38.812326], [-104.61749, 38.8234], [-104.617486, 38.824013], [-104.617483, 38.824499], [-104.617483, 38.824499], [-104.617426, 38.835312], [-104.617436, 38.835312], [-104.617827, 38.835315], [-104.622008, 38.835343], [-104.622001, 38.832432], [-104.622, 38.831769], [-104.626312, 38.831812], [-104.626573, 38.831814], [-104.626573, 38.831821], [-104.626578, 38.832299], [-104.626608, 38.835358], [-104.626608, 38.835369], [-104.626618, 38.835369], [-104.627162, 38.835365], [-104.631313, 38.835364], [-104.631313, 38.835371], [-104.631316, 38.835634], [-104.63135, 38.83863], [-104.631333, 38.838937], [-104.630565, 38.838979], [-104.630451, 38.838986], [-104.630281, 38.838995], [-104.629683, 38.839028], [-104.629565, 38.839034], [-104.628916, 38.83907], [-104.62886, 38.839073], [-104.628774, 38.839077], [-104.62874, 38.839079], [-104.628655, 38.839084], [-104.628539, 38.83909], [-104.627885, 38.839282], [-104.627259, 38.839282], [-104.627254, 38.839282], [-104.627255, 38.839627], [-104.627255, 38.839632], [-104.626502, 38.839378], [-104.625976, 38.83943], [-104.624053, 38.839325], [-104.621618, 38.839066], [-104.620214, 38.839032], [-104.617369, 38.839022], [-104.617347, 38.842504], [-104.617357, 38.842505], [-104.618037, 38.84252], [-104.618718, 38.842535], [-104.618744, 38.842535], [-104.618744, 38.842541], [-104.618753, 38.844241], [-104.618764, 38.846149], [-104.614274, 38.846128], [-104.612755, 38.846122], [-104.612699, 38.846121], [-104.612694, 38.846121], [-104.612693, 38.846283], [-104.612692, 38.846446], [-104.612692, 38.846455], [-104.612691, 38.846616], [-104.61269, 38.846626], [-104.612689, 38.846786], [-104.612689, 38.846788], [-104.612688, 38.846956], [-104.612688, 38.846961], [-104.612687, 38.847126], [-104.612687, 38.84713], [-104.612686, 38.847296], [-104.612686, 38.8473], [-104.612685, 38.847466], [-104.612685, 38.847472], [-104.612683, 38.847636], [-104.612683, 38.847643], [-104.612682, 38.847806], [-104.612682, 38.847813], [-104.612682, 38.847862], [-104.612681, 38.847976], [-104.612681, 38.847976], [-104.61268, 38.848146], [-104.61268, 38.848153], [-104.612679, 38.848316], [-104.612679, 38.848317], [-104.612678, 38.848486], [-104.612678, 38.848492], [-104.612677, 38.848656], [-104.612677, 38.848664], [-104.612676, 38.848826], [-104.612676, 38.848842], [-104.612675, 38.848996], [-104.612675, 38.849008], [-104.612674, 38.849166], [-104.612674, 38.849171], [-104.612673, 38.849336], [-104.612672, 38.849365], [-104.612672, 38.849418], [-104.612672, 38.849439], [-104.612672, 38.849458], [-104.612672, 38.849485], [-104.612671, 38.849505], [-104.612671, 38.849563], [-104.612671, 38.849624], [-104.612671, 38.84963], [-104.61267, 38.849692], [-104.61267, 38.849704], [-104.61267, 38.849741], [-104.61267, 38.849744], [-104.607966, 38.849721], [-104.607956, 38.849721], [-104.607962, 38.849038], [-104.607962, 38.849031], [-104.602658, 38.848995], [-104.599211, 38.848951], [-104.598761, 38.848945], [-104.598761, 38.848945], [-104.598758, 38.849081], [-104.598749, 38.849637], [-104.598735, 38.850445], [-104.598735, 38.850496], [-104.598734, 38.850516], [-104.598732, 38.850628], [-104.59873, 38.85077], [-104.598728, 38.850891], [-104.598721, 38.851329], [-104.59872, 38.851344], [-104.598713, 38.851782], [-104.598713, 38.851798], [-104.598706, 38.852235], [-104.598705, 38.852276], [-104.5987, 38.852576], [-104.598698, 38.852689], [-104.598697, 38.852745], [-104.598696, 38.852803], [-104.598692, 38.85304], [-104.598693, 38.853142], [-104.598693, 38.85317], [-104.598693, 38.853193], [-104.598694, 38.853243], [-104.598704, 38.853243], [-104.59919, 38.853249], [-104.59924, 38.85325], [-104.600001, 38.853258], [-104.600023, 38.853258], [-104.600767, 38.853266], [-104.600799, 38.853266], [-104.601377, 38.853272], [-104.601534, 38.853274], [-104.601581, 38.853275], [-104.601914, 38.853278], [-104.602301, 38.853282], [-104.602329, 38.853283], [-104.603068, 38.85329], [-104.603364, 38.853293], [-104.603364, 38.8533], [-104.603364, 38.85349], [-104.603366, 38.853928], [-104.603366, 38.85395], [-104.603367, 38.854382], [-104.603367, 38.85439], [-104.603368, 38.854835], [-104.603368, 38.85485], [-104.603369, 38.855021], [-104.603369, 38.855026], [-104.60337, 38.855482], [-104.603371, 38.855918], [-104.603371, 38.855923], [-104.603372, 38.856376], [-104.603372, 38.856386], [-104.603373, 38.856496], [-104.603374, 38.85683], [-104.603374, 38.856957], [-104.603374, 38.85696], [-104.598739, 38.856886], [-104.598734, 38.856886], [-104.598717, 38.859877], [-104.598695, 38.864216], [-104.598705, 38.864217], [-104.599004, 38.864223], [-104.605956, 38.864368], [-104.607964, 38.864415], [-104.607964, 38.864421], [-104.608017, 38.868105], [-104.608027, 38.868105], [-104.612615, 38.868114], [-104.612615, 38.868111], [-104.612622, 38.865635], [-104.612623, 38.865531], [-104.612624, 38.864987], [-104.612626, 38.864417], [-104.612626, 38.864414], [-104.612626, 38.864404], [-104.612631, 38.864404], [-104.612828, 38.864404], [-104.61306, 38.864403], [-104.613063, 38.864403], [-104.6133, 38.864403], [-104.613312, 38.864403], [-104.61354, 38.864402], [-104.61354, 38.864402], [-104.61378, 38.864402], [-104.613784, 38.864402], [-104.614019, 38.864401], [-104.61403, 38.864401], [-104.614259, 38.864401], [-104.614263, 38.864401], [-104.614499, 38.8644], [-104.614517, 38.8644], [-104.614739, 38.8644], [-104.61475, 38.8644], [-104.614978, 38.864399], [-104.614986, 38.864399], [-104.615013, 38.864399], [-104.615015, 38.864399], [-104.615034, 38.864399], [-104.615118, 38.864399], [-104.616205, 38.864397], [-104.617289, 38.864394], [-104.617289, 38.864401], [-104.617289, 38.865094], [-104.617289, 38.866172], [-104.617289, 38.866208], [-104.61729, 38.867305], [-104.61729, 38.867347], [-104.61729, 38.868122], [-104.6173, 38.868122], [-104.617912, 38.868112], [-104.61806, 38.868113], [-104.618672, 38.868117], [-104.619423, 38.868122], [-104.619906, 38.868125], [-104.619914, 38.868125], [-104.621827, 38.868134], [-104.621832, 38.868134], [-104.621873, 38.868134], [-104.62375, 38.868139], [-104.623875, 38.868139], [-104.625667, 38.868144], [-104.626487, 38.868146], [-104.628313, 38.86815], [-104.628867, 38.868151], [-104.629361, 38.868153], [-104.629409, 38.868153], [-104.629936, 38.868154], [-104.629979, 38.868154], [-104.630511, 38.868155], [-104.630551, 38.868155], [-104.631087, 38.868157], [-104.631132, 38.868157], [-104.631662, 38.868158], [-104.631686, 38.868158], [-104.632237, 38.868159], [-104.632265, 38.868159], [-104.632813, 38.868161], [-104.632838, 38.868161], [-104.633388, 38.868162], [-104.633413, 38.868162], [-104.633963, 38.868163], [-104.634009, 38.868164], [-104.634539, 38.868165], [-104.634549, 38.868165], [-104.635114, 38.868166], [-104.635145, 38.868166], [-104.635689, 38.868168], [-104.635814, 38.868168], [-104.636037, 38.868168], [-104.636037, 38.868175], [-104.636037, 38.868182], [-104.636037, 38.868194], [-104.636025, 38.868925], [-104.63601, 38.869907], [-104.63601, 38.869923], [-104.636009, 38.869969], [-104.636009, 38.869972], [-104.626628, 38.869953], [-104.626623, 38.869953], [-104.626604, 38.871605], [-104.626596, 38.872379], [-104.626591, 38.872805], [-104.626583, 38.873576], [-104.626565, 38.875151], [-104.626563, 38.875387], [-104.626522, 38.879009], [-104.626482, 38.882631], [-104.62648, 38.882765], [-104.626472, 38.883372], [-104.6265, 38.883558], [-104.6265, 38.884292], [-104.626502, 38.88625], [-104.626502, 38.886253], [-104.623107, 38.886251], [-104.621811, 38.886251], [-104.621801, 38.886251], [-104.621834, 38.88274], [-104.621836, 38.882639], [-104.621836, 38.882633], [-104.621716, 38.882623], [-104.621289, 38.882634], [-104.620343, 38.882634], [-104.618988, 38.882632], [-104.61821, 38.882635], [-104.617334, 38.882635], [-104.617196, 38.882623], [-104.617192, 38.882622], [-104.617191, 38.882642], [-104.617191, 38.882675], [-104.61719, 38.882691], [-104.617189, 38.882742], [-104.617189, 38.882777], [-104.617188, 38.882868], [-104.617188, 38.882869], [-104.617187, 38.882951], [-104.617187, 38.882958], [-104.617187, 38.882961], [-104.617187, 38.883049], [-104.617187, 38.883056], [-104.617186, 38.88314], [-104.617186, 38.883141], [-104.617185, 38.88323], [-104.617185, 38.883233], [-104.617185, 38.883235], [-104.617185, 38.883321], [-104.617185, 38.883326], [-104.617184, 38.883412], [-104.617184, 38.883414], [-104.617183, 38.883502], [-104.617183, 38.883505], [-104.617183, 38.883593], [-104.617183, 38.883597], [-104.617182, 38.883684], [-104.617182, 38.883685], [-104.617181, 38.883774], [-104.617181, 38.883777], [-104.617181, 38.883865], [-104.617181, 38.883866], [-104.61718, 38.883956], [-104.61718, 38.883958], [-104.617179, 38.884046], [-104.617179, 38.88405], [-104.617179, 38.884137], [-104.617179, 38.884137], [-104.617178, 38.884228], [-104.617177, 38.884318], [-104.617177, 38.884321], [-104.617177, 38.884409], [-104.617177, 38.884414], [-104.617176, 38.8845], [-104.617176, 38.884504], [-104.617175, 38.88459], [-104.617175, 38.884592], [-104.617175, 38.884681], [-104.617175, 38.884686], [-104.617174, 38.884772], [-104.617174, 38.884776], [-104.617173, 38.884862], [-104.617173, 38.884865], [-104.617173, 38.884953], [-104.617173, 38.884955], [-104.617172, 38.885044], [-104.617172, 38.885044], [-104.617172, 38.885134], [-104.617171, 38.885138], [-104.617171, 38.885225], [-104.617171, 38.88523], [-104.61717, 38.885316], [-104.61717, 38.885319], [-104.61717, 38.885406], [-104.61717, 38.885408], [-104.617169, 38.885497], [-104.617169, 38.885502], [-104.617168, 38.885588], [-104.617168, 38.88559], [-104.617168, 38.885678], [-104.617168, 38.885682], [-104.617167, 38.885769], [-104.617167, 38.885774], [-104.617166, 38.88586], [-104.617166, 38.885863], [-104.617166, 38.88595], [-104.617166, 38.885957], [-104.617165, 38.886041], [-104.617165, 38.886044], [-104.617164, 38.886132], [-104.617164, 38.886135], [-104.617164, 38.886222], [-104.617164, 38.88623], [-104.617163, 38.886313], [-104.617163, 38.886315], [-104.617162, 38.886404], [-104.617162, 38.886406], [-104.617162, 38.886494], [-104.617162, 38.886496], [-104.617161, 38.886585], [-104.617161, 38.88659], [-104.61716, 38.886676], [-104.61716, 38.886676], [-104.61716, 38.886765], [-104.61716, 38.886766], [-104.617159, 38.886857], [-104.617159, 38.886862], [-104.617158, 38.886948], [-104.617158, 38.886954], [-104.617158, 38.887038], [-104.617158, 38.887045], [-104.617157, 38.887129], [-104.617157, 38.887137], [-104.617156, 38.88722], [-104.617156, 38.887224], [-104.617156, 38.88731], [-104.617156, 38.887313], [-104.617155, 38.887401], [-104.617155, 38.887409], [-104.617154, 38.887492], [-104.617154, 38.887495], [-104.617154, 38.887582], [-104.617154, 38.887587], [-104.617153, 38.887673], [-104.617153, 38.887676], [-104.617152, 38.887764], [-104.617152, 38.887767], [-104.617152, 38.887854], [-104.617152, 38.887859], [-104.617151, 38.887945], [-104.617151, 38.887951], [-104.61715, 38.888035], [-104.61715, 38.888036], [-104.61715, 38.888126], [-104.61715, 38.888126], [-104.617149, 38.888216], [-104.617149, 38.888217], [-104.617148, 38.888308], [-104.617148, 38.888311], [-104.617148, 38.888398], [-104.617148, 38.888402], [-104.617147, 38.888489], [-104.617147, 38.888493], [-104.617146, 38.88858], [-104.617146, 38.88859], [-104.617146, 38.888669], [-104.617146, 38.88867], [-104.617145, 38.888761], [-104.617145, 38.888761], [-104.617144, 38.888851], [-104.617144, 38.888852], [-104.617144, 38.888942], [-104.617144, 38.888947], [-104.617143, 38.889033], [-104.617143, 38.889037], [-104.617142, 38.889124], [-104.617142, 38.889131], [-104.617142, 38.889214], [-104.617142, 38.889218], [-104.617141, 38.889305], [-104.617141, 38.889322], [-104.617141, 38.889334], [-104.61714, 38.889449], [-104.61714, 38.889467], [-104.61714, 38.889482], [-104.61714, 38.889524], [-104.617139, 38.889555], [-104.617139, 38.889558], [-104.617139, 38.889646], [-104.617139, 38.88965], [-104.617138, 38.889736], [-104.617138, 38.889745], [-104.617137, 38.889827], [-104.617137, 38.889866], [-104.617137, 38.88988], [-104.617137, 38.88988], [-104.617141, 38.88988], [-104.617147, 38.88988], [-104.617245, 38.88988], [-104.617457, 38.889878], [-104.617525, 38.889878], [-104.617545, 38.889878], [-104.617813, 38.889878], [-104.617836, 38.889878], [-104.618101, 38.889877], [-104.618121, 38.889877], [-104.618388, 38.889877], [-104.618411, 38.889877], [-104.618676, 38.889876], [-104.618693, 38.889876], [-104.618964, 38.889876], [-104.618983, 38.889876], [-104.619252, 38.889875], [-104.619259, 38.889875], [-104.61954, 38.889875], [-104.619571, 38.889875], [-104.619793, 38.889874], [-104.619827, 38.889874], [-104.619838, 38.889874], [-104.620115, 38.889874], [-104.620146, 38.889874], [-104.620403, 38.889874], [-104.620434, 38.889874], [-104.620691, 38.889873], [-104.620694, 38.889873], [-104.620978, 38.889873], [-104.621024, 38.889873], [-104.621266, 38.889873], [-104.621309, 38.889873], [-104.621382, 38.889873], [-104.621482, 38.889873], [-104.621554, 38.889873], [-104.621647, 38.889872], [-104.621771, 38.889872], [-104.621771, 38.889872], [-104.621771, 38.889879], [-104.621771, 38.889912], [-104.621769, 38.890074], [-104.621769, 38.890075], [-104.621768, 38.890245], [-104.621768, 38.89025], [-104.621766, 38.890415], [-104.621766, 38.89042], [-104.621765, 38.890585], [-104.621765, 38.890589], [-104.621763, 38.890755], [-104.621763, 38.89076], [-104.621762, 38.890925], [-104.621762, 38.890931], [-104.62176, 38.891095], [-104.62176, 38.891098], [-104.621759, 38.891265], [-104.621759, 38.891271], [-104.621757, 38.891435], [-104.621757, 38.891435], [-104.621756, 38.891604], [-104.621756, 38.891605], [-104.621754, 38.891775], [-104.621754, 38.891777], [-104.621753, 38.891945], [-104.621753, 38.891951], [-104.621751, 38.892115], [-104.621751, 38.892118], [-104.62175, 38.892285], [-104.62175, 38.892291], [-104.621748, 38.892455], [-104.621748, 38.892468], [-104.621747, 38.892625], [-104.621746, 38.892635], [-104.621745, 38.892795], [-104.621745, 38.892796], [-104.621744, 38.892965], [-104.621743, 38.892974], [-104.621742, 38.893134], [-104.621742, 38.893135], [-104.621742, 38.893149], [-104.62174, 38.893305], [-104.621739, 38.893349], [-104.621739, 38.893404], [-104.621738, 38.893464], [-104.621738, 38.893467], [-104.621737, 38.893475], [-104.621736, 38.893482], [-104.621735, 38.893492], [-104.621735, 38.893492], [-104.621745, 38.893492], [-104.621746, 38.893492], [-104.622163, 38.893491], [-104.623148, 38.893489], [-104.625056, 38.893484], [-104.625115, 38.893484], [-104.62523, 38.893483], [-104.626358, 38.89348], [-104.626463, 38.89348], [-104.626463, 38.893487]]]}}, {"type": "Feature", "properties": {"SENATE": 9}, "geometry": {"type": "Polygon", "coordinates": [[[-104.766581, 39.12968], [-104.766591, 39.12968], [-104.767472, 39.129674], [-104.767771, 39.129676], [-104.768369, 39.129675], [-104.768959, 39.129667], [-104.76988, 39.129667], [-104.770282, 39.129661], [-104.77075, 39.129669], [-104.771199, 39.129669], [-104.771664, 39.129663], [-104.771979, 39.12967], [-104.772503, 39.129664], [-104.772745, 39.129669], [-104.773418, 39.129661], [-104.773889, 39.129664], [-104.774145, 39.129656], [-104.774513, 39.129658], [-104.774755, 39.129657], [-104.775708, 39.129654], [-104.776058, 39.12965], [-104.77672, 39.129657], [-104.777398, 39.129658], [-104.777896, 39.129665], [-104.778421, 39.129654], [-104.778838, 39.129666], [-104.779202, 39.129664], [-104.779664, 39.129668], [-104.780263, 39.129666], [-104.780881, 39.12967], [-104.78148, 39.129669], [-104.782057, 39.129678], [-104.782604, 39.129679], [-104.782797, 39.129684], [-104.783059, 39.129694], [-104.783719, 39.129699], [-104.784161, 39.129706], [-104.784429, 39.129715], [-104.784582, 39.12972], [-104.784815, 39.129719], [-104.78507, 39.129711], [-104.785516, 39.129712], [-104.787942, 39.12969], [-104.789253, 39.129696], [-104.790556, 39.129708], [-104.790898, 39.129704], [-104.791489, 39.12971], [-104.791577, 39.12971], [-104.792135, 39.12971], [-104.792334, 39.129709], [-104.793321, 39.129719], [-104.793507, 39.129726], [-104.793777, 39.12972], [-104.793844, 39.129721], [-104.794162, 39.129726], [-104.797889, 39.129719], [-104.799247, 39.129716], [-104.799339, 39.129726], [-104.799931, 39.129715], [-104.800347, 39.129716], [-104.802324, 39.129682], [-104.802801, 39.129691], [-104.802945, 39.129698], [-104.803217, 39.129695], [-104.803699, 39.12969], [-104.804396, 39.12969], [-104.80444, 39.129704], [-104.80501, 39.129721], [-104.806477, 39.12973], [-104.807146, 39.12975], [-104.807879, 39.129744], [-104.808077, 39.129746], [-104.808791, 39.129736], [-104.809167, 39.129725], [-104.80953, 39.129725], [-104.810111, 39.129749], [-104.810572, 39.129755], [-104.812324, 39.129726], [-104.81252, 39.129725], [-104.813001, 39.129737], [-104.813714, 39.129745], [-104.814139, 39.129761], [-104.815202, 39.129747], [-104.816039, 39.129753], [-104.816788, 39.12977], [-104.817885, 39.129743], [-104.818557, 39.129752], [-104.818951, 39.129743], [-104.820799, 39.129729], [-104.820919, 39.129728], [-104.821536, 39.129749], [-104.822482, 39.129756], [-104.82372, 39.129733], [-104.825267, 39.129721], [-104.826332, 39.129737], [-104.827003, 39.129743], [-104.827176, 39.129743], [-104.827674, 39.129747], [-104.827839, 39.129745], [-104.828216, 39.129741], [-104.828962, 39.129759], [-104.82938, 39.129758], [-104.82995, 39.12977], [-104.830386, 39.12977], [-104.830476, 39.12977], [-104.830595, 39.12977], [-104.831299, 39.129795], [-104.831679, 39.129801], [-104.831914, 39.129796], [-104.834, 39.129819], [-104.834132, 39.129822], [-104.834386, 39.129841], [-104.834593, 39.129856], [-104.834853, 39.12987], [-104.835376, 39.129817], [-104.835476, 39.129806], [-104.835517, 39.129809], [-104.835643, 39.129808], [-104.835686, 39.129808], [-104.835849, 39.129806], [-104.83599, 39.129805], [-104.836341, 39.129815], [-104.836505, 39.12982], [-104.837471, 39.129824], [-104.837503, 39.129825], [-104.837651, 39.129829], [-104.838592, 39.129857], [-104.839053, 39.129852], [-104.840307, 39.129878], [-104.841091, 39.129875], [-104.842238, 39.129871], [-104.842484, 39.129872], [-104.843224, 39.129875], [-104.843471, 39.129877], [-104.844359, 39.129877], [-104.844989, 39.129881], [-104.845075, 39.129882], [-104.845794, 39.129876], [-104.847151, 39.129895], [-104.847712, 39.129876], [-104.847914, 39.129867], [-104.848588, 39.129835], [-104.849544, 39.129834], [-104.849632, 39.129835], [-104.850479, 39.129826], [-104.851063, 39.129847], [-104.851176, 39.129852], [-104.852439, 39.129863], [-104.852468, 39.129863], [-104.852493, 39.129863], [-104.853019, 39.129854], [-104.853231, 39.129861], [-104.85351, 39.129869], [-104.85494, 39.129856], [-104.855104, 39.129854], [-104.855174, 39.129855], [-104.855985, 39.129865], [-104.857798, 39.12986], [-104.857913, 39.129859], [-104.858244, 39.129856], [-104.859701, 39.129846], [-104.860757, 39.129839], [-104.861273, 39.129839], [-104.861329, 39.129837], [-104.861697, 39.129823], [-104.86185, 39.129821], [-104.863199, 39.129805], [-104.863674, 39.129796], [-104.863772, 39.129794], [-104.863825, 39.129794], [-104.863932, 39.129797], [-104.864499, 39.129807], [-104.865314, 39.129815], [-104.866592, 39.129808], [-104.867109, 39.12982], [-104.867387, 39.129826], [-104.867692, 39.129826], [-104.868947, 39.129824], [-104.869968, 39.129823], [-104.870402, 39.129822], [-104.870413, 39.129822], [-104.870863, 39.129817], [-104.87143, 39.129824], [-104.871747, 39.129827], [-104.871998, 39.129825], [-104.872298, 39.129821], [-104.872712, 39.12982], [-104.873333, 39.129819], [-104.873639, 39.129827], [-104.873967, 39.129835], [-104.87407, 39.129838], [-104.874137, 39.12984], [-104.87438, 39.129837], [-104.874484, 39.129836], [-104.875006, 39.129831], [-104.875074, 39.129829], [-104.8751, 39.129828], [-104.875287, 39.129825], [-104.875647, 39.129808], [-104.876126, 39.129799], [-104.876949, 39.129802], [-104.876965, 39.129803], [-104.877463, 39.129825], [-104.877565, 39.129822], [-104.877956, 39.12981], [-104.878568, 39.129808], [-104.879035, 39.129811], [-104.87913, 39.129816], [-104.879323, 39.129829], [-104.879501, 39.129836], [-104.879521, 39.129836], [-104.879756, 39.129845], [-104.880447, 39.12989], [-104.880744, 39.129875], [-104.880851, 39.129871], [-104.881427, 39.129852], [-104.882179, 39.129858], [-104.883322, 39.129866], [-104.884461, 39.129855], [-104.884849, 39.129855], [-104.886182, 39.129858], [-104.887665, 39.129861], [-104.887953, 39.129861], [-104.88797, 39.129862], [-104.889732, 39.129877], [-104.890906, 39.129862], [-104.893268, 39.129862], [-104.89504, 39.129863], [-104.895229, 39.129863], [-104.895797, 39.129863], [-104.895987, 39.129864], [-104.896025, 39.129864], [-104.89629, 39.129864], [-104.896796, 39.129864], [-104.897198, 39.129864], [-104.898132, 39.129853], [-104.899225, 39.129862], [-104.899317, 39.129863], [-104.899554, 39.129854], [-104.899735, 39.129846], [-104.900035, 39.129843], [-104.900506, 39.129838], [-104.900647, 39.129837], [-104.900726, 39.129837], [-104.901172, 39.129832], [-104.902485, 39.129821], [-104.902725, 39.129819], [-104.903098, 39.129814], [-104.903111, 39.12982], [-104.903916, 39.12982], [-104.904261, 39.129822], [-104.904646, 39.129823], [-104.905707, 39.129829], [-104.908143, 39.129842], [-104.908494, 39.129844], [-104.909796, 39.129851], [-104.910287, 39.129854], [-104.910705, 39.129848], [-104.911065, 39.129843], [-104.91139, 39.129839], [-104.912211, 39.129823], [-104.912221, 39.12983], [-104.912247, 39.129846], [-104.912293, 39.129877], [-104.912294, 39.129878], [-104.912356, 39.129918], [-104.912392, 39.129943], [-104.912634, 39.129916], [-104.912962, 39.129879], [-104.913363, 39.129834], [-104.913422, 39.129827], [-104.913595, 39.129827], [-104.914853, 39.129828], [-104.914877, 39.129827], [-104.915309, 39.129827], [-104.917718, 39.129827], [-104.919179, 39.129827], [-104.919809, 39.129827], [-104.923679, 39.129828], [-104.923797, 39.129828], [-104.923807, 39.129828], [-104.925799, 39.129828], [-104.928362, 39.129829], [-104.929103, 39.129829], [-104.930137, 39.12983], [-104.930198, 39.12983], [-104.938406, 39.129831], [-104.939017, 39.129831], [-104.942215, 39.129832], [-104.942322, 39.129832], [-104.942913, 39.129832], [-104.944192, 39.129833], [-104.9442, 39.129833], [-104.944685, 39.129833], [-104.944953, 39.129834], [-104.945277, 39.129834], [-104.945301, 39.129834], [-104.945373, 39.129834], [-104.945398, 39.129834], [-104.954655, 39.129847], [-104.962462, 39.129859], [-104.972503, 39.129874], [-104.981983, 39.129889], [-104.982427, 39.129889], [-104.991685, 39.129903], [-104.992129, 39.129903], [-104.993463, 39.129906], [-104.993908, 39.129907], [-105.00055, 39.129923], [-105.001411, 39.12992], [-105.005295, 39.129909], [-105.007735, 39.129902], [-105.013496, 39.129885], [-105.013499, 39.129885], [-105.017125, 39.129874], [-105.021018, 39.129862], [-105.02122, 39.12986], [-105.022944, 39.129855], [-105.026065, 39.129846], [-105.027461, 39.129842], [-105.029559, 39.129837], [-105.032892, 39.129826], [-105.033554, 39.129825], [-105.03359, 39.129825], [-105.033586, 39.129755], [-105.033583, 39.129716], [-105.032919, 39.118689], [-105.032907, 39.118462], [-105.032901, 39.118373], [-105.032859, 39.117645], [-105.032817, 39.116571], [-105.032788, 39.116249], [-105.032777, 39.116122], [-105.032766, 39.115996], [-105.032567, 39.112366], [-105.032445, 39.110076], [-105.032361, 39.10851], [-105.032342, 39.108153], [-105.032331, 39.107944], [-105.03212, 39.104009], [-105.032107, 39.103765], [-105.032064, 39.102964], [-105.03191, 39.10014], [-105.031401, 39.092586], [-105.031299, 39.09107], [-105.030933, 39.085646], [-105.030909, 39.085293], [-105.029956, 39.071142], [-105.029935, 39.07082], [-105.029011, 39.056673], [-105.02809, 39.042232], [-105.028073, 39.041866], [-105.027601, 39.034853], [-105.027564, 39.034299], [-105.027205, 39.028893], [-105.027414, 39.022392], [-105.027426, 39.022027], [-105.027428, 39.021956], [-105.027492, 39.020391], [-105.027521, 39.01966], [-105.027524, 39.019587], [-105.027524, 39.019577], [-105.027499, 39.019586], [-105.027362, 39.019637], [-105.027349, 39.019645], [-105.027279, 39.01969], [-105.027098, 39.019806], [-105.026874, 39.019983], [-105.026636, 39.020171], [-105.026627, 39.020177], [-105.02624, 39.020459], [-105.026001, 39.020584], [-105.025639, 39.02076], [-105.025226, 39.020909], [-105.024873, 39.020996], [-105.024743, 39.021028], [-105.024405, 39.021142], [-105.023634, 39.021405], [-105.023459, 39.021464], [-105.023181, 39.021491], [-105.023015, 39.021512], [-105.023004, 39.021513], [-105.022897, 39.021555], [-105.022858, 39.02157], [-105.022615, 39.021735], [-105.022455, 39.021854], [-105.022302, 39.021968], [-105.022108, 39.02212], [-105.022097, 39.022126], [-105.022077, 39.022136], [-105.021948, 39.022199], [-105.021869, 39.022218], [-105.021761, 39.022242], [-105.021583, 39.022242], [-105.021379, 39.022194], [-105.021111, 39.022088], [-105.020672, 39.021908], [-105.020395, 39.021795], [-105.020009, 39.021637], [-105.019972, 39.021622], [-105.01984, 39.021565], [-105.019824, 39.021561], [-105.019724, 39.021535], [-105.019718, 39.021533], [-105.01967, 39.021525], [-105.019593, 39.021511], [-105.019475, 39.021473], [-105.019458, 39.021466], [-105.019358, 39.021424], [-105.019354, 39.021422], [-105.019274, 39.02136], [-105.019267, 39.021354], [-105.019152, 39.021319], [-105.019041, 39.021313], [-105.018912, 39.021321], [-105.018819, 39.021327], [-105.018148, 39.021238], [-105.017484, 39.02104], [-105.017433, 39.021024], [-105.017336, 39.021012], [-105.017006, 39.02097], [-105.016911, 39.020957], [-105.016554, 39.020907], [-105.016075, 39.020764], [-105.015768, 39.020704], [-105.015731, 39.020696], [-105.015463, 39.020631], [-105.015419, 39.02062], [-105.01512, 39.020501], [-105.014991, 39.02048], [-105.014859, 39.020469], [-105.014696, 39.020477], [-105.014088, 39.020547], [-105.013863, 39.020585], [-105.013672, 39.020648], [-105.013536, 39.020732], [-105.01346, 39.020832], [-105.013443, 39.020864], [-105.013433, 39.020882], [-105.013385, 39.020971], [-105.013366, 39.021005], [-105.013328, 39.021152], [-105.013325, 39.021216], [-105.01332, 39.021306], [-105.013318, 39.021352], [-105.013297, 39.021498], [-105.013238, 39.021653], [-105.013223, 39.02168], [-105.013082, 39.021932], [-105.013022, 39.022119], [-105.013005, 39.022376], [-105.013016, 39.022642], [-105.012939, 39.022921], [-105.012933, 39.022948], [-105.012873, 39.023232], [-105.012808, 39.023628], [-105.012728, 39.024034], [-105.012714, 39.024246], [-105.012717, 39.024335], [-105.012745, 39.024422], [-105.012787, 39.02446], [-105.012792, 39.024462], [-105.012849, 39.024481], [-105.013068, 39.024484], [-105.013148, 39.024514], [-105.013156, 39.02452], [-105.013193, 39.024546], [-105.013211, 39.024611], [-105.013186, 39.024679], [-105.01311, 39.024804], [-105.012891, 39.024977], [-105.012738, 39.025077], [-105.012516, 39.025237], [-105.012314, 39.02537], [-105.012308, 39.025373], [-105.012283, 39.025313], [-105.012258, 39.025253], [-105.012261, 39.025069], [-105.012225, 39.024876], [-105.011887, 39.024188], [-105.011691, 39.02384], [-105.011596, 39.023616], [-105.011575, 39.023477], [-105.011588, 39.023372], [-105.011592, 39.023339], [-105.011593, 39.023327], [-105.011629, 39.023225], [-105.011728, 39.023106], [-105.011861, 39.02295], [-105.011967, 39.022811], [-105.012028, 39.022647], [-105.01209, 39.022451], [-105.012099, 39.022296], [-105.012101, 39.022259], [-105.012083, 39.022111], [-105.012045, 39.021988], [-105.012039, 39.021967], [-105.012024, 39.021944], [-105.011977, 39.02187], [-105.011927, 39.021791], [-105.011879, 39.021658], [-105.011872, 39.021519], [-105.01189, 39.021366], [-105.011896, 39.021347], [-105.011933, 39.021211], [-105.011938, 39.021194], [-105.01225, 39.020312], [-105.012262, 39.02027], [-105.012402, 39.01982], [-105.012475, 39.019604], [-105.012595, 39.019247], [-105.012694, 39.018741], [-105.012706, 39.01861], [-105.01274, 39.018474], [-105.012787, 39.018213], [-105.012795, 39.017903], [-105.012797, 39.01785], [-105.012798, 39.017805], [-105.012743, 39.017363], [-105.012667, 39.016919], [-105.012656, 39.016876], [-105.012557, 39.016479], [-105.012554, 39.016466], [-105.012451, 39.016051], [-105.01244, 39.016008], [-105.012427, 39.015955], [-105.012358, 39.015536], [-105.012252, 39.015205], [-105.012151, 39.014839], [-105.012096, 39.014621], [-105.012094, 39.014594], [-105.012078, 39.014361], [-105.012078, 39.014057], [-105.012125, 39.0138], [-105.012212, 39.013609], [-105.012213, 39.013609], [-105.012215, 39.013603], [-105.012074, 39.013593], [-105.011653, 39.013565], [-105.011513, 39.013556], [-105.011283, 39.013548], [-105.010739, 39.01353], [-105.010739, 39.013675], [-105.01074, 39.013905], [-105.010724, 39.01835], [-105.010723, 39.018557], [-105.010722, 39.018572], [-105.01072, 39.019269], [-105.010714, 39.021018], [-105.004845, 39.021005], [-105.00404, 39.021003], [-104.999456, 39.020993], [-104.999155, 39.020992], [-104.99799, 39.02099], [-104.994488, 39.020982], [-104.993562, 39.020992], [-104.991706, 39.021015], [-104.991696, 39.021015], [-104.991682, 39.020388], [-104.991675, 39.020104], [-104.991654, 39.019179], [-104.991671, 39.018956], [-104.991723, 39.018289], [-104.991741, 39.018067], [-104.991742, 39.017601], [-104.991746, 39.016205], [-104.991748, 39.01574], [-104.99172, 39.01472], [-104.991708, 39.014255], [-104.991708, 39.014255], [-104.991708, 39.014253], [-104.991505, 39.014251], [-104.991479, 39.014251], [-104.991274, 39.014248], [-104.990109, 39.014234], [-104.989976, 39.014232], [-104.988035, 39.014207], [-104.987149, 39.014196], [-104.986605, 39.014189], [-104.981936, 39.01413], [-104.981934, 39.013508], [-104.981934, 39.013502], [-104.98109, 39.013497], [-104.97823, 39.013683], [-104.977474, 39.013731], [-104.972995, 39.014022], [-104.967857, 39.013526], [-104.967256, 39.013468], [-104.961696, 39.012931], [-104.960358, 39.012802], [-104.958866, 39.012657], [-104.958185, 39.012592], [-104.953959, 39.012184], [-104.952662, 39.012199], [-104.948031, 39.01222], [-104.946839, 39.012226], [-104.944355, 39.012237], [-104.942134, 39.012247], [-104.937009, 39.01227], [-104.936636, 39.012272], [-104.935812, 39.012276], [-104.935802, 39.012276], [-104.935796, 39.010612], [-104.93578, 39.006082], [-104.93578, 39.005982], [-104.935775, 39.003965], [-104.935768, 39.001494], [-104.935759, 38.998288], [-104.93575, 38.994637], [-104.935745, 38.992986], [-104.935738, 38.990385], [-104.935731, 38.988033], [-104.935731, 38.987727], [-104.93572, 38.983546], [-104.935722, 38.983461], [-104.935719, 38.983302], [-104.935712, 38.981155], [-104.935693, 38.974924], [-104.935692, 38.974543], [-104.93569, 38.973984], [-104.935684, 38.971839], [-104.935683, 38.971594], [-104.935666, 38.96779], [-104.935658, 38.966666], [-104.935608, 38.959519], [-104.9356, 38.958296], [-104.935555, 38.951885], [-104.935521, 38.946958], [-104.935517, 38.946119], [-104.935502, 38.943268], [-104.935462, 38.935031], [-104.935448, 38.932202], [-104.93543, 38.928513], [-104.935423, 38.926206], [-104.935405, 38.920221], [-104.935404, 38.919804], [-104.935403, 38.919285], [-104.935399, 38.916989], [-104.935399, 38.916978], [-104.935373, 38.91699], [-104.93506, 38.917156], [-104.934826, 38.917325], [-104.934605, 38.917487], [-104.934512, 38.917531], [-104.934445, 38.917543], [-104.934337, 38.917546], [-104.934221, 38.917522], [-104.934167, 38.917501], [-104.934162, 38.917499], [-104.934128, 38.91747], [-104.934106, 38.917438], [-104.934087, 38.917394], [-104.934083, 38.917356], [-104.934087, 38.917283], [-104.934102, 38.917249], [-104.934117, 38.917216], [-104.93414, 38.917179], [-104.934251, 38.917129], [-104.934449, 38.917059], [-104.934736, 38.916984], [-104.934919, 38.91687], [-104.934973, 38.916818], [-104.935045, 38.916751], [-104.935187, 38.916547], [-104.935333, 38.916373], [-104.935399, 38.916302], [-104.935422, 38.916277], [-104.935504, 38.916207], [-104.935564, 38.916178], [-104.935638, 38.916169], [-104.935833, 38.916182], [-104.935858, 38.916184], [-104.936, 38.916231], [-104.936283, 38.916266], [-104.936391, 38.916272], [-104.936436, 38.916254], [-104.936462, 38.916234], [-104.936469, 38.916196], [-104.936469, 38.916138], [-104.936447, 38.916079], [-104.936411, 38.916056], [-104.936402, 38.91605], [-104.936328, 38.916018], [-104.936142, 38.915977], [-104.935881, 38.915963], [-104.935839, 38.915963], [-104.935747, 38.915963], [-104.935372, 38.91594], [-104.935362, 38.915939], [-104.935362, 38.914607], [-104.935362, 38.912851], [-104.935363, 38.911015], [-104.935363, 38.911008], [-104.932959, 38.91102], [-104.932196, 38.911024], [-104.931904, 38.911025], [-104.927945, 38.911002], [-104.924859, 38.910985], [-104.924859, 38.910985], [-104.924859, 38.910985], [-104.920951, 38.911009], [-104.911254, 38.911069], [-104.909231, 38.911083], [-104.907986, 38.911092], [-104.905324, 38.911106], [-104.904998, 38.911106], [-104.90402, 38.911106], [-104.903695, 38.911106], [-104.901208, 38.911123], [-104.898086, 38.911146], [-104.895897, 38.911162], [-104.89552, 38.91116], [-104.894983, 38.911156], [-104.893995, 38.91115], [-104.893749, 38.911148], [-104.891263, 38.911133], [-104.891127, 38.911166], [-104.891007, 38.911197], [-104.890713, 38.911153], [-104.890575, 38.911133], [-104.88955, 38.911134], [-104.886863, 38.911139], [-104.886853, 38.911139], [-104.886877, 38.909618], [-104.886878, 38.909615], [-104.886878, 38.909613], [-104.886953, 38.904921], [-104.886967, 38.904104], [-104.886968, 38.904037], [-104.88709, 38.896798], [-104.889812, 38.896835], [-104.892996, 38.896878], [-104.896354, 38.896923], [-104.896289, 38.895101], [-104.897551, 38.895117], [-104.898599, 38.89513], [-104.8986, 38.89513], [-104.898602, 38.89513], [-104.898607, 38.89513], [-104.898607, 38.89513], [-104.898606, 38.895106], [-104.8986, 38.894933], [-104.898596, 38.894763], [-104.898596, 38.894763], [-104.898596, 38.894763], [-104.898595, 38.894717], [-104.898594, 38.894689], [-104.898585, 38.894506], [-104.898574, 38.894389], [-104.898546, 38.893538], [-104.898545, 38.893365], [-104.898545, 38.893365], [-104.898543, 38.893306], [-104.900862, 38.893332], [-104.900872, 38.893332], [-104.905499, 38.893385], [-104.905508, 38.893385], [-104.912192, 38.893236], [-104.912192, 38.893236], [-104.912237, 38.893235], [-104.91293, 38.893219], [-104.913655, 38.893203], [-104.913897, 38.893197], [-104.914802, 38.893177], [-104.914715, 38.890596], [-104.914567, 38.886167], [-104.914563, 38.886065], [-104.914561, 38.885956], [-104.914561, 38.885939], [-104.914561, 38.885938], [-104.917087, 38.885873], [-104.917038, 38.884411], [-104.915941, 38.883503], [-104.914436, 38.882257], [-104.914436, 38.882256], [-104.914412, 38.881857], [-104.91423, 38.878599], [-104.914083, 38.875998], [-104.914024, 38.874941], [-104.914019, 38.874841], [-104.914018, 38.874813], [-104.914014, 38.874744], [-104.914006, 38.874613], [-104.913819, 38.871291], [-104.913819, 38.871284], [-104.913819, 38.871284], [-104.913074, 38.871287], [-104.910891, 38.871303], [-104.91067, 38.871305], [-104.910642, 38.871305], [-104.910421, 38.871307], [-104.909396, 38.871313], [-104.909386, 38.871313], [-104.909386, 38.871313], [-104.909355, 38.8706], [-104.909341, 38.870283], [-104.909259, 38.868383], [-104.909249, 38.868156], [-104.909249, 38.868152], [-104.909232, 38.867854], [-104.909227, 38.867656], [-104.909227, 38.867656], [-104.909228, 38.867645], [-104.909228, 38.867642], [-104.909231, 38.867586], [-104.909265, 38.86693], [-104.909423, 38.863948], [-104.909423, 38.863942], [-104.909423, 38.863941], [-104.904995, 38.863952], [-104.903576, 38.863999], [-104.903338, 38.864006], [-104.900528, 38.8641], [-104.900518, 38.8641], [-104.900517, 38.86383], [-104.900555, 38.862408], [-104.900557, 38.862321], [-104.900572, 38.861814], [-104.900585, 38.861327], [-104.900588, 38.861237], [-104.900602, 38.860736], [-104.900602, 38.860733], [-104.900602, 38.860729], [-104.899298, 38.860742], [-104.899291, 38.860742], [-104.899258, 38.860669], [-104.899224, 38.860611], [-104.899173, 38.860539], [-104.899136, 38.860491], [-104.899097, 38.860445], [-104.89905, 38.860393], [-104.899016, 38.860353], [-104.898931, 38.860263], [-104.898888, 38.860219], [-104.898799, 38.860135], [-104.898705, 38.860051], [-104.898607, 38.85997], [-104.898524, 38.859905], [-104.898418, 38.85982], [-104.898365, 38.859775], [-104.898266, 38.859694], [-104.898105, 38.859562], [-104.898101, 38.859558], [-104.898061, 38.859539], [-104.898018, 38.859512], [-104.897988, 38.859516], [-104.897514, 38.859577], [-104.897422, 38.859589], [-104.897455, 38.859746], [-104.897626, 38.860582], [-104.897631, 38.860694], [-104.897659, 38.860718], [-104.897665, 38.860745], [-104.897668, 38.860757], [-104.897667, 38.860757], [-104.896413, 38.860769], [-104.896072, 38.860772], [-104.896073, 38.860773], [-104.896091, 38.860779], [-104.896392, 38.860878], [-104.896734, 38.860994], [-104.896891, 38.861046], [-104.89689, 38.861049], [-104.896805, 38.861493], [-104.896689, 38.862091], [-104.89622, 38.862481], [-104.896046, 38.862625], [-104.89603, 38.863781], [-104.896024, 38.864251], [-104.896024, 38.864251], [-104.893258, 38.864239], [-104.892918, 38.864237], [-104.892878, 38.864237], [-104.89257, 38.864236], [-104.892175, 38.864234], [-104.892141, 38.864235], [-104.888664, 38.864265], [-104.888604, 38.864265], [-104.888565, 38.864266], [-104.886923, 38.864293], [-104.886913, 38.864293], [-104.886913, 38.86429], [-104.886914, 38.864072], [-104.886915, 38.863746], [-104.886915, 38.86368], [-104.886915, 38.863641], [-104.886915, 38.8636], [-104.886915, 38.863592], [-104.886916, 38.86348], [-104.886916, 38.863479], [-104.886916, 38.863373], [-104.886916, 38.863366], [-104.886916, 38.863259], [-104.886916, 38.863252], [-104.886917, 38.863145], [-104.886917, 38.863139], [-104.886917, 38.863027], [-104.886917, 38.863025], [-104.886917, 38.86302], [-104.886917, 38.86292], [-104.886918, 38.862912], [-104.886918, 38.862816], [-104.886918, 38.862807], [-104.886918, 38.862763], [-104.88692, 38.862528], [-104.88693, 38.861137], [-104.886929, 38.860981], [-104.886921, 38.859077], [-104.886921, 38.859039], [-104.886922, 38.858803], [-104.88693, 38.858395], [-104.886925, 38.858099], [-104.886928, 38.857568], [-104.886917, 38.857283], [-104.886916, 38.85686], [-104.886915, 38.856809], [-104.886915, 38.856788], [-104.886915, 38.856745], [-104.886908, 38.856707], [-104.886899, 38.856658], [-104.886901, 38.856253], [-104.886901, 38.856207], [-104.8869, 38.856022], [-104.886898, 38.855887], [-104.886897, 38.855822], [-104.886892, 38.855821], [-104.886669, 38.855781], [-104.886418, 38.855736], [-104.886374, 38.855728], [-104.886215, 38.8557], [-104.885758, 38.85562], [-104.885544, 38.855583], [-104.884574, 38.855396], [-104.883431, 38.855188], [-104.883197, 38.855151], [-104.883029, 38.855124], [-104.882129, 38.854981], [-104.882117, 38.854979], [-104.882148, 38.85489], [-104.88215, 38.854885], [-104.878233, 38.854194], [-104.877577, 38.854075], [-104.876326, 38.853742], [-104.875966, 38.853613], [-104.875449, 38.853399], [-104.874988, 38.853135], [-104.874545, 38.852863], [-104.874536, 38.852857], [-104.874164, 38.852573], [-104.873542, 38.85203], [-104.872928, 38.851475], [-104.872698, 38.851241], [-104.872668, 38.851211], [-104.872668, 38.851211], [-104.872659, 38.851202], [-104.872627, 38.851307], [-104.872623, 38.85132], [-104.872453, 38.851828], [-104.87234, 38.852146], [-104.872168, 38.852661], [-104.872082, 38.852923], [-104.871985, 38.853096], [-104.87194, 38.853174], [-104.871552, 38.853616], [-104.871467, 38.8537], [-104.871378, 38.853787], [-104.871157, 38.854007], [-104.871111, 38.85405], [-104.871021, 38.854137], [-104.870992, 38.854164], [-104.87098, 38.854175], [-104.870863, 38.854294], [-104.870824, 38.854335], [-104.870378, 38.854787], [-104.870304, 38.854863], [-104.870164, 38.855], [-104.86973, 38.855425], [-104.869608, 38.85554], [-104.869385, 38.855771], [-104.86938, 38.855776], [-104.86938, 38.855776], [-104.869162, 38.855635], [-104.868951, 38.855498], [-104.868945, 38.855494], [-104.868495, 38.855223], [-104.868145, 38.855014], [-104.867422, 38.854571], [-104.867373, 38.854541], [-104.867367, 38.854537], [-104.867365, 38.854539], [-104.867094, 38.854819], [-104.866778, 38.855147], [-104.866679, 38.85524], [-104.866617, 38.855297], [-104.866602, 38.855312], [-104.866134, 38.855745], [-104.865973, 38.855895], [-104.865905, 38.855957], [-104.865765, 38.856087], [-104.865704, 38.856145], [-104.865637, 38.856209], [-104.865569, 38.856272], [-104.865365, 38.856463], [-104.865321, 38.856506], [-104.865304, 38.856533], [-104.865257, 38.856607], [-104.86513, 38.856814], [-104.865118, 38.85683], [-104.865094, 38.856864], [-104.865083, 38.856879], [-104.865067, 38.856902], [-104.865063, 38.856908], [-104.865047, 38.85693], [-104.864878, 38.857166], [-104.864736, 38.857496], [-104.864679, 38.857631], [-104.864584, 38.857974], [-104.864561, 38.858368], [-104.864593, 38.858711], [-104.864724, 38.859174], [-104.86486, 38.859473], [-104.864973, 38.859721], [-104.865144, 38.860096], [-104.865217, 38.860251], [-104.865335, 38.860502], [-104.865408, 38.860657], [-104.865441, 38.860714], [-104.865526, 38.86086], [-104.865528, 38.860863], [-104.865526, 38.860863], [-104.865485, 38.860862], [-104.865086, 38.860851], [-104.865068, 38.860852], [-104.86484, 38.860875], [-104.864835, 38.860875], [-104.864782, 38.860881], [-104.864392, 38.860919], [-104.864389, 38.860919], [-104.864281, 38.86093], [-104.864278, 38.86093], [-104.864261, 38.860938], [-104.863872, 38.861115], [-104.863764, 38.861199], [-104.863693, 38.861255], [-104.86361, 38.861378], [-104.863532, 38.861495], [-104.863515, 38.861573], [-104.863469, 38.861792], [-104.863479, 38.861999], [-104.863482, 38.862052], [-104.863483, 38.862064], [-104.863495, 38.862344], [-104.863508, 38.862598], [-104.863517, 38.862678], [-104.863525, 38.862751], [-104.863573, 38.863183], [-104.8636, 38.863388], [-104.863607, 38.863438], [-104.863645, 38.863723], [-104.863664, 38.864098], [-104.863666, 38.864124], [-104.863676, 38.864323], [-104.863676, 38.864607], [-104.863675, 38.864667], [-104.863674, 38.864768], [-104.863664, 38.865434], [-104.863664, 38.865434], [-104.863663, 38.865465], [-104.863663, 38.865467], [-104.863662, 38.865503], [-104.863662, 38.86551], [-104.863656, 38.865679], [-104.863655, 38.865738], [-104.863617, 38.866393], [-104.863614, 38.86646], [-104.863567, 38.866641], [-104.863526, 38.8668], [-104.863357, 38.867111], [-104.863038, 38.867448], [-104.862552, 38.867745], [-104.862396, 38.867795], [-104.862124, 38.867884], [-104.861763, 38.867964], [-104.861225, 38.868057], [-104.861151, 38.868071], [-104.860482, 38.868231], [-104.860268, 38.868341], [-104.860267, 38.868341], [-104.85993, 38.868513], [-104.859863, 38.868563], [-104.859763, 38.868637], [-104.859727, 38.868663], [-104.859688, 38.868692], [-104.85967, 38.868714], [-104.859569, 38.868835], [-104.859521, 38.868892], [-104.859453, 38.868982], [-104.859435, 38.869011], [-104.859416, 38.869041], [-104.859407, 38.869059], [-104.859392, 38.869089], [-104.85938, 38.869106], [-104.85938, 38.869107], [-104.859323, 38.869188], [-104.859155, 38.869429], [-104.859106, 38.869482], [-104.858934, 38.869666], [-104.858827, 38.869782], [-104.858762, 38.869843], [-104.857945, 38.870613], [-104.857917, 38.870638], [-104.857595, 38.870924], [-104.857418, 38.871081], [-104.857314, 38.871178], [-104.856777, 38.871686], [-104.856553, 38.87189], [-104.856001, 38.872396], [-104.855885, 38.872506], [-104.855666, 38.872716], [-104.855458, 38.872914], [-104.855437, 38.872935], [-104.854802, 38.873471], [-104.854584, 38.873657], [-104.854209, 38.873959], [-104.854209, 38.873959], [-104.85416, 38.873999], [-104.853754, 38.874249], [-104.85319, 38.874567], [-104.85296, 38.874682], [-104.852749, 38.874789], [-104.852749, 38.874789], [-104.85253, 38.874899], [-104.852426, 38.874959], [-104.85234, 38.87501], [-104.852108, 38.875122], [-104.852001, 38.875175], [-104.851534, 38.875403], [-104.851048, 38.875619], [-104.851012, 38.87563], [-104.85073, 38.875723], [-104.850287, 38.875856], [-104.850282, 38.875857], [-104.850277, 38.875858], [-104.849562, 38.875914], [-104.849395, 38.875927], [-104.848361, 38.875997], [-104.847788, 38.876039], [-104.847208, 38.876082], [-104.846944, 38.876098], [-104.846943, 38.876098], [-104.846704, 38.876123], [-104.845292, 38.876184], [-104.843833, 38.876248], [-104.843789, 38.87625], [-104.843717, 38.876253], [-104.842909, 38.876288], [-104.841055, 38.876346], [-104.840073, 38.876378], [-104.839643, 38.876374], [-104.838976, 38.876373], [-104.838417, 38.876357], [-104.838305, 38.876356], [-104.837448, 38.876357], [-104.837409, 38.876357], [-104.837385, 38.876357], [-104.837275, 38.876357], [-104.837161, 38.876357], [-104.837109, 38.876357], [-104.837043, 38.876357], [-104.836944, 38.876356], [-104.836905, 38.876356], [-104.836636, 38.876356], [-104.836552, 38.876356], [-104.836472, 38.876356], [-104.836137, 38.876355], [-104.835881, 38.876355], [-104.835832, 38.876355], [-104.835685, 38.876355], [-104.835637, 38.876355], [-104.835543, 38.876354], [-104.835264, 38.876352], [-104.835171, 38.876352], [-104.835172, 38.876359], [-104.835175, 38.876372], [-104.835206, 38.87652], [-104.835239, 38.876674], [-104.835391, 38.877392], [-104.83545, 38.877641], [-104.835526, 38.877962], [-104.835545, 38.878044], [-104.835604, 38.878294], [-104.835624, 38.878377], [-104.835819, 38.879203], [-104.83588, 38.879558], [-104.836007, 38.880291], [-104.836047, 38.880715], [-104.836086, 38.881548], [-104.836099, 38.882447], [-104.836038, 38.883169], [-104.83603, 38.883275], [-104.836, 38.883522], [-104.835958, 38.88386], [-104.835865, 38.884301], [-104.835852, 38.884363], [-104.835717, 38.885005], [-104.835504, 38.885832], [-104.835335, 38.886308], [-104.835305, 38.886393], [-104.835229, 38.88661], [-104.835113, 38.886866], [-104.834802, 38.88755], [-104.834449, 38.888236], [-104.83418, 38.888759], [-104.832855, 38.891332], [-104.832644, 38.891716], [-104.83231, 38.892329], [-104.831754, 38.893523], [-104.831708, 38.89362], [-104.831571, 38.893914], [-104.831526, 38.894012], [-104.831513, 38.89404], [-104.831474, 38.894124], [-104.831461, 38.894152], [-104.831451, 38.894172], [-104.831421, 38.894235], [-104.831412, 38.894257], [-104.831385, 38.894315], [-104.831275, 38.894551], [-104.831245, 38.894615], [-104.831179, 38.894774], [-104.83053, 38.89635], [-104.830386, 38.896703], [-104.830313, 38.896875], [-104.830127, 38.897315], [-104.830111, 38.897355], [-104.829761, 38.898294], [-104.829621, 38.898657], [-104.82945, 38.899104], [-104.829299, 38.899498], [-104.829166, 38.899827], [-104.828874, 38.900556], [-104.828871, 38.900563], [-104.828474, 38.90156], [-104.828293, 38.90199], [-104.828188, 38.902239], [-104.828026, 38.902627], [-104.827993, 38.902707], [-104.827878, 38.90299], [-104.827533, 38.903839], [-104.827418, 38.904122], [-104.827327, 38.904345], [-104.827134, 38.904819], [-104.827052, 38.905014], [-104.826959, 38.905237], [-104.826941, 38.90528], [-104.826843, 38.905516], [-104.826428, 38.906509], [-104.826168, 38.907133], [-104.825635, 38.908082], [-104.825185, 38.908839], [-104.824723, 38.909499], [-104.824237, 38.910045], [-104.823308, 38.910892], [-104.822895, 38.911279], [-104.822828, 38.911308], [-104.822768, 38.911336], [-104.822632, 38.911403], [-104.822567, 38.911435], [-104.822533, 38.91146], [-104.822433, 38.911536], [-104.821948, 38.911905], [-104.821672, 38.912112], [-104.821481, 38.912249], [-104.821388, 38.912328], [-104.821378, 38.912335], [-104.821315, 38.91238], [-104.82113, 38.912528], [-104.821117, 38.912538], [-104.821074, 38.912571], [-104.820948, 38.912671], [-104.820907, 38.912705], [-104.820825, 38.91277], [-104.82066, 38.912901], [-104.820577, 38.912962], [-104.820493, 38.913025], [-104.820388, 38.913102], [-104.820075, 38.913335], [-104.820066, 38.913343], [-104.819972, 38.913415], [-104.819626, 38.91368], [-104.819101, 38.914083], [-104.818583, 38.914469], [-104.818311, 38.914673], [-104.818238, 38.914734], [-104.817904, 38.91501], [-104.817697, 38.915199], [-104.817428, 38.915446], [-104.817221, 38.915675], [-104.816943, 38.915911], [-104.816624, 38.916236], [-104.81613, 38.916917], [-104.815623, 38.917758], [-104.815209, 38.918799], [-104.814744, 38.920521], [-104.814738, 38.920556], [-104.814721, 38.920661], [-104.814716, 38.920697], [-104.814647, 38.921126], [-104.814439, 38.922413], [-104.814371, 38.922843], [-104.814353, 38.922951], [-104.814349, 38.922979], [-104.814305, 38.923278], [-104.814289, 38.923387], [-104.814194, 38.924036], [-104.814192, 38.924045], [-104.814092, 38.924839], [-104.814007, 38.925713], [-104.813964, 38.926027], [-104.813903, 38.92648], [-104.813879, 38.926687], [-104.813866, 38.926794], [-104.813856, 38.926888], [-104.813812, 38.927116], [-104.813798, 38.927193], [-104.813793, 38.927223], [-104.813754, 38.927447], [-104.813681, 38.927878], [-104.813649, 38.928123], [-104.813621, 38.92835], [-104.813516, 38.928916], [-104.813472, 38.929272], [-104.813428, 38.929632], [-104.8132, 38.930996], [-104.813109, 38.931482], [-104.813019, 38.93204], [-104.813008, 38.932112], [-104.812887, 38.93273], [-104.812882, 38.932774], [-104.812868, 38.932897], [-104.812867, 38.932905], [-104.812861, 38.932961], [-104.812687, 38.932955], [-104.812491, 38.93295], [-104.812486, 38.93295], [-104.812461, 38.932949], [-104.812167, 38.932943], [-104.811994, 38.932941], [-104.811854, 38.932938], [-104.811434, 38.93293], [-104.811294, 38.932928], [-104.811205, 38.932926], [-104.810938, 38.932921], [-104.810849, 38.93292], [-104.810659, 38.932916], [-104.810454, 38.932912], [-104.81009, 38.93293], [-104.810063, 38.932932], [-104.809901, 38.932943], [-104.809772, 38.932952], [-104.809589, 38.932958], [-104.809485, 38.932964], [-104.809172, 38.932986], [-104.808238, 38.932996], [-104.808015, 38.932999], [-104.807822, 38.933], [-104.80692, 38.933008], [-104.806373, 38.933014], [-104.805988, 38.933017], [-104.80578, 38.933012], [-104.805544, 38.933015], [-104.805324, 38.933026], [-104.804807, 38.933043], [-104.804393, 38.933071], [-104.804367, 38.933073], [-104.804039, 38.933099], [-104.80332, 38.933155], [-104.803142, 38.93317], [-104.803035, 38.93317], [-104.802603, 38.933186], [-104.802311, 38.933189], [-104.800783, 38.933184], [-104.799685, 38.933184], [-104.7993, 38.933161], [-104.797252, 38.932787], [-104.796927, 38.932751], [-104.796645, 38.932724], [-104.796488, 38.932714], [-104.79648, 38.932714], [-104.796475, 38.932713], [-104.796359, 38.932574], [-104.796359, 38.932574], [-104.796354, 38.932568], [-104.796146, 38.932557], [-104.796146, 38.932557], [-104.796118, 38.932556], [-104.796118, 38.932556], [-104.796086, 38.932554], [-104.795691, 38.932534], [-104.795685, 38.932534], [-104.795404, 38.932525], [-104.795211, 38.93252], [-104.795206, 38.93252], [-104.794747, 38.932508], [-104.794726, 38.932507], [-104.794701, 38.932506], [-104.794466, 38.932507], [-104.794273, 38.932508], [-104.794246, 38.932509], [-104.793852, 38.932511], [-104.793766, 38.932511], [-104.793747, 38.932511], [-104.793532, 38.932508], [-104.793326, 38.932506], [-104.793286, 38.932506], [-104.793207, 38.932505], [-104.792994, 38.932502], [-104.792838, 38.932501], [-104.792806, 38.932501], [-104.792341, 38.932496], [-104.792327, 38.932496], [-104.79189, 38.932492], [-104.791847, 38.932492], [-104.791828, 38.932491], [-104.791393, 38.932487], [-104.791367, 38.932487], [-104.790918, 38.932483], [-104.790887, 38.932483], [-104.790429, 38.932478], [-104.790407, 38.932478], [-104.790406, 38.932478], [-104.789927, 38.93247], [-104.789921, 38.93247], [-104.789448, 38.932462], [-104.789446, 38.932462], [-104.789244, 38.932458], [-104.788978, 38.932456], [-104.788968, 38.932456], [-104.788808, 38.932454], [-104.78858, 38.932477], [-104.788488, 38.932487], [-104.788411, 38.932494], [-104.788225, 38.932535], [-104.788175, 38.932553], [-104.788163, 38.932557], [-104.788009, 38.932609], [-104.788007, 38.93261], [-104.787966, 38.932617], [-104.787817, 38.932644], [-104.787682, 38.932677], [-104.787559, 38.932707], [-104.787526, 38.932715], [-104.787404, 38.932743], [-104.787219, 38.93279], [-104.787167, 38.932803], [-104.787045, 38.932834], [-104.786963, 38.932854], [-104.786729, 38.932914], [-104.786722, 38.932916], [-104.786563, 38.932953], [-104.786389, 38.932994], [-104.78625, 38.933018], [-104.786083, 38.933046], [-104.786048, 38.933051], [-104.785874, 38.933066], [-104.785677, 38.933072], [-104.785603, 38.933074], [-104.785595, 38.933074], [-104.785172, 38.93307], [-104.785144, 38.933069], [-104.785123, 38.933069], [-104.784941, 38.933068], [-104.784649, 38.933063], [-104.784643, 38.933063], [-104.784531, 38.93306], [-104.784383, 38.933056], [-104.784204, 38.933056], [-104.784163, 38.933056], [-104.784115, 38.933055], [-104.783726, 38.933055], [-104.783683, 38.933055], [-104.78324, 38.933054], [-104.783203, 38.933054], [-104.78287, 38.933053], [-104.782754, 38.933053], [-104.782723, 38.933053], [-104.782455, 38.933053], [-104.782352, 38.933052], [-104.782271, 38.933052], [-104.782244, 38.933052], [-104.782219, 38.933052], [-104.782047, 38.933052], [-104.781945, 38.933052], [-104.781791, 38.933052], [-104.781764, 38.933052], [-104.781689, 38.933051], [-104.781284, 38.933051], [-104.781283, 38.933051], [-104.780921, 38.933051], [-104.780839, 38.933051], [-104.780804, 38.933051], [-104.780717, 38.933051], [-104.780665, 38.933051], [-104.780397, 38.933051], [-104.780344, 38.933051], [-104.780324, 38.933051], [-104.779868, 38.933051], [-104.779844, 38.933051], [-104.779716, 38.933051], [-104.779594, 38.933051], [-104.779388, 38.933051], [-104.779364, 38.933051], [-104.779327, 38.933051], [-104.778908, 38.933051], [-104.778884, 38.933051], [-104.778806, 38.933051], [-104.778411, 38.933052], [-104.778404, 38.933052], [-104.777948, 38.933052], [-104.777925, 38.933052], [-104.777795, 38.933052], [-104.777472, 38.933053], [-104.777445, 38.933053], [-104.777245, 38.933053], [-104.776981, 38.933054], [-104.776965, 38.933054], [-104.776725, 38.933055], [-104.776541, 38.933056], [-104.776485, 38.933056], [-104.776398, 38.933056], [-104.77606, 38.933058], [-104.776005, 38.933058], [-104.775581, 38.93306], [-104.775419, 38.933061], [-104.775315, 38.933062], [-104.77522, 38.933063], [-104.775093, 38.933063], [-104.774919, 38.933064], [-104.774754, 38.933064], [-104.774708, 38.933065], [-104.774107, 38.933073], [-104.773777, 38.933078], [-104.773393, 38.933083], [-104.772815, 38.933084], [-104.772639, 38.933085], [-104.772639, 38.933085], [-104.772639, 38.933085], [-104.772443, 38.933085], [-104.771852, 38.933086], [-104.771851, 38.933086], [-104.771741, 38.933086], [-104.771738, 38.933086], [-104.771574, 38.933089], [-104.771223, 38.933093], [-104.771149, 38.933094], [-104.771081, 38.933095], [-104.770938, 38.933112], [-104.770848, 38.933122], [-104.770847, 38.933123], [-104.770481, 38.933195], [-104.770191, 38.9333], [-104.770148, 38.933316], [-104.770019, 38.933363], [-104.769354, 38.933648], [-104.769165, 38.933732], [-104.768842, 38.933875], [-104.768017, 38.934241], [-104.767978, 38.934258], [-104.767926, 38.93428], [-104.767707, 38.934374], [-104.767449, 38.934487], [-104.767361, 38.934525], [-104.766851, 38.934745], [-104.766645, 38.934835], [-104.766616, 38.934848], [-104.766017, 38.935107], [-104.765698, 38.935249], [-104.765116, 38.935509], [-104.764887, 38.935613], [-104.764469, 38.935725], [-104.763981, 38.93596], [-104.763047, 38.936456], [-104.762952, 38.936555], [-104.762472, 38.936797], [-104.761843, 38.937115], [-104.761727, 38.937162], [-104.761681, 38.937181], [-104.76165, 38.937194], [-104.761583, 38.937221], [-104.761407, 38.937294], [-104.761095, 38.937394], [-104.760932, 38.937447], [-104.760861, 38.937444], [-104.760686, 38.937435], [-104.760363, 38.937516], [-104.759963, 38.937602], [-104.759352, 38.937711], [-104.759063, 38.937767], [-104.758888, 38.9378], [-104.758715, 38.937834], [-104.75866, 38.937844], [-104.758186, 38.937886], [-104.757065, 38.937891], [-104.756823, 38.937888], [-104.756829, 38.937964], [-104.756829, 38.937967], [-104.756831, 38.938037], [-104.756704, 38.938036], [-104.75658, 38.938034], [-104.756377, 38.938032], [-104.75573, 38.938044], [-104.755375, 38.938051], [-104.754951, 38.938089], [-104.754386, 38.93817], [-104.753935, 38.938258], [-104.753575, 38.938364], [-104.75311, 38.938523], [-104.752529, 38.938755], [-104.752467, 38.938781], [-104.751525, 38.939206], [-104.750889, 38.939504], [-104.750756, 38.939567], [-104.750268, 38.939733], [-104.750015, 38.939826], [-104.749604, 38.939943], [-104.749168, 38.940037], [-104.748873, 38.940095], [-104.748728, 38.940125], [-104.748359, 38.940173], [-104.748188, 38.940196], [-104.748179, 38.940197], [-104.748168, 38.940122], [-104.748163, 38.940088], [-104.748162, 38.940081], [-104.740673, 38.940102], [-104.74009, 38.940093], [-104.74001, 38.940092], [-104.739681, 38.940087], [-104.739625, 38.94018], [-104.739591, 38.940235], [-104.739417, 38.940235], [-104.738169, 38.940234], [-104.737607, 38.940233], [-104.734487, 38.940232], [-104.734272, 38.940231], [-104.733527, 38.94023], [-104.731698, 38.940229], [-104.731434, 38.940237], [-104.731094, 38.940248], [-104.730611, 38.940269], [-104.729387, 38.940269], [-104.729377, 38.940269], [-104.729381, 38.940175], [-104.729384, 38.940111], [-104.729384, 38.940104], [-104.72934, 38.940105], [-104.729186, 38.940105], [-104.729175, 38.940105], [-104.728993, 38.940107], [-104.727142, 38.940121], [-104.724767, 38.940129], [-104.72474, 38.940129], [-104.724539, 38.94013], [-104.72273, 38.940135], [-104.722118, 38.940138], [-104.720468, 38.940139], [-104.720211, 38.94013], [-104.720076, 38.940127], [-104.720053, 38.940316], [-104.719953, 38.940318], [-104.719912, 38.940319], [-104.719753, 38.940317], [-104.719752, 38.940317], [-104.719752, 38.940317], [-104.719742, 38.940317], [-104.719724, 38.940317], [-104.719565, 38.940313], [-104.719512, 38.940316], [-104.719443, 38.94032], [-104.719424, 38.940321], [-104.719346, 38.940326], [-104.719266, 38.94033], [-104.719243, 38.940331], [-104.718401, 38.940378], [-104.71749, 38.9404], [-104.71724, 38.940406], [-104.715234, 38.940473], [-104.71487, 38.940485], [-104.714613, 38.940493], [-104.713962, 38.940524], [-104.713885, 38.940527], [-104.713369, 38.940561], [-104.712562, 38.940622], [-104.71225, 38.940646], [-104.712232, 38.940647], [-104.711184, 38.940727], [-104.710369, 38.940751], [-104.709856, 38.94076], [-104.70963, 38.940764], [-104.708514, 38.940784], [-104.707258, 38.940825], [-104.70701, 38.940834], [-104.706347, 38.940855], [-104.705227, 38.940914], [-104.704916, 38.940938], [-104.704906, 38.940938], [-104.70439, 38.940976], [-104.703893, 38.941011], [-104.70261, 38.94106], [-104.701853, 38.941069], [-104.701113, 38.941078], [-104.70111, 38.941078], [-104.701019, 38.94108], [-104.700673, 38.941085], [-104.700363, 38.941092], [-104.699362, 38.941098], [-104.698925, 38.941102], [-104.698565, 38.941121], [-104.69845, 38.941127], [-104.697488, 38.941163], [-104.697129, 38.941178], [-104.696877, 38.94119], [-104.696724, 38.941197], [-104.696497, 38.94121], [-104.696092, 38.941241], [-104.695863, 38.941257], [-104.695614, 38.941275], [-104.695267, 38.9413], [-104.69478, 38.941323], [-104.694079, 38.941357], [-104.692812, 38.94137], [-104.691287, 38.941373], [-104.690689, 38.941371], [-104.690186, 38.941369], [-104.689093, 38.941375], [-104.688339, 38.94138], [-104.687914, 38.941383], [-104.687567, 38.941385], [-104.687292, 38.941387], [-104.687082, 38.941388], [-104.685989, 38.94138], [-104.68429, 38.941358], [-104.683328, 38.941334], [-104.682479, 38.941278], [-104.681893, 38.941228], [-104.681586, 38.941204], [-104.680965, 38.941154], [-104.679276, 38.94099], [-104.679191, 38.940983], [-104.67831, 38.940908], [-104.678164, 38.940895], [-104.677635, 38.94087], [-104.67681, 38.940859], [-104.673817, 38.94084], [-104.673365, 38.940848], [-104.673355, 38.940848], [-104.673353, 38.940976], [-104.673352, 38.941031], [-104.673326, 38.942132], [-104.673311, 38.942838], [-104.673298, 38.944014], [-104.673298, 38.944014], [-104.673298, 38.944014], [-104.673298, 38.944014], [-104.673298, 38.944014], [-104.673298, 38.944014], [-104.673293, 38.944482], [-104.673283, 38.944826], [-104.673283, 38.944826], [-104.673283, 38.944826], [-104.673263, 38.945572], [-104.673248, 38.94626], [-104.673246, 38.94636], [-104.673237, 38.946773], [-104.673237, 38.946798], [-104.67322, 38.947674], [-104.673217, 38.948321], [-104.673213, 38.948725], [-104.673208, 38.948958], [-104.673172, 38.950869], [-104.67316, 38.951506], [-104.673163, 38.951522], [-104.673165, 38.951531], [-104.673168, 38.951557], [-104.673168, 38.951608], [-104.673172, 38.951654], [-104.673175, 38.951702], [-104.673176, 38.951716], [-104.673188, 38.951869], [-104.673197, 38.951869], [-104.6766, 38.951856], [-104.676602, 38.951856], [-104.677925, 38.951855], [-104.682573, 38.951838], [-104.682576, 38.951624], [-104.682632, 38.948232], [-104.682632, 38.948215], [-104.683828, 38.948212], [-104.684135, 38.948214], [-104.684364, 38.948216], [-104.690879, 38.948266], [-104.691773, 38.948272], [-104.691773, 38.948279], [-104.69173, 38.95024], [-104.6917, 38.951628], [-104.691709, 38.951731], [-104.691702, 38.951737], [-104.691696, 38.951744], [-104.691691, 38.951748], [-104.691667, 38.951771], [-104.691652, 38.951785], [-104.691571, 38.951863], [-104.691537, 38.951895], [-104.691415, 38.952011], [-104.691251, 38.952167], [-104.691174, 38.95224], [-104.691119, 38.952293], [-104.691114, 38.952298], [-104.69091, 38.952492], [-104.690824, 38.952574], [-104.690819, 38.952579], [-104.690529, 38.952856], [-104.690524, 38.952861], [-104.690404, 38.952975], [-104.690234, 38.953138], [-104.690149, 38.953218], [-104.690009, 38.953352], [-104.689939, 38.953419], [-104.689644, 38.953701], [-104.689639, 38.953705], [-104.689573, 38.953768], [-104.689353, 38.953982], [-104.689348, 38.953987], [-104.689277, 38.954056], [-104.689063, 38.954264], [-104.689048, 38.954279], [-104.688937, 38.954386], [-104.688873, 38.954448], [-104.688554, 38.954758], [-104.688554, 38.954758], [-104.688542, 38.95477], [-104.688529, 38.954782], [-104.688529, 38.954783], [-104.688529, 38.954783], [-104.688513, 38.954798], [-104.688503, 38.954809], [-104.688455, 38.954855], [-104.688437, 38.954872], [-104.688437, 38.954873], [-104.688433, 38.954876], [-104.688404, 38.954903], [-104.688399, 38.954908], [-104.688389, 38.954917], [-104.688406, 38.954917], [-104.691621, 38.954901], [-104.699884, 38.954871], [-104.700567, 38.954869], [-104.700591, 38.954868], [-104.700678, 38.954868], [-104.700728, 38.954867], [-104.700728, 38.954874], [-104.700728, 38.954891], [-104.700728, 38.954892], [-104.700725, 38.955031], [-104.700718, 38.955545], [-104.700715, 38.955675], [-104.70071, 38.956065], [-104.700708, 38.956196], [-104.700698, 38.95684], [-104.700692, 38.957303], [-104.700686, 38.958039], [-104.700681, 38.958774], [-104.700677, 38.959419], [-104.700673, 38.960308], [-104.700673, 38.960373], [-104.70067, 38.961001], [-104.700664, 38.96207], [-104.700658, 38.962975], [-104.700656, 38.963427], [-104.700652, 38.963864], [-104.700648, 38.964412], [-104.700635, 38.966014], [-104.700635, 38.96608], [-104.700628, 38.967677], [-104.700614, 38.968718], [-104.700605, 38.969354], [-104.700605, 38.969377], [-104.700596, 38.970173], [-104.700604, 38.971559], [-104.700596, 38.971844], [-104.700567, 38.972886], [-104.70056, 38.974328], [-104.700553, 38.974681], [-104.700531, 38.975871], [-104.700484, 38.977551], [-104.700502, 38.97882], [-104.700508, 38.979037], [-104.700513, 38.979248], [-104.700505, 38.979456], [-104.700503, 38.979497], [-104.70048, 38.980066], [-104.700475, 38.980218], [-104.700473, 38.980272], [-104.700451, 38.981153], [-104.700433, 38.981861], [-104.700425, 38.98226], [-104.700405, 38.98346], [-104.700404, 38.983537], [-104.700392, 38.98386], [-104.700402, 38.98386], [-104.700414, 38.98386], [-104.701786, 38.983861], [-104.704208, 38.983863], [-104.705306, 38.983863], [-104.705968, 38.983861], [-104.707217, 38.983858], [-104.707362, 38.983858], [-104.707914, 38.983856], [-104.709569, 38.983851], [-104.710122, 38.98385], [-104.710681, 38.983847], [-104.71199, 38.98384], [-104.712358, 38.983837], [-104.712917, 38.983834], [-104.713445, 38.98383], [-104.715029, 38.98382], [-104.715558, 38.983817], [-104.716044, 38.983813], [-104.716207, 38.983813], [-104.717505, 38.983804], [-104.717992, 38.983801], [-104.718185, 38.9838], [-104.718517, 38.983802], [-104.720094, 38.983815], [-104.720349, 38.983818], [-104.720349, 38.983818], [-104.720462, 38.983836], [-104.726062, 38.983824], [-104.732109, 38.983814], [-104.732126, 38.983812], [-104.732364, 38.983801], [-104.732496, 38.983795], [-104.732806, 38.98379], [-104.73304, 38.983803], [-104.733229, 38.983797], [-104.73339, 38.983798], [-104.734247, 38.983803], [-104.734876, 38.983807], [-104.735677, 38.983809], [-104.73602, 38.983813], [-104.736984, 38.983823], [-104.737456, 38.983811], [-104.737574, 38.983807], [-104.737741, 38.98381], [-104.737822, 38.98381], [-104.737854, 38.983812], [-104.738005, 38.983814], [-104.738129, 38.983804], [-104.738626, 38.98376], [-104.739143, 38.983789], [-104.740299, 38.983793], [-104.740687, 38.983795], [-104.741225, 38.983791], [-104.742823, 38.983785], [-104.743769, 38.983784], [-104.744926, 38.983783], [-104.74512, 38.983782], [-104.745295, 38.983782], [-104.745705, 38.983782], [-104.7459, 38.983782], [-104.746176, 38.983782], [-104.746871, 38.983782], [-104.747004, 38.983783], [-104.747281, 38.983786], [-104.748658, 38.983774], [-104.74915, 38.983769], [-104.749482, 38.983767], [-104.749597, 38.983766], [-104.74985, 38.983763], [-104.751626, 38.983762], [-104.753099, 38.983764], [-104.75396, 38.983752], [-104.754001, 38.983751], [-104.754244, 38.983748], [-104.7546, 38.983745], [-104.754757, 38.983744], [-104.756627, 38.983741], [-104.756627, 38.983748], [-104.75663, 38.984478], [-104.756632, 38.984751], [-104.756637, 38.98561], [-104.756639, 38.985929], [-104.756644, 38.986688], [-104.756645, 38.986839], [-104.756648, 38.987426], [-104.756651, 38.988154], [-104.756653, 38.988361], [-104.756656, 38.988865], [-104.756659, 38.989535], [-104.756668, 38.990338], [-104.756672, 38.990694], [-104.756676, 38.991067], [-104.756681, 38.991481], [-104.756675, 38.992071], [-104.756674, 38.992143], [-104.756672, 38.99235], [-104.756656, 38.994051], [-104.756657, 38.994124], [-104.756658, 38.99418], [-104.75667, 38.994825], [-104.756678, 38.995374], [-104.75668, 38.995466], [-104.756696, 38.996451], [-104.756693, 38.996673], [-104.756687, 38.997339], [-104.756685, 38.997562], [-104.756678, 38.998131], [-104.756677, 38.998266], [-104.756687, 38.998266], [-104.760529, 38.998236], [-104.764172, 38.9982], [-104.765992, 38.998186], [-104.765992, 38.998193], [-104.765957, 39.00385], [-104.765947, 39.005537], [-104.756675, 39.005503], [-104.756678, 39.005812], [-104.756679, 39.0059], [-104.756698, 39.006904], [-104.756705, 39.007268], [-104.756707, 39.008057], [-104.756705, 39.008358], [-104.756704, 39.008919], [-104.756705, 39.009108], [-104.756683, 39.009709], [-104.756707, 39.011329], [-104.756704, 39.011631], [-104.756701, 39.012027], [-104.756701, 39.012205], [-104.756702, 39.012722], [-104.756712, 39.012722], [-104.757244, 39.012726], [-104.75779, 39.012732], [-104.75887, 39.012747], [-104.759413, 39.012756], [-104.760558, 39.012751], [-104.761044, 39.012756], [-104.76153, 39.012762], [-104.762271, 39.012753], [-104.765097, 39.012715], [-104.765739, 39.012716], [-104.765939, 39.012712], [-104.766885, 39.012694], [-104.767332, 39.012695], [-104.76757, 39.012679], [-104.767678, 39.012671], [-104.768017, 39.012624], [-104.768193, 39.012593], [-104.768312, 39.012573], [-104.768852, 39.012459], [-104.769463, 39.012308], [-104.769586, 39.012273], [-104.76975, 39.012227], [-104.769901, 39.012184], [-104.771408, 39.011757], [-104.772672, 39.011432], [-104.773255, 39.011273], [-104.773617, 39.011173], [-104.773912, 39.011088], [-104.774457, 39.010929], [-104.774594, 39.01092], [-104.775539, 39.010635], [-104.775566, 39.010628], [-104.776091, 39.010453], [-104.776343, 39.010362], [-104.776472, 39.010315], [-104.77683, 39.010167], [-104.776885, 39.010141], [-104.777091, 39.01004], [-104.777352, 39.009874], [-104.777422, 39.009824], [-104.777462, 39.009796], [-104.777597, 39.009697], [-104.77772, 39.009594], [-104.777823, 39.009508], [-104.778141, 39.009293], [-104.778186, 39.009262], [-104.778204, 39.009254], [-104.778306, 39.009209], [-104.778384, 39.009174], [-104.77839, 39.009182], [-104.778691, 39.00956], [-104.778881, 39.009795], [-104.778907, 39.009826], [-104.778909, 39.009829], [-104.778909, 39.009829], [-104.779311, 39.010324], [-104.779647, 39.010823], [-104.779815, 39.011139], [-104.779932, 39.011502], [-104.780193, 39.012788], [-104.780382, 39.013719], [-104.780513, 39.014367], [-104.780592, 39.014758], [-104.780758, 39.015577], [-104.780813, 39.016488], [-104.780785, 39.016663], [-104.780755, 39.01761], [-104.780648, 39.018559], [-104.780582, 39.019104], [-104.780526, 39.019464], [-104.780285, 39.021287], [-104.780252, 39.021539], [-104.78025, 39.021552], [-104.78025, 39.021578], [-104.780192, 39.021957], [-104.780094, 39.022683], [-104.780073, 39.022836], [-104.779866, 39.023914], [-104.779778, 39.024158], [-104.779536, 39.024829], [-104.779377, 39.025233], [-104.778989, 39.026243], [-104.778635, 39.02715], [-104.778113, 39.02852], [-104.778093, 39.028613], [-104.777794, 39.029357], [-104.777752, 39.029466], [-104.777452, 39.03023], [-104.777259, 39.030821], [-104.775899, 39.034261], [-104.77571, 39.034816], [-104.775663, 39.035059], [-104.775622, 39.03527], [-104.775587, 39.03531], [-104.775527, 39.035352], [-104.775525, 39.035353], [-104.775523, 39.0354], [-104.77552, 39.03547], [-104.775515, 39.035576], [-104.775506, 39.035802], [-104.775523, 39.036245], [-104.77553, 39.036395], [-104.775531, 39.036469], [-104.775532, 39.036576], [-104.775538, 39.036899], [-104.77554, 39.037007], [-104.77554, 39.037037], [-104.775529, 39.03722], [-104.775516, 39.037458], [-104.775467, 39.037708], [-104.775418, 39.037849], [-104.775392, 39.037928], [-104.775337, 39.038047], [-104.775306, 39.038113], [-104.775166, 39.038324], [-104.775149, 39.038351], [-104.775063, 39.038449], [-104.774938, 39.03859], [-104.774502, 39.038975], [-104.774466, 39.039004], [-104.774218, 39.039216], [-104.773842, 39.039528], [-104.773714, 39.039631], [-104.77362, 39.039709], [-104.773328, 39.039898], [-104.772976, 39.040057], [-104.772617, 39.04017], [-104.772363, 39.040233], [-104.771912, 39.040344], [-104.771463, 39.040456], [-104.771281, 39.040509], [-104.771009, 39.040589], [-104.770786, 39.04068], [-104.770766, 39.040689], [-104.770506, 39.04082], [-104.770303, 39.040961], [-104.770103, 39.041125], [-104.769632, 39.041585], [-104.769505, 39.041717], [-104.769229, 39.042008], [-104.769136, 39.04212], [-104.76884, 39.042473], [-104.768635, 39.042704], [-104.768087, 39.043327], [-104.767963, 39.043476], [-104.767798, 39.043672], [-104.767229, 39.044452], [-104.767193, 39.044503], [-104.767145, 39.044573], [-104.766756, 39.045136], [-104.766454, 39.045564], [-104.766148, 39.046037], [-104.766113, 39.046084], [-104.765916, 39.046358], [-104.765777, 39.046538], [-104.765547, 39.046787], [-104.765351, 39.046981], [-104.764733, 39.047445], [-104.76446, 39.047678], [-104.764218, 39.047925], [-104.764064, 39.048149], [-104.763937, 39.048367], [-104.763879, 39.048534], [-104.763861, 39.048613], [-104.763809, 39.048848], [-104.763796, 39.049227], [-104.763795, 39.049754], [-104.763793, 39.050087], [-104.7638, 39.05036], [-104.763821, 39.051118], [-104.763864, 39.052059], [-104.763871, 39.052176], [-104.763907, 39.052782], [-104.763888, 39.052937], [-104.763893, 39.053482], [-104.763902, 39.054222], [-104.76391, 39.05436], [-104.763927, 39.054648], [-104.763934, 39.054767], [-104.763951, 39.055369], [-104.763952, 39.055587], [-104.763953, 39.055678], [-104.763933, 39.055972], [-104.763895, 39.056286], [-104.763888, 39.056332], [-104.76386, 39.056468], [-104.763859, 39.056472], [-104.763852, 39.056507], [-104.763848, 39.056518], [-104.763756, 39.056795], [-104.763689, 39.056952], [-104.763642, 39.05706], [-104.763471, 39.057415], [-104.76341, 39.057543], [-104.763357, 39.057648], [-104.763163, 39.058039], [-104.763034, 39.058281], [-104.762621, 39.059065], [-104.762577, 39.059149], [-104.76244, 39.05942], [-104.762321, 39.059652], [-104.762173, 39.059989], [-104.762158, 39.060025], [-104.762038, 39.06033], [-104.762028, 39.060354], [-104.761956, 39.060658], [-104.761925, 39.060853], [-104.761907, 39.060963], [-104.761883, 39.061103], [-104.761862, 39.061236], [-104.761827, 39.061525], [-104.76181, 39.061667], [-104.761791, 39.061817], [-104.761774, 39.061959], [-104.761721, 39.062268], [-104.761696, 39.062418], [-104.761674, 39.062543], [-104.761651, 39.062677], [-104.76164, 39.062747], [-104.761538, 39.063457], [-104.761501, 39.063718], [-104.761429, 39.064167], [-104.761426, 39.064192], [-104.761378, 39.064685], [-104.761366, 39.064947], [-104.761369, 39.065203], [-104.761376, 39.065405], [-104.761381, 39.065527], [-104.7614, 39.065982], [-104.761437, 39.066943], [-104.761455, 39.067414], [-104.761461, 39.067566], [-104.76156, 39.069827], [-104.761569, 39.070011], [-104.761617, 39.070788], [-104.761657, 39.071414], [-104.761695, 39.071698], [-104.761766, 39.072233], [-104.761905, 39.072704], [-104.761911, 39.072724], [-104.762003, 39.072904], [-104.762033, 39.072972], [-104.762095, 39.073109], [-104.762229, 39.073347], [-104.762533, 39.073754], [-104.762586, 39.073811], [-104.762953, 39.074207], [-104.764046, 39.075296], [-104.764187, 39.07544], [-104.765763, 39.077037], [-104.765974, 39.07725], [-104.766086, 39.07739], [-104.766185, 39.077515], [-104.766624, 39.078064], [-104.766681, 39.078174], [-104.766709, 39.078227], [-104.766903, 39.0786], [-104.766981, 39.078748], [-104.767207, 39.079282], [-104.76736, 39.079842], [-104.767451, 39.080348], [-104.767499, 39.081125], [-104.767541, 39.081786], [-104.767583, 39.082449], [-104.767673, 39.083121], [-104.767715, 39.083325], [-104.767811, 39.083603], [-104.767911, 39.083856], [-104.768114, 39.084284], [-104.768321, 39.084642], [-104.768779, 39.085233], [-104.769524, 39.086212], [-104.769689, 39.08643], [-104.76974, 39.086496], [-104.770063, 39.086988], [-104.770148, 39.087117], [-104.770336, 39.087464], [-104.770435, 39.087771], [-104.7705, 39.088135], [-104.770504, 39.088167], [-104.770527, 39.088349], [-104.77059, 39.088858], [-104.770623, 39.089183], [-104.770758, 39.090532], [-104.770782, 39.090774], [-104.770878, 39.091785], [-104.770917, 39.092615], [-104.770919, 39.092636], [-104.770927, 39.092937], [-104.770927, 39.09301], [-104.770911, 39.093636], [-104.77078, 39.095788], [-104.770703, 39.097236], [-104.770659, 39.098147], [-104.770644, 39.098485], [-104.770638, 39.099162], [-104.770696, 39.099992], [-104.770697, 39.100006], [-104.770708, 39.100171], [-104.770859, 39.101378], [-104.77098, 39.102263], [-104.771028, 39.102691], [-104.771078, 39.103019], [-104.771098, 39.103721], [-104.771108, 39.105836], [-104.771127, 39.109755], [-104.771131, 39.110521], [-104.77115, 39.11165], [-104.771116, 39.112577], [-104.771053, 39.113031], [-104.77091, 39.113482], [-104.770897, 39.113522], [-104.770807, 39.11375], [-104.77071, 39.113943], [-104.769921, 39.11541], [-104.769335, 39.116444], [-104.768918, 39.117142], [-104.76851, 39.117927], [-104.768059, 39.118724], [-104.76769, 39.119394], [-104.76734, 39.120011], [-104.766846, 39.120961], [-104.766667, 39.121457], [-104.766641, 39.121586], [-104.766584, 39.121867], [-104.766521, 39.122354], [-104.766522, 39.123068], [-104.766523, 39.124709], [-104.766524, 39.125003], [-104.766533, 39.125541], [-104.766533, 39.126257], [-104.766559, 39.126777], [-104.766575, 39.127377], [-104.766578, 39.12773], [-104.766588, 39.128122], [-104.766569, 39.128677], [-104.766581, 39.12968]]]}}]}