{"type": "FeatureCollection", "features": [{"type": "Feature", "properties": {"REP": 15}, "geometry": {"type": "Polygon", "coordinates": [[[-104.684364, 38.948216], [-104.690879, 38.948266], [-104.691773, 38.948272], [-104.691773, 38.948279], [-104.69173, 38.95024], [-104.6917, 38.951628], [-104.691709, 38.951731], [-104.691702, 38.951737], [-104.691696, 38.951744], [-104.691691, 38.951748], [-104.691667, 38.951771], [-104.691652, 38.951785], [-104.691571, 38.951863], [-104.691537, 38.951895], [-104.691415, 38.952011], [-104.691251, 38.952167], [-104.691174, 38.95224], [-104.691119, 38.952293], [-104.691114, 38.952298], [-104.69091, 38.952492], [-104.690824, 38.952574], [-104.690819, 38.952579], [-104.690529, 38.952856], [-104.690524, 38.952861], [-104.690404, 38.952975], [-104.690234, 38.953138], [-104.690149, 38.953218], [-104.690009, 38.953352], [-104.689939, 38.953419], [-104.689644, 38.953701], [-104.689639, 38.953705], [-104.689573, 38.953768], [-104.689353, 38.953982], [-104.689348, 38.953987], [-104.689277, 38.954056], [-104.689063, 38.954264], [-104.689048, 38.954279], [-104.688937, 38.954386], [-104.688873, 38.954448], [-104.688554, 38.954758], [-104.688554, 38.954758], [-104.688542, 38.95477], [-104.688529, 38.954782], [-104.688529, 38.954783], [-104.688529, 38.954783], [-104.688513, 38.954798], [-104.688503, 38.954809], [-104.688455, 38.954855], [-104.688437, 38.954872], [-104.688437, 38.954873], [-104.688433, 38.954876], [-104.688404, 38.954903], [-104.688399, 38.954908], [-104.688389, 38.954917], [-104.688406, 38.954917], [-104.691621, 38.954901], [-104.699884, 38.954871], [-104.700567, 38.954869], [-104.700591, 38.954868], [-104.700678, 38.954868], [-104.700728, 38.954867], [-104.700728, 38.954844], [-104.700731, 38.954714], [-104.700769, 38.952659], [-104.700779, 38.952223], [-104.700798, 38.951442], [-104.7008, 38.951393], [-104.700804, 38.951197], [-104.700825, 38.950284], [-104.70084, 38.949644], [-104.700861, 38.94879], [-104.700883, 38.947286], [-104.700884, 38.947203], [-104.700887, 38.946957], [-104.700891, 38.946734], [-104.700919, 38.945849], [-104.700924, 38.945667], [-104.700942, 38.945149], [-104.700942, 38.945121], [-104.700945, 38.94494], [-104.700947, 38.944737], [-104.700948, 38.944658], [-104.70095, 38.944405], [-104.700951, 38.944294], [-104.700953, 38.94413], [-104.700956, 38.943928], [-104.700956, 38.943847], [-104.700957, 38.94382], [-104.700973, 38.943707], [-104.700976, 38.943688], [-104.700988, 38.943606], [-104.70099, 38.943593], [-104.701, 38.943527], [-104.701006, 38.943314], [-104.701012, 38.943121], [-104.701017, 38.943008], [-104.701035, 38.942627], [-104.701041, 38.942486], [-104.701086, 38.94156], [-104.70111, 38.941085], [-104.70111, 38.941078], [-104.701113, 38.941078], [-104.701853, 38.941069], [-104.70261, 38.94106], [-104.703893, 38.941011], [-104.70439, 38.940976], [-104.704906, 38.940938], [-104.704916, 38.940938], [-104.705227, 38.940914], [-104.706347, 38.940855], [-104.70701, 38.940834], [-104.707258, 38.940825], [-104.708514, 38.940784], [-104.70963, 38.940764], [-104.709856, 38.94076], [-104.710369, 38.940751], [-104.711184, 38.940727], [-104.712232, 38.940647], [-104.71225, 38.940646], [-104.712562, 38.940622], [-104.713369, 38.940561], [-104.713885, 38.940527], [-104.713962, 38.940524], [-104.714613, 38.940493], [-104.71487, 38.940485], [-104.715234, 38.940473], [-104.71724, 38.940406], [-104.71749, 38.9404], [-104.718401, 38.940378], [-104.719243, 38.940331], [-104.719266, 38.94033], [-104.719346, 38.940326], [-104.719424, 38.940321], [-104.719443, 38.94032], [-104.719512, 38.940316], [-104.719565, 38.940313], [-104.719724, 38.940317], [-104.719742, 38.940317], [-104.719752, 38.940317], [-104.719752, 38.940317], [-104.719753, 38.940302], [-104.71976, 38.940151], [-104.719761, 38.940139], [-104.719766, 38.940047], [-104.719775, 38.939856], [-104.719786, 38.939652], [-104.719825, 38.937823], [-104.719827, 38.937712], [-104.719825, 38.937568], [-104.71982, 38.937152], [-104.719818, 38.93689], [-104.719809, 38.935325], [-104.719809, 38.93528], [-104.719806, 38.934709], [-104.719827, 38.933081], [-104.719825, 38.93306], [-104.719819, 38.932992], [-104.719815, 38.932954], [-104.71975, 38.932239], [-104.71958, 38.930957], [-104.719575, 38.930922], [-104.719546, 38.930702], [-104.719541, 38.930664], [-104.719462, 38.930073], [-104.719428, 38.929582], [-104.719409, 38.928927], [-104.719421, 38.928496], [-104.719423, 38.928413], [-104.719434, 38.927994], [-104.719481, 38.926229], [-104.719482, 38.92615], [-104.719484, 38.926061], [-104.719486, 38.925932], [-104.719496, 38.925395], [-104.719484, 38.923825], [-104.719487, 38.923475], [-104.719488, 38.923284], [-104.719492, 38.92273], [-104.719491, 38.922711], [-104.719485, 38.922521], [-104.719483, 38.922465], [-104.719477, 38.9223], [-104.719476, 38.922245], [-104.719475, 38.922203], [-104.719453, 38.921554], [-104.719416, 38.920439], [-104.719403, 38.920013], [-104.719423, 38.918596], [-104.719403, 38.917299], [-104.719439, 38.91502], [-104.719469, 38.913214], [-104.719476, 38.912757], [-104.719493, 38.911697], [-104.719497, 38.911389], [-104.719502, 38.911098], [-104.719502, 38.911053], [-104.719503, 38.910933], [-104.719504, 38.910658], [-104.719506, 38.910249], [-104.719506, 38.910155], [-104.719508, 38.909613], [-104.719512, 38.908875], [-104.719515, 38.908263], [-104.71952, 38.907475], [-104.719534, 38.906433], [-104.719567, 38.904745], [-104.719571, 38.904527], [-104.719583, 38.902701], [-104.719598, 38.900644], [-104.719605, 38.899576], [-104.719614, 38.89925], [-104.719621, 38.899015], [-104.719691, 38.89669], [-104.719701, 38.8951], [-104.719701, 38.895072], [-104.719724, 38.894462], [-104.719744, 38.893884], [-104.719745, 38.89368], [-104.719744, 38.893596], [-104.719744, 38.893496], [-104.719743, 38.893273], [-104.719742, 38.892758], [-104.719748, 38.892383], [-104.719751, 38.892196], [-104.719754, 38.892013], [-104.719765, 38.891353], [-104.719744, 38.89121], [-104.719763, 38.888881], [-104.719759, 38.887432], [-104.71976, 38.887015], [-104.719764, 38.885897], [-104.719774, 38.885357], [-104.719774, 38.885349], [-104.719776, 38.885271], [-104.719783, 38.884923], [-104.719789, 38.884657], [-104.719807, 38.883807], [-104.719808, 38.883756], [-104.719837, 38.882486], [-104.71981, 38.881467], [-104.719829, 38.87898], [-104.719839, 38.877844], [-104.719847, 38.87768], [-104.71986, 38.877388], [-104.719874, 38.876864], [-104.71987, 38.876662], [-104.719854, 38.875802], [-104.719848, 38.875009], [-104.719862, 38.874486], [-104.719876, 38.874029], [-104.719878, 38.873761], [-104.71988, 38.873428], [-104.719885, 38.872836], [-104.719892, 38.872432], [-104.719898, 38.872121], [-104.719898, 38.87212], [-104.719898, 38.872108], [-104.719898, 38.872101], [-104.719901, 38.871948], [-104.719905, 38.87178], [-104.719899, 38.871594], [-104.719892, 38.871329], [-104.719888, 38.871023], [-104.719911, 38.870738], [-104.719919, 38.870645], [-104.719928, 38.87053], [-104.719965, 38.870075], [-104.719977, 38.86993], [-104.719999, 38.86957], [-104.720007, 38.869437], [-104.720017, 38.869276], [-104.720021, 38.869213], [-104.720024, 38.869158], [-104.720024, 38.869113], [-104.720024, 38.869041], [-104.720026, 38.868909], [-104.720256, 38.868812], [-104.720248, 38.868172], [-104.72025, 38.868], [-104.72025, 38.867762], [-104.72025, 38.867696], [-104.720252, 38.866296], [-104.720252, 38.866278], [-104.720254, 38.864902], [-104.720254, 38.864859], [-104.720256, 38.863457], [-104.720256, 38.863325], [-104.720258, 38.86224], [-104.720258, 38.862236], [-104.720258, 38.862218], [-104.720258, 38.861698], [-104.720272, 38.860357], [-104.72026, 38.85968], [-104.720255, 38.85938], [-104.720288, 38.857905], [-104.720272, 38.857098], [-104.720256, 38.856367], [-104.720253, 38.856246], [-104.72029, 38.853638], [-104.720286, 38.853447], [-104.720286, 38.853429], [-104.720274, 38.852611], [-104.720288, 38.852108], [-104.720306, 38.85143], [-104.720324, 38.851], [-104.720317, 38.85088], [-104.720316, 38.850864], [-104.72029, 38.85035], [-104.720288, 38.850045], [-104.720508, 38.849118], [-104.720602, 38.848688], [-104.720641, 38.848026], [-104.720661, 38.847437], [-104.720674, 38.847068], [-104.720677, 38.846955], [-104.720668, 38.846266], [-104.720668, 38.846255], [-104.720661, 38.845711], [-104.72066, 38.845602], [-104.720651, 38.844432], [-104.720662, 38.843646], [-104.720664, 38.843532], [-104.720658, 38.842994], [-104.720669, 38.842553], [-104.72068, 38.842185], [-104.720682, 38.842115], [-104.720673, 38.840952], [-104.720677, 38.839787], [-104.720676, 38.839758], [-104.720672, 38.83913], [-104.72067, 38.83895], [-104.72067, 38.83895], [-104.720669, 38.838816], [-104.720664, 38.838323], [-104.720664, 38.838169], [-104.720674, 38.835826], [-104.720678, 38.835045], [-104.720678, 38.835007], [-104.72068, 38.834895], [-104.720681, 38.834858], [-104.720683, 38.834748], [-104.720686, 38.834607], [-104.720684, 38.834421], [-104.720683, 38.834312], [-104.720681, 38.834189], [-104.720678, 38.833822], [-104.720677, 38.8337], [-104.720675, 38.833494], [-104.720675, 38.83349], [-104.720675, 38.833487], [-104.720648, 38.833489], [-104.72064, 38.83349], [-104.720608, 38.833493], [-104.720456, 38.833505], [-104.720434, 38.833507], [-104.720283, 38.833519], [-104.720271, 38.83352], [-104.720271, 38.83352], [-104.719761, 38.83352], [-104.718878, 38.833519], [-104.718878, 38.83352], [-104.718863, 38.834337], [-104.718863, 38.834356], [-104.71888, 38.834511], [-104.717802, 38.834488], [-104.717808, 38.834771], [-104.717827, 38.835329], [-104.717828, 38.835329], [-104.719149, 38.83533], [-104.719149, 38.835337], [-104.719149, 38.835756], [-104.719149, 38.835756], [-104.719168, 38.835757], [-104.719255, 38.835762], [-104.719289, 38.835763], [-104.719284, 38.835769], [-104.719115, 38.835968], [-104.718881, 38.836176], [-104.715377, 38.836179], [-104.715376, 38.836179], [-104.715382, 38.835327], [-104.715382, 38.835326], [-104.714455, 38.835326], [-104.714154, 38.835325], [-104.714148, 38.836184], [-104.710702, 38.836171], [-104.710702, 38.836171], [-104.7107, 38.835321], [-104.710733, 38.835299], [-104.710736, 38.834832], [-104.71074, 38.834334], [-104.710743, 38.833902], [-104.710746, 38.833517], [-104.710754, 38.832349], [-104.710755, 38.832243], [-104.710755, 38.832243], [-104.710755, 38.832243], [-104.710757, 38.831986], [-104.710759, 38.831743], [-104.710759, 38.831717], [-104.710012, 38.831717], [-104.708072, 38.831716], [-104.707804, 38.831716], [-104.70611, 38.831716], [-104.706104, 38.832459], [-104.706072, 38.837113], [-104.706065, 38.83864], [-104.706059, 38.838826], [-104.706066, 38.838947], [-104.70547, 38.838949], [-104.704882, 38.838969], [-104.704836, 38.838973], [-104.704617, 38.838929], [-104.704177, 38.838928], [-104.704132, 38.838928], [-104.703155, 38.838937], [-104.70279, 38.838949], [-104.702532, 38.838959], [-104.702314, 38.838966], [-104.702188, 38.838966], [-104.701526, 38.838968], [-104.701458, 38.838968], [-104.701409, 38.838973], [-104.701391, 38.838975], [-104.701391, 38.838329], [-104.701391, 38.837977], [-104.70139, 38.837737], [-104.70139, 38.837681], [-104.701387, 38.836991], [-104.701386, 38.836762], [-104.701386, 38.836761], [-104.701298, 38.836761], [-104.701278, 38.836761], [-104.701278, 38.836761], [-104.700692, 38.83676], [-104.700534, 38.836759], [-104.700508, 38.836759], [-104.700311, 38.836758], [-104.699876, 38.836757], [-104.699664, 38.836757], [-104.699622, 38.836757], [-104.699389, 38.836757], [-104.699388, 38.836757], [-104.698594, 38.836754], [-104.697864, 38.836752], [-104.697416, 38.836751], [-104.696595, 38.836749], [-104.696517, 38.836749], [-104.696157, 38.836748], [-104.696043, 38.836748], [-104.696037, 38.836748], [-104.695965, 38.836748], [-104.695916, 38.836748], [-104.695916, 38.836748], [-104.695916, 38.836748], [-104.695802, 38.836747], [-104.695785, 38.836747], [-104.695636, 38.836747], [-104.695636, 38.836747], [-104.695493, 38.836747], [-104.695423, 38.836747], [-104.695362, 38.836746], [-104.693805, 38.836743], [-104.693804, 38.836743], [-104.692767, 38.83674], [-104.692293, 38.836739], [-104.692135, 38.836739], [-104.692135, 38.836739], [-104.692097, 38.836738], [-104.692082, 38.836738], [-104.691927, 38.836742], [-104.691917, 38.836768], [-104.691896, 38.837215], [-104.691894, 38.83726], [-104.691875, 38.837668], [-104.691868, 38.838556], [-104.69187, 38.838951], [-104.69187, 38.838951], [-104.691473, 38.838944], [-104.69121, 38.838938], [-104.691144, 38.838937], [-104.690726, 38.838944], [-104.690304, 38.838952], [-104.689967, 38.838957], [-104.689774, 38.838954], [-104.689207, 38.838945], [-104.688658, 38.838947], [-104.688336, 38.838949], [-104.686447, 38.838911], [-104.68609, 38.838904], [-104.686029, 38.838897], [-104.68587, 38.83888], [-104.685777, 38.83887], [-104.685358, 38.838823], [-104.685092, 38.83876], [-104.685067, 38.838754], [-104.685067, 38.838754], [-104.684829, 38.838697], [-104.684755, 38.838676], [-104.684748, 38.838674], [-104.683565, 38.838345], [-104.683494, 38.838328], [-104.683352, 38.838294], [-104.682929, 38.838193], [-104.682896, 38.838185], [-104.682839, 38.838168], [-104.682839, 38.838171], [-104.682839, 38.838172], [-104.682807, 38.838164], [-104.682788, 38.83816], [-104.682788, 38.838048], [-104.682789, 38.837715], [-104.682791, 38.837293], [-104.682792, 38.837189], [-104.682795, 38.836527], [-104.682794, 38.836416], [-104.682792, 38.835516], [-104.682794, 38.835096], [-104.682799, 38.834292], [-104.682794, 38.834013], [-104.682779, 38.833209], [-104.682778, 38.83285], [-104.682776, 38.831662], [-104.682779, 38.831372], [-104.682785, 38.830716], [-104.682787, 38.830597], [-104.682778, 38.829221], [-104.68279, 38.827878], [-104.682793, 38.827584], [-104.682793, 38.827584], [-104.682793, 38.827584], [-104.682793, 38.827584], [-104.682793, 38.827584], [-104.682793, 38.827583], [-104.682793, 38.827583], [-104.682793, 38.827583], [-104.682793, 38.827583], [-104.682798, 38.827145], [-104.682794, 38.826933], [-104.682793, 38.826864], [-104.682792, 38.826826], [-104.682786, 38.826508], [-104.682784, 38.826403], [-104.68278, 38.82617], [-104.682775, 38.826028], [-104.682767, 38.825808], [-104.682759, 38.825567], [-104.682746, 38.825456], [-104.682726, 38.825288], [-104.682642, 38.825014], [-104.682632, 38.824982], [-104.682622, 38.824955], [-104.682611, 38.824925], [-104.682486, 38.824573], [-104.682473, 38.824538], [-104.682469, 38.824528], [-104.682465, 38.824514], [-104.682425, 38.824439], [-104.682408, 38.824407], [-104.682081, 38.823787], [-104.681891, 38.823457], [-104.681721, 38.823222], [-104.681693, 38.823183], [-104.681418, 38.822886], [-104.680956, 38.822332], [-104.680377, 38.821671], [-104.679343, 38.820558], [-104.678955, 38.820179], [-104.678709, 38.819939], [-104.678324, 38.819536], [-104.678009, 38.819188], [-104.677763, 38.818917], [-104.677722, 38.818865], [-104.677077, 38.818039], [-104.67693, 38.817839], [-104.676675, 38.817491], [-104.676429, 38.817155], [-104.67601, 38.816596], [-104.674977, 38.81522], [-104.674447, 38.814529], [-104.673988, 38.813936], [-104.673937, 38.81387], [-104.673314, 38.813049], [-104.672332, 38.811756], [-104.671119, 38.810157], [-104.670823, 38.809756], [-104.66971, 38.808283], [-104.669692, 38.808262], [-104.669187, 38.807642], [-104.668837, 38.807269], [-104.668425, 38.806895], [-104.667906, 38.806451], [-104.667813, 38.806372], [-104.667191, 38.80583], [-104.666615, 38.805369], [-104.665353, 38.804322], [-104.664769, 38.803881], [-104.664767, 38.803879], [-104.664341, 38.803625], [-104.663824, 38.803381], [-104.663037, 38.803059], [-104.661419, 38.802376], [-104.661078, 38.80218], [-104.661071, 38.802176], [-104.660828, 38.80199], [-104.660532, 38.801726], [-104.660258, 38.801406], [-104.660007, 38.800959], [-104.659867, 38.800443], [-104.659735, 38.799714], [-104.659674, 38.799327], [-104.659588, 38.798917], [-104.659438, 38.798572], [-104.659209, 38.798126], [-104.658899, 38.797658], [-104.658425, 38.797189], [-104.657857, 38.796712], [-104.657263, 38.796232], [-104.656185, 38.795296], [-104.65582, 38.79491], [-104.655502, 38.794461], [-104.654797, 38.792993], [-104.654562, 38.792481], [-104.654273, 38.791916], [-104.653863, 38.791196], [-104.653531, 38.790558], [-104.653423, 38.790233], [-104.653422, 38.789861], [-104.653434, 38.78948], [-104.653556, 38.789138], [-104.653768, 38.788742], [-104.654051, 38.788413], [-104.654474, 38.788047], [-104.654809, 38.787819], [-104.654918, 38.787745], [-104.655438, 38.787398], [-104.655809, 38.787047], [-104.656144, 38.786588], [-104.656349, 38.786094], [-104.656496, 38.785414], [-104.656605, 38.784848], [-104.656716, 38.784573], [-104.656805, 38.784419], [-104.657095, 38.784065], [-104.657538, 38.783554], [-104.6586, 38.782257], [-104.659147, 38.781628], [-104.659461, 38.781193], [-104.659566, 38.78096], [-104.659595, 38.780584], [-104.659647, 38.779936], [-104.659654, 38.779458], [-104.659661, 38.779082], [-104.659666, 38.778765], [-104.659555, 38.778552], [-104.659544, 38.777661], [-104.659554, 38.777007], [-104.659566, 38.776302], [-104.659556, 38.770703], [-104.659556, 38.770514], [-104.659582, 38.769067], [-104.659581, 38.768749], [-104.659581, 38.768724], [-104.65958, 38.768602], [-104.659574, 38.76767], [-104.659566, 38.766057], [-104.65955, 38.765515], [-104.659532, 38.764877], [-104.659531, 38.764825], [-104.65953, 38.764328], [-104.659657, 38.76411], [-104.659658, 38.763981], [-104.65966, 38.763621], [-104.659667, 38.762542], [-104.65967, 38.762183], [-104.659883, 38.762185], [-104.660635, 38.762176], [-104.66108, 38.762171], [-104.661599, 38.762171], [-104.66214, 38.762171], [-104.662384, 38.762241], [-104.664081, 38.762256], [-104.666712, 38.762253], [-104.66738, 38.762258], [-104.668065, 38.762265], [-104.66931, 38.762246], [-104.670137, 38.762261], [-104.671229, 38.762281], [-104.67262, 38.762271], [-104.673228, 38.762268], [-104.673448, 38.762266], [-104.673659, 38.762264], [-104.673901, 38.762262], [-104.674345, 38.762259], [-104.675018, 38.762203], [-104.675258, 38.762169], [-104.675708, 38.762107], [-104.675737, 38.762103], [-104.67585, 38.76208], [-104.676276, 38.761996], [-104.676418, 38.761968], [-104.676766, 38.761899], [-104.677662, 38.761708], [-104.677925, 38.761653], [-104.679096, 38.761394], [-104.679649, 38.761261], [-104.6798, 38.761225], [-104.680402, 38.76114], [-104.681069, 38.761066], [-104.681412, 38.761052], [-104.681878, 38.761035], [-104.682682, 38.760989], [-104.682671, 38.760824], [-104.682652, 38.760544], [-104.682648, 38.760303], [-104.682632, 38.759334], [-104.682644, 38.758819], [-104.682686, 38.757048], [-104.682693, 38.756286], [-104.682698, 38.755863], [-104.682684, 38.754604], [-104.682672, 38.753551], [-104.682659, 38.752367], [-104.682675, 38.75124], [-104.682671, 38.750008], [-104.68269, 38.749399], [-104.6827, 38.748502], [-104.682696, 38.748103], [-104.682693, 38.747858], [-104.682698, 38.747566], [-104.682698, 38.746783], [-104.682687, 38.746416], [-104.682687, 38.745664], [-104.682673, 38.74517], [-104.682669, 38.744673], [-104.682695, 38.743218], [-104.68269, 38.742884], [-104.682695, 38.742175], [-104.682696, 38.742162], [-104.682692, 38.7418], [-104.682708, 38.740977], [-104.682703, 38.740677], [-104.682709, 38.739931], [-104.682702, 38.739541], [-104.682701, 38.738896], [-104.682701, 38.738896], [-104.682701, 38.738745], [-104.682699, 38.738605], [-104.682712, 38.737478], [-104.682712, 38.737472], [-104.682712, 38.737472], [-104.682529, 38.737464], [-104.682318, 38.737455], [-104.68184, 38.737454], [-104.681738, 38.737453], [-104.681251, 38.737455], [-104.680924, 38.737457], [-104.680762, 38.737455], [-104.680178, 38.737449], [-104.679687, 38.737435], [-104.679238, 38.737436], [-104.678851, 38.737436], [-104.678469, 38.737443], [-104.677871, 38.737452], [-104.676868, 38.737458], [-104.676075, 38.737463], [-104.675408, 38.737459], [-104.674915, 38.737457], [-104.674899, 38.737457], [-104.6744, 38.737464], [-104.673882, 38.737472], [-104.673741, 38.73747], [-104.673731, 38.73747], [-104.673731, 38.737436], [-104.673731, 38.737402], [-104.673731, 38.737399], [-104.673731, 38.737398], [-104.673696, 38.73739], [-104.673689, 38.737388], [-104.673689, 38.737388], [-104.673689, 38.737411], [-104.673689, 38.737454], [-104.673689, 38.737454], [-104.673689, 38.737469], [-104.673651, 38.737468], [-104.673643, 38.737468], [-104.67356, 38.737466], [-104.67347, 38.737466], [-104.67347, 38.737466], [-104.673438, 38.737465], [-104.673152, 38.737462], [-104.672946, 38.737465], [-104.672392, 38.737473], [-104.671616, 38.737473], [-104.671392, 38.737473], [-104.671122, 38.737473], [-104.670419, 38.737481], [-104.669278, 38.737478], [-104.669113, 38.737477], [-104.669021, 38.737479], [-104.669, 38.73748], [-104.668523, 38.737488], [-104.667669, 38.737489], [-104.667628, 38.737488], [-104.66683, 38.737478], [-104.666691, 38.73748], [-104.666607, 38.73748], [-104.666299, 38.737483], [-104.666168, 38.737484], [-104.666091, 38.737484], [-104.665468, 38.73749], [-104.665261, 38.737492], [-104.665051, 38.737494], [-104.664944, 38.737492], [-104.66441, 38.737483], [-104.664214, 38.73748], [-104.664114, 38.737478], [-104.663565, 38.737476], [-104.663456, 38.737475], [-104.662078, 38.737472], [-104.661978, 38.737473], [-104.661821, 38.737475], [-104.660868, 38.737485], [-104.659965, 38.737472], [-104.659671, 38.737475], [-104.659428, 38.737477], [-104.658042, 38.737488], [-104.657317, 38.737494], [-104.656732, 38.737499], [-104.656238, 38.737495], [-104.656011, 38.737493], [-104.655616, 38.73749], [-104.655333, 38.737494], [-104.655236, 38.737495], [-104.655235, 38.737495], [-104.655145, 38.737497], [-104.655108, 38.737498], [-104.654851, 38.737501], [-104.654739, 38.737503], [-104.654661, 38.737502], [-104.654647, 38.737502], [-104.654109, 38.737496], [-104.65408, 38.737495], [-104.654072, 38.737495], [-104.653823, 38.737493], [-104.653534, 38.737495], [-104.653499, 38.737496], [-104.653498, 38.737496], [-104.65293, 38.7375], [-104.652924, 38.7375], [-104.652701, 38.737501], [-104.652421, 38.737504], [-104.652353, 38.737504], [-104.652349, 38.737504], [-104.651902, 38.737505], [-104.651803, 38.737506], [-104.651775, 38.737506], [-104.651209, 38.737508], [-104.651201, 38.737508], [-104.650654, 38.737509], [-104.650626, 38.737509], [-104.650348, 38.73751], [-104.65021, 38.737511], [-104.650083, 38.737498], [-104.650073, 38.737497], [-104.649953, 38.737476], [-104.649852, 38.737437], [-104.649849, 38.737437], [-104.649841, 38.737433], [-104.649847, 38.737415], [-104.64987, 38.737349], [-104.649882, 38.737312], [-104.64991, 38.737232], [-104.649981, 38.737024], [-104.650024, 38.7369], [-104.650033, 38.736873], [-104.650088, 38.736728], [-104.650149, 38.736568], [-104.650189, 38.736464], [-104.650208, 38.736409], [-104.650268, 38.736237], [-104.650316, 38.736096], [-104.650371, 38.735937], [-104.650383, 38.735905], [-104.650432, 38.735766], [-104.650502, 38.735573], [-104.650529, 38.735497], [-104.650533, 38.735486], [-104.650575, 38.735363], [-104.650617, 38.735242], [-104.650676, 38.735071], [-104.650732, 38.73491], [-104.650767, 38.734811], [-104.650787, 38.734753], [-104.650848, 38.734578], [-104.650881, 38.734484], [-104.650902, 38.734426], [-104.650965, 38.734247], [-104.651019, 38.734095], [-104.651083, 38.733915], [-104.651094, 38.733884], [-104.651122, 38.733806], [-104.651201, 38.733583], [-104.651209, 38.733559], [-104.651213, 38.733549], [-104.651269, 38.733383], [-104.651314, 38.733252], [-104.65137, 38.733089], [-104.651427, 38.73292], [-104.65148, 38.732764], [-104.65154, 38.732588], [-104.651638, 38.732298], [-104.651652, 38.732257], [-104.651688, 38.732151], [-104.651696, 38.732128], [-104.651768, 38.731925], [-104.651804, 38.731824], [-104.651835, 38.731737], [-104.651886, 38.731593], [-104.651948, 38.731422], [-104.652005, 38.731262], [-104.652034, 38.731179], [-104.652064, 38.73109], [-104.652117, 38.73093], [-104.65216, 38.730803], [-104.652223, 38.730613], [-104.652228, 38.730598], [-104.652289, 38.730429], [-104.652304, 38.730388], [-104.652348, 38.730267], [-104.652349, 38.730263], [-104.652403, 38.730117], [-104.652416, 38.730082], [-104.652419, 38.730074], [-104.652467, 38.729935], [-104.652558, 38.729676], [-104.652572, 38.729636], [-104.652584, 38.729603], [-104.652636, 38.729455], [-104.652696, 38.729283], [-104.6527, 38.729272], [-104.652789, 38.728993], [-104.652806, 38.72894], [-104.652846, 38.728816], [-104.652855, 38.728788], [-104.652993, 38.728423], [-104.653029, 38.72833], [-104.653033, 38.728319], [-104.653049, 38.728277], [-104.653105, 38.728128], [-104.653125, 38.728069], [-104.653234, 38.727741], [-104.653234, 38.727741], [-104.653234, 38.727741], [-104.653234, 38.727741], [-104.653235, 38.727737], [-104.653235, 38.727737], [-104.653226, 38.727735], [-104.653116, 38.72771], [-104.653069, 38.727699], [-104.65306, 38.727697], [-104.65283, 38.727647], [-104.652828, 38.727646], [-104.652759, 38.727631], [-104.652752, 38.727629], [-104.652592, 38.727586], [-104.652589, 38.727586], [-104.652539, 38.727572], [-104.652446, 38.727548], [-104.652367, 38.727524], [-104.652293, 38.727742], [-104.652123, 38.728242], [-104.652101, 38.728308], [-104.652071, 38.728396], [-104.651998, 38.728615], [-104.651883, 38.728942], [-104.651859, 38.729011], [-104.651834, 38.729086], [-104.651739, 38.72932], [-104.651645, 38.729426], [-104.651508, 38.729512], [-104.651295, 38.729552], [-104.651179, 38.729556], [-104.651048, 38.729561], [-104.650972, 38.729564], [-104.650833, 38.72956], [-104.65066, 38.729904], [-104.6506, 38.730025], [-104.650599, 38.73026], [-104.650002, 38.730269], [-104.649898, 38.730269], [-104.649547, 38.73027], [-104.649508, 38.73027], [-104.647979, 38.730274], [-104.647977, 38.730274], [-104.646939, 38.730276], [-104.646451, 38.730276], [-104.646445, 38.730276], [-104.646316, 38.730275], [-104.645064, 38.730274], [-104.644914, 38.730274], [-104.644006, 38.730273], [-104.644003, 38.730273], [-104.64351, 38.730273], [-104.643383, 38.730273], [-104.641925, 38.730271], [-104.641852, 38.730271], [-104.641683, 38.73027], [-104.641178, 38.730267], [-104.640829, 38.730265], [-104.640785, 38.730265], [-104.640444, 38.730265], [-104.64032, 38.730265], [-104.639706, 38.730265], [-104.639141, 38.730264], [-104.638864, 38.730264], [-104.63856, 38.730264], [-104.63855, 38.730264], [-104.638552, 38.729475], [-104.638554, 38.729036], [-104.638555, 38.728573], [-104.638549, 38.72847], [-104.638549, 38.728463], [-104.638497, 38.728464], [-104.638278, 38.728471], [-104.638249, 38.728472], [-104.637558, 38.728462], [-104.637396, 38.728456], [-104.637287, 38.728452], [-104.63711, 38.728446], [-104.637021, 38.728438], [-104.636837, 38.728422], [-104.636669, 38.728392], [-104.636362, 38.728337], [-104.635398, 38.728181], [-104.635125, 38.728133], [-104.634765, 38.72807], [-104.634451, 38.728015], [-104.634451, 38.728015], [-104.634376, 38.728001], [-104.634205, 38.727971], [-104.63385, 38.727911], [-104.633793, 38.727902], [-104.633597, 38.727842], [-104.633541, 38.727825], [-104.633359, 38.727742], [-104.633356, 38.72774], [-104.63333, 38.727721], [-104.633291, 38.727694], [-104.633085, 38.727549], [-104.632338, 38.726951], [-104.631924, 38.727291], [-104.631849, 38.727354], [-104.631526, 38.727604], [-104.631457, 38.727657], [-104.631014, 38.727999], [-104.630655, 38.728275], [-104.630481, 38.72841], [-104.630233, 38.728605], [-104.629104, 38.729492], [-104.629098, 38.729496], [-104.628849, 38.729693], [-104.628775, 38.729745], [-104.628409, 38.729997], [-104.628185, 38.730095], [-104.627922, 38.730132], [-104.627455, 38.730138], [-104.627104, 38.730137], [-104.627082, 38.73162], [-104.62612, 38.732486], [-104.625537, 38.73301], [-104.625455, 38.733086], [-104.621107, 38.737166], [-104.619103, 38.739046], [-104.618175, 38.739917], [-104.615774, 38.742248], [-104.613213, 38.744735], [-104.611513, 38.746386], [-104.611215, 38.746675], [-104.609155, 38.748676], [-104.608609, 38.748631], [-104.60831, 38.748606], [-104.6083, 38.748605], [-104.6083, 38.748605], [-104.608305, 38.749914], [-104.608313, 38.75193], [-104.608352, 38.754833], [-104.608364, 38.755677], [-104.608406, 38.758822], [-104.608469, 38.763542], [-104.608509, 38.766435], [-104.608509, 38.766446], [-104.607866, 38.76644], [-104.605938, 38.766422], [-104.605296, 38.766416], [-104.604621, 38.76641], [-104.604322, 38.766412], [-104.604225, 38.766413], [-104.603468, 38.766421], [-104.601399, 38.766405], [-104.60093, 38.766402], [-104.600426, 38.766408], [-104.599085, 38.766387], [-104.598905, 38.766385], [-104.595906, 38.766392], [-104.595061, 38.766382], [-104.594432, 38.766375], [-104.594124, 38.766368], [-104.593721, 38.76636], [-104.593517, 38.766356], [-104.592952, 38.766345], [-104.592145, 38.766344], [-104.591949, 38.766343], [-104.590936, 38.766342], [-104.59089, 38.766342], [-104.589947, 38.766339], [-104.588418, 38.766341], [-104.587262, 38.766331], [-104.586967, 38.766329], [-104.586633, 38.766329], [-104.585528, 38.766331], [-104.584862, 38.766324], [-104.583837, 38.766312], [-104.582975, 38.766299], [-104.582975, 38.766299], [-104.582424, 38.76629], [-104.582078, 38.766294], [-104.582078, 38.766294], [-104.581855, 38.766296], [-104.581797, 38.766294], [-104.581739, 38.766298], [-104.581033, 38.766305], [-104.579601, 38.76628], [-104.577926, 38.766276], [-104.576649, 38.76627], [-104.575035, 38.766263], [-104.573218, 38.766264], [-104.57282, 38.766254], [-104.572274, 38.766241], [-104.571545, 38.766223], [-104.571399, 38.76622], [-104.571262, 38.766219], [-104.570415, 38.766217], [-104.570133, 38.766217], [-104.569867, 38.766216], [-104.56907, 38.766214], [-104.568805, 38.766214], [-104.56664, 38.76621], [-104.566577, 38.76621], [-104.563924, 38.766205], [-104.563238, 38.766192], [-104.562534, 38.766178], [-104.560146, 38.766168], [-104.557982, 38.766159], [-104.556943, 38.766154], [-104.555662, 38.76615], [-104.555191, 38.766222], [-104.554771, 38.766319], [-104.554249, 38.766515], [-104.553916, 38.766674], [-104.553808, 38.766726], [-104.553311, 38.767087], [-104.553115, 38.767319], [-104.552996, 38.767459], [-104.552763, 38.767844], [-104.552587, 38.768167], [-104.552526, 38.768436], [-104.552507, 38.768824], [-104.552493, 38.770077], [-104.552499, 38.771199], [-104.552521, 38.772242], [-104.552519, 38.773001], [-104.552449, 38.773614], [-104.552281, 38.774216], [-104.55206, 38.774742], [-104.551833, 38.775178], [-104.551578, 38.775543], [-104.551292, 38.775908], [-104.55086, 38.776329], [-104.550079, 38.777055], [-104.54945, 38.77766], [-104.549056, 38.778062], [-104.548667, 38.77853], [-104.548246, 38.779208], [-104.548031, 38.779773], [-104.547876, 38.780348], [-104.547823, 38.78082], [-104.547826, 38.781238], [-104.547914, 38.782898], [-104.547919, 38.782943], [-104.547918, 38.782988], [-104.547934, 38.783287], [-104.547931, 38.783287], [-104.547221, 38.783321], [-104.546716, 38.783324], [-104.546177, 38.783292], [-104.545791, 38.783222], [-104.54544, 38.783124], [-104.545104, 38.782955], [-104.544693, 38.782725], [-104.544689, 38.782722], [-104.54435, 38.782486], [-104.543468, 38.781632], [-104.543019, 38.781338], [-104.54301, 38.781332], [-104.542691, 38.781165], [-104.542326, 38.781026], [-104.542116, 38.780972], [-104.541925, 38.780924], [-104.541448, 38.780853], [-104.541099, 38.780831], [-104.540404, 38.780828], [-104.539654, 38.780832], [-104.538722, 38.780829], [-104.537749, 38.780843], [-104.53507, 38.780849], [-104.527746, 38.780867], [-104.527542, 38.780868], [-104.522653, 38.780887], [-104.52227, 38.780889], [-104.520245, 38.780897], [-104.519146, 38.780892], [-104.517701, 38.780898], [-104.515689, 38.780906], [-104.515725, 38.782152], [-104.515734, 38.7833], [-104.515753, 38.783791], [-104.515779, 38.784461], [-104.515835, 38.785531], [-104.51584, 38.785898], [-104.515849, 38.78664], [-104.515884, 38.787996], [-104.507547, 38.787991], [-104.488127, 38.787977], [-104.488363, 38.801905], [-104.488403, 38.804264], [-104.488599, 38.815771], [-104.488618, 38.816858], [-104.488628, 38.816858], [-104.490503, 38.816859], [-104.497928, 38.816862], [-104.502737, 38.816865], [-104.512078, 38.816869], [-104.515001, 38.81687], [-104.51903, 38.816872], [-104.527982, 38.816876], [-104.534659, 38.816879], [-104.534659, 38.816886], [-104.53467, 38.817791], [-104.534666, 38.818431], [-104.534687, 38.819642], [-104.534686, 38.820079], [-104.534685, 38.820391], [-104.534688, 38.820647], [-104.5347, 38.821371], [-104.534702, 38.82229], [-104.534714, 38.823094], [-104.53472, 38.824395], [-104.534737, 38.824999], [-104.534745, 38.826023], [-104.534756, 38.826477], [-104.534746, 38.826987], [-104.534777, 38.827674], [-104.534778, 38.828059], [-104.534761, 38.828986], [-104.534819, 38.833265], [-104.534844, 38.834169], [-104.534845, 38.8342], [-104.534848, 38.834855], [-104.534886, 38.836592], [-104.534883, 38.837026], [-104.534888, 38.837313], [-104.534879, 38.837722], [-104.534887, 38.838059], [-104.534903, 38.838391], [-104.534908, 38.838677], [-104.534918, 38.838677], [-104.534936, 38.838676], [-104.535023, 38.838674], [-104.535052, 38.838674], [-104.536184, 38.838654], [-104.536777, 38.838645], [-104.537428, 38.838632], [-104.538411, 38.838636], [-104.539582, 38.838635], [-104.539706, 38.838635], [-104.540535, 38.838624], [-104.540715, 38.838627], [-104.541447, 38.838637], [-104.541719, 38.838641], [-104.542494, 38.838634], [-104.543644, 38.838638], [-104.544377, 38.838642], [-104.545192, 38.838646], [-104.545306, 38.838644], [-104.546387, 38.83863], [-104.546787, 38.838628], [-104.546845, 38.838626], [-104.546903, 38.838628], [-104.548092, 38.838621], [-104.549022, 38.838616], [-104.549947, 38.838611], [-104.552306, 38.838601], [-104.552722, 38.838594], [-104.552985, 38.83859], [-104.553648, 38.838589], [-104.55366, 38.838589], [-104.555039, 38.838597], [-104.555998, 38.838616], [-104.556612, 38.838629], [-104.557408, 38.838629], [-104.559109, 38.838659], [-104.559308, 38.838665], [-104.560059, 38.838685], [-104.561269, 38.838701], [-104.561976, 38.838704], [-104.563049, 38.838698], [-104.563864, 38.838695], [-104.564437, 38.838701], [-104.5654, 38.838709], [-104.565551, 38.83871], [-104.566007, 38.838713], [-104.566159, 38.838715], [-104.567316, 38.838716], [-104.568586, 38.838718], [-104.568624, 38.838718], [-104.569034, 38.838708], [-104.569278, 38.838701], [-104.569401, 38.838692], [-104.569545, 38.83868], [-104.57024, 38.838595], [-104.570778, 38.838544], [-104.571393, 38.838487], [-104.571764, 38.838473], [-104.571933, 38.838466], [-104.572075, 38.83846], [-104.572679, 38.838458], [-104.575331, 38.838467], [-104.57574, 38.83847], [-104.575771, 38.838471], [-104.577884, 38.838489], [-104.58021, 38.838515], [-104.584288, 38.838547], [-104.584533, 38.83855], [-104.584666, 38.838551], [-104.587161, 38.838576], [-104.587432, 38.838579], [-104.589325, 38.838581], [-104.590969, 38.838594], [-104.591002, 38.838594], [-104.59148, 38.838593], [-104.591508, 38.838593], [-104.591734, 38.838593], [-104.592086, 38.838593], [-104.593013, 38.838602], [-104.593525, 38.838607], [-104.594835, 38.838619], [-104.596333, 38.838633], [-104.596628, 38.838637], [-104.598645, 38.838665], [-104.60017, 38.838686], [-104.600769, 38.838695], [-104.600834, 38.838695], [-104.60153, 38.838694], [-104.601846, 38.838693], [-104.602246, 38.838693], [-104.603183, 38.838692], [-104.603498, 38.838699], [-104.603986, 38.83871], [-104.605261, 38.838739], [-104.605453, 38.83874], [-104.605943, 38.838744], [-104.606765, 38.838746], [-104.608381, 38.83875], [-104.609232, 38.838757], [-104.610055, 38.838764], [-104.611689, 38.838778], [-104.612811, 38.838793], [-104.614192, 38.838808], [-104.615824, 38.838827], [-104.616864, 38.838829], [-104.617233, 38.838842], [-104.617289, 38.838843], [-104.617371, 38.838844], [-104.617369, 38.838995], [-104.617369, 38.839022], [-104.617347, 38.842504], [-104.617357, 38.842505], [-104.618037, 38.84252], [-104.618718, 38.842535], [-104.618744, 38.842535], [-104.618744, 38.842541], [-104.618753, 38.844241], [-104.618764, 38.846149], [-104.614274, 38.846128], [-104.612755, 38.846122], [-104.612699, 38.846121], [-104.612694, 38.846121], [-104.612693, 38.846283], [-104.612692, 38.846446], [-104.612692, 38.846455], [-104.612691, 38.846616], [-104.61269, 38.846626], [-104.612689, 38.846786], [-104.612689, 38.846788], [-104.612688, 38.846956], [-104.612688, 38.846961], [-104.612687, 38.847126], [-104.612687, 38.84713], [-104.612686, 38.847296], [-104.612686, 38.8473], [-104.612685, 38.847466], [-104.612685, 38.847472], [-104.612683, 38.847636], [-104.612683, 38.847643], [-104.612682, 38.847806], [-104.612682, 38.847813], [-104.612682, 38.847862], [-104.612681, 38.847976], [-104.612681, 38.847976], [-104.61268, 38.848146], [-104.61268, 38.848153], [-104.612679, 38.848316], [-104.612679, 38.848317], [-104.612678, 38.848486], [-104.612678, 38.848492], [-104.612677, 38.848656], [-104.612677, 38.848664], [-104.612676, 38.848826], [-104.612676, 38.848842], [-104.612675, 38.848996], [-104.612675, 38.849008], [-104.612674, 38.849166], [-104.612674, 38.849171], [-104.612673, 38.849336], [-104.612672, 38.849365], [-104.612672, 38.849418], [-104.612672, 38.849439], [-104.612672, 38.849458], [-104.612672, 38.849485], [-104.612671, 38.849505], [-104.612671, 38.849563], [-104.612671, 38.849624], [-104.612671, 38.84963], [-104.61267, 38.849692], [-104.61267, 38.849704], [-104.61267, 38.849741], [-104.61267, 38.849744], [-104.607966, 38.849721], [-104.607956, 38.849721], [-104.607962, 38.849038], [-104.607962, 38.849031], [-104.602658, 38.848995], [-104.599211, 38.848951], [-104.598761, 38.848945], [-104.598761, 38.848945], [-104.598758, 38.849081], [-104.598749, 38.849637], [-104.598735, 38.850445], [-104.598735, 38.850496], [-104.598734, 38.850516], [-104.598732, 38.850628], [-104.59873, 38.85077], [-104.598728, 38.850891], [-104.598721, 38.851329], [-104.59872, 38.851344], [-104.598713, 38.851782], [-104.598713, 38.851798], [-104.598706, 38.852235], [-104.598705, 38.852276], [-104.5987, 38.852576], [-104.598698, 38.852689], [-104.598697, 38.852745], [-104.598696, 38.852803], [-104.598692, 38.85304], [-104.598693, 38.853142], [-104.598693, 38.85317], [-104.598693, 38.853193], [-104.598694, 38.853243], [-104.598704, 38.853243], [-104.59919, 38.853249], [-104.59924, 38.85325], [-104.600001, 38.853258], [-104.600023, 38.853258], [-104.600767, 38.853266], [-104.600799, 38.853266], [-104.601377, 38.853272], [-104.601534, 38.853274], [-104.601581, 38.853275], [-104.601914, 38.853278], [-104.602301, 38.853282], [-104.602329, 38.853283], [-104.603068, 38.85329], [-104.603364, 38.853293], [-104.603364, 38.8533], [-104.603364, 38.85349], [-104.603366, 38.853928], [-104.603366, 38.85395], [-104.603367, 38.854382], [-104.603367, 38.85439], [-104.603368, 38.854835], [-104.603368, 38.85485], [-104.603369, 38.855021], [-104.603369, 38.855026], [-104.60337, 38.855482], [-104.603371, 38.855918], [-104.603371, 38.855923], [-104.603372, 38.856376], [-104.603372, 38.856386], [-104.603373, 38.856496], [-104.603374, 38.85683], [-104.603374, 38.856957], [-104.603374, 38.85696], [-104.598739, 38.856886], [-104.598734, 38.856886], [-104.598717, 38.859877], [-104.598695, 38.864216], [-104.598705, 38.864217], [-104.599004, 38.864223], [-104.605956, 38.864368], [-104.607964, 38.864415], [-104.607964, 38.864421], [-104.608017, 38.868105], [-104.608027, 38.868105], [-104.612615, 38.868114], [-104.612615, 38.868111], [-104.612622, 38.865635], [-104.612623, 38.865531], [-104.612624, 38.864987], [-104.612626, 38.864417], [-104.612626, 38.864414], [-104.612626, 38.864404], [-104.612631, 38.864404], [-104.612828, 38.864404], [-104.61306, 38.864403], [-104.613063, 38.864403], [-104.6133, 38.864403], [-104.613312, 38.864403], [-104.61354, 38.864402], [-104.61354, 38.864402], [-104.61378, 38.864402], [-104.613784, 38.864402], [-104.614019, 38.864401], [-104.61403, 38.864401], [-104.614259, 38.864401], [-104.614263, 38.864401], [-104.614499, 38.8644], [-104.614517, 38.8644], [-104.614739, 38.8644], [-104.61475, 38.8644], [-104.614978, 38.864399], [-104.614986, 38.864399], [-104.615013, 38.864399], [-104.615015, 38.864399], [-104.615034, 38.864399], [-104.615118, 38.864399], [-104.616205, 38.864397], [-104.617289, 38.864394], [-104.617289, 38.864401], [-104.617289, 38.865094], [-104.617289, 38.866172], [-104.617289, 38.866208], [-104.61729, 38.867305], [-104.61729, 38.867347], [-104.61729, 38.868122], [-104.6173, 38.868122], [-104.617912, 38.868112], [-104.61806, 38.868113], [-104.618672, 38.868117], [-104.619423, 38.868122], [-104.619906, 38.868125], [-104.619914, 38.868125], [-104.621827, 38.868134], [-104.621832, 38.868134], [-104.621873, 38.868134], [-104.62375, 38.868139], [-104.623875, 38.868139], [-104.625667, 38.868144], [-104.626487, 38.868146], [-104.628313, 38.86815], [-104.628867, 38.868151], [-104.629361, 38.868153], [-104.629409, 38.868153], [-104.629936, 38.868154], [-104.629979, 38.868154], [-104.630511, 38.868155], [-104.630551, 38.868155], [-104.631087, 38.868157], [-104.631132, 38.868157], [-104.631662, 38.868158], [-104.631686, 38.868158], [-104.632237, 38.868159], [-104.632265, 38.868159], [-104.632813, 38.868161], [-104.632838, 38.868161], [-104.633388, 38.868162], [-104.633413, 38.868162], [-104.633963, 38.868163], [-104.634009, 38.868164], [-104.634539, 38.868165], [-104.634549, 38.868165], [-104.635114, 38.868166], [-104.635145, 38.868166], [-104.635689, 38.868168], [-104.635814, 38.868168], [-104.636037, 38.868168], [-104.636037, 38.868175], [-104.636037, 38.868182], [-104.636037, 38.868194], [-104.636025, 38.868925], [-104.63601, 38.869907], [-104.63601, 38.869923], [-104.636009, 38.869969], [-104.636009, 38.869972], [-104.626628, 38.869953], [-104.626623, 38.869953], [-104.626604, 38.871605], [-104.626596, 38.872379], [-104.626591, 38.872805], [-104.626583, 38.873576], [-104.626565, 38.875151], [-104.626563, 38.875387], [-104.626522, 38.879009], [-104.626482, 38.882631], [-104.62648, 38.882765], [-104.626472, 38.883372], [-104.6265, 38.883558], [-104.6265, 38.884292], [-104.626502, 38.88625], [-104.626502, 38.886253], [-104.623107, 38.886251], [-104.621811, 38.886251], [-104.621801, 38.886251], [-104.621834, 38.88274], [-104.621836, 38.882639], [-104.621836, 38.882633], [-104.621716, 38.882623], [-104.621289, 38.882634], [-104.620343, 38.882634], [-104.618988, 38.882632], [-104.61821, 38.882635], [-104.617334, 38.882635], [-104.617196, 38.882623], [-104.617192, 38.882622], [-104.617191, 38.882642], [-104.617191, 38.882675], [-104.61719, 38.882691], [-104.617189, 38.882742], [-104.617189, 38.882777], [-104.617188, 38.882868], [-104.617188, 38.882869], [-104.617187, 38.882951], [-104.617187, 38.882958], [-104.617187, 38.882961], [-104.617187, 38.883049], [-104.617187, 38.883056], [-104.617186, 38.88314], [-104.617186, 38.883141], [-104.617185, 38.88323], [-104.617185, 38.883233], [-104.617185, 38.883235], [-104.617185, 38.883321], [-104.617185, 38.883326], [-104.617184, 38.883412], [-104.617184, 38.883414], [-104.617183, 38.883502], [-104.617183, 38.883505], [-104.617183, 38.883593], [-104.617183, 38.883597], [-104.617182, 38.883684], [-104.617182, 38.883685], [-104.617181, 38.883774], [-104.617181, 38.883777], [-104.617181, 38.883865], [-104.617181, 38.883866], [-104.61718, 38.883956], [-104.61718, 38.883958], [-104.617179, 38.884046], [-104.617179, 38.88405], [-104.617179, 38.884137], [-104.617179, 38.884137], [-104.617178, 38.884228], [-104.617177, 38.884318], [-104.617177, 38.884321], [-104.617177, 38.884409], [-104.617177, 38.884414], [-104.617176, 38.8845], [-104.617176, 38.884504], [-104.617175, 38.88459], [-104.617175, 38.884592], [-104.617175, 38.884681], [-104.617175, 38.884686], [-104.617174, 38.884772], [-104.617174, 38.884776], [-104.617173, 38.884862], [-104.617173, 38.884865], [-104.617173, 38.884953], [-104.617173, 38.884955], [-104.617172, 38.885044], [-104.617172, 38.885044], [-104.617172, 38.885134], [-104.617171, 38.885138], [-104.617171, 38.885225], [-104.617171, 38.88523], [-104.61717, 38.885316], [-104.61717, 38.885319], [-104.61717, 38.885406], [-104.61717, 38.885408], [-104.617169, 38.885497], [-104.617169, 38.885502], [-104.617168, 38.885588], [-104.617168, 38.88559], [-104.617168, 38.885678], [-104.617168, 38.885682], [-104.617167, 38.885769], [-104.617167, 38.885774], [-104.617166, 38.88586], [-104.617166, 38.885863], [-104.617166, 38.88595], [-104.617166, 38.885957], [-104.617165, 38.886041], [-104.617165, 38.886044], [-104.617164, 38.886132], [-104.617164, 38.886135], [-104.617164, 38.886222], [-104.617164, 38.88623], [-104.617163, 38.886313], [-104.617163, 38.886315], [-104.617162, 38.886404], [-104.617162, 38.886406], [-104.617162, 38.886494], [-104.617162, 38.886496], [-104.617161, 38.886585], [-104.617161, 38.88659], [-104.61716, 38.886676], [-104.61716, 38.886676], [-104.61716, 38.886765], [-104.61716, 38.886766], [-104.617159, 38.886857], [-104.617159, 38.886862], [-104.617158, 38.886948], [-104.617158, 38.886954], [-104.617158, 38.887038], [-104.617158, 38.887045], [-104.617157, 38.887129], [-104.617157, 38.887137], [-104.617156, 38.88722], [-104.617156, 38.887224], [-104.617156, 38.88731], [-104.617156, 38.887313], [-104.617155, 38.887401], [-104.617155, 38.887409], [-104.617154, 38.887492], [-104.617154, 38.887495], [-104.617154, 38.887582], [-104.617154, 38.887587], [-104.617153, 38.887673], [-104.617153, 38.887676], [-104.617152, 38.887764], [-104.617152, 38.887767], [-104.617152, 38.887854], [-104.617152, 38.887859], [-104.617151, 38.887945], [-104.617151, 38.887951], [-104.61715, 38.888035], [-104.61715, 38.888036], [-104.61715, 38.888126], [-104.61715, 38.888126], [-104.617149, 38.888216], [-104.617149, 38.888217], [-104.617148, 38.888308], [-104.617148, 38.888311], [-104.617148, 38.888398], [-104.617148, 38.888402], [-104.617147, 38.888489], [-104.617147, 38.888493], [-104.617146, 38.88858], [-104.617146, 38.88859], [-104.617146, 38.888669], [-104.617146, 38.88867], [-104.617145, 38.888761], [-104.617145, 38.888761], [-104.617144, 38.888851], [-104.617144, 38.888852], [-104.617144, 38.888942], [-104.617144, 38.888947], [-104.617143, 38.889033], [-104.617143, 38.889037], [-104.617142, 38.889124], [-104.617142, 38.889131], [-104.617142, 38.889214], [-104.617142, 38.889218], [-104.617141, 38.889305], [-104.617141, 38.889322], [-104.617141, 38.889334], [-104.61714, 38.889449], [-104.61714, 38.889467], [-104.61714, 38.889482], [-104.61714, 38.889524], [-104.617139, 38.889555], [-104.617139, 38.889558], [-104.617139, 38.889646], [-104.617139, 38.88965], [-104.617138, 38.889736], [-104.617138, 38.889745], [-104.617137, 38.889827], [-104.617137, 38.889866], [-104.617137, 38.88988], [-104.617137, 38.88988], [-104.617141, 38.88988], [-104.617147, 38.88988], [-104.617245, 38.88988], [-104.617457, 38.889878], [-104.617525, 38.889878], [-104.617545, 38.889878], [-104.617813, 38.889878], [-104.617836, 38.889878], [-104.618101, 38.889877], [-104.618121, 38.889877], [-104.618388, 38.889877], [-104.618411, 38.889877], [-104.618676, 38.889876], [-104.618693, 38.889876], [-104.618964, 38.889876], [-104.618983, 38.889876], [-104.619252, 38.889875], [-104.619259, 38.889875], [-104.61954, 38.889875], [-104.619571, 38.889875], [-104.619793, 38.889874], [-104.619827, 38.889874], [-104.619838, 38.889874], [-104.620115, 38.889874], [-104.620146, 38.889874], [-104.620403, 38.889874], [-104.620434, 38.889874], [-104.620691, 38.889873], [-104.620694, 38.889873], [-104.620978, 38.889873], [-104.621024, 38.889873], [-104.621266, 38.889873], [-104.621309, 38.889873], [-104.621382, 38.889873], [-104.621482, 38.889873], [-104.621554, 38.889873], [-104.621647, 38.889872], [-104.621771, 38.889872], [-104.621771, 38.889872], [-104.621771, 38.889879], [-104.621771, 38.889912], [-104.621769, 38.890074], [-104.621769, 38.890075], [-104.621768, 38.890245], [-104.621768, 38.89025], [-104.621766, 38.890415], [-104.621766, 38.89042], [-104.621765, 38.890585], [-104.621765, 38.890589], [-104.621763, 38.890755], [-104.621763, 38.89076], [-104.621762, 38.890925], [-104.621762, 38.890931], [-104.62176, 38.891095], [-104.62176, 38.891098], [-104.621759, 38.891265], [-104.621759, 38.891271], [-104.621757, 38.891435], [-104.621757, 38.891435], [-104.621756, 38.891604], [-104.621756, 38.891605], [-104.621754, 38.891775], [-104.621754, 38.891777], [-104.621753, 38.891945], [-104.621753, 38.891951], [-104.621751, 38.892115], [-104.621751, 38.892118], [-104.62175, 38.892285], [-104.62175, 38.892291], [-104.621748, 38.892455], [-104.621748, 38.892468], [-104.621747, 38.892625], [-104.621746, 38.892635], [-104.621745, 38.892795], [-104.621745, 38.892796], [-104.621744, 38.892965], [-104.621743, 38.892974], [-104.621742, 38.893134], [-104.621742, 38.893135], [-104.621742, 38.893149], [-104.62174, 38.893305], [-104.621739, 38.893349], [-104.621739, 38.893404], [-104.621738, 38.893464], [-104.621738, 38.893467], [-104.621737, 38.893475], [-104.621736, 38.893482], [-104.621735, 38.893492], [-104.621735, 38.893492], [-104.621745, 38.893492], [-104.621746, 38.893492], [-104.622163, 38.893491], [-104.623148, 38.893489], [-104.625056, 38.893484], [-104.625115, 38.893484], [-104.62523, 38.893483], [-104.626358, 38.89348], [-104.626463, 38.89348], [-104.626463, 38.893487], [-104.62645, 38.894654], [-104.626443, 38.895358], [-104.626419, 38.89556], [-104.626418, 38.895713], [-104.626418, 38.895772], [-104.626415, 38.896542], [-104.626412, 38.896846], [-104.626411, 38.896901], [-104.626402, 38.897804], [-104.626404, 38.89796], [-104.626404, 38.897979], [-104.626419, 38.899104], [-104.626419, 38.899109], [-104.626419, 38.899113], [-104.626429, 38.900246], [-104.62643, 38.900306], [-104.626431, 38.90045], [-104.626435, 38.901312], [-104.626436, 38.90138], [-104.626436, 38.901393], [-104.626451, 38.902512], [-104.626451, 38.902513], [-104.626454, 38.902745], [-104.626463, 38.903647], [-104.626463, 38.903652], [-104.62647, 38.904272], [-104.626477, 38.90478], [-104.626477, 38.904799], [-104.626486, 38.905479], [-104.626484, 38.905914], [-104.626484, 38.905978], [-104.626483, 38.906173], [-104.626491, 38.907047], [-104.626492, 38.907095], [-104.626493, 38.907248], [-104.626504, 38.908181], [-104.626505, 38.908252], [-104.626509, 38.908542], [-104.626515, 38.909314], [-104.626516, 38.909449], [-104.626525, 38.910448], [-104.626525, 38.910498], [-104.626522, 38.911079], [-104.62652, 38.911478], [-104.62652, 38.911582], [-104.626475, 38.91158], [-104.626449, 38.911579], [-104.626448, 38.911579], [-104.626448, 38.911586], [-104.626455, 38.912008], [-104.626462, 38.912434], [-104.62646, 38.912859], [-104.626471, 38.912934], [-104.626484, 38.913013], [-104.626523, 38.913118], [-104.626602, 38.91321], [-104.626603, 38.91326], [-104.626585, 38.913309], [-104.626534, 38.913387], [-104.626494, 38.913458], [-104.626454, 38.913509], [-104.626453, 38.91351], [-104.626373, 38.913965], [-104.626254, 38.914145], [-104.625994, 38.914519], [-104.625105, 38.915777], [-104.624828, 38.916157], [-104.624485, 38.916648], [-104.624346, 38.916833], [-104.624152, 38.917119], [-104.624114, 38.91717], [-104.624014, 38.917309], [-104.62393, 38.917425], [-104.623769, 38.917663], [-104.62353, 38.918004], [-104.62299, 38.918757], [-104.622676, 38.919188], [-104.62262, 38.919282], [-104.622529, 38.919434], [-104.622341, 38.919701], [-104.62204, 38.920153], [-104.621733, 38.920578], [-104.62149, 38.920935], [-104.621261, 38.921247], [-104.621174, 38.921373], [-104.621098, 38.921484], [-104.620872, 38.921831], [-104.620708, 38.922059], [-104.620666, 38.92212], [-104.620376, 38.922539], [-104.620332, 38.922605], [-104.620211, 38.922786], [-104.620141, 38.92289], [-104.620118, 38.92292], [-104.619986, 38.923103], [-104.619835, 38.923317], [-104.619742, 38.923451], [-104.619672, 38.923552], [-104.619465, 38.923858], [-104.619397, 38.92396], [-104.619342, 38.924036], [-104.619214, 38.924218], [-104.619179, 38.924268], [-104.619127, 38.924346], [-104.618911, 38.924664], [-104.618824, 38.92478], [-104.618675, 38.924981], [-104.618214, 38.925652], [-104.617991, 38.925993], [-104.617921, 38.926089], [-104.61776, 38.926311], [-104.617088, 38.926311], [-104.617085, 38.926311], [-104.617076, 38.926311], [-104.617021, 38.926305], [-104.616592, 38.926296], [-104.616233, 38.92629], [-104.615139, 38.926285], [-104.614655, 38.926283], [-104.613732, 38.92627], [-104.613404, 38.926266], [-104.611329, 38.926243], [-104.611198, 38.926241], [-104.611024, 38.926239], [-104.610273, 38.92623], [-104.60965, 38.926228], [-104.609295, 38.926227], [-104.608865, 38.92622], [-104.6084, 38.926213], [-104.608301, 38.926211], [-104.608006, 38.926206], [-104.607917, 38.926205], [-104.607908, 38.926205], [-104.607869, 38.926204], [-104.607752, 38.926202], [-104.607713, 38.926202], [-104.607713, 38.926208], [-104.607733, 38.92641], [-104.607744, 38.926473], [-104.607801, 38.926976], [-104.607811, 38.927062], [-104.607867, 38.927555], [-104.607883, 38.927833], [-104.608068, 38.929298], [-104.608073, 38.929336], [-104.60813, 38.929701], [-104.608165, 38.930071], [-104.608228, 38.930534], [-104.608236, 38.930529], [-104.608236, 38.930529], [-104.60861, 38.930294], [-104.609221, 38.929896], [-104.609229, 38.929904], [-104.60923, 38.929905], [-104.609506, 38.930162], [-104.611075, 38.931625], [-104.611082, 38.931631], [-104.611083, 38.93163], [-104.611084, 38.93163], [-104.611183, 38.931562], [-104.61152, 38.931343], [-104.611543, 38.931329], [-104.611656, 38.931256], [-104.611999, 38.931039], [-104.612113, 38.930967], [-104.612197, 38.930913], [-104.612283, 38.930856], [-104.612609, 38.930642], [-104.612793, 38.930524], [-104.612964, 38.930415], [-104.613449, 38.930107], [-104.613675, 38.929958], [-104.613772, 38.929895], [-104.614408, 38.92989], [-104.615288, 38.929908], [-104.615798, 38.929574], [-104.617017, 38.92878], [-104.617052, 38.928739], [-104.617221, 38.9286], [-104.617481, 38.928438], [-104.617842, 38.928196], [-104.618351, 38.927873], [-104.618716, 38.927619], [-104.618728, 38.927609], [-104.61961, 38.926976], [-104.619922, 38.926768], [-104.620327, 38.926513], [-104.62037, 38.926491], [-104.620548, 38.926401], [-104.620736, 38.926358], [-104.620939, 38.926337], [-104.620941, 38.926337], [-104.621894, 38.926359], [-104.624415, 38.926374], [-104.625006, 38.926377], [-104.626534, 38.926392], [-104.626765, 38.926394], [-104.627558, 38.926402], [-104.627558, 38.926408], [-104.627558, 38.926409], [-104.62754, 38.936269], [-104.62758, 38.937748], [-104.627552, 38.938905], [-104.627562, 38.938905], [-104.629454, 38.938909], [-104.629454, 38.938916], [-104.629454, 38.938916], [-104.629473, 38.939137], [-104.629479, 38.939209], [-104.629476, 38.939262], [-104.629474, 38.939294], [-104.629468, 38.939423], [-104.629466, 38.939477], [-104.62946, 38.939625], [-104.629459, 38.93967], [-104.629456, 38.939762], [-104.62944, 38.940248], [-104.629434, 38.94044], [-104.629434, 38.94044], [-104.629434, 38.940442], [-104.629913, 38.94045], [-104.630387, 38.940458], [-104.630923, 38.940461], [-104.630923, 38.940461], [-104.631353, 38.940463], [-104.631665, 38.940465], [-104.631833, 38.940466], [-104.632056, 38.940468], [-104.632965, 38.940477], [-104.633252, 38.940479], [-104.634001, 38.940499], [-104.634001, 38.940499], [-104.634532, 38.940513], [-104.635363, 38.940517], [-104.636167, 38.940521], [-104.636692, 38.940529], [-104.636913, 38.940532], [-104.638074, 38.940549], [-104.63809, 38.940549], [-104.638791, 38.940559], [-104.639234, 38.940566], [-104.639427, 38.940568], [-104.63997, 38.940572], [-104.63997, 38.940572], [-104.63997, 38.940572], [-104.63997, 38.940572], [-104.63997, 38.940572], [-104.63997, 38.940572], [-104.63997, 38.940572], [-104.63997, 38.940572], [-104.63997, 38.940572], [-104.639971, 38.940572], [-104.640971, 38.940579], [-104.642683, 38.940591], [-104.644666, 38.940605], [-104.645492, 38.940611], [-104.646822, 38.940613], [-104.64865, 38.940616], [-104.649553, 38.940617], [-104.649558, 38.940617], [-104.649564, 38.940617], [-104.650982, 38.940619], [-104.651142, 38.94062], [-104.652586, 38.940622], [-104.653557, 38.940624], [-104.653558, 38.940624], [-104.653558, 38.940624], [-104.653558, 38.940624], [-104.653558, 38.940624], [-104.654058, 38.940624], [-104.654253, 38.940622], [-104.655423, 38.94061], [-104.655547, 38.940607], [-104.655547, 38.940607], [-104.655547, 38.940607], [-104.655674, 38.940604], [-104.655732, 38.940599], [-104.655789, 38.940602], [-104.65579, 38.940602], [-104.656099, 38.940596], [-104.656308, 38.940591], [-104.65714, 38.940534], [-104.657757, 38.940491], [-104.658294, 38.940453], [-104.658295, 38.940453], [-104.658295, 38.940453], [-104.658598, 38.940432], [-104.658686, 38.940425], [-104.659157, 38.940384], [-104.659837, 38.940326], [-104.660912, 38.940233], [-104.660953, 38.940231], [-104.661518, 38.940204], [-104.661518, 38.940204], [-104.661902, 38.940185], [-104.66208, 38.940174], [-104.662559, 38.940144], [-104.662732, 38.940141], [-104.663371, 38.940129], [-104.663658, 38.940127], [-104.664072, 38.940123], [-104.664203, 38.940122], [-104.664234, 38.940123], [-104.664568, 38.940129], [-104.66457, 38.940129], [-104.664871, 38.940136], [-104.665302, 38.940146], [-104.665304, 38.940146], [-104.665525, 38.94015], [-104.66591, 38.940175], [-104.66591, 38.940175], [-104.6664, 38.940207], [-104.666677, 38.940225], [-104.666839, 38.940235], [-104.667019, 38.940242], [-104.667269, 38.940251], [-104.667645, 38.940267], [-104.667929, 38.940278], [-104.668068, 38.940292], [-104.668122, 38.940297], [-104.668284, 38.940313], [-104.668339, 38.940319], [-104.668868, 38.94037], [-104.66922, 38.940405], [-104.66922, 38.940405], [-104.669221, 38.940405], [-104.66951, 38.940433], [-104.670066, 38.940467], [-104.670459, 38.940491], [-104.670902, 38.940519], [-104.670991, 38.940522], [-104.671178, 38.940528], [-104.671178, 38.940528], [-104.672201, 38.940558], [-104.672696, 38.940572], [-104.673133, 38.940582], [-104.673133, 38.940582], [-104.673357, 38.940586], [-104.673358, 38.940586], [-104.673358, 38.940592], [-104.673355, 38.940848], [-104.673353, 38.940976], [-104.673352, 38.941031], [-104.673326, 38.942132], [-104.673311, 38.942838], [-104.673298, 38.944014], [-104.673298, 38.944014], [-104.673298, 38.944014], [-104.673298, 38.944014], [-104.673298, 38.944014], [-104.673298, 38.944014], [-104.673293, 38.944482], [-104.673283, 38.944826], [-104.673283, 38.944826], [-104.673283, 38.944826], [-104.673263, 38.945572], [-104.673248, 38.94626], [-104.673246, 38.94636], [-104.673237, 38.946773], [-104.673237, 38.946798], [-104.67322, 38.947674], [-104.673217, 38.948321], [-104.673213, 38.948725], [-104.673208, 38.948958], [-104.673172, 38.950869], [-104.67316, 38.951506], [-104.673163, 38.951522], [-104.673165, 38.951531], [-104.673168, 38.951557], [-104.673168, 38.951608], [-104.673172, 38.951654], [-104.673175, 38.951702], [-104.673176, 38.951716], [-104.673188, 38.951869], [-104.673197, 38.951869], [-104.6766, 38.951856], [-104.676602, 38.951856], [-104.677925, 38.951855], [-104.682573, 38.951838], [-104.682576, 38.951624], [-104.682632, 38.948232], [-104.682632, 38.948215], [-104.683828, 38.948212], [-104.684135, 38.948214], [-104.684364, 38.948216]]]}}, {"type": "Feature", "properties": {"REP": 17}, "geometry": {"type": "Polygon", "coordinates": [[[-104.73874, 38.839709], [-104.739408, 38.839731], [-104.739453, 38.839733], [-104.740896, 38.839708], [-104.741415, 38.839703], [-104.742084, 38.839697], [-104.742792, 38.83969], [-104.743279, 38.839694], [-104.744361, 38.839706], [-104.745703, 38.839696], [-104.745979, 38.839697], [-104.746186, 38.839697], [-104.746425, 38.839698], [-104.746864, 38.839699], [-104.747264, 38.8397], [-104.74806, 38.839693], [-104.74806, 38.839693], [-104.748061, 38.839624], [-104.748065, 38.83942], [-104.748067, 38.839353], [-104.748071, 38.839065], [-104.748074, 38.838948], [-104.748069, 38.838204], [-104.748069, 38.838097], [-104.748058, 38.837918], [-104.748047, 38.837747], [-104.748021, 38.837666], [-104.747996, 38.837589], [-104.747984, 38.837552], [-104.747917, 38.837447], [-104.747823, 38.837357], [-104.747723, 38.837297], [-104.74759, 38.837217], [-104.747485, 38.83716], [-104.74726, 38.83704], [-104.747239, 38.837029], [-104.747179, 38.836996], [-104.747159, 38.836986], [-104.746834, 38.836814], [-104.746235, 38.836496], [-104.745864, 38.836292], [-104.745765, 38.836238], [-104.745619, 38.836127], [-104.74556, 38.836089], [-104.745499, 38.836006], [-104.745454, 38.835944], [-104.745363, 38.835764], [-104.745354, 38.835737], [-104.745332, 38.83567], [-104.745322, 38.835641], [-104.745287, 38.835531], [-104.745282, 38.835499], [-104.745262, 38.835364], [-104.74529, 38.835219], [-104.745342, 38.835095], [-104.745352, 38.835074], [-104.745418, 38.834942], [-104.745433, 38.83491], [-104.745541, 38.834753], [-104.745548, 38.834742], [-104.745951, 38.834151], [-104.746086, 38.833955], [-104.746109, 38.833965], [-104.746487, 38.834125], [-104.746553, 38.834153], [-104.746797, 38.834256], [-104.747059, 38.834349], [-104.747129, 38.834373], [-104.747275, 38.834425], [-104.74736, 38.834456], [-104.74743, 38.83448], [-104.747726, 38.834578], [-104.747862, 38.834609], [-104.747955, 38.834629], [-104.748145, 38.834657], [-104.748231, 38.83467], [-104.748566, 38.834695], [-104.748673, 38.834695], [-104.748743, 38.834696], [-104.748877, 38.834696], [-104.748926, 38.834691], [-104.749257, 38.834653], [-104.749294, 38.834648], [-104.749359, 38.834637], [-104.749651, 38.834589], [-104.749781, 38.834567], [-104.750011, 38.834497], [-104.750052, 38.834484], [-104.75018, 38.834441], [-104.750232, 38.834423], [-104.750408, 38.834365], [-104.750723, 38.834223], [-104.750896, 38.834102], [-104.751113, 38.833951], [-104.751212, 38.833871], [-104.751281, 38.833814], [-104.7514, 38.833717], [-104.751564, 38.833584], [-104.75169, 38.833482], [-104.752186, 38.832984], [-104.752399, 38.832772], [-104.752828, 38.8324], [-104.752837, 38.832392], [-104.752851, 38.832384], [-104.752985, 38.832306], [-104.753196, 38.832184], [-104.753545, 38.832059], [-104.753945, 38.83198], [-104.754055, 38.831974], [-104.754194, 38.831967], [-104.754446, 38.831953], [-104.754465, 38.831953], [-104.755136, 38.831954], [-104.755331, 38.831951], [-104.755385, 38.83195], [-104.755551, 38.831947], [-104.755606, 38.831947], [-104.755969, 38.831941], [-104.756071, 38.83194], [-104.756361, 38.831944], [-104.756458, 38.831946], [-104.756944, 38.831952], [-104.75706, 38.831954], [-104.75729, 38.831943], [-104.757422, 38.831937], [-104.75744, 38.831937], [-104.757517, 38.831933], [-104.75784, 38.831919], [-104.758118, 38.831919], [-104.758383, 38.83192], [-104.758677, 38.83192], [-104.759931, 38.831925], [-104.760163, 38.831923], [-104.76021, 38.831922], [-104.760368, 38.831921], [-104.760758, 38.831918], [-104.760908, 38.831921], [-104.761113, 38.831926], [-104.761172, 38.831928], [-104.761512, 38.831963], [-104.761705, 38.832002], [-104.761724, 38.832009], [-104.761812, 38.832042], [-104.761917, 38.832081], [-104.762018, 38.832119], [-104.762083, 38.832143], [-104.762312, 38.832259], [-104.76241, 38.832309], [-104.762455, 38.832331], [-104.762493, 38.83235], [-104.762594, 38.832391], [-104.762641, 38.832411], [-104.762815, 38.832484], [-104.763002, 38.832535], [-104.763135, 38.832572], [-104.763328, 38.832608], [-104.763526, 38.832623], [-104.764143, 38.832632], [-104.76424, 38.832634], [-104.764527, 38.832634], [-104.764887, 38.832635], [-104.765631, 38.832639], [-104.765967, 38.832637], [-104.766328, 38.832636], [-104.766531, 38.832634], [-104.766672, 38.832634], [-104.76714, 38.832636], [-104.767343, 38.832638], [-104.767539, 38.832639], [-104.768128, 38.832642], [-104.768325, 38.832644], [-104.768523, 38.832644], [-104.768566, 38.832645], [-104.76912, 38.832667], [-104.769319, 38.832675], [-104.769523, 38.832682], [-104.769859, 38.832694], [-104.770135, 38.832701], [-104.770321, 38.832707], [-104.770325, 38.832707], [-104.77034, 38.832707], [-104.770534, 38.832709], [-104.770892, 38.832714], [-104.771119, 38.832711], [-104.771314, 38.832709], [-104.771509, 38.832707], [-104.771652, 38.832706], [-104.772094, 38.83271], [-104.772289, 38.832712], [-104.772486, 38.832712], [-104.773078, 38.832712], [-104.773276, 38.832712], [-104.773787, 38.832714], [-104.7738, 38.832713], [-104.774668, 38.832713], [-104.775296, 38.832712], [-104.775372, 38.832712], [-104.775895, 38.832712], [-104.775897, 38.832712], [-104.775897, 38.832674], [-104.775896, 38.832475], [-104.775896, 38.831767], [-104.775896, 38.831531], [-104.775893, 38.831346], [-104.775887, 38.830792], [-104.775885, 38.830608], [-104.775884, 38.830436], [-104.775881, 38.829922], [-104.775881, 38.829751], [-104.775883, 38.829569], [-104.775891, 38.829025], [-104.775895, 38.828844], [-104.775902, 38.828696], [-104.775902, 38.828694], [-104.775908, 38.828566], [-104.775916, 38.828416], [-104.775971, 38.828263], [-104.776022, 38.828125], [-104.776159, 38.827885], [-104.776401, 38.827626], [-104.776424, 38.827602], [-104.776702, 38.827408], [-104.776971, 38.827272], [-104.777326, 38.827162], [-104.777442, 38.827147], [-104.777816, 38.827098], [-104.778167, 38.82708], [-104.778188, 38.82708], [-104.778249, 38.827078], [-104.778592, 38.827067], [-104.778634, 38.827065], [-104.778649, 38.827063], [-104.778796, 38.82704], [-104.778948, 38.827017], [-104.779015, 38.827006], [-104.779073, 38.826998], [-104.779464, 38.826869], [-104.779577, 38.8268], [-104.77963, 38.826768], [-104.779801, 38.826666], [-104.77982, 38.826654], [-104.779908, 38.826601], [-104.780002, 38.826512], [-104.780058, 38.826458], [-104.780145, 38.826376], [-104.780348, 38.826052], [-104.780415, 38.825839], [-104.78047, 38.825642], [-104.780499, 38.825542], [-104.780504, 38.825358], [-104.780505, 38.825337], [-104.780901, 38.825333], [-104.781105, 38.825332], [-104.782324, 38.82533], [-104.782909, 38.825324], [-104.78351, 38.825318], [-104.78351, 38.825307], [-104.78351, 38.825277], [-104.783511, 38.825267], [-104.783632, 38.825267], [-104.783995, 38.825267], [-104.784117, 38.825268], [-104.784284, 38.825268], [-104.784645, 38.825268], [-104.784787, 38.825271], [-104.784955, 38.825276], [-104.785168, 38.825273], [-104.785809, 38.825265], [-104.786023, 38.825263], [-104.786225, 38.825277], [-104.786249, 38.825279], [-104.786483, 38.825306], [-104.786551, 38.825314], [-104.786786, 38.825303], [-104.786832, 38.825301], [-104.787035, 38.825293], [-104.787236, 38.825291], [-104.787567, 38.825288], [-104.787839, 38.825284], [-104.78804, 38.825282], [-104.788325, 38.825278], [-104.789183, 38.825269], [-104.78947, 38.825267], [-104.789804, 38.825264], [-104.790806, 38.825257], [-104.790904, 38.825257], [-104.791141, 38.825251], [-104.791229, 38.825168], [-104.791347, 38.825059], [-104.791496, 38.824925], [-104.791587, 38.824845], [-104.791685, 38.824729], [-104.791982, 38.824381], [-104.792081, 38.824266], [-104.79218, 38.824153], [-104.792419, 38.823883], [-104.792489, 38.823829], [-104.792609, 38.823739], [-104.79275, 38.823663], [-104.792913, 38.823577], [-104.793176, 38.823508], [-104.793201, 38.823507], [-104.793309, 38.823504], [-104.793362, 38.823502], [-104.793561, 38.823504], [-104.793831, 38.823507], [-104.794161, 38.8235], [-104.794361, 38.823497], [-104.794361, 38.823504], [-104.794361, 38.823693], [-104.794362, 38.823745], [-104.794364, 38.823798], [-104.794376, 38.82416], [-104.794387, 38.824696], [-104.794391, 38.824911], [-104.794432, 38.825053], [-104.794488, 38.825184], [-104.794644, 38.82539], [-104.794827, 38.825613], [-104.794954, 38.825819], [-104.794962, 38.825842], [-104.795036, 38.826049], [-104.795054, 38.826253], [-104.795099, 38.826252], [-104.795119, 38.826251], [-104.795111, 38.826539], [-104.795096, 38.827085], [-104.795072, 38.827744], [-104.795046, 38.8282], [-104.795005, 38.828942], [-104.794941, 38.82894], [-104.794934, 38.828939], [-104.794893, 38.82974], [-104.794886, 38.829879], [-104.79487, 38.830199], [-104.794854, 38.83054], [-104.794835, 38.830988], [-104.794807, 38.831365], [-104.794797, 38.831711], [-104.794767, 38.832145], [-104.79476, 38.832248], [-104.794722, 38.832896], [-104.794719, 38.832947], [-104.794719, 38.832947], [-104.795024, 38.832958], [-104.795394, 38.832972], [-104.795939, 38.832987], [-104.796245, 38.832996], [-104.796541, 38.833007], [-104.796994, 38.833025], [-104.797432, 38.833044], [-104.797729, 38.833057], [-104.798035, 38.833065], [-104.798511, 38.833079], [-104.798953, 38.833091], [-104.79926, 38.8331], [-104.799468, 38.83311], [-104.799559, 38.833111], [-104.800018, 38.833121], [-104.800457, 38.833129], [-104.800757, 38.833136], [-104.800867, 38.833138], [-104.801057, 38.833146], [-104.801513, 38.833168], [-104.801959, 38.833186], [-104.80226, 38.833199], [-104.802561, 38.83321], [-104.803025, 38.833228], [-104.803464, 38.833244], [-104.803515, 38.833246], [-104.803766, 38.833259], [-104.80433, 38.833288], [-104.804641, 38.833294], [-104.805471, 38.833313], [-104.806193, 38.833318], [-104.806427, 38.833319], [-104.807037, 38.833355], [-104.807268, 38.833362], [-104.808144, 38.833391], [-104.80862, 38.833407], [-104.81005, 38.833456], [-104.810433, 38.83347], [-104.810527, 38.833478], [-104.810826, 38.833488], [-104.811557, 38.833514], [-104.811726, 38.833514], [-104.812027, 38.833515], [-104.812194, 38.833515], [-104.812381, 38.833515], [-104.812574, 38.833562], [-104.812604, 38.833569], [-104.812822, 38.83357], [-104.812868, 38.83357], [-104.812927, 38.83357], [-104.812938, 38.83357], [-104.812939, 38.833456], [-104.812946, 38.832799], [-104.812949, 38.832468], [-104.813018, 38.832316], [-104.813125, 38.832196], [-104.813166, 38.832086], [-104.813172, 38.832069], [-104.813219, 38.830901], [-104.813223, 38.830745], [-104.813268, 38.82933], [-104.813207, 38.829334], [-104.813198, 38.829334], [-104.813197, 38.829334], [-104.813204, 38.829041], [-104.813225, 38.828297], [-104.81323, 38.828165], [-104.813244, 38.827874], [-104.813312, 38.827876], [-104.81356, 38.827887], [-104.813809, 38.827893], [-104.814107, 38.827902], [-104.814858, 38.827942], [-104.815503, 38.827963], [-104.816069, 38.827983], [-104.816134, 38.827932], [-104.816181, 38.827887], [-104.816227, 38.827806], [-104.816253, 38.827753], [-104.816343, 38.827572], [-104.816389, 38.827491], [-104.816424, 38.827401], [-104.816459, 38.826894], [-104.816481, 38.826595], [-104.816484, 38.826554], [-104.816496, 38.826202], [-104.816496, 38.826022], [-104.816531, 38.825887], [-104.816589, 38.825698], [-104.816635, 38.825568], [-104.816868, 38.824923], [-104.817065, 38.824446], [-104.817181, 38.824203], [-104.817286, 38.823752], [-104.817379, 38.823203], [-104.817449, 38.822824], [-104.817473, 38.822644], [-104.817473, 38.822558], [-104.817473, 38.822374], [-104.817418, 38.821635], [-104.817404, 38.821535], [-104.817401, 38.821514], [-104.817306, 38.821511], [-104.817034, 38.821502], [-104.817022, 38.821502], [-104.816928, 38.821499], [-104.816223, 38.821477], [-104.816215, 38.821476], [-104.816242, 38.820999], [-104.816235, 38.820746], [-104.8162, 38.82056], [-104.816078, 38.820363], [-104.815935, 38.82022], [-104.815684, 38.820025], [-104.815569, 38.819899], [-104.815503, 38.819801], [-104.815458, 38.819735], [-104.815383, 38.819552], [-104.815369, 38.819344], [-104.815393, 38.818908], [-104.815396, 38.818359], [-104.815398, 38.817938], [-104.815423, 38.817764], [-104.815479, 38.817652], [-104.81551, 38.817595], [-104.815608, 38.817439], [-104.815733, 38.817494], [-104.816078, 38.817647], [-104.816392, 38.817815], [-104.816809, 38.818012], [-104.817136, 38.818158], [-104.817203, 38.818173], [-104.817281, 38.81819], [-104.817472, 38.818215], [-104.817522, 38.818218], [-104.817603, 38.818224], [-104.817637, 38.818226], [-104.817739, 38.818232], [-104.817774, 38.818235], [-104.81803, 38.818239], [-104.818129, 38.818241], [-104.81844, 38.818257], [-104.81877, 38.818273], [-104.818801, 38.818273], [-104.819058, 38.81828], [-104.819144, 38.818282], [-104.819226, 38.818284], [-104.819402, 38.818294], [-104.819488, 38.818299], [-104.819729, 38.818312], [-104.819749, 38.818314], [-104.820454, 38.818328], [-104.820696, 38.818334], [-104.820867, 38.818336], [-104.821096, 38.818341], [-104.82138, 38.818349], [-104.821551, 38.818355], [-104.82173, 38.818361], [-104.822267, 38.818379], [-104.822447, 38.818385], [-104.822408, 38.818008], [-104.822376, 38.817691], [-104.822379, 38.817517], [-104.822365, 38.816893], [-104.822363, 38.816874], [-104.822344, 38.816544], [-104.822343, 38.816497], [-104.822341, 38.816418], [-104.822338, 38.816183], [-104.822337, 38.816105], [-104.822335, 38.81598], [-104.82233, 38.815606], [-104.822328, 38.815482], [-104.82233, 38.815445], [-104.822337, 38.815334], [-104.82234, 38.815298], [-104.822347, 38.815224], [-104.822351, 38.815092], [-104.822352, 38.815052], [-104.822354, 38.814977], [-104.822357, 38.814897], [-104.822357, 38.814897], [-104.822431, 38.814899], [-104.822433, 38.81466], [-104.822439, 38.814], [-104.822428, 38.812735], [-104.822426, 38.812542], [-104.82241, 38.811575], [-104.822396, 38.809691], [-104.822382, 38.808629], [-104.822377, 38.808281], [-104.822376, 38.807487], [-104.822392, 38.806691], [-104.822277, 38.806691], [-104.822277, 38.806691], [-104.822277, 38.806691], [-104.822273, 38.806691], [-104.822258, 38.806688], [-104.822218, 38.806683], [-104.822196, 38.806679], [-104.822185, 38.806676], [-104.822089, 38.80665], [-104.82201, 38.806622], [-104.821787, 38.806514], [-104.821635, 38.806441], [-104.821482, 38.806357], [-104.821189, 38.806196], [-104.820911, 38.806043], [-104.820621, 38.805884], [-104.820507, 38.805804], [-104.820495, 38.805795], [-104.820196, 38.805583], [-104.82013, 38.805517], [-104.820023, 38.805408], [-104.819633, 38.805006], [-104.81957, 38.804941], [-104.819493, 38.804846], [-104.81929, 38.804596], [-104.819168, 38.804465], [-104.818718, 38.803982], [-104.818549, 38.803823], [-104.81826, 38.803551], [-104.818, 38.803286], [-104.817928, 38.803182], [-104.817912, 38.803157], [-104.817805, 38.802984], [-104.817734, 38.802766], [-104.817692, 38.802542], [-104.817685, 38.802472], [-104.817681, 38.802432], [-104.817636, 38.801964], [-104.817612, 38.801709], [-104.817594, 38.801398], [-104.817554, 38.800767], [-104.81754, 38.800559], [-104.817533, 38.80045], [-104.817525, 38.80009], [-104.817525, 38.800086], [-104.817512, 38.799796], [-104.817496, 38.799409], [-104.817455, 38.798918], [-104.817437, 38.798703], [-104.817435, 38.798626], [-104.817431, 38.798498], [-104.817422, 38.798144], [-104.81742, 38.798117], [-104.817413, 38.797991], [-104.81741, 38.797891], [-104.817413, 38.797813], [-104.817413, 38.797807], [-104.816905, 38.797776], [-104.816147, 38.797691], [-104.815334, 38.797561], [-104.81417, 38.797271], [-104.813373, 38.797045], [-104.813068, 38.796959], [-104.811143, 38.79642], [-104.81004, 38.796078], [-104.80903, 38.795803], [-104.80817, 38.795636], [-104.807428, 38.795592], [-104.806923, 38.795581], [-104.80653, 38.795593], [-104.805343, 38.795582], [-104.804322, 38.795611], [-104.804033, 38.795602], [-104.803519, 38.795588], [-104.803509, 38.795587], [-104.803507, 38.795557], [-104.803486, 38.794944], [-104.803479, 38.79474], [-104.803477, 38.794707], [-104.803474, 38.794609], [-104.803474, 38.794577], [-104.803459, 38.794297], [-104.803416, 38.793458], [-104.803412, 38.79336], [-104.803409, 38.793304], [-104.803398, 38.79326], [-104.803378, 38.793183], [-104.803325, 38.79297], [-104.803313, 38.792922], [-104.803307, 38.792911], [-104.803206, 38.792692], [-104.803024, 38.792345], [-104.802735, 38.791981], [-104.802452, 38.791706], [-104.802424, 38.791678], [-104.80241, 38.791666], [-104.802389, 38.791648], [-104.802372, 38.791633], [-104.802344, 38.791609], [-104.802343, 38.791608], [-104.802336, 38.791602], [-104.802309, 38.791579], [-104.802308, 38.791578], [-104.80229, 38.791562], [-104.802275, 38.791549], [-104.802263, 38.791539], [-104.802263, 38.791539], [-104.802204, 38.791488], [-104.802202, 38.791486], [-104.802148, 38.791439], [-104.802146, 38.791438], [-104.802098, 38.791396], [-104.802096, 38.791395], [-104.802007, 38.791318], [-104.801992, 38.791305], [-104.801991, 38.791303], [-104.801885, 38.791212], [-104.801813, 38.79115], [-104.801762, 38.791105], [-104.80163, 38.790991], [-104.801603, 38.790968], [-104.801467, 38.790851], [-104.801239, 38.790653], [-104.801199, 38.790621], [-104.801194, 38.790617], [-104.801181, 38.790606], [-104.801107, 38.790547], [-104.800204, 38.789751], [-104.799578, 38.789229], [-104.798945, 38.788695], [-104.798716, 38.788542], [-104.798513, 38.788408], [-104.79848, 38.788386], [-104.798235, 38.788225], [-104.797862, 38.788004], [-104.797727, 38.78793], [-104.796785, 38.787423], [-104.796267, 38.787144], [-104.796272, 38.78714], [-104.796276, 38.787136], [-104.79633, 38.787082], [-104.796565, 38.786853], [-104.796804, 38.786556], [-104.796985, 38.786224], [-104.797148, 38.785914], [-104.797205, 38.785786], [-104.79725, 38.785362], [-104.797254, 38.785326], [-104.797253, 38.785115], [-104.797252, 38.784857], [-104.797278, 38.784758], [-104.797345, 38.784685], [-104.797528, 38.784546], [-104.797574, 38.784528], [-104.797806, 38.784444], [-104.798042, 38.784358], [-104.798235, 38.7843], [-104.798391, 38.784218], [-104.798481, 38.784172], [-104.798731, 38.783989], [-104.798765, 38.783964], [-104.798809, 38.783931], [-104.798984, 38.783803], [-104.799055, 38.783751], [-104.799235, 38.783607], [-104.799225, 38.7836], [-104.799217, 38.783594], [-104.799105, 38.783513], [-104.799092, 38.783503], [-104.799089, 38.783501], [-104.799035, 38.783462], [-104.799032, 38.78346], [-104.798892, 38.783358], [-104.798866, 38.783339], [-104.798817, 38.783303], [-104.79881, 38.783298], [-104.798767, 38.783267], [-104.798784, 38.783263], [-104.798871, 38.783243], [-104.798956, 38.783122], [-104.798956, 38.783083], [-104.798948, 38.781355], [-104.798941, 38.779931], [-104.798925, 38.776294], [-104.798919, 38.774626], [-104.798915, 38.774173], [-104.798913, 38.773528], [-104.798905, 38.771982], [-104.798905, 38.771907], [-104.798904, 38.771787], [-104.798887, 38.768389], [-104.798887, 38.768382], [-104.798887, 38.768378], [-104.798887, 38.768322], [-104.798887, 38.768233], [-104.798886, 38.768231], [-104.798886, 38.768145], [-104.798886, 38.76814], [-104.798886, 38.768052], [-104.798886, 38.76805], [-104.798885, 38.767965], [-104.798885, 38.767959], [-104.798885, 38.767869], [-104.798885, 38.767868], [-104.798884, 38.767777], [-104.798884, 38.767776], [-104.798884, 38.767687], [-104.798884, 38.767686], [-104.798883, 38.767603], [-104.798883, 38.767596], [-104.798883, 38.767514], [-104.798883, 38.76751], [-104.798883, 38.767396], [-104.798882, 38.767115], [-104.798879, 38.766573], [-104.798879, 38.766568], [-104.798557, 38.766518], [-104.798547, 38.766516], [-104.798538, 38.766299], [-104.798543, 38.765929], [-104.798546, 38.765755], [-104.798547, 38.76572], [-104.798547, 38.765713], [-104.797969, 38.765711], [-104.797719, 38.765711], [-104.797447, 38.765712], [-104.797109, 38.765713], [-104.796505, 38.765715], [-104.794985, 38.765722], [-104.794695, 38.765723], [-104.794092, 38.765726], [-104.793333, 38.765729], [-104.792375, 38.765733], [-104.791058, 38.765724], [-104.790729, 38.765722], [-104.790301, 38.765692], [-104.790142, 38.765688], [-104.789665, 38.765676], [-104.789507, 38.765672], [-104.788721, 38.765652], [-104.787944, 38.765632], [-104.787824, 38.765625], [-104.7867, 38.765561], [-104.785472, 38.765491], [-104.782784, 38.765302], [-104.78232, 38.76527], [-104.781106, 38.765173], [-104.780889, 38.765155], [-104.780238, 38.765104], [-104.780022, 38.765087], [-104.779563, 38.76505], [-104.779101, 38.765014], [-104.778187, 38.764962], [-104.777728, 38.764936], [-104.777487, 38.76492], [-104.777359, 38.764912], [-104.776405, 38.764852], [-104.776666, 38.76509], [-104.776981, 38.765376], [-104.777838, 38.766363], [-104.778026, 38.76658], [-104.77803, 38.76658], [-104.778211, 38.76658], [-104.782124, 38.766576], [-104.782134, 38.766583], [-104.782797, 38.767008], [-104.782663, 38.767135], [-104.78288, 38.767274], [-104.782791, 38.767359], [-104.783252, 38.767655], [-104.783252, 38.767655], [-104.78363, 38.767294], [-104.783572, 38.767258], [-104.783562, 38.767251], [-104.783566, 38.766575], [-104.785858, 38.766572], [-104.785864, 38.766579], [-104.786586, 38.767284], [-104.786515, 38.767362], [-104.786681, 38.76747], [-104.786792, 38.767562], [-104.786794, 38.767607], [-104.786679, 38.76768], [-104.78663, 38.76771], [-104.786859, 38.767932], [-104.786494, 38.768134], [-104.785669, 38.768599], [-104.785439, 38.768689], [-104.78523, 38.768719], [-104.784967, 38.76872], [-104.784968, 38.769168], [-104.784908, 38.769167], [-104.784913, 38.769416], [-104.78493, 38.769539], [-104.785046, 38.769875], [-104.785163, 38.770106], [-104.785694, 38.771155], [-104.78575, 38.771279], [-104.785816, 38.771498], [-104.785843, 38.771741], [-104.785833, 38.771929], [-104.785637, 38.773498], [-104.785595, 38.773742], [-104.785531, 38.773982], [-104.785455, 38.774193], [-104.785291, 38.774538], [-104.785195, 38.774721], [-104.78512, 38.774927], [-104.785086, 38.775104], [-104.785049, 38.775415], [-104.784946, 38.776284], [-104.783952, 38.776345], [-104.78326, 38.776001], [-104.783251, 38.775996], [-104.782869, 38.775054], [-104.782611, 38.774418], [-104.782383, 38.773863], [-104.782046, 38.773098], [-104.781648, 38.77227], [-104.78138, 38.771748], [-104.780977, 38.771008], [-104.780506, 38.770203], [-104.780091, 38.76954], [-104.779611, 38.76882], [-104.779606, 38.768811], [-104.779246, 38.768973], [-104.779157, 38.769017], [-104.779122, 38.769034], [-104.779122, 38.769034], [-104.778992, 38.769097], [-104.778834, 38.769174], [-104.778703, 38.769238], [-104.778699, 38.76924], [-104.77853, 38.768996], [-104.777258, 38.767344], [-104.77667, 38.766581], [-104.775926, 38.765905], [-104.775786, 38.765778], [-104.774901, 38.764973], [-104.774775, 38.764862], [-104.774682, 38.764774], [-104.773925, 38.764088], [-104.770668, 38.76112], [-104.760645, 38.753333], [-104.760645, 38.753333], [-104.760636, 38.753325], [-104.760624, 38.753351], [-104.76059, 38.753441], [-104.760532, 38.753567], [-104.760428, 38.753666], [-104.760347, 38.753719], [-104.760139, 38.753827], [-104.75984, 38.754007], [-104.759828, 38.754133], [-104.759818, 38.754178], [-104.759816, 38.754187], [-104.75981, 38.754194], [-104.759781, 38.754223], [-104.759724, 38.754259], [-104.759643, 38.75434], [-104.759597, 38.754421], [-104.75955, 38.754484], [-104.759458, 38.754646], [-104.759307, 38.754871], [-104.759238, 38.754925], [-104.759213, 38.754934], [-104.759146, 38.754961], [-104.759065, 38.754979], [-104.758916, 38.755005], [-104.758835, 38.755032], [-104.758742, 38.755041], [-104.758536, 38.755077], [-104.758435, 38.755112], [-104.758435, 38.755112], [-104.758444, 38.755119], [-104.758627, 38.755248], [-104.758865, 38.755436], [-104.758868, 38.755438], [-104.7595, 38.755899], [-104.759649, 38.756043], [-104.759729, 38.75616], [-104.75974, 38.756215], [-104.75974, 38.756215], [-104.759751, 38.756341], [-104.759751, 38.756341], [-104.75975, 38.756638], [-104.759726, 38.756908], [-104.759689, 38.757074], [-104.759681, 38.75711], [-104.75968, 38.757116], [-104.759668, 38.757215], [-104.759651, 38.757258], [-104.759633, 38.757305], [-104.759621, 38.75735], [-104.759284, 38.757918], [-104.759266, 38.757948], [-104.759263, 38.757953], [-104.759135, 38.75825], [-104.7591, 38.758322], [-104.759077, 38.758385], [-104.759065, 38.758448], [-104.759064, 38.758704], [-104.759064, 38.758709], [-104.759064, 38.758709], [-104.759085, 38.759156], [-104.759085, 38.759156], [-104.759086, 38.759169], [-104.759086, 38.759169], [-104.759086, 38.75925], [-104.75912, 38.759349], [-104.75912, 38.759349], [-104.759177, 38.759566], [-104.759177, 38.759566], [-104.759234, 38.759701], [-104.759234, 38.759701], [-104.75936, 38.759855], [-104.759474, 38.759963], [-104.759483, 38.759968], [-104.759566, 38.760017], [-104.759575, 38.760023], [-104.759991, 38.760288], [-104.759991, 38.760289], [-104.76029, 38.760451], [-104.760393, 38.760496], [-104.760474, 38.760524], [-104.760589, 38.760533], [-104.760704, 38.760551], [-104.760831, 38.76056], [-104.761032, 38.760619], [-104.761049, 38.760624], [-104.761428, 38.76076], [-104.761819, 38.760914], [-104.762015, 38.761004], [-104.76221, 38.761077], [-104.762382, 38.761149], [-104.762543, 38.761204], [-104.762765, 38.761272], [-104.762781, 38.761277], [-104.762808, 38.761285], [-104.76298, 38.761331], [-104.763118, 38.761385], [-104.763624, 38.761611], [-104.763739, 38.761657], [-104.763865, 38.76172], [-104.764015, 38.76181], [-104.764256, 38.76194], [-104.764267, 38.761946], [-104.764278, 38.761953], [-104.764278, 38.761953], [-104.764405, 38.762027], [-104.764635, 38.762163], [-104.76526, 38.762506], [-104.765271, 38.762513], [-104.765278, 38.762516], [-104.765543, 38.76267], [-104.765669, 38.762733], [-104.765672, 38.762736], [-104.765738, 38.762796], [-104.766002, 38.762986], [-104.766232, 38.76314], [-104.766312, 38.763203], [-104.766381, 38.763266], [-104.766687, 38.76359], [-104.7667, 38.763841], [-104.7667, 38.763841], [-104.766739, 38.764594], [-104.766739, 38.764594], [-104.766752, 38.764846], [-104.766752, 38.764846], [-104.766752, 38.764846], [-104.766752, 38.764846], [-104.766141, 38.764991], [-104.765681, 38.765142], [-104.764878, 38.765406], [-104.763815, 38.765886], [-104.763555, 38.76606], [-104.763058, 38.766391], [-104.762716, 38.766623], [-104.761798, 38.76725], [-104.761588, 38.767392], [-104.761341, 38.767561], [-104.760964, 38.767822], [-104.760757, 38.767967], [-104.760745, 38.767975], [-104.760717, 38.767994], [-104.7606, 38.768075], [-104.760561, 38.768103], [-104.7604, 38.768215], [-104.759917, 38.76855], [-104.759756, 38.768663], [-104.759489, 38.768848], [-104.759401, 38.76891], [-104.75889, 38.769244], [-104.758765, 38.76936], [-104.758765, 38.76936], [-104.758576, 38.769534], [-104.758576, 38.769534], [-104.758382, 38.769741], [-104.758382, 38.769741], [-104.758228, 38.769908], [-104.758228, 38.769908], [-104.758098, 38.77007], [-104.758096, 38.770073], [-104.758082, 38.770091], [-104.757961, 38.770243], [-104.757871, 38.77037], [-104.757715, 38.770594], [-104.757563, 38.770854], [-104.7574, 38.771375], [-104.757359, 38.771507], [-104.757322, 38.771739], [-104.757376, 38.772925], [-104.757376, 38.772925], [-104.757388, 38.773184], [-104.757388, 38.773184], [-104.757433, 38.774271], [-104.757433, 38.774271], [-104.757449, 38.776427], [-104.757449, 38.776427], [-104.75752, 38.776981], [-104.75752, 38.776981], [-104.757528, 38.777043], [-104.757528, 38.777043], [-104.757533, 38.777083], [-104.757533, 38.777083], [-104.757535, 38.777349], [-104.757535, 38.777349], [-104.757535, 38.777349], [-104.757444, 38.77735], [-104.757183, 38.777351], [-104.756841, 38.777351], [-104.756906, 38.777971], [-104.756906, 38.777971], [-104.756827, 38.778219], [-104.756742, 38.778442], [-104.756666, 38.778563], [-104.756482, 38.77886], [-104.756164, 38.779228], [-104.75579, 38.779563], [-104.755237, 38.779937], [-104.7549, 38.780114], [-104.754249, 38.780373], [-104.753867, 38.780481], [-104.753847, 38.780486], [-104.753711, 38.780517], [-104.75315, 38.780518], [-104.752541, 38.780518], [-104.752384, 38.780519], [-104.751623, 38.780519], [-104.751618, 38.780519], [-104.75095, 38.78052], [-104.750852, 38.78052], [-104.750567, 38.78052], [-104.750405, 38.78052], [-104.750398, 38.78052], [-104.750382, 38.78052], [-104.750373, 38.78052], [-104.750105, 38.78052], [-104.750071, 38.78052], [-104.74982, 38.78052], [-104.749818, 38.78052], [-104.749533, 38.78052], [-104.749531, 38.78052], [-104.749243, 38.78052], [-104.749224, 38.78052], [-104.748956, 38.78052], [-104.748922, 38.78052], [-104.748669, 38.780519], [-104.74859, 38.780519], [-104.748381, 38.780519], [-104.748343, 38.780519], [-104.748094, 38.780519], [-104.748052, 38.780519], [-104.747807, 38.780519], [-104.747771, 38.780519], [-104.74752, 38.780519], [-104.74747, 38.780519], [-104.747232, 38.780519], [-104.74723, 38.780519], [-104.746945, 38.780519], [-104.746906, 38.780519], [-104.746658, 38.780518], [-104.746619, 38.780518], [-104.74637, 38.780518], [-104.746346, 38.780518], [-104.746083, 38.780518], [-104.746018, 38.780518], [-104.745796, 38.780518], [-104.745778, 38.780518], [-104.745508, 38.780518], [-104.745503, 38.780518], [-104.745221, 38.780518], [-104.745185, 38.780518], [-104.744934, 38.780518], [-104.744888, 38.780518], [-104.744646, 38.780517], [-104.744586, 38.780517], [-104.744464, 38.780517], [-104.744359, 38.780518], [-104.744322, 38.780518], [-104.744072, 38.780519], [-104.744021, 38.780519], [-104.743784, 38.78052], [-104.743714, 38.78052], [-104.743497, 38.780521], [-104.743446, 38.780522], [-104.74321, 38.780522], [-104.743133, 38.780523], [-104.743013, 38.780523], [-104.742923, 38.780516], [-104.742813, 38.780507], [-104.742635, 38.780492], [-104.742499, 38.780481], [-104.742348, 38.780469], [-104.742251, 38.780461], [-104.742061, 38.780445], [-104.741992, 38.780439], [-104.741774, 38.780439], [-104.741731, 38.780439], [-104.741487, 38.780439], [-104.741438, 38.780439], [-104.741199, 38.780439], [-104.741143, 38.780439], [-104.740912, 38.780438], [-104.740891, 38.780438], [-104.74087, 38.780437], [-104.740625, 38.780422], [-104.740552, 38.780418], [-104.740371, 38.780407], [-104.740338, 38.780407], [-104.740309, 38.780407], [-104.740051, 38.780406], [-104.74001, 38.780406], [-104.739763, 38.780406], [-104.739715, 38.780406], [-104.739476, 38.780405], [-104.739434, 38.780405], [-104.73934, 38.780405], [-104.739259, 38.780404], [-104.739254, 38.780404], [-104.739253, 38.780404], [-104.739253, 38.780404], [-104.739208, 38.780339], [-104.739208, 38.780339], [-104.739161, 38.780271], [-104.739161, 38.780271], [-104.73916, 38.78027], [-104.73916, 38.78027], [-104.739151, 38.780256], [-104.739151, 38.780256], [-104.73915, 38.780207], [-104.73915, 38.780207], [-104.73915, 38.780203], [-104.73915, 38.780203], [-104.739149, 38.780136], [-104.739149, 38.780136], [-104.739149, 38.780135], [-104.739149, 38.780135], [-104.739148, 38.780067], [-104.739148, 38.780067], [-104.739148, 38.780067], [-104.739148, 38.780067], [-104.739147, 38.78], [-104.739147, 38.78], [-104.739147, 38.779999], [-104.739147, 38.779999], [-104.739145, 38.779934], [-104.739145, 38.779934], [-104.739145, 38.779931], [-104.739145, 38.779931], [-104.739145, 38.779905], [-104.739145, 38.779905], [-104.739143, 38.779866], [-104.739143, 38.779866], [-104.739143, 38.779863], [-104.739143, 38.779863], [-104.73914, 38.779799], [-104.73914, 38.779799], [-104.739139, 38.779795], [-104.739139, 38.779795], [-104.739136, 38.77973], [-104.739136, 38.77973], [-104.739136, 38.779727], [-104.739136, 38.779727], [-104.739133, 38.779659], [-104.739133, 38.779659], [-104.739133, 38.779659], [-104.739133, 38.779659], [-104.73913, 38.779601], [-104.73913, 38.779601], [-104.739129, 38.779591], [-104.739129, 38.779591], [-104.739129, 38.77959], [-104.739129, 38.77959], [-104.739126, 38.779523], [-104.739126, 38.779523], [-104.739126, 38.779522], [-104.739126, 38.779522], [-104.739123, 38.77946], [-104.739123, 38.77946], [-104.739123, 38.779455], [-104.739123, 38.779455], [-104.739123, 38.779455], [-104.739123, 38.779455], [-104.739118, 38.779388], [-104.739118, 38.779388], [-104.739118, 38.779387], [-104.739118, 38.779387], [-104.739118, 38.779374], [-104.739118, 38.779374], [-104.739114, 38.779319], [-104.739114, 38.779319], [-104.739114, 38.779317], [-104.739114, 38.779317], [-104.739114, 38.779316], [-104.739114, 38.779316], [-104.739112, 38.779252], [-104.739112, 38.779252], [-104.73911, 38.779198], [-104.73911, 38.779197], [-104.739109, 38.779149], [-104.739109, 38.779149], [-104.739108, 38.779147], [-104.739108, 38.779147], [-104.739101, 38.778927], [-104.739101, 38.778927], [-104.739101, 38.77892], [-104.739101, 38.77892], [-104.739095, 38.778728], [-104.739095, 38.778728], [-104.739095, 38.77871], [-104.739095, 38.77871], [-104.739095, 38.778694], [-104.739095, 38.778694], [-104.739094, 38.778478], [-104.739094, 38.778478], [-104.739093, 38.778429], [-104.739093, 38.778429], [-104.739093, 38.778362], [-104.739093, 38.778362], [-104.739093, 38.778358], [-104.739093, 38.778358], [-104.739093, 38.778351], [-104.739093, 38.778351], [-104.738973, 38.778351], [-104.7388, 38.77835], [-104.738714, 38.77835], [-104.738723, 38.779545], [-104.738704, 38.779833], [-104.738428, 38.77989], [-104.738122, 38.779953], [-104.738085, 38.77996], [-104.737872, 38.780004], [-104.737661, 38.780047], [-104.737615, 38.780056], [-104.737042, 38.780174], [-104.736893, 38.780204], [-104.736594, 38.780265], [-104.73635, 38.780316], [-104.736125, 38.780363], [-104.735984, 38.780392], [-104.735615, 38.780468], [-104.735611, 38.780469], [-104.735357, 38.780521], [-104.735185, 38.780556], [-104.73462, 38.780671], [-104.734589, 38.780677], [-104.734304, 38.780735], [-104.73399, 38.7808], [-104.733821, 38.780834], [-104.733649, 38.780869], [-104.733305, 38.78094], [-104.733098, 38.780982], [-104.732682, 38.781067], [-104.732487, 38.781107], [-104.732282, 38.781145], [-104.732114, 38.781172], [-104.732036, 38.781184], [-104.73147, 38.781251], [-104.73118, 38.781296], [-104.73073, 38.781366], [-104.730489, 38.781358], [-104.730459, 38.781357], [-104.730365, 38.781352], [-104.729913, 38.781329], [-104.729219, 38.781294], [-104.728278, 38.781249], [-104.727733, 38.781224], [-104.727154, 38.781197], [-104.725419, 38.781117], [-104.724841, 38.781091], [-104.723986, 38.781051], [-104.723876, 38.781046], [-104.723152, 38.781011], [-104.722642, 38.780985], [-104.721841, 38.780945], [-104.721229, 38.780915], [-104.72104, 38.780901], [-104.720809, 38.780893], [-104.720619, 38.780886], [-104.720609, 38.780885], [-104.720609, 38.780885], [-104.720609, 38.780715], [-104.720609, 38.780714], [-104.720609, 38.780714], [-104.720608, 38.780456], [-104.720606, 38.780103], [-104.720601, 38.778984], [-104.72058, 38.776632], [-104.720571, 38.775476], [-104.720558, 38.773954], [-104.720547, 38.77265], [-104.720536, 38.77127], [-104.720491, 38.770797], [-104.720385, 38.770323], [-104.720092, 38.769618], [-104.719819, 38.769129], [-104.719478, 38.768667], [-104.719088, 38.768227], [-104.718882, 38.768029], [-104.718649, 38.767821], [-104.718553, 38.767748], [-104.718409, 38.76764], [-104.718177, 38.767484], [-104.718157, 38.767473], [-104.718159, 38.767472], [-104.718038, 38.767391], [-104.717605, 38.767114], [-104.717595, 38.767108], [-104.717189, 38.766906], [-104.716719, 38.766704], [-104.716336, 38.766565], [-104.715927, 38.766444], [-104.71538, 38.766308], [-104.714763, 38.76621], [-104.714212, 38.766155], [-104.71281, 38.766139], [-104.711449, 38.76615], [-104.709921, 38.766161], [-104.708538, 38.766171], [-104.705443, 38.766145], [-104.705054, 38.766149], [-104.70382, 38.766162], [-104.702424, 38.766175], [-104.701129, 38.766188], [-104.699252, 38.766186], [-104.699074, 38.766183], [-104.698751, 38.766178], [-104.697402, 38.766161], [-104.696608, 38.766167], [-104.695146, 38.766178], [-104.693796, 38.766188], [-104.692033, 38.766202], [-104.690169, 38.766216], [-104.689701, 38.766215], [-104.68928, 38.766196], [-104.688882, 38.766162], [-104.688621, 38.766125], [-104.687982, 38.766013], [-104.687707, 38.765952], [-104.687508, 38.765909], [-104.687058, 38.765752], [-104.686385, 38.765516], [-104.685698, 38.765176], [-104.685612, 38.765124], [-104.685535, 38.765077], [-104.685305, 38.764936], [-104.685229, 38.76489], [-104.685001, 38.764752], [-104.684993, 38.764747], [-104.684485, 38.764343], [-104.684175, 38.764096], [-104.683715, 38.763633], [-104.683362, 38.763107], [-104.68318, 38.762741], [-104.683039, 38.762458], [-104.682919, 38.762114], [-104.682845, 38.761899], [-104.682734, 38.761457], [-104.682707, 38.761218], [-104.682701, 38.761172], [-104.682686, 38.761034], [-104.682683, 38.760996], [-104.682682, 38.760989], [-104.681878, 38.761035], [-104.681412, 38.761052], [-104.681069, 38.761066], [-104.680402, 38.76114], [-104.6798, 38.761225], [-104.679649, 38.761261], [-104.679096, 38.761394], [-104.677925, 38.761653], [-104.677662, 38.761708], [-104.676766, 38.761899], [-104.676418, 38.761968], [-104.676276, 38.761996], [-104.67585, 38.76208], [-104.675737, 38.762103], [-104.675708, 38.762107], [-104.675258, 38.762169], [-104.675018, 38.762203], [-104.674345, 38.762259], [-104.673901, 38.762262], [-104.673659, 38.762264], [-104.673448, 38.762266], [-104.673228, 38.762268], [-104.67262, 38.762271], [-104.671229, 38.762281], [-104.670137, 38.762261], [-104.66931, 38.762246], [-104.668065, 38.762265], [-104.66738, 38.762258], [-104.666712, 38.762253], [-104.664081, 38.762256], [-104.662384, 38.762241], [-104.66214, 38.762171], [-104.661599, 38.762171], [-104.66108, 38.762171], [-104.660635, 38.762176], [-104.659883, 38.762185], [-104.65967, 38.762183], [-104.659667, 38.762542], [-104.65966, 38.763621], [-104.659658, 38.763981], [-104.659657, 38.76411], [-104.65953, 38.764328], [-104.659531, 38.764825], [-104.659532, 38.764877], [-104.65955, 38.765515], [-104.659566, 38.766057], [-104.659574, 38.76767], [-104.65958, 38.768602], [-104.659581, 38.768724], [-104.659581, 38.768749], [-104.659582, 38.769067], [-104.659556, 38.770514], [-104.659556, 38.770703], [-104.659566, 38.776302], [-104.659554, 38.777007], [-104.659544, 38.777661], [-104.659555, 38.778552], [-104.659666, 38.778765], [-104.659661, 38.779082], [-104.659654, 38.779458], [-104.659647, 38.779936], [-104.659595, 38.780584], [-104.659566, 38.78096], [-104.659461, 38.781193], [-104.659147, 38.781628], [-104.6586, 38.782257], [-104.657538, 38.783554], [-104.657095, 38.784065], [-104.656805, 38.784419], [-104.656716, 38.784573], [-104.656605, 38.784848], [-104.656496, 38.785414], [-104.656349, 38.786094], [-104.656144, 38.786588], [-104.655809, 38.787047], [-104.655438, 38.787398], [-104.654918, 38.787745], [-104.654809, 38.787819], [-104.654474, 38.788047], [-104.654051, 38.788413], [-104.653768, 38.788742], [-104.653556, 38.789138], [-104.653434, 38.78948], [-104.653422, 38.789861], [-104.653423, 38.790233], [-104.653531, 38.790558], [-104.653863, 38.791196], [-104.654273, 38.791916], [-104.654562, 38.792481], [-104.654797, 38.792993], [-104.655502, 38.794461], [-104.65582, 38.79491], [-104.656185, 38.795296], [-104.657263, 38.796232], [-104.657857, 38.796712], [-104.658425, 38.797189], [-104.658899, 38.797658], [-104.659209, 38.798126], [-104.659438, 38.798572], [-104.659588, 38.798917], [-104.659674, 38.799327], [-104.659735, 38.799714], [-104.659867, 38.800443], [-104.660007, 38.800959], [-104.660258, 38.801406], [-104.660532, 38.801726], [-104.660828, 38.80199], [-104.661071, 38.802176], [-104.661078, 38.80218], [-104.661419, 38.802376], [-104.663037, 38.803059], [-104.663824, 38.803381], [-104.664341, 38.803625], [-104.664767, 38.803879], [-104.664769, 38.803881], [-104.665353, 38.804322], [-104.666615, 38.805369], [-104.667191, 38.80583], [-104.667813, 38.806372], [-104.667906, 38.806451], [-104.668425, 38.806895], [-104.668837, 38.807269], [-104.669187, 38.807642], [-104.669692, 38.808262], [-104.66971, 38.808283], [-104.670823, 38.809756], [-104.671119, 38.810157], [-104.672332, 38.811756], [-104.673314, 38.813049], [-104.673937, 38.81387], [-104.673988, 38.813936], [-104.674447, 38.814529], [-104.674977, 38.81522], [-104.67601, 38.816596], [-104.676429, 38.817155], [-104.676675, 38.817491], [-104.67693, 38.817839], [-104.677077, 38.818039], [-104.677722, 38.818865], [-104.677763, 38.818917], [-104.678009, 38.819188], [-104.678324, 38.819536], [-104.678709, 38.819939], [-104.678955, 38.820179], [-104.679343, 38.820558], [-104.680377, 38.821671], [-104.680956, 38.822332], [-104.681418, 38.822886], [-104.681693, 38.823183], [-104.681721, 38.823222], [-104.681891, 38.823457], [-104.682081, 38.823787], [-104.682408, 38.824407], [-104.682425, 38.824439], [-104.682465, 38.824514], [-104.682469, 38.824528], [-104.682473, 38.824538], [-104.682486, 38.824573], [-104.682611, 38.824925], [-104.682622, 38.824955], [-104.682632, 38.824982], [-104.682642, 38.825014], [-104.682726, 38.825288], [-104.682746, 38.825456], [-104.682759, 38.825567], [-104.682767, 38.825808], [-104.682775, 38.826028], [-104.68278, 38.82617], [-104.682784, 38.826403], [-104.682786, 38.826508], [-104.682792, 38.826826], [-104.682793, 38.826864], [-104.682794, 38.826933], [-104.682798, 38.827145], [-104.682793, 38.827583], [-104.682793, 38.827583], [-104.682793, 38.827583], [-104.682793, 38.827583], [-104.682793, 38.827584], [-104.682793, 38.827584], [-104.682793, 38.827584], [-104.682793, 38.827584], [-104.682793, 38.827584], [-104.68279, 38.827878], [-104.682778, 38.829221], [-104.682787, 38.830597], [-104.682785, 38.830716], [-104.682779, 38.831372], [-104.682776, 38.831662], [-104.682778, 38.83285], [-104.682779, 38.833209], [-104.682794, 38.834013], [-104.682799, 38.834292], [-104.682794, 38.835096], [-104.682792, 38.835516], [-104.682794, 38.836416], [-104.682795, 38.836527], [-104.682792, 38.837189], [-104.682791, 38.837293], [-104.682789, 38.837715], [-104.682788, 38.838048], [-104.682788, 38.83816], [-104.682807, 38.838164], [-104.682839, 38.838172], [-104.682839, 38.838171], [-104.682839, 38.838168], [-104.682896, 38.838185], [-104.682929, 38.838193], [-104.683352, 38.838294], [-104.683494, 38.838328], [-104.683565, 38.838345], [-104.684748, 38.838674], [-104.684755, 38.838676], [-104.684829, 38.838697], [-104.685067, 38.838754], [-104.685067, 38.838754], [-104.685092, 38.83876], [-104.685358, 38.838823], [-104.685777, 38.83887], [-104.68587, 38.83888], [-104.686029, 38.838897], [-104.68609, 38.838904], [-104.686447, 38.838911], [-104.688336, 38.838949], [-104.688658, 38.838947], [-104.689207, 38.838945], [-104.689774, 38.838954], [-104.689967, 38.838957], [-104.690304, 38.838952], [-104.690726, 38.838944], [-104.691144, 38.838937], [-104.69121, 38.838938], [-104.691473, 38.838944], [-104.69187, 38.838951], [-104.69187, 38.838951], [-104.691868, 38.838556], [-104.691875, 38.837668], [-104.691894, 38.83726], [-104.691896, 38.837215], [-104.691917, 38.836768], [-104.691927, 38.836742], [-104.692082, 38.836738], [-104.692097, 38.836738], [-104.692135, 38.836739], [-104.692135, 38.836739], [-104.692293, 38.836739], [-104.692767, 38.83674], [-104.693804, 38.836743], [-104.693805, 38.836743], [-104.695362, 38.836746], [-104.695423, 38.836747], [-104.695493, 38.836747], [-104.695636, 38.836747], [-104.695636, 38.836747], [-104.695785, 38.836747], [-104.695802, 38.836747], [-104.695916, 38.836748], [-104.695916, 38.836748], [-104.695916, 38.836748], [-104.695965, 38.836748], [-104.696037, 38.836748], [-104.696043, 38.836748], [-104.696157, 38.836748], [-104.696517, 38.836749], [-104.696595, 38.836749], [-104.697416, 38.836751], [-104.697864, 38.836752], [-104.698594, 38.836754], [-104.699388, 38.836757], [-104.699389, 38.836757], [-104.699622, 38.836757], [-104.699664, 38.836757], [-104.699876, 38.836757], [-104.700311, 38.836758], [-104.700508, 38.836759], [-104.700534, 38.836759], [-104.700692, 38.83676], [-104.701278, 38.836761], [-104.701278, 38.836761], [-104.701298, 38.836761], [-104.701386, 38.836761], [-104.701386, 38.836762], [-104.701387, 38.836991], [-104.70139, 38.837681], [-104.70139, 38.837737], [-104.701391, 38.837977], [-104.701391, 38.838329], [-104.701391, 38.838975], [-104.701409, 38.838973], [-104.701458, 38.838968], [-104.701526, 38.838968], [-104.702188, 38.838966], [-104.702314, 38.838966], [-104.702532, 38.838959], [-104.70279, 38.838949], [-104.703155, 38.838937], [-104.704132, 38.838928], [-104.704177, 38.838928], [-104.704617, 38.838929], [-104.704836, 38.838973], [-104.704882, 38.838969], [-104.70547, 38.838949], [-104.706066, 38.838947], [-104.706059, 38.838826], [-104.706065, 38.83864], [-104.706072, 38.837113], [-104.706104, 38.832459], [-104.70611, 38.831716], [-104.707804, 38.831716], [-104.708072, 38.831716], [-104.710012, 38.831717], [-104.710759, 38.831717], [-104.710759, 38.831743], [-104.710757, 38.831986], [-104.710755, 38.832243], [-104.710755, 38.832243], [-104.710755, 38.832243], [-104.710754, 38.832349], [-104.710746, 38.833517], [-104.710743, 38.833902], [-104.71074, 38.834334], [-104.710736, 38.834832], [-104.710733, 38.835299], [-104.7107, 38.835321], [-104.710702, 38.836171], [-104.710702, 38.836171], [-104.714148, 38.836184], [-104.714154, 38.835325], [-104.714455, 38.835326], [-104.715382, 38.835326], [-104.715382, 38.835327], [-104.715376, 38.836179], [-104.715377, 38.836179], [-104.718881, 38.836176], [-104.719115, 38.835968], [-104.719284, 38.835769], [-104.719289, 38.835763], [-104.719255, 38.835762], [-104.719168, 38.835757], [-104.719149, 38.835756], [-104.719149, 38.835756], [-104.719149, 38.835337], [-104.719149, 38.83533], [-104.717828, 38.835329], [-104.717827, 38.835329], [-104.717808, 38.834771], [-104.717802, 38.834488], [-104.71888, 38.834511], [-104.718863, 38.834356], [-104.718863, 38.834337], [-104.718878, 38.83352], [-104.718878, 38.833519], [-104.719761, 38.83352], [-104.720271, 38.83352], [-104.720271, 38.83352], [-104.720283, 38.833519], [-104.720434, 38.833507], [-104.720456, 38.833505], [-104.720608, 38.833493], [-104.72064, 38.83349], [-104.720648, 38.833489], [-104.720675, 38.833487], [-104.720675, 38.83349], [-104.720675, 38.833494], [-104.720677, 38.8337], [-104.720678, 38.833822], [-104.720681, 38.834189], [-104.720683, 38.834312], [-104.720684, 38.834421], [-104.720686, 38.834607], [-104.720683, 38.834748], [-104.720681, 38.834858], [-104.72068, 38.834895], [-104.720678, 38.835007], [-104.720678, 38.835045], [-104.720674, 38.835826], [-104.720664, 38.838169], [-104.720664, 38.838323], [-104.720669, 38.838816], [-104.72067, 38.83895], [-104.72067, 38.83895], [-104.72067, 38.83895], [-104.720671, 38.83895], [-104.72068, 38.83895], [-104.720706, 38.838951], [-104.720807, 38.838951], [-104.720916, 38.838952], [-104.721756, 38.838958], [-104.722923, 38.838967], [-104.724046, 38.838975], [-104.724606, 38.83898], [-104.725016, 38.839], [-104.725316, 38.839015], [-104.725779, 38.839038], [-104.726101, 38.839065], [-104.726337, 38.839081], [-104.727045, 38.839129], [-104.727282, 38.839146], [-104.727445, 38.839157], [-104.727825, 38.839184], [-104.727936, 38.839188], [-104.7281, 38.839194], [-104.728324, 38.839202], [-104.728562, 38.83921], [-104.729663, 38.839249], [-104.729949, 38.839266], [-104.730411, 38.839295], [-104.731012, 38.839332], [-104.732076, 38.839388], [-104.73263, 38.839418], [-104.733502, 38.839455], [-104.737073, 38.839648], [-104.737142, 38.839652], [-104.73874, 38.839709]]]}}, {"type": "Feature", "properties": {"REP": 14}, "geometry": {"type": "Polygon", "coordinates": [[[-104.77571, 39.034816], [-104.775663, 39.035059], [-104.775622, 39.03527], [-104.775633, 39.035269], [-104.775646, 39.035267], [-104.775863, 39.035242], [-104.776358, 39.035142], [-104.776684, 39.035065], [-104.776984, 39.034999], [-104.777263, 39.034924], [-104.777657, 39.034836], [-104.77799, 39.034767], [-104.77812, 39.034739], [-104.77842, 39.034665], [-104.778743, 39.034587], [-104.778888, 39.03457], [-104.77956, 39.03454], [-104.780508, 39.034536], [-104.781024, 39.03457], [-104.781739, 39.034576], [-104.782668, 39.034574], [-104.784016, 39.034563], [-104.78477, 39.034572], [-104.785005, 39.03457], [-104.786164, 39.034557], [-104.7896, 39.034532], [-104.789786, 39.034511], [-104.790002, 39.034468], [-104.790306, 39.034369], [-104.790734, 39.034214], [-104.791481, 39.03393], [-104.791589, 39.033888], [-104.79162, 39.033876], [-104.791629, 39.033873], [-104.792673, 39.033476], [-104.795169, 39.032515], [-104.795838, 39.032246], [-104.796678, 39.031908], [-104.796852, 39.031838], [-104.797196, 39.031728], [-104.797609, 39.03158], [-104.798203, 39.031364], [-104.798457, 39.031265], [-104.798545, 39.031231], [-104.798615, 39.031197], [-104.798842, 39.031096], [-104.798864, 39.031087], [-104.798918, 39.031065], [-104.798936, 39.03105], [-104.798944, 39.031042], [-104.798956, 39.030994], [-104.798955, 39.030808], [-104.798958, 39.030733], [-104.798949, 39.030371], [-104.79894, 39.030049], [-104.798953, 39.029556], [-104.798942, 39.029118], [-104.798931, 39.028761], [-104.798929, 39.028708], [-104.798956, 39.028374], [-104.798973, 39.027881], [-104.798968, 39.027756], [-104.798951, 39.027412], [-104.798951, 39.02741], [-104.799041, 39.027408], [-104.79907, 39.027408], [-104.799186, 39.027408], [-104.799661, 39.027408], [-104.800731, 39.027408], [-104.802113, 39.027382], [-104.802531, 39.027268], [-104.802863, 39.027213], [-104.803283, 39.027209], [-104.805189, 39.02723], [-104.806213, 39.027243], [-104.806676, 39.027238], [-104.807557, 39.027244], [-104.807797, 39.027246], [-104.808613, 39.027242], [-104.810508, 39.02724], [-104.810638, 39.027237], [-104.812506, 39.027246], [-104.812506, 39.027253], [-104.812508, 39.027313], [-104.812511, 39.02738], [-104.812553, 39.029193], [-104.811704, 39.029195], [-104.810535, 39.029198], [-104.810238, 39.029199], [-104.810262, 39.030229], [-104.810275, 39.030754], [-104.810278, 39.03085], [-104.810286, 39.030983], [-104.810288, 39.031011], [-104.809122, 39.031012], [-104.809177, 39.033802], [-104.809182, 39.034055], [-104.809193, 39.034591], [-104.809199, 39.034591], [-104.812342, 39.034631], [-104.816637, 39.034684], [-104.816784, 39.034686], [-104.816942, 39.03468], [-104.817432, 39.034689], [-104.817959, 39.034699], [-104.817971, 39.034698], [-104.818387, 39.034704], [-104.822037, 39.034748], [-104.822083, 39.034749], [-104.822893, 39.034757], [-104.823252, 39.034761], [-104.82466, 39.034775], [-104.824698, 39.034776], [-104.824699, 39.034776], [-104.826651, 39.034801], [-104.826645, 39.034482], [-104.826643, 39.034385], [-104.8266, 39.032262], [-104.82659, 39.031742], [-104.826567, 39.030611], [-104.826559, 39.030242], [-104.826564, 39.030233], [-104.826585, 39.030192], [-104.82671, 39.029947], [-104.82671, 39.029946], [-104.827059, 39.029362], [-104.827335, 39.0289], [-104.82754, 39.028557], [-104.827566, 39.028507], [-104.827573, 39.028493], [-104.827617, 39.028408], [-104.827629, 39.028384], [-104.827665, 39.02831], [-104.827683, 39.028314], [-104.827803, 39.028343], [-104.827842, 39.028332], [-104.828005, 39.028285], [-104.828118, 39.028253], [-104.82818, 39.028231], [-104.828238, 39.02821], [-104.828511, 39.028111], [-104.828673, 39.028053], [-104.828802, 39.028007], [-104.829238, 39.027849], [-104.829292, 39.02783], [-104.82946, 39.027769], [-104.829616, 39.027713], [-104.829676, 39.027691], [-104.829691, 39.027685], [-104.829729, 39.027671], [-104.830034, 39.027549], [-104.83028, 39.027452], [-104.830383, 39.027422], [-104.830592, 39.027278], [-104.830608, 39.027268], [-104.830609, 39.027267], [-104.830642, 39.027244], [-104.83094, 39.027211], [-104.830989, 39.027205], [-104.831074, 39.027196], [-104.831089, 39.027194], [-104.831156, 39.027186], [-104.831115, 39.027104], [-104.831092, 39.027058], [-104.831082, 39.027038], [-104.83103, 39.026936], [-104.830655, 39.026186], [-104.830574, 39.026025], [-104.83053, 39.025937], [-104.830495, 39.025876], [-104.830469, 39.025832], [-104.83039, 39.025695], [-104.830356, 39.025635], [-104.830184, 39.025293], [-104.829669, 39.024267], [-104.829498, 39.023926], [-104.829373, 39.023813], [-104.823507, 39.013976], [-104.82343, 39.013848], [-104.821269, 39.010244], [-104.820275, 39.008573], [-104.820244, 39.008521], [-104.817581, 39.004044], [-104.817184, 39.003366], [-104.816888, 39.002805], [-104.817145, 39.002799], [-104.817145, 39.002709], [-104.817144, 39.001485], [-104.817144, 39.001098], [-104.817144, 39.001096], [-104.816182, 39.000655], [-104.816175, 39.000652], [-104.815352, 38.999835], [-104.814559, 38.999051], [-104.813764, 38.998207], [-104.812257, 38.996619], [-104.812277, 38.993306], [-104.812278, 38.993087], [-104.81228, 38.99243], [-104.812282, 38.992212], [-104.812273, 38.991948], [-104.812248, 38.991157], [-104.812245, 38.99105], [-104.812243, 38.990973], [-104.812243, 38.990973], [-104.812243, 38.990973], [-104.812243, 38.990965], [-104.81224, 38.990903], [-104.81224, 38.990894], [-104.812118, 38.990605], [-104.811522, 38.98919], [-104.811476, 38.989081], [-104.811443, 38.989002], [-104.8114, 38.9889], [-104.809952, 38.985459], [-104.809946, 38.985446], [-104.809927, 38.985402], [-104.809188, 38.983644], [-104.808504, 38.982018], [-104.80848, 38.981961], [-104.808426, 38.981832], [-104.808289, 38.981522], [-104.807881, 38.980595], [-104.807745, 38.980286], [-104.807687, 38.98014], [-104.807694, 38.979304], [-104.807518, 38.979303], [-104.807518, 38.978686], [-104.807167, 38.978685], [-104.807115, 38.978685], [-104.807113, 38.978679], [-104.807073, 38.978577], [-104.80705, 38.97852], [-104.806841, 38.977987], [-104.806692, 38.977606], [-104.805336, 38.975718], [-104.804548, 38.975748], [-104.803963, 38.97577], [-104.803258, 38.975796], [-104.800772, 38.976538], [-104.79838, 38.976534], [-104.798348, 38.97654], [-104.798405, 38.976131], [-104.798376, 38.975146], [-104.798379, 38.975093], [-104.798389, 38.974888], [-104.798272, 38.974882], [-104.798309, 38.974653], [-104.79826, 38.973826], [-104.798262, 38.972915], [-104.798262, 38.972751], [-104.798206, 38.972366], [-104.798184, 38.972213], [-104.798278, 38.971818], [-104.798311, 38.971679], [-104.798316, 38.97166], [-104.798409, 38.971269], [-104.798412, 38.97072], [-104.79842, 38.969378], [-104.798422, 38.969294], [-104.798327, 38.969293], [-104.798209, 38.969292], [-104.798209, 38.969258], [-104.798209, 38.9692], [-104.798209, 38.969156], [-104.798209, 38.969123], [-104.798176, 38.968495], [-104.798162, 38.968227], [-104.79816, 38.96819], [-104.79808, 38.966611], [-104.798048, 38.965983], [-104.79806, 38.965794], [-104.798094, 38.965234], [-104.798102, 38.965099], [-104.798233, 38.962989], [-104.79828, 38.962241], [-104.798303, 38.961786], [-104.798308, 38.961686], [-104.798315, 38.96153], [-104.798315, 38.961526], [-104.798421, 38.959399], [-104.798443, 38.958956], [-104.798451, 38.95882], [-104.798458, 38.958689], [-104.798457, 38.958614], [-104.798456, 38.958595], [-104.798455, 38.958519], [-104.798459, 38.958403], [-104.798445, 38.957835], [-104.798444, 38.957793], [-104.798397, 38.955792], [-104.798448, 38.954839], [-104.798452, 38.954758], [-104.799722, 38.953991], [-104.799928, 38.953867], [-104.800049, 38.953794], [-104.800281, 38.953653], [-104.800316, 38.953632], [-104.803688, 38.951533], [-104.804156, 38.951241], [-104.804323, 38.951139], [-104.804636, 38.950946], [-104.804734, 38.950883], [-104.804764, 38.950863], [-104.804778, 38.950854], [-104.805271, 38.950537], [-104.805362, 38.950479], [-104.805485, 38.9504], [-104.805537, 38.950366], [-104.80621, 38.949931], [-104.806244, 38.949909], [-104.806846, 38.949519], [-104.807317, 38.949215], [-104.810142, 38.947455], [-104.81012, 38.947123], [-104.81012, 38.947122], [-104.810136, 38.946683], [-104.810196, 38.945118], [-104.810232, 38.944172], [-104.810235, 38.944127], [-104.810207, 38.943595], [-104.810178, 38.943034], [-104.810173, 38.942945], [-104.810156, 38.942638], [-104.810221, 38.942603], [-104.810593, 38.942404], [-104.810885, 38.942044], [-104.811012, 38.941887], [-104.81148, 38.94131], [-104.81148, 38.94131], [-104.812006, 38.94066], [-104.811931, 38.94058], [-104.811743, 38.940377], [-104.811636, 38.940263], [-104.811591, 38.940192], [-104.811844, 38.940288], [-104.812235, 38.940437], [-104.813225, 38.941043], [-104.813323, 38.941104], [-104.813349, 38.94112], [-104.813555, 38.941246], [-104.814953, 38.942311], [-104.816439, 38.943443], [-104.817345, 38.944133], [-104.818771, 38.945219], [-104.821661, 38.947539], [-104.822577, 38.948032], [-104.822674, 38.948084], [-104.823874, 38.948728], [-104.823912, 38.948748], [-104.824058, 38.948825], [-104.828652, 38.95125], [-104.828996, 38.951508], [-104.830028, 38.952283], [-104.830239, 38.952441], [-104.830313, 38.952435], [-104.830406, 38.952426], [-104.831151, 38.952719], [-104.833015, 38.953453], [-104.833386, 38.953599], [-104.833454, 38.953626], [-104.834131, 38.953893], [-104.834323, 38.953986], [-104.834899, 38.954268], [-104.835091, 38.954362], [-104.835236, 38.954397], [-104.835673, 38.954503], [-104.835819, 38.954539], [-104.836223, 38.954606], [-104.837668, 38.95465], [-104.837972, 38.95466], [-104.838559, 38.954678], [-104.842511, 38.954798], [-104.843231, 38.954802], [-104.845087, 38.954814], [-104.845651, 38.954807], [-104.846435, 38.954798], [-104.847663, 38.954782], [-104.847883, 38.954801], [-104.848031, 38.954814], [-104.849931, 38.9548], [-104.853332, 38.954775], [-104.856275, 38.954752], [-104.856382, 38.954751], [-104.858327, 38.954688], [-104.858904, 38.954669], [-104.859152, 38.954661], [-104.859156, 38.954661], [-104.861628, 38.95467], [-104.861714, 38.95467], [-104.86176, 38.954671], [-104.864592, 38.95469], [-104.865114, 38.954686], [-104.866723, 38.954674], [-104.873112, 38.95472], [-104.886729, 38.954815], [-104.887225, 38.954832], [-104.887635, 38.954798], [-104.890084, 38.954768], [-104.891607, 38.954749], [-104.891628, 38.954748], [-104.891563, 38.952456], [-104.891563, 38.952447], [-104.891563, 38.952421], [-104.891563, 38.952421], [-104.891543, 38.951197], [-104.892295, 38.951208], [-104.894997, 38.951245], [-104.895893, 38.951269], [-104.900414, 38.951305], [-104.900412, 38.949491], [-104.900402, 38.947636], [-104.892929, 38.947528], [-104.891356, 38.947497], [-104.891326, 38.944906], [-104.891315, 38.943924], [-104.889327, 38.943936], [-104.886773, 38.943951], [-104.886773, 38.943938], [-104.886739, 38.941925], [-104.886712, 38.940333], [-104.886747, 38.940333], [-104.891273, 38.940349], [-104.891273, 38.940212], [-104.891276, 38.938694], [-104.891278, 38.937825], [-104.891276, 38.937376], [-104.891277, 38.936791], [-104.891249, 38.936791], [-104.890557, 38.93678], [-104.889566, 38.936764], [-104.88912, 38.936757], [-104.886749, 38.936721], [-104.886722, 38.936721], [-104.886721, 38.936681], [-104.886708, 38.935775], [-104.886707, 38.935319], [-104.886684, 38.929899], [-104.886666, 38.926275], [-104.886698, 38.923543], [-104.886698, 38.923543], [-104.886703, 38.923074], [-104.886704, 38.922991], [-104.886709, 38.922626], [-104.886711, 38.922469], [-104.886712, 38.922428], [-104.886715, 38.922158], [-104.886853, 38.911142], [-104.886853, 38.911139], [-104.886877, 38.909618], [-104.886878, 38.909615], [-104.886878, 38.909613], [-104.886953, 38.904921], [-104.886967, 38.904104], [-104.886968, 38.904037], [-104.88709, 38.896798], [-104.886196, 38.8969], [-104.886246, 38.896057], [-104.8864, 38.893531], [-104.886452, 38.892689], [-104.88647, 38.891766], [-104.886476, 38.89148], [-104.886524, 38.888999], [-104.886542, 38.888077], [-104.886481, 38.884269], [-104.886448, 38.882254], [-104.886527, 38.877472], [-104.886527, 38.877469], [-104.886599, 38.87312], [-104.886661, 38.869381], [-104.886848, 38.86911], [-104.886865, 38.867853], [-104.886865, 38.867837], [-104.886865, 38.86782], [-104.886866, 38.867809], [-104.886913, 38.864293], [-104.886913, 38.86429], [-104.886914, 38.864072], [-104.886915, 38.863746], [-104.886915, 38.86368], [-104.886915, 38.863641], [-104.886915, 38.8636], [-104.886915, 38.863592], [-104.886916, 38.86348], [-104.886916, 38.863479], [-104.886916, 38.863373], [-104.886916, 38.863366], [-104.886916, 38.863259], [-104.886916, 38.863252], [-104.886917, 38.863145], [-104.886917, 38.863139], [-104.886917, 38.863027], [-104.886917, 38.863025], [-104.886917, 38.86302], [-104.886917, 38.86292], [-104.886918, 38.862912], [-104.886918, 38.862816], [-104.886918, 38.862807], [-104.886918, 38.862763], [-104.886917, 38.862763], [-104.886914, 38.862764], [-104.886553, 38.862763], [-104.886548, 38.862763], [-104.885893, 38.862762], [-104.88576, 38.862761], [-104.885687, 38.862701], [-104.885648, 38.862702], [-104.885566, 38.862704], [-104.885387, 38.862715], [-104.885353, 38.862717], [-104.88535, 38.862717], [-104.885264, 38.862722], [-104.885255, 38.862722], [-104.885162, 38.862728], [-104.885159, 38.862728], [-104.885103, 38.862731], [-104.885074, 38.862732], [-104.885064, 38.862733], [-104.884978, 38.862735], [-104.884968, 38.862736], [-104.88492, 38.862737], [-104.884888, 38.862738], [-104.884873, 38.862739], [-104.884784, 38.862742], [-104.884713, 38.862745], [-104.884705, 38.862745], [-104.884705, 38.862735], [-104.884704, 38.862677], [-104.884704, 38.862672], [-104.884703, 38.862571], [-104.884703, 38.862559], [-104.884702, 38.862449], [-104.884702, 38.862445], [-104.884701, 38.86237], [-104.884701, 38.86234], [-104.884701, 38.862332], [-104.8847, 38.862223], [-104.8847, 38.862218], [-104.884699, 38.862108], [-104.884699, 38.862105], [-104.884698, 38.861996], [-104.884698, 38.861992], [-104.884697, 38.861897], [-104.884696, 38.861878], [-104.884696, 38.861824], [-104.884697, 38.861771], [-104.884697, 38.861765], [-104.884698, 38.861657], [-104.884698, 38.861651], [-104.884699, 38.861539], [-104.884699, 38.861538], [-104.884701, 38.861432], [-104.884701, 38.861424], [-104.884702, 38.861312], [-104.884702, 38.861311], [-104.884703, 38.861245], [-104.884704, 38.861204], [-104.884704, 38.861197], [-104.884706, 38.861085], [-104.884706, 38.861084], [-104.884707, 38.860976], [-104.884709, 38.860871], [-104.884569, 38.860868], [-104.884516, 38.860874], [-104.884433, 38.860883], [-104.884335, 38.860919], [-104.884199, 38.860986], [-104.884101, 38.861077], [-104.884012, 38.861193], [-104.884008, 38.861202], [-104.883953, 38.861324], [-104.883575, 38.861305], [-104.88348, 38.861294], [-104.88326, 38.861271], [-104.883025, 38.861241], [-104.882653, 38.861192], [-104.88265, 38.860957], [-104.88265, 38.860957], [-104.882648, 38.860763], [-104.882646, 38.860571], [-104.882587, 38.860552], [-104.882481, 38.860517], [-104.882355, 38.860476], [-104.882121, 38.8604], [-104.881992, 38.860346], [-104.8819, 38.860309], [-104.881833, 38.860281], [-104.881795, 38.860381], [-104.881712, 38.860603], [-104.881679, 38.860682], [-104.881639, 38.860782], [-104.881493, 38.860797], [-104.881457, 38.860795], [-104.881373, 38.860792], [-104.880908, 38.860793], [-104.880726, 38.860794], [-104.880559, 38.860794], [-104.880528, 38.860791], [-104.8804, 38.860782], [-104.880356, 38.860778], [-104.880275, 38.86073], [-104.880119, 38.860614], [-104.880007, 38.860544], [-104.879866, 38.860456], [-104.87984, 38.860439], [-104.880119, 38.859946], [-104.880435, 38.859392], [-104.880589, 38.859121], [-104.880785, 38.858725], [-104.880787, 38.858721], [-104.880795, 38.858706], [-104.880813, 38.858668], [-104.880832, 38.85863], [-104.880847, 38.858601], [-104.880851, 38.858592], [-104.880868, 38.858559], [-104.88087, 38.858554], [-104.880921, 38.858451], [-104.880962, 38.858368], [-104.88101, 38.858273], [-104.881177, 38.857946], [-104.8813, 38.857709], [-104.881472, 38.857378], [-104.881566, 38.857099], [-104.881594, 38.857015], [-104.881596, 38.857009], [-104.881603, 38.856988], [-104.881605, 38.856982], [-104.881616, 38.856965], [-104.881622, 38.856956], [-104.881628, 38.856946], [-104.881637, 38.856932], [-104.881667, 38.856885], [-104.881674, 38.856878], [-104.881707, 38.856845], [-104.881796, 38.856803], [-104.8817, 38.856742], [-104.881645, 38.856707], [-104.881443, 38.856598], [-104.881335, 38.856539], [-104.881132, 38.856454], [-104.880986, 38.856412], [-104.880831, 38.856378], [-104.880771, 38.856364], [-104.880713, 38.856364], [-104.880572, 38.856364], [-104.880543, 38.856366], [-104.880406, 38.856373], [-104.880399, 38.856373], [-104.880253, 38.856399], [-104.880248, 38.856401], [-104.879305, 38.856758], [-104.87876, 38.856974], [-104.878722, 38.856989], [-104.878334, 38.857138], [-104.878852, 38.858008], [-104.877599, 38.858513], [-104.877615, 38.858761], [-104.877607, 38.858772], [-104.877613, 38.859023], [-104.877613, 38.85903], [-104.877615, 38.859113], [-104.877623, 38.859453], [-104.877624, 38.859721], [-104.877624, 38.859721], [-104.877624, 38.85993], [-104.877627, 38.859959], [-104.877629, 38.859983], [-104.877631, 38.860005], [-104.877611, 38.860031], [-104.877608, 38.860035], [-104.877581, 38.860047], [-104.877546, 38.860045], [-104.877543, 38.860044], [-104.877455, 38.860002], [-104.877451, 38.86], [-104.877361, 38.859946], [-104.877282, 38.8599], [-104.877188, 38.859844], [-104.877175, 38.859836], [-104.877106, 38.859793], [-104.877018, 38.859737], [-104.876969, 38.859705], [-104.876532, 38.85943], [-104.87599, 38.859087], [-104.875983, 38.859082], [-104.875277, 38.858641], [-104.875006, 38.858472], [-104.874704, 38.858302], [-104.874614, 38.858384], [-104.874357, 38.85862], [-104.874345, 38.858632], [-104.874262, 38.858722], [-104.874183, 38.858806], [-104.873948, 38.859061], [-104.87387, 38.859146], [-104.873802, 38.859103], [-104.873792, 38.859097], [-104.873598, 38.858973], [-104.873544, 38.85894], [-104.87353, 38.858931], [-104.87342, 38.858861], [-104.87342, 38.858861], [-104.873341, 38.858811], [-104.872829, 38.858487], [-104.872821, 38.858482], [-104.872777, 38.858451], [-104.872679, 38.858383], [-104.872671, 38.858377], [-104.872659, 38.858285], [-104.872512, 38.858353], [-104.871645, 38.85875], [-104.870817, 38.858735], [-104.870611, 38.858732], [-104.870613, 38.858772], [-104.870622, 38.858941], [-104.870622, 38.858949], [-104.870621, 38.859598], [-104.870621, 38.85966], [-104.87062, 38.860226], [-104.870619, 38.860386], [-104.870619, 38.860387], [-104.870619, 38.860387], [-104.870619, 38.860387], [-104.870619, 38.86053], [-104.870619, 38.86063], [-104.87056, 38.86084], [-104.870478, 38.860943], [-104.870421, 38.860926], [-104.870348, 38.860897], [-104.870202, 38.860877], [-104.870158, 38.860876], [-104.86999, 38.860873], [-104.869809, 38.860868], [-104.869698, 38.860864], [-104.869646, 38.860862], [-104.869591, 38.860863], [-104.869395, 38.860865], [-104.869172, 38.860867], [-104.868844, 38.86087], [-104.868645, 38.860872], [-104.868397, 38.860869], [-104.868397, 38.860869], [-104.868193, 38.860866], [-104.868086, 38.860865], [-104.868032, 38.860864], [-104.867952, 38.860863], [-104.867916, 38.860862], [-104.867795, 38.860861], [-104.867626, 38.860858], [-104.86756, 38.860857], [-104.867383, 38.860855], [-104.866986, 38.860856], [-104.866826, 38.860856], [-104.866648, 38.860857], [-104.866322, 38.860859], [-104.866163, 38.860859], [-104.866067, 38.86086], [-104.865686, 38.860862], [-104.865534, 38.860863], [-104.865528, 38.860863], [-104.865529, 38.860866], [-104.86553, 38.860869], [-104.865533, 38.860876], [-104.865579, 38.860989], [-104.865581, 38.860997], [-104.865623, 38.861134], [-104.865628, 38.861151], [-104.865656, 38.86124], [-104.865746, 38.861534], [-104.86579, 38.861675], [-104.865791, 38.861679], [-104.86586, 38.861965], [-104.865869, 38.862001], [-104.865869, 38.862001], [-104.865869, 38.862002], [-104.865869, 38.862003], [-104.865869, 38.862003], [-104.865928, 38.862246], [-104.86596, 38.862346], [-104.865966, 38.862369], [-104.866084, 38.862838], [-104.866264, 38.863901], [-104.866496, 38.865098], [-104.866637, 38.865954], [-104.866637, 38.865955], [-104.866637, 38.865955], [-104.866637, 38.865955], [-104.866666, 38.866129], [-104.866947, 38.867531], [-104.866959, 38.86759], [-104.86707, 38.868053], [-104.86707, 38.868054], [-104.867075, 38.868073], [-104.867204, 38.868417], [-104.867235, 38.868497], [-104.867235, 38.868498], [-104.867257, 38.868536], [-104.867258, 38.868536], [-104.867382, 38.868743], [-104.867447, 38.868841], [-104.867581, 38.869042], [-104.867604, 38.869077], [-104.867672, 38.869179], [-104.867821, 38.869545], [-104.867879, 38.869725], [-104.867927, 38.869876], [-104.86795, 38.870033], [-104.86795, 38.870033], [-104.867992, 38.870316], [-104.86801, 38.870671], [-104.86801, 38.870671], [-104.868013, 38.870728], [-104.868026, 38.870807], [-104.868139, 38.871491], [-104.868237, 38.871871], [-104.868293, 38.872022], [-104.868408, 38.872334], [-104.868612, 38.872917], [-104.868731, 38.873241], [-104.868805, 38.87344], [-104.868935, 38.874031], [-104.868975, 38.874328], [-104.869065, 38.874834], [-104.869088, 38.875016], [-104.869148, 38.875353], [-104.869257, 38.876149], [-104.869328, 38.876461], [-104.869413, 38.876656], [-104.869552, 38.876855], [-104.869555, 38.876859], [-104.869563, 38.876867], [-104.869664, 38.876967], [-104.869696, 38.876999], [-104.869764, 38.877067], [-104.869799, 38.877101], [-104.869808, 38.87711], [-104.870625, 38.877828], [-104.870842, 38.878063], [-104.871055, 38.878361], [-104.87124, 38.878701], [-104.871281, 38.878803], [-104.871307, 38.878868], [-104.871382, 38.879161], [-104.87147, 38.879694], [-104.8715, 38.879869], [-104.871583, 38.880291], [-104.871609, 38.880385], [-104.871685, 38.880532], [-104.87178, 38.880679], [-104.871788, 38.880692], [-104.871789, 38.880693], [-104.871901, 38.880879], [-104.87215, 38.881137], [-104.872318, 38.881323], [-104.872396, 38.881408], [-104.872502, 38.881525], [-104.873029, 38.8823], [-104.87356, 38.883101], [-104.87379, 38.88352], [-104.873878, 38.883718], [-104.873922, 38.883876], [-104.87394, 38.88403], [-104.873902, 38.884492], [-104.873824, 38.885011], [-104.873883, 38.885229], [-104.873904, 38.885307], [-104.874079, 38.885909], [-104.874442, 38.88725], [-104.874497, 38.887454], [-104.874511, 38.887504], [-104.874546, 38.887633], [-104.874571, 38.887726], [-104.874612, 38.887874], [-104.874648, 38.888015], [-104.874712, 38.888268], [-104.874777, 38.888524], [-104.87486, 38.88885], [-104.874912, 38.889125], [-104.87495, 38.889318], [-104.875005, 38.889722], [-104.87504, 38.890064], [-104.875063, 38.890357], [-104.875065, 38.890375], [-104.875142, 38.890948], [-104.875143, 38.890959], [-104.875174, 38.891148], [-104.875241, 38.891569], [-104.875256, 38.891773], [-104.875264, 38.892736], [-104.875268, 38.893196], [-104.875269, 38.893255], [-104.875269, 38.893281], [-104.875252, 38.894254], [-104.875224, 38.894702], [-104.875164, 38.894953], [-104.875062, 38.895252], [-104.874773, 38.895711], [-104.874715, 38.895776], [-104.874577, 38.895928], [-104.874577, 38.895929], [-104.874542, 38.895959], [-104.874479, 38.896014], [-104.874221, 38.896243], [-104.873691, 38.896689], [-104.873591, 38.896774], [-104.873258, 38.897054], [-104.87309, 38.8972], [-104.872364, 38.897835], [-104.872321, 38.897872], [-104.87226, 38.897926], [-104.872252, 38.897932], [-104.872249, 38.89793], [-104.871904, 38.897697], [-104.871458, 38.897395], [-104.870859, 38.896989], [-104.870791, 38.896956], [-104.870734, 38.896928], [-104.870702, 38.896916], [-104.870694, 38.896914], [-104.870619, 38.896885], [-104.870619, 38.896885], [-104.870614, 38.896884], [-104.87055, 38.89686], [-104.870487, 38.896836], [-104.870367, 38.896808], [-104.870288, 38.896789], [-104.869906, 38.896744], [-104.869792, 38.896742], [-104.869764, 38.896742], [-104.869762, 38.896742], [-104.869307, 38.896734], [-104.868633, 38.896724], [-104.868471, 38.896721], [-104.868131, 38.896715], [-104.867433, 38.896704], [-104.866625, 38.896702], [-104.866123, 38.896701], [-104.865872, 38.896701], [-104.865692, 38.8967], [-104.864403, 38.896697], [-104.863973, 38.896696], [-104.86321, 38.896695], [-104.863119, 38.896694], [-104.862977, 38.896691], [-104.861977, 38.896677], [-104.861748, 38.896674], [-104.861586, 38.896671], [-104.85999, 38.896647], [-104.85906, 38.896634], [-104.858995, 38.896633], [-104.858922, 38.896632], [-104.858374, 38.896631], [-104.856613, 38.896628], [-104.856511, 38.896627], [-104.85589, 38.896627], [-104.8549, 38.896626], [-104.854483, 38.896626], [-104.853101, 38.896625], [-104.853026, 38.896625], [-104.852953, 38.896625], [-104.851934, 38.896625], [-104.851137, 38.896626], [-104.851018, 38.896626], [-104.850945, 38.896626], [-104.850389, 38.896627], [-104.849481, 38.89663], [-104.849375, 38.89663], [-104.848721, 38.896633], [-104.848599, 38.896634], [-104.848166, 38.896636], [-104.846507, 38.896644], [-104.845833, 38.896648], [-104.845084, 38.89666], [-104.844507, 38.896693], [-104.844499, 38.896663], [-104.844355, 38.896671], [-104.843588, 38.896683], [-104.843026, 38.896692], [-104.840981, 38.896723], [-104.840601, 38.896727], [-104.839462, 38.89674], [-104.839083, 38.896745], [-104.838418, 38.896752], [-104.837907, 38.896759], [-104.837431, 38.896765], [-104.837242, 38.896767], [-104.836424, 38.896778], [-104.83576, 38.896788], [-104.835746, 38.896788], [-104.835709, 38.896784], [-104.835694, 38.896789], [-104.835355, 38.896793], [-104.834922, 38.896799], [-104.834341, 38.896806], [-104.834178, 38.896809], [-104.834004, 38.896812], [-104.833519, 38.896827], [-104.832066, 38.896873], [-104.831582, 38.896889], [-104.831465, 38.896887], [-104.831115, 38.896883], [-104.830999, 38.896882], [-104.830861, 38.89688], [-104.830781, 38.89688], [-104.83045, 38.896876], [-104.830326, 38.896875], [-104.830313, 38.896875], [-104.830256, 38.896873], [-104.830085, 38.89687], [-104.830057, 38.89687], [-104.830029, 38.896871], [-104.830017, 38.896871], [-104.829961, 38.896872], [-104.829961, 38.896872], [-104.829848, 38.896872], [-104.829305, 38.896879], [-104.829125, 38.896882], [-104.828829, 38.896886], [-104.82876, 38.896886], [-104.828376, 38.896892], [-104.827818, 38.896899], [-104.827665, 38.896901], [-104.827328, 38.896906], [-104.827301, 38.896906], [-104.827294, 38.896906], [-104.827079, 38.896908], [-104.826417, 38.896916], [-104.826196, 38.896919], [-104.826043, 38.896919], [-104.825843, 38.896921], [-104.825759, 38.896922], [-104.825584, 38.896923], [-104.825432, 38.896925], [-104.82511, 38.896927], [-104.824433, 38.896932], [-104.824309, 38.896933], [-104.824224, 38.896933], [-104.824146, 38.896933], [-104.823825, 38.896935], [-104.823103, 38.896939], [-104.823036, 38.89694], [-104.822736, 38.896939], [-104.822689, 38.896939], [-104.821819, 38.896935], [-104.821407, 38.896959], [-104.821153, 38.897014], [-104.820983, 38.89705], [-104.820949, 38.897058], [-104.820289, 38.897233], [-104.820251, 38.897243], [-104.819816, 38.897357], [-104.819182, 38.897495], [-104.818958, 38.897519], [-104.818221, 38.897602], [-104.818198, 38.897605], [-104.81819, 38.897606], [-104.818184, 38.897606], [-104.817845, 38.897645], [-104.817751, 38.897655], [-104.817751, 38.897655], [-104.817736, 38.89772], [-104.817687, 38.897924], [-104.81742, 38.898921], [-104.817328, 38.899268], [-104.817321, 38.899291], [-104.817306, 38.899349], [-104.817292, 38.899403], [-104.817292, 38.899403], [-104.817073, 38.900221], [-104.817039, 38.900541], [-104.816942, 38.901458], [-104.816929, 38.901578], [-104.816929, 38.901581], [-104.816911, 38.90173], [-104.816831, 38.902414], [-104.816825, 38.902451], [-104.816778, 38.902756], [-104.816731, 38.902897], [-104.816549, 38.903826], [-104.816542, 38.903864], [-104.816497, 38.904097], [-104.816441, 38.904385], [-104.816205, 38.905594], [-104.81608, 38.906237], [-104.816002, 38.906636], [-104.816005, 38.906638], [-104.816073, 38.90667], [-104.816266, 38.906762], [-104.816287, 38.906767], [-104.816308, 38.907449], [-104.816342, 38.908519], [-104.81647, 38.908563], [-104.81647, 38.908564], [-104.816417, 38.908876], [-104.816389, 38.909044], [-104.816347, 38.909297], [-104.816188, 38.910249], [-104.816146, 38.910488], [-104.816063, 38.910969], [-104.816061, 38.910969], [-104.815798, 38.910968], [-104.815768, 38.910967], [-104.815587, 38.910966], [-104.815587, 38.910966], [-104.815187, 38.910964], [-104.815051, 38.910963], [-104.814884, 38.910963], [-104.81459, 38.910962], [-104.813427, 38.910972], [-104.813427, 38.910972], [-104.813342, 38.9113], [-104.813256, 38.911656], [-104.813183, 38.91196], [-104.813183, 38.911961], [-104.813183, 38.911962], [-104.812538, 38.91464], [-104.812535, 38.915169], [-104.812532, 38.915687], [-104.812529, 38.916235], [-104.812529, 38.916235], [-104.812529, 38.916235], [-104.812529, 38.916236], [-104.812528, 38.916507], [-104.812528, 38.916507], [-104.812552, 38.91652], [-104.812773, 38.91664], [-104.812774, 38.91664], [-104.813137, 38.916633], [-104.813137, 38.916633], [-104.81314, 38.916641], [-104.813182, 38.916745], [-104.813162, 38.91692], [-104.813161, 38.916928], [-104.813152, 38.917001], [-104.813112, 38.917075], [-104.813103, 38.917092], [-104.81307, 38.917151], [-104.81304, 38.917354], [-104.81304, 38.917662], [-104.81337, 38.918188], [-104.81339, 38.918199], [-104.813438, 38.918225], [-104.813498, 38.918308], [-104.813532, 38.918356], [-104.813579, 38.918421], [-104.813633, 38.918495], [-104.813635, 38.918498], [-104.813654, 38.918517], [-104.813913, 38.918791], [-104.813922, 38.9188], [-104.813922, 38.9188], [-104.813994, 38.919114], [-104.813997, 38.919135], [-104.814021, 38.919305], [-104.814031, 38.919369], [-104.814032, 38.919376], [-104.814032, 38.919376], [-104.814103, 38.919491], [-104.814103, 38.919491], [-104.814104, 38.919654], [-104.814104, 38.919654], [-104.814194, 38.919687], [-104.814194, 38.919687], [-104.814191, 38.91977], [-104.81419, 38.919812], [-104.81419, 38.920322], [-104.81419, 38.920325], [-104.81417, 38.920464], [-104.81417, 38.920464], [-104.81417, 38.920464], [-104.814124, 38.920789], [-104.814113, 38.920835], [-104.814093, 38.920921], [-104.814031, 38.921188], [-104.813955, 38.92139], [-104.813928, 38.921461], [-104.813758, 38.921837], [-104.813546, 38.922312], [-104.813438, 38.922538], [-104.813387, 38.922644], [-104.813108, 38.923284], [-104.813076, 38.923356], [-104.813039, 38.923438], [-104.812985, 38.923557], [-104.812772, 38.92387], [-104.812527, 38.924229], [-104.812327, 38.924515], [-104.812262, 38.924608], [-104.812142, 38.92478], [-104.811696, 38.925418], [-104.811506, 38.925705], [-104.811468, 38.925762], [-104.811443, 38.925799], [-104.81143, 38.925818], [-104.811407, 38.925851], [-104.811301, 38.925815], [-104.811194, 38.925802], [-104.811174, 38.925799], [-104.811153, 38.925797], [-104.810898, 38.925792], [-104.810838, 38.92579], [-104.810569, 38.925792], [-104.810408, 38.925793], [-104.810373, 38.925793], [-104.810057, 38.925795], [-104.809938, 38.925795], [-104.809902, 38.925795], [-104.809585, 38.925796], [-104.809149, 38.925798], [-104.808978, 38.925798], [-104.808904, 38.925798], [-104.80816, 38.925801], [-104.808019, 38.925801], [-104.807994, 38.925801], [-104.807356, 38.925803], [-104.80716, 38.925804], [-104.807059, 38.925804], [-104.806898, 38.925804], [-104.806796, 38.925805], [-104.806705, 38.925806], [-104.806214, 38.925807], [-104.806099, 38.925807], [-104.805734, 38.925808], [-104.805317, 38.92581], [-104.805254, 38.92581], [-104.805187, 38.92581], [-104.80514, 38.92581], [-104.8048, 38.925811], [-104.804671, 38.925812], [-104.804572, 38.925812], [-104.804322, 38.925812], [-104.804278, 38.925812], [-104.80418, 38.925813], [-104.80418, 38.925813], [-104.804065, 38.925813], [-104.803903, 38.925813], [-104.803826, 38.925813], [-104.803721, 38.925813], [-104.803607, 38.925813], [-104.803521, 38.925811], [-104.803296, 38.925808], [-104.803263, 38.925807], [-104.80322, 38.925807], [-104.803178, 38.925806], [-104.803071, 38.925804], [-104.803014, 38.925802], [-104.802658, 38.925795], [-104.802525, 38.925788], [-104.802463, 38.925785], [-104.802363, 38.925776], [-104.802276, 38.925767], [-104.802261, 38.925765], [-104.802249, 38.925763], [-104.802172, 38.925752], [-104.802154, 38.925749], [-104.801941, 38.925718], [-104.801538, 38.92561], [-104.801335, 38.925556], [-104.801304, 38.925548], [-104.801291, 38.925545], [-104.801119, 38.925501], [-104.800951, 38.925459], [-104.800914, 38.925449], [-104.800473, 38.925337], [-104.800387, 38.925316], [-104.800346, 38.925305], [-104.800258, 38.925283], [-104.800054, 38.925231], [-104.799612, 38.92512], [-104.799578, 38.925112], [-104.79956, 38.925108], [-104.799444, 38.92508], [-104.799389, 38.925067], [-104.799241, 38.925032], [-104.799043, 38.924984], [-104.7986, 38.924879], [-104.798452, 38.924843], [-104.798432, 38.924839], [-104.798419, 38.924836], [-104.798255, 38.924797], [-104.798042, 38.924746], [-104.798021, 38.924741], [-104.797642, 38.924651], [-104.797634, 38.924651], [-104.797505, 38.924638], [-104.797485, 38.924639], [-104.797311, 38.924643], [-104.797295, 38.924644], [-104.79721, 38.924635], [-104.797074, 38.92462], [-104.797072, 38.924619], [-104.79701, 38.924644], [-104.796997, 38.924649], [-104.796938, 38.924671], [-104.796895, 38.924688], [-104.796863, 38.924701], [-104.796861, 38.924702], [-104.796739, 38.92475], [-104.796443, 38.924933], [-104.796397, 38.924961], [-104.796236, 38.925062], [-104.796111, 38.925139], [-104.795964, 38.92523], [-104.79573, 38.92536], [-104.795603, 38.925432], [-104.795528, 38.925472], [-104.795336, 38.925578], [-104.795304, 38.92559], [-104.795226, 38.925623], [-104.795127, 38.925664], [-104.795106, 38.925672], [-104.795106, 38.925672], [-104.79509, 38.925674], [-104.795053, 38.925679], [-104.79476, 38.925717], [-104.794686, 38.925726], [-104.794668, 38.925726], [-104.794596, 38.925725], [-104.794392, 38.925723], [-104.794007, 38.92572], [-104.793827, 38.925718], [-104.793827, 38.925718], [-104.793674, 38.926486], [-104.793589, 38.926913], [-104.793578, 38.926972], [-104.793456, 38.927584], [-104.793449, 38.927617], [-104.793323, 38.928255], [-104.793294, 38.928398], [-104.793249, 38.928707], [-104.793245, 38.928734], [-104.793244, 38.928739], [-104.793247, 38.928914], [-104.79328, 38.929112], [-104.793295, 38.929234], [-104.793335, 38.92938], [-104.793336, 38.929384], [-104.793369, 38.929466], [-104.793372, 38.929473], [-104.793398, 38.929541], [-104.793417, 38.929589], [-104.793439, 38.929625], [-104.793452, 38.929645], [-104.79348, 38.929691], [-104.793573, 38.929811], [-104.793677, 38.92993], [-104.793681, 38.929935], [-104.793814, 38.930085], [-104.793819, 38.93009], [-104.793825, 38.930096], [-104.79394, 38.930215], [-104.793944, 38.930219], [-104.79396, 38.930235], [-104.794221, 38.930482], [-104.794244, 38.930504], [-104.794299, 38.930557], [-104.794307, 38.930564], [-104.794538, 38.930784], [-104.794594, 38.930837], [-104.794769, 38.931001], [-104.794842, 38.931069], [-104.794847, 38.931074], [-104.795037, 38.931251], [-104.795138, 38.931354], [-104.795143, 38.931359], [-104.795245, 38.931461], [-104.79542, 38.931639], [-104.795425, 38.931644], [-104.795463, 38.931682], [-104.79567, 38.931923], [-104.795674, 38.931928], [-104.79579, 38.932062], [-104.7959, 38.932212], [-104.795962, 38.932296], [-104.796036, 38.932401], [-104.796063, 38.93244], [-104.796142, 38.932551], [-104.796146, 38.932557], [-104.796146, 38.932557], [-104.796118, 38.932556], [-104.796118, 38.932556], [-104.796086, 38.932554], [-104.795691, 38.932534], [-104.795685, 38.932534], [-104.795404, 38.932525], [-104.795211, 38.93252], [-104.795206, 38.93252], [-104.794747, 38.932508], [-104.794726, 38.932507], [-104.794701, 38.932506], [-104.794466, 38.932507], [-104.794273, 38.932508], [-104.794246, 38.932509], [-104.793852, 38.932511], [-104.793766, 38.932511], [-104.793747, 38.932511], [-104.793532, 38.932508], [-104.793326, 38.932506], [-104.793286, 38.932506], [-104.793207, 38.932505], [-104.792994, 38.932502], [-104.792838, 38.932501], [-104.792806, 38.932501], [-104.792341, 38.932496], [-104.792327, 38.932496], [-104.79189, 38.932492], [-104.791847, 38.932492], [-104.791828, 38.932491], [-104.791393, 38.932487], [-104.791367, 38.932487], [-104.790918, 38.932483], [-104.790887, 38.932483], [-104.790429, 38.932478], [-104.790407, 38.932478], [-104.790406, 38.932478], [-104.789927, 38.93247], [-104.789921, 38.93247], [-104.789448, 38.932462], [-104.789446, 38.932462], [-104.789244, 38.932458], [-104.788978, 38.932456], [-104.788968, 38.932456], [-104.788808, 38.932454], [-104.78858, 38.932477], [-104.788488, 38.932487], [-104.788411, 38.932494], [-104.788225, 38.932535], [-104.788175, 38.932553], [-104.788163, 38.932557], [-104.788009, 38.932609], [-104.788007, 38.93261], [-104.787966, 38.932617], [-104.787817, 38.932644], [-104.787682, 38.932677], [-104.787559, 38.932707], [-104.787526, 38.932715], [-104.787404, 38.932743], [-104.787219, 38.93279], [-104.787167, 38.932803], [-104.787045, 38.932834], [-104.786963, 38.932854], [-104.786729, 38.932914], [-104.786722, 38.932916], [-104.786563, 38.932953], [-104.786389, 38.932994], [-104.78625, 38.933018], [-104.786083, 38.933046], [-104.786048, 38.933051], [-104.785874, 38.933066], [-104.785677, 38.933072], [-104.785603, 38.933074], [-104.785595, 38.933074], [-104.785172, 38.93307], [-104.785144, 38.933069], [-104.785123, 38.933069], [-104.784941, 38.933068], [-104.784649, 38.933063], [-104.784643, 38.933063], [-104.784531, 38.93306], [-104.784383, 38.933056], [-104.784204, 38.933056], [-104.784163, 38.933056], [-104.784115, 38.933055], [-104.783726, 38.933055], [-104.783683, 38.933055], [-104.78324, 38.933054], [-104.783203, 38.933054], [-104.78287, 38.933053], [-104.782754, 38.933053], [-104.782723, 38.933053], [-104.782455, 38.933053], [-104.782352, 38.933052], [-104.782271, 38.933052], [-104.782244, 38.933052], [-104.782219, 38.933052], [-104.782047, 38.933052], [-104.781945, 38.933052], [-104.781791, 38.933052], [-104.781764, 38.933052], [-104.781689, 38.933051], [-104.781284, 38.933051], [-104.781283, 38.933051], [-104.780921, 38.933051], [-104.780839, 38.933051], [-104.780804, 38.933051], [-104.780717, 38.933051], [-104.780665, 38.933051], [-104.780397, 38.933051], [-104.780344, 38.933051], [-104.780324, 38.933051], [-104.779868, 38.933051], [-104.779844, 38.933051], [-104.779716, 38.933051], [-104.779594, 38.933051], [-104.779388, 38.933051], [-104.779364, 38.933051], [-104.779327, 38.933051], [-104.778908, 38.933051], [-104.778884, 38.933051], [-104.778806, 38.933051], [-104.778411, 38.933052], [-104.778404, 38.933052], [-104.777948, 38.933052], [-104.777925, 38.933052], [-104.777795, 38.933052], [-104.777472, 38.933053], [-104.777445, 38.933053], [-104.777245, 38.933053], [-104.776981, 38.933054], [-104.776965, 38.933054], [-104.776725, 38.933055], [-104.776541, 38.933056], [-104.776485, 38.933056], [-104.776398, 38.933056], [-104.77606, 38.933058], [-104.776005, 38.933058], [-104.775581, 38.93306], [-104.775419, 38.933061], [-104.775315, 38.933062], [-104.77522, 38.933063], [-104.775093, 38.933063], [-104.774919, 38.933064], [-104.774754, 38.933064], [-104.774708, 38.933065], [-104.774107, 38.933073], [-104.773777, 38.933078], [-104.773393, 38.933083], [-104.772815, 38.933084], [-104.772639, 38.933085], [-104.772639, 38.933085], [-104.772639, 38.933085], [-104.772443, 38.933085], [-104.771852, 38.933086], [-104.771851, 38.933086], [-104.771741, 38.933086], [-104.771738, 38.933086], [-104.771574, 38.933089], [-104.771223, 38.933093], [-104.771149, 38.933094], [-104.771081, 38.933095], [-104.770938, 38.933112], [-104.770848, 38.933122], [-104.770847, 38.933123], [-104.770481, 38.933195], [-104.770191, 38.9333], [-104.770148, 38.933316], [-104.770019, 38.933363], [-104.769354, 38.933648], [-104.769165, 38.933732], [-104.768842, 38.933875], [-104.768017, 38.934241], [-104.767978, 38.934258], [-104.767926, 38.93428], [-104.767707, 38.934374], [-104.767449, 38.934487], [-104.767361, 38.934525], [-104.766851, 38.934745], [-104.766645, 38.934835], [-104.766616, 38.934848], [-104.766017, 38.935107], [-104.766017, 38.935114], [-104.766017, 38.935114], [-104.766017, 38.935118], [-104.76602, 38.935265], [-104.76602, 38.935265], [-104.766024, 38.935423], [-104.766024, 38.935423], [-104.76603, 38.935712], [-104.76603, 38.935712], [-104.76603, 38.935714], [-104.76603, 38.935715], [-104.76604, 38.936167], [-104.76604, 38.936168], [-104.766041, 38.936175], [-104.766041, 38.936175], [-104.766045, 38.936373], [-104.766045, 38.936373], [-104.766049, 38.936549], [-104.766049, 38.936549], [-104.766048, 38.936619], [-104.766048, 38.936619], [-104.766048, 38.93662], [-104.766048, 38.93662], [-104.766048, 38.93669], [-104.766048, 38.93669], [-104.766046, 38.937058], [-104.766046, 38.937058], [-104.766046, 38.937073], [-104.766046, 38.937073], [-104.766046, 38.937102], [-104.766046, 38.937102], [-104.766044, 38.937526], [-104.766044, 38.937526], [-104.766044, 38.937542], [-104.766044, 38.937542], [-104.766042, 38.937979], [-104.766042, 38.937979], [-104.766042, 38.937989], [-104.766042, 38.937989], [-104.766041, 38.938162], [-104.766041, 38.938162], [-104.76604, 38.938432], [-104.76604, 38.938432], [-104.76604, 38.938458], [-104.76604, 38.938459], [-104.76604, 38.938531], [-104.76604, 38.938531], [-104.766034, 38.938855], [-104.766034, 38.938855], [-104.766033, 38.938885], [-104.766033, 38.938885], [-104.766033, 38.938927], [-104.766033, 38.938927], [-104.766026, 38.939337], [-104.766026, 38.939338], [-104.766026, 38.939338], [-104.766026, 38.939338], [-104.76602, 38.93972], [-104.76602, 38.93972], [-104.766017, 38.93979], [-104.766017, 38.93979], [-104.766016, 38.939827], [-104.766016, 38.939827], [-104.766016, 38.939837], [-104.766016, 38.939837], [-104.766013, 38.93993], [-104.766013, 38.93993], [-104.766007, 38.940134], [-104.766007, 38.940134], [-104.766015, 38.94015], [-104.766035, 38.940193], [-104.766038, 38.940198], [-104.766038, 38.940198], [-104.766046, 38.940201], [-104.766119, 38.940228], [-104.766386, 38.940244], [-104.766498, 38.940245], [-104.767611, 38.940252], [-104.767671, 38.940253], [-104.76779, 38.940253], [-104.768105, 38.940256], [-104.768763, 38.940258], [-104.768788, 38.940258], [-104.769915, 38.94026], [-104.769996, 38.94026], [-104.770179, 38.94026], [-104.77084, 38.940255], [-104.771066, 38.940255], [-104.771087, 38.940255], [-104.772218, 38.940255], [-104.772254, 38.940255], [-104.772352, 38.940255], [-104.773223, 38.940262], [-104.77337, 38.940264], [-104.773506, 38.940265], [-104.773764, 38.940267], [-104.774522, 38.940266], [-104.774861, 38.940265], [-104.77502, 38.940264], [-104.775035, 38.940264], [-104.775035, 38.940264], [-104.775035, 38.940271], [-104.775035, 38.940271], [-104.775035, 38.940272], [-104.775033, 38.940294], [-104.775035, 38.940317], [-104.775035, 38.940409], [-104.775039, 38.940568], [-104.775041, 38.94064], [-104.775045, 38.940763], [-104.775053, 38.941073], [-104.775063, 38.941194], [-104.775074, 38.94132], [-104.775088, 38.94148], [-104.775105, 38.941665], [-104.775096, 38.941784], [-104.775086, 38.941996], [-104.775086, 38.941999], [-104.775072, 38.942287], [-104.775062, 38.942315], [-104.775013, 38.942468], [-104.77492, 38.942622], [-104.774884, 38.942677], [-104.774877, 38.942688], [-104.774613, 38.943089], [-104.774461, 38.943343], [-104.774457, 38.943354], [-104.774453, 38.943365], [-104.774376, 38.943566], [-104.774331, 38.943727], [-104.774309, 38.943808], [-104.774252, 38.944032], [-104.774249, 38.944043], [-104.774198, 38.944244], [-104.774114, 38.944574], [-104.77408, 38.94471], [-104.774077, 38.944721], [-104.774055, 38.944807], [-104.773914, 38.945388], [-104.773911, 38.9454], [-104.773886, 38.945504], [-104.773863, 38.945566], [-104.773773, 38.945812], [-104.773736, 38.945882], [-104.77373, 38.945894], [-104.773728, 38.945897], [-104.773656, 38.946032], [-104.773633, 38.946066], [-104.773625, 38.946077], [-104.773516, 38.946237], [-104.773462, 38.946318], [-104.773358, 38.946426], [-104.773279, 38.946508], [-104.773218, 38.946571], [-104.772992, 38.946741], [-104.772985, 38.946746], [-104.772974, 38.946752], [-104.77287, 38.94681], [-104.772536, 38.946995], [-104.772171, 38.947198], [-104.77212, 38.947225], [-104.77176, 38.947413], [-104.771738, 38.947424], [-104.77172, 38.947433], [-104.771663, 38.947462], [-104.771233, 38.947686], [-104.771009, 38.947802], [-104.770962, 38.947827], [-104.770745, 38.947938], [-104.770454, 38.948087], [-104.770136, 38.94825], [-104.769628, 38.948513], [-104.769627, 38.948512], [-104.769612, 38.948518], [-104.769577, 38.94854], [-104.768862, 38.948926], [-104.768769, 38.948976], [-104.768401, 38.949176], [-104.76748, 38.949675], [-104.767116, 38.949872], [-104.767004, 38.949932], [-104.766856, 38.950008], [-104.766564, 38.950157], [-104.766481, 38.9502], [-104.766215, 38.950411], [-104.765903, 38.950658], [-104.765877, 38.950685], [-104.765794, 38.950769], [-104.765519, 38.951048], [-104.765465, 38.951104], [-104.765216, 38.951405], [-104.765034, 38.95167], [-104.765024, 38.951685], [-104.764979, 38.951751], [-104.764905, 38.951858], [-104.764649, 38.952262], [-104.764633, 38.952292], [-104.764513, 38.952536], [-104.764502, 38.952573], [-104.764442, 38.952763], [-104.764364, 38.95301], [-104.764318, 38.953223], [-104.764265, 38.953477], [-104.764262, 38.953492], [-104.764256, 38.953521], [-104.764246, 38.953566], [-104.764206, 38.953865], [-104.764202, 38.954382], [-104.7642, 38.954646], [-104.7642, 38.95468], [-104.764192, 38.955124], [-104.764189, 38.955274], [-104.764189, 38.955288], [-104.764186, 38.955479], [-104.764175, 38.956178], [-104.764169, 38.956544], [-104.764167, 38.956702], [-104.764167, 38.956705], [-104.764167, 38.956705], [-104.764167, 38.956717], [-104.764116, 38.956717], [-104.764116, 38.956717], [-104.762794, 38.956713], [-104.762697, 38.956713], [-104.76265, 38.956713], [-104.76238, 38.956712], [-104.76215, 38.956712], [-104.761263, 38.956709], [-104.760998, 38.956708], [-104.760102, 38.956706], [-104.759879, 38.956705], [-104.759846, 38.956705], [-104.758731, 38.956702], [-104.758694, 38.956702], [-104.757615, 38.956699], [-104.757542, 38.956698], [-104.756858, 38.956696], [-104.756558, 38.956696], [-104.75646, 38.956697], [-104.756212, 38.956697], [-104.756171, 38.956698], [-104.755679, 38.956703], [-104.755372, 38.956706], [-104.754547, 38.956705], [-104.754301, 38.956706], [-104.75388, 38.956706], [-104.753747, 38.956706], [-104.753309, 38.956706], [-104.751472, 38.95671], [-104.751419, 38.95671], [-104.751324, 38.95671], [-104.751224, 38.956697], [-104.751179, 38.956691], [-104.751122, 38.956683], [-104.751088, 38.956678], [-104.750742, 38.956614], [-104.750454, 38.95656], [-104.75045, 38.956567], [-104.750444, 38.956577], [-104.750347, 38.956741], [-104.750295, 38.956728], [-104.750161, 38.956694], [-104.75001, 38.956663], [-104.749819, 38.956618], [-104.749816, 38.956618], [-104.74981, 38.956616], [-104.749337, 38.956511], [-104.749334, 38.956511], [-104.749148, 38.956469], [-104.748858, 38.956398], [-104.748852, 38.956397], [-104.748591, 38.956332], [-104.748471, 38.95631], [-104.748388, 38.956279], [-104.748379, 38.956276], [-104.748351, 38.956265], [-104.748339, 38.956261], [-104.747901, 38.956096], [-104.747895, 38.956094], [-104.747585, 38.955977], [-104.747572, 38.955973], [-104.747423, 38.955917], [-104.747417, 38.955914], [-104.746945, 38.955737], [-104.746939, 38.955735], [-104.746853, 38.955702], [-104.746824, 38.955689], [-104.746467, 38.955532], [-104.746461, 38.955529], [-104.746164, 38.955397], [-104.745985, 38.955318], [-104.745928, 38.955407], [-104.745911, 38.9554], [-104.745885, 38.955388], [-104.745874, 38.955383], [-104.7458, 38.955345], [-104.745662, 38.955273], [-104.745647, 38.955266], [-104.745493, 38.955186], [-104.745485, 38.955181], [-104.745394, 38.955134], [-104.745183, 38.955025], [-104.745165, 38.955015], [-104.745149, 38.955011], [-104.74444, 38.954807], [-104.743918, 38.954699], [-104.743928, 38.954525], [-104.743852, 38.954517], [-104.743824, 38.954514], [-104.743747, 38.954506], [-104.743638, 38.954494], [-104.743455, 38.95448], [-104.743297, 38.954472], [-104.74316, 38.954465], [-104.74305, 38.954466], [-104.743003, 38.954466], [-104.742915, 38.954466], [-104.74257, 38.954468], [-104.742545, 38.954468], [-104.742506, 38.954468], [-104.742214, 38.954469], [-104.741958, 38.954471], [-104.741932, 38.954471], [-104.741391, 38.954473], [-104.741273, 38.954474], [-104.741245, 38.954474], [-104.741219, 38.954474], [-104.741215, 38.954474], [-104.741173, 38.954474], [-104.741025, 38.954472], [-104.740712, 38.954473], [-104.740666, 38.954473], [-104.740163, 38.954474], [-104.740092, 38.954474], [-104.739589, 38.954476], [-104.739289, 38.954476], [-104.739129, 38.954475], [-104.739092, 38.954475], [-104.738952, 38.954475], [-104.738952, 38.954475], [-104.738952, 38.954475], [-104.737038, 38.954472], [-104.736749, 38.954471], [-104.736738, 38.954471], [-104.736737, 38.954471], [-104.736704, 38.954471], [-104.736623, 38.954472], [-104.735022, 38.954476], [-104.734854, 38.954477], [-104.734684, 38.954477], [-104.734549, 38.954478], [-104.734385, 38.954478], [-104.734026, 38.954479], [-104.733913, 38.954478], [-104.733877, 38.954477], [-104.733743, 38.954475], [-104.733693, 38.954475], [-104.733034, 38.954465], [-104.73279, 38.954462], [-104.73279, 38.954475], [-104.73279, 38.954498], [-104.73279, 38.954498], [-104.73279, 38.954498], [-104.732792, 38.954668], [-104.732791, 38.954668], [-104.732791, 38.954669], [-104.73277, 38.95467], [-104.732725, 38.95467], [-104.732705, 38.95467], [-104.732672, 38.954671], [-104.732621, 38.954671], [-104.732165, 38.954675], [-104.732122, 38.954675], [-104.731788, 38.954678], [-104.731436, 38.954688], [-104.731343, 38.954691], [-104.731335, 38.954691], [-104.730948, 38.954736], [-104.730594, 38.954804], [-104.730518, 38.954818], [-104.730472, 38.954827], [-104.730251, 38.954894], [-104.730144, 38.954926], [-104.729986, 38.954975], [-104.729954, 38.954991], [-104.729526, 38.955193], [-104.729517, 38.955168], [-104.729517, 38.955168], [-104.729407, 38.955061], [-104.729388, 38.955042], [-104.729369, 38.955019], [-104.729341, 38.954986], [-104.728702, 38.955377], [-104.728072, 38.955869], [-104.72805, 38.955886], [-104.727675, 38.95618], [-104.727415, 38.956359], [-104.727333, 38.956416], [-104.727332, 38.956416], [-104.726882, 38.956053], [-104.726508, 38.95577], [-104.726312, 38.955621], [-104.726254, 38.955577], [-104.725788, 38.955224], [-104.72545, 38.954967], [-104.72485, 38.954499], [-104.724825, 38.95448], [-104.724703, 38.954384], [-104.72437, 38.954098], [-104.723949, 38.953715], [-104.723721, 38.953495], [-104.723625, 38.953401], [-104.723601, 38.953378], [-104.723427, 38.953208], [-104.722821, 38.952538], [-104.722591, 38.952261], [-104.722589, 38.952258], [-104.72239, 38.952018], [-104.722102, 38.951632], [-104.721781, 38.951158], [-104.721769, 38.95114], [-104.721758, 38.951121], [-104.721711, 38.951046], [-104.721373, 38.950497], [-104.721286, 38.950355], [-104.721178, 38.950166], [-104.721104, 38.950022], [-104.721101, 38.950016], [-104.721036, 38.949889], [-104.720813, 38.949425], [-104.720587, 38.948895], [-104.720584, 38.948887], [-104.720562, 38.948836], [-104.720434, 38.948464], [-104.720433, 38.948462], [-104.720407, 38.948386], [-104.720407, 38.948386], [-104.720368, 38.948414], [-104.72034, 38.948434], [-104.72034, 38.948434], [-104.72034, 38.948434], [-104.72034, 38.948434], [-104.72034, 38.948434], [-104.720214, 38.948523], [-104.720214, 38.948523], [-104.720116, 38.948277], [-104.720077, 38.948161], [-104.720077, 38.948161], [-104.72001, 38.947962], [-104.719891, 38.947579], [-104.719891, 38.947579], [-104.719891, 38.947579], [-104.719891, 38.947579], [-104.719856, 38.947467], [-104.719854, 38.947459], [-104.719841, 38.947392], [-104.719791, 38.94713], [-104.719772, 38.947034], [-104.719687, 38.94663], [-104.719639, 38.946316], [-104.71956, 38.945536], [-104.719522, 38.944959], [-104.719492, 38.944391], [-104.719482, 38.944209], [-104.719484, 38.944116], [-104.719488, 38.943918], [-104.719521, 38.942325], [-104.719537, 38.941556], [-104.71956, 38.940465], [-104.719561, 38.940434], [-104.719565, 38.94032], [-104.719565, 38.940316], [-104.719565, 38.940313], [-104.719512, 38.940316], [-104.719443, 38.94032], [-104.719424, 38.940321], [-104.719346, 38.940326], [-104.719266, 38.94033], [-104.719243, 38.940331], [-104.718401, 38.940378], [-104.71749, 38.9404], [-104.71724, 38.940406], [-104.715234, 38.940473], [-104.71487, 38.940485], [-104.714613, 38.940493], [-104.713962, 38.940524], [-104.713885, 38.940527], [-104.713369, 38.940561], [-104.712562, 38.940622], [-104.71225, 38.940646], [-104.712232, 38.940647], [-104.711184, 38.940727], [-104.710369, 38.940751], [-104.709856, 38.94076], [-104.70963, 38.940764], [-104.708514, 38.940784], [-104.707258, 38.940825], [-104.70701, 38.940834], [-104.706347, 38.940855], [-104.705227, 38.940914], [-104.704916, 38.940938], [-104.704906, 38.940938], [-104.70439, 38.940976], [-104.703893, 38.941011], [-104.70261, 38.94106], [-104.701853, 38.941069], [-104.701113, 38.941078], [-104.70111, 38.941078], [-104.70111, 38.941085], [-104.701086, 38.94156], [-104.701041, 38.942486], [-104.701035, 38.942627], [-104.701017, 38.943008], [-104.701012, 38.943121], [-104.701006, 38.943314], [-104.701, 38.943527], [-104.70099, 38.943593], [-104.700988, 38.943606], [-104.700976, 38.943688], [-104.700973, 38.943707], [-104.700957, 38.94382], [-104.700956, 38.943847], [-104.700956, 38.943928], [-104.700953, 38.94413], [-104.700951, 38.944294], [-104.70095, 38.944405], [-104.700948, 38.944658], [-104.700947, 38.944737], [-104.700945, 38.94494], [-104.700942, 38.945121], [-104.700942, 38.945149], [-104.700924, 38.945667], [-104.700919, 38.945849], [-104.700891, 38.946734], [-104.700887, 38.946957], [-104.700884, 38.947203], [-104.700883, 38.947286], [-104.700861, 38.94879], [-104.70084, 38.949644], [-104.700825, 38.950284], [-104.700804, 38.951197], [-104.7008, 38.951393], [-104.700798, 38.951442], [-104.700779, 38.952223], [-104.700769, 38.952659], [-104.700731, 38.954714], [-104.700728, 38.954844], [-104.700728, 38.954867], [-104.700728, 38.954874], [-104.700728, 38.954891], [-104.700728, 38.954892], [-104.700725, 38.955031], [-104.700718, 38.955545], [-104.700715, 38.955675], [-104.70071, 38.956065], [-104.700708, 38.956196], [-104.700698, 38.95684], [-104.700692, 38.957303], [-104.700686, 38.958039], [-104.700681, 38.958774], [-104.700677, 38.959419], [-104.700673, 38.960308], [-104.700673, 38.960373], [-104.70067, 38.961001], [-104.700664, 38.96207], [-104.700658, 38.962975], [-104.700656, 38.963427], [-104.700652, 38.963864], [-104.700648, 38.964412], [-104.700635, 38.966014], [-104.700635, 38.96608], [-104.700628, 38.967677], [-104.700614, 38.968718], [-104.700605, 38.969354], [-104.700605, 38.969377], [-104.700596, 38.970173], [-104.700604, 38.971559], [-104.700596, 38.971844], [-104.700567, 38.972886], [-104.70056, 38.974328], [-104.700553, 38.974681], [-104.700531, 38.975871], [-104.700484, 38.977551], [-104.700502, 38.97882], [-104.700508, 38.979037], [-104.700513, 38.979248], [-104.700505, 38.979456], [-104.700503, 38.979497], [-104.70048, 38.980066], [-104.700475, 38.980218], [-104.700473, 38.980272], [-104.700451, 38.981153], [-104.700433, 38.981861], [-104.700425, 38.98226], [-104.700405, 38.98346], [-104.700404, 38.983537], [-104.700392, 38.98386], [-104.700402, 38.98386], [-104.700414, 38.98386], [-104.701786, 38.983861], [-104.704208, 38.983863], [-104.705306, 38.983863], [-104.705968, 38.983861], [-104.707217, 38.983858], [-104.707362, 38.983858], [-104.707914, 38.983856], [-104.709569, 38.983851], [-104.710122, 38.98385], [-104.710681, 38.983847], [-104.71199, 38.98384], [-104.712358, 38.983837], [-104.712917, 38.983834], [-104.713445, 38.98383], [-104.715029, 38.98382], [-104.715558, 38.983817], [-104.716044, 38.983813], [-104.716207, 38.983813], [-104.717505, 38.983804], [-104.717992, 38.983801], [-104.718185, 38.9838], [-104.718517, 38.983802], [-104.720094, 38.983815], [-104.720349, 38.983818], [-104.720349, 38.983818], [-104.720462, 38.983836], [-104.726062, 38.983824], [-104.732109, 38.983814], [-104.732126, 38.983812], [-104.732364, 38.983801], [-104.732496, 38.983795], [-104.732806, 38.98379], [-104.73304, 38.983803], [-104.733229, 38.983797], [-104.73339, 38.983798], [-104.734247, 38.983803], [-104.734876, 38.983807], [-104.735677, 38.983809], [-104.73602, 38.983813], [-104.736984, 38.983823], [-104.737456, 38.983811], [-104.737574, 38.983807], [-104.737741, 38.98381], [-104.737822, 38.98381], [-104.737854, 38.983812], [-104.738005, 38.983814], [-104.738129, 38.983804], [-104.738626, 38.98376], [-104.739143, 38.983789], [-104.740299, 38.983793], [-104.740687, 38.983795], [-104.741225, 38.983791], [-104.742823, 38.983785], [-104.743769, 38.983784], [-104.744926, 38.983783], [-104.74512, 38.983782], [-104.745295, 38.983782], [-104.745705, 38.983782], [-104.7459, 38.983782], [-104.746176, 38.983782], [-104.746871, 38.983782], [-104.747004, 38.983783], [-104.747281, 38.983786], [-104.748658, 38.983774], [-104.74915, 38.983769], [-104.749482, 38.983767], [-104.749597, 38.983766], [-104.74985, 38.983763], [-104.751626, 38.983762], [-104.753099, 38.983764], [-104.75396, 38.983752], [-104.754001, 38.983751], [-104.754244, 38.983748], [-104.7546, 38.983745], [-104.754757, 38.983744], [-104.756627, 38.983741], [-104.756627, 38.983748], [-104.75663, 38.984478], [-104.756632, 38.984751], [-104.756637, 38.98561], [-104.756639, 38.985929], [-104.756644, 38.986688], [-104.756645, 38.986839], [-104.756648, 38.987426], [-104.756651, 38.988154], [-104.756653, 38.988361], [-104.756656, 38.988865], [-104.756659, 38.989535], [-104.756668, 38.990338], [-104.756672, 38.990694], [-104.756676, 38.991067], [-104.756681, 38.991481], [-104.756675, 38.992071], [-104.756674, 38.992143], [-104.756672, 38.99235], [-104.756656, 38.994051], [-104.756657, 38.994124], [-104.756658, 38.99418], [-104.75667, 38.994825], [-104.756678, 38.995374], [-104.75668, 38.995466], [-104.756696, 38.996451], [-104.756693, 38.996673], [-104.756687, 38.997339], [-104.756685, 38.997562], [-104.756678, 38.998131], [-104.756677, 38.998266], [-104.756687, 38.998266], [-104.760529, 38.998236], [-104.764172, 38.9982], [-104.765992, 38.998186], [-104.765992, 38.998193], [-104.765957, 39.00385], [-104.765947, 39.005537], [-104.756675, 39.005503], [-104.756678, 39.005812], [-104.756679, 39.0059], [-104.756698, 39.006904], [-104.756705, 39.007268], [-104.756707, 39.008057], [-104.756705, 39.008358], [-104.756704, 39.008919], [-104.756705, 39.009108], [-104.756683, 39.009709], [-104.756707, 39.011329], [-104.756704, 39.011631], [-104.756701, 39.012027], [-104.756701, 39.012205], [-104.756702, 39.012722], [-104.756712, 39.012722], [-104.757244, 39.012726], [-104.75779, 39.012732], [-104.75887, 39.012747], [-104.759413, 39.012756], [-104.760558, 39.012751], [-104.761044, 39.012756], [-104.76153, 39.012762], [-104.762271, 39.012753], [-104.765097, 39.012715], [-104.765739, 39.012716], [-104.765939, 39.012712], [-104.766885, 39.012694], [-104.767332, 39.012695], [-104.76757, 39.012679], [-104.767678, 39.012671], [-104.768017, 39.012624], [-104.768193, 39.012593], [-104.768312, 39.012573], [-104.768852, 39.012459], [-104.769463, 39.012308], [-104.769586, 39.012273], [-104.76975, 39.012227], [-104.769901, 39.012184], [-104.771408, 39.011757], [-104.772672, 39.011432], [-104.773255, 39.011273], [-104.773617, 39.011173], [-104.773912, 39.011088], [-104.774457, 39.010929], [-104.774594, 39.01092], [-104.775539, 39.010635], [-104.775566, 39.010628], [-104.776091, 39.010453], [-104.776343, 39.010362], [-104.776472, 39.010315], [-104.77683, 39.010167], [-104.776885, 39.010141], [-104.777091, 39.01004], [-104.777352, 39.009874], [-104.777422, 39.009824], [-104.777462, 39.009796], [-104.777597, 39.009697], [-104.77772, 39.009594], [-104.777823, 39.009508], [-104.778141, 39.009293], [-104.778186, 39.009262], [-104.778204, 39.009254], [-104.778306, 39.009209], [-104.778384, 39.009174], [-104.77839, 39.009182], [-104.778691, 39.00956], [-104.778881, 39.009795], [-104.778907, 39.009826], [-104.778909, 39.009829], [-104.778909, 39.009829], [-104.779311, 39.010324], [-104.779647, 39.010823], [-104.779815, 39.011139], [-104.779932, 39.011502], [-104.780193, 39.012788], [-104.780382, 39.013719], [-104.780513, 39.014367], [-104.780592, 39.014758], [-104.780758, 39.015577], [-104.780813, 39.016488], [-104.780785, 39.016663], [-104.780755, 39.01761], [-104.780648, 39.018559], [-104.780582, 39.019104], [-104.780526, 39.019464], [-104.780285, 39.021287], [-104.780252, 39.021539], [-104.78025, 39.021552], [-104.78025, 39.021578], [-104.780192, 39.021957], [-104.780094, 39.022683], [-104.780073, 39.022836], [-104.779866, 39.023914], [-104.779778, 39.024158], [-104.779536, 39.024829], [-104.779377, 39.025233], [-104.778989, 39.026243], [-104.778635, 39.02715], [-104.778113, 39.02852], [-104.778093, 39.028613], [-104.777794, 39.029357], [-104.777752, 39.029466], [-104.777452, 39.03023], [-104.777259, 39.030821], [-104.775899, 39.034261], [-104.77571, 39.034816]]]}}, {"type": "Feature", "properties": {"REP": 16}, "geometry": {"type": "Polygon", "coordinates": [[[-104.802154, 38.925749], [-104.802172, 38.925752], [-104.802249, 38.925763], [-104.802261, 38.925765], [-104.802276, 38.925767], [-104.802363, 38.925776], [-104.802463, 38.925785], [-104.802525, 38.925788], [-104.802658, 38.925795], [-104.803014, 38.925802], [-104.803071, 38.925804], [-104.803178, 38.925806], [-104.80322, 38.925807], [-104.803263, 38.925807], [-104.803296, 38.925808], [-104.803521, 38.925811], [-104.803607, 38.925813], [-104.803721, 38.925813], [-104.803826, 38.925813], [-104.803903, 38.925813], [-104.804065, 38.925813], [-104.80418, 38.925813], [-104.80418, 38.925813], [-104.804278, 38.925812], [-104.804322, 38.925812], [-104.804572, 38.925812], [-104.804671, 38.925812], [-104.8048, 38.925811], [-104.80514, 38.92581], [-104.805187, 38.92581], [-104.805254, 38.92581], [-104.805317, 38.92581], [-104.805734, 38.925808], [-104.806099, 38.925807], [-104.806214, 38.925807], [-104.806705, 38.925806], [-104.806796, 38.925805], [-104.806898, 38.925804], [-104.807059, 38.925804], [-104.80716, 38.925804], [-104.807356, 38.925803], [-104.807994, 38.925801], [-104.808019, 38.925801], [-104.80816, 38.925801], [-104.808904, 38.925798], [-104.808978, 38.925798], [-104.809149, 38.925798], [-104.809585, 38.925796], [-104.809902, 38.925795], [-104.809938, 38.925795], [-104.810057, 38.925795], [-104.810373, 38.925793], [-104.810408, 38.925793], [-104.810569, 38.925792], [-104.810838, 38.92579], [-104.810898, 38.925792], [-104.811153, 38.925797], [-104.811174, 38.925799], [-104.811194, 38.925802], [-104.811301, 38.925815], [-104.811407, 38.925851], [-104.81143, 38.925818], [-104.811443, 38.925799], [-104.811468, 38.925762], [-104.811506, 38.925705], [-104.811696, 38.925418], [-104.812142, 38.92478], [-104.812262, 38.924608], [-104.812327, 38.924515], [-104.812527, 38.924229], [-104.812772, 38.92387], [-104.812985, 38.923557], [-104.813039, 38.923438], [-104.813076, 38.923356], [-104.813108, 38.923284], [-104.813387, 38.922644], [-104.813438, 38.922538], [-104.813546, 38.922312], [-104.813758, 38.921837], [-104.813928, 38.921461], [-104.813955, 38.92139], [-104.814031, 38.921188], [-104.814093, 38.920921], [-104.814113, 38.920835], [-104.814124, 38.920789], [-104.81417, 38.920464], [-104.81417, 38.920464], [-104.81417, 38.920464], [-104.81419, 38.920325], [-104.81419, 38.920322], [-104.81419, 38.919812], [-104.814191, 38.91977], [-104.814194, 38.919687], [-104.814194, 38.919687], [-104.814104, 38.919654], [-104.814104, 38.919654], [-104.814103, 38.919491], [-104.814103, 38.919491], [-104.814032, 38.919376], [-104.814032, 38.919376], [-104.814031, 38.919369], [-104.814021, 38.919305], [-104.813997, 38.919135], [-104.813994, 38.919114], [-104.813922, 38.9188], [-104.813922, 38.9188], [-104.813913, 38.918791], [-104.813654, 38.918517], [-104.813635, 38.918498], [-104.813633, 38.918495], [-104.813579, 38.918421], [-104.813532, 38.918356], [-104.813498, 38.918308], [-104.813438, 38.918225], [-104.81339, 38.918199], [-104.81337, 38.918188], [-104.81304, 38.917662], [-104.81304, 38.917354], [-104.81307, 38.917151], [-104.813103, 38.917092], [-104.813112, 38.917075], [-104.813152, 38.917001], [-104.813161, 38.916928], [-104.813162, 38.91692], [-104.813182, 38.916745], [-104.81314, 38.916641], [-104.813137, 38.916633], [-104.813137, 38.916633], [-104.812774, 38.91664], [-104.812773, 38.91664], [-104.812552, 38.91652], [-104.812528, 38.916507], [-104.812528, 38.916507], [-104.812529, 38.916236], [-104.812529, 38.916235], [-104.812529, 38.916235], [-104.812529, 38.916235], [-104.812532, 38.915687], [-104.812535, 38.915169], [-104.812538, 38.91464], [-104.813183, 38.911962], [-104.813183, 38.911961], [-104.813183, 38.91196], [-104.813256, 38.911656], [-104.813342, 38.9113], [-104.813427, 38.910972], [-104.813427, 38.910972], [-104.81459, 38.910962], [-104.814884, 38.910963], [-104.815051, 38.910963], [-104.815187, 38.910964], [-104.815587, 38.910966], [-104.815587, 38.910966], [-104.815768, 38.910967], [-104.815798, 38.910968], [-104.816061, 38.910969], [-104.816063, 38.910969], [-104.816146, 38.910488], [-104.816188, 38.910249], [-104.816347, 38.909297], [-104.816389, 38.909044], [-104.816417, 38.908876], [-104.81647, 38.908564], [-104.81647, 38.908563], [-104.816342, 38.908519], [-104.816308, 38.907449], [-104.816287, 38.906767], [-104.816266, 38.906762], [-104.816073, 38.90667], [-104.816005, 38.906638], [-104.816002, 38.906636], [-104.81608, 38.906237], [-104.816205, 38.905594], [-104.816441, 38.904385], [-104.816497, 38.904097], [-104.816542, 38.903864], [-104.816549, 38.903826], [-104.816731, 38.902897], [-104.816778, 38.902756], [-104.816825, 38.902451], [-104.816831, 38.902414], [-104.816911, 38.90173], [-104.816929, 38.901581], [-104.816929, 38.901578], [-104.816942, 38.901458], [-104.817039, 38.900541], [-104.817073, 38.900221], [-104.817292, 38.899403], [-104.817292, 38.899403], [-104.817306, 38.899349], [-104.817321, 38.899291], [-104.817328, 38.899268], [-104.81742, 38.898921], [-104.817687, 38.897924], [-104.817736, 38.89772], [-104.817751, 38.897655], [-104.817751, 38.897655], [-104.817845, 38.897645], [-104.818184, 38.897606], [-104.81819, 38.897606], [-104.818198, 38.897605], [-104.818221, 38.897602], [-104.818958, 38.897519], [-104.819182, 38.897495], [-104.819816, 38.897357], [-104.820251, 38.897243], [-104.820289, 38.897233], [-104.820949, 38.897058], [-104.820983, 38.89705], [-104.821153, 38.897014], [-104.821407, 38.896959], [-104.821819, 38.896935], [-104.822689, 38.896939], [-104.822736, 38.896939], [-104.823036, 38.89694], [-104.823103, 38.896939], [-104.823825, 38.896935], [-104.824146, 38.896933], [-104.824224, 38.896933], [-104.824309, 38.896933], [-104.824433, 38.896932], [-104.82511, 38.896927], [-104.825432, 38.896925], [-104.825584, 38.896923], [-104.825759, 38.896922], [-104.825843, 38.896921], [-104.826043, 38.896919], [-104.826196, 38.896919], [-104.826417, 38.896916], [-104.827079, 38.896908], [-104.827294, 38.896906], [-104.827301, 38.896906], [-104.827328, 38.896906], [-104.827665, 38.896901], [-104.827818, 38.896899], [-104.828376, 38.896892], [-104.82876, 38.896886], [-104.828829, 38.896886], [-104.829125, 38.896882], [-104.829305, 38.896879], [-104.829848, 38.896872], [-104.829961, 38.896872], [-104.829961, 38.896872], [-104.830017, 38.896871], [-104.830029, 38.896871], [-104.830029, 38.896871], [-104.830054, 38.896804], [-104.830092, 38.896708], [-104.830096, 38.896697], [-104.830119, 38.896634], [-104.830797, 38.89478], [-104.830968, 38.894448], [-104.831105, 38.894108], [-104.83123, 38.893855], [-104.831547, 38.893209], [-104.832152, 38.89198], [-104.834467, 38.88751], [-104.834952, 38.886546], [-104.835234, 38.885985], [-104.835316, 38.885689], [-104.835405, 38.88537], [-104.83564, 38.884336], [-104.83577, 38.883546], [-104.835822, 38.883233], [-104.835824, 38.883086], [-104.83583, 38.882691], [-104.835831, 38.882626], [-104.83583, 38.882006], [-104.835825, 38.881932], [-104.835787, 38.881309], [-104.835716, 38.88052], [-104.835592, 38.879629], [-104.835356, 38.878659], [-104.835201, 38.877945], [-104.834859, 38.876376], [-104.834854, 38.876356], [-104.834853, 38.876349], [-104.833878, 38.871931], [-104.833762, 38.871454], [-104.833414, 38.869827], [-104.833319, 38.869311], [-104.833263, 38.868865], [-104.833193, 38.867866], [-104.833212, 38.866861], [-104.833185, 38.865906], [-104.833208, 38.865259], [-104.833214, 38.864843], [-104.833217, 38.864631], [-104.833266, 38.864166], [-104.833405, 38.863468], [-104.833583, 38.862784], [-104.833761, 38.862225], [-104.83403, 38.860774], [-104.83403, 38.860744], [-104.834003, 38.858653], [-104.834002, 38.858582], [-104.833997, 38.858556], [-104.833847, 38.857786], [-104.833675, 38.857344], [-104.833594, 38.857113], [-104.833492, 38.856821], [-104.833389, 38.856584], [-104.833358, 38.856511], [-104.83331, 38.8564], [-104.833308, 38.856395], [-104.833269, 38.856305], [-104.833245, 38.856249], [-104.833166, 38.856107], [-104.832973, 38.855759], [-104.83281, 38.855426], [-104.832693, 38.855187], [-104.832549, 38.854841], [-104.832429, 38.854438], [-104.832334, 38.854011], [-104.832266, 38.853645], [-104.832252, 38.85357], [-104.832231, 38.853452], [-104.832226, 38.853359], [-104.8322, 38.852874], [-104.832026, 38.851623], [-104.831874, 38.850755], [-104.831874, 38.850752], [-104.831691, 38.850751], [-104.831647, 38.85075], [-104.83161, 38.850752], [-104.831514, 38.85076], [-104.831499, 38.850762], [-104.831456, 38.850765], [-104.831443, 38.850766], [-104.83141, 38.850768], [-104.831358, 38.850775], [-104.831339, 38.850778], [-104.831307, 38.850782], [-104.831145, 38.850805], [-104.831116, 38.850811], [-104.831115, 38.850811], [-104.831107, 38.850812], [-104.831072, 38.85082], [-104.831024, 38.85083], [-104.830969, 38.850842], [-104.830873, 38.850861], [-104.830799, 38.850876], [-104.830779, 38.850881], [-104.830728, 38.850892], [-104.830688, 38.850902], [-104.830427, 38.850961], [-104.830303, 38.850989], [-104.830219, 38.851008], [-104.830127, 38.851023], [-104.830038, 38.851039], [-104.829919, 38.851059], [-104.829902, 38.851062], [-104.829741, 38.851089], [-104.829666, 38.851093], [-104.829601, 38.851098], [-104.829535, 38.851103], [-104.82951, 38.851104], [-104.829262, 38.851069], [-104.829194, 38.851068], [-104.829152, 38.851066], [-104.828955, 38.851061], [-104.828769, 38.851057], [-104.828767, 38.851057], [-104.828717, 38.851056], [-104.828412, 38.851048], [-104.828385, 38.851047], [-104.82832, 38.851045], [-104.828251, 38.851044], [-104.828006, 38.851038], [-104.828002, 38.851038], [-104.827633, 38.851029], [-104.827619, 38.851029], [-104.827593, 38.851028], [-104.827533, 38.851065], [-104.82735, 38.85106], [-104.827235, 38.851058], [-104.827235, 38.851058], [-104.82689, 38.851051], [-104.826865, 38.85105], [-104.826852, 38.85105], [-104.82647, 38.851043], [-104.8264, 38.851041], [-104.826277, 38.851041], [-104.826206, 38.851037], [-104.826162, 38.85104], [-104.826149, 38.85104], [-104.826083, 38.851037], [-104.826011, 38.851033], [-104.825988, 38.851032], [-104.825546, 38.851011], [-104.825253, 38.851004], [-104.825248, 38.851004], [-104.824918, 38.850995], [-104.824868, 38.850985], [-104.824849, 38.850982], [-104.824756, 38.850963], [-104.824725, 38.850957], [-104.824547, 38.850901], [-104.824468, 38.850876], [-104.824458, 38.850873], [-104.824396, 38.850854], [-104.824363, 38.850843], [-104.82432, 38.850829], [-104.824319, 38.850829], [-104.824245, 38.850806], [-104.824243, 38.850805], [-104.824227, 38.8508], [-104.824203, 38.850792], [-104.824167, 38.850782], [-104.824166, 38.850782], [-104.82409, 38.850761], [-104.824089, 38.850761], [-104.824018, 38.850741], [-104.824014, 38.85074], [-104.824013, 38.85074], [-104.823937, 38.850719], [-104.823936, 38.850719], [-104.823891, 38.850706], [-104.823861, 38.850698], [-104.82386, 38.850698], [-104.823854, 38.850696], [-104.823785, 38.85069], [-104.823784, 38.85069], [-104.823708, 38.850684], [-104.823707, 38.850684], [-104.823633, 38.850677], [-104.823631, 38.850677], [-104.823561, 38.850671], [-104.823546, 38.85067], [-104.823505, 38.850666], [-104.823456, 38.850665], [-104.823426, 38.850664], [-104.823415, 38.850664], [-104.823229, 38.850657], [-104.823223, 38.850656], [-104.823142, 38.850653], [-104.823033, 38.850649], [-104.823032, 38.850649], [-104.822948, 38.850646], [-104.82284, 38.850642], [-104.822839, 38.850642], [-104.822661, 38.850636], [-104.822659, 38.850636], [-104.822659, 38.850636], [-104.822648, 38.850635], [-104.82259, 38.850633], [-104.822459, 38.850629], [-104.822457, 38.850629], [-104.822265, 38.850622], [-104.822265, 38.850622], [-104.822211, 38.85062], [-104.822075, 38.850616], [-104.822073, 38.850616], [-104.821899, 38.850611], [-104.821882, 38.85061], [-104.82175, 38.850606], [-104.821697, 38.850605], [-104.82169, 38.850605], [-104.821498, 38.8506], [-104.821497, 38.8506], [-104.821312, 38.850595], [-104.821307, 38.850595], [-104.821123, 38.85059], [-104.821115, 38.85059], [-104.821077, 38.850589], [-104.820938, 38.850587], [-104.820915, 38.850586], [-104.820915, 38.850586], [-104.820909, 38.850586], [-104.820899, 38.850586], [-104.820699, 38.850578], [-104.820351, 38.850566], [-104.819856, 38.85055], [-104.81931, 38.850523], [-104.819107, 38.850514], [-104.818964, 38.85051], [-104.818622, 38.850499], [-104.818131, 38.850485], [-104.817597, 38.850469], [-104.817256, 38.850459], [-104.817171, 38.850456], [-104.81704, 38.85045], [-104.816901, 38.850445], [-104.816001, 38.850416], [-104.815836, 38.850409], [-104.815482, 38.850395], [-104.815051, 38.850377], [-104.815013, 38.850376], [-104.813996, 38.850352], [-104.813137, 38.850338], [-104.813118, 38.850337], [-104.813074, 38.850337], [-104.813065, 38.850337], [-104.813047, 38.850337], [-104.812999, 38.850336], [-104.812927, 38.850334], [-104.812567, 38.850328], [-104.812448, 38.850327], [-104.812207, 38.850312], [-104.811484, 38.850267], [-104.811243, 38.850252], [-104.81101, 38.850242], [-104.810607, 38.850227], [-104.810313, 38.850226], [-104.810081, 38.850226], [-104.810081, 38.850224], [-104.810085, 38.84993], [-104.810086, 38.849894], [-104.810091, 38.849585], [-104.810108, 38.849043], [-104.810109, 38.849027], [-104.810115, 38.848862], [-104.81012, 38.848748], [-104.810131, 38.848491], [-104.810126, 38.848063], [-104.810122, 38.847719], [-104.81012, 38.847498], [-104.81012, 38.847466], [-104.81012, 38.847462], [-104.81012, 38.847459], [-104.81012, 38.847453], [-104.810121, 38.847415], [-104.810123, 38.847326], [-104.810126, 38.847207], [-104.810126, 38.847196], [-104.810127, 38.847185], [-104.81013, 38.847075], [-104.810131, 38.847048], [-104.810131, 38.847043], [-104.810135, 38.846901], [-104.810138, 38.846777], [-104.810139, 38.846759], [-104.81014, 38.846734], [-104.81014, 38.846707], [-104.810148, 38.846443], [-104.810148, 38.846426], [-104.810149, 38.846392], [-104.810154, 38.84622], [-104.810155, 38.846202], [-104.810155, 38.846189], [-104.810163, 38.845898], [-104.810175, 38.845531], [-104.810198, 38.845026], [-104.810212, 38.844736], [-104.810215, 38.844526], [-104.810217, 38.844431], [-104.810239, 38.843897], [-104.810249, 38.843688], [-104.810252, 38.843623], [-104.810256, 38.843553], [-104.810256, 38.843429], [-104.810257, 38.843365], [-104.810258, 38.843094], [-104.810262, 38.842681], [-104.810271, 38.842282], [-104.810278, 38.842012], [-104.810302, 38.842013], [-104.810467, 38.842018], [-104.810898, 38.842032], [-104.811037, 38.842036], [-104.811227, 38.842043], [-104.811317, 38.842046], [-104.811353, 38.842047], [-104.811579, 38.842056], [-104.811902, 38.84207], [-104.811902, 38.84207], [-104.811903, 38.84207], [-104.811944, 38.842071], [-104.811972, 38.842072], [-104.811974, 38.841894], [-104.811975, 38.841827], [-104.812004, 38.841624], [-104.812203, 38.841203], [-104.812326, 38.840962], [-104.812511, 38.840602], [-104.812518, 38.840586], [-104.812541, 38.840542], [-104.812549, 38.840527], [-104.812559, 38.840508], [-104.812686, 38.840284], [-104.812776, 38.840059], [-104.812786, 38.839906], [-104.812802, 38.839659], [-104.812813, 38.839493], [-104.812824, 38.839331], [-104.812832, 38.839227], [-104.812832, 38.839222], [-104.812835, 38.839162], [-104.812835, 38.839161], [-104.812845, 38.838972], [-104.812858, 38.838733], [-104.812869, 38.838532], [-104.812872, 38.838442], [-104.812875, 38.838362], [-104.812875, 38.838362], [-104.812875, 38.838362], [-104.812875, 38.838362], [-104.81288, 38.838225], [-104.812889, 38.837976], [-104.812889, 38.837966], [-104.81289, 38.83794], [-104.812891, 38.837928], [-104.812891, 38.8379], [-104.812895, 38.837816], [-104.812895, 38.837808], [-104.812895, 38.837796], [-104.812895, 38.837796], [-104.812895, 38.83779], [-104.812895, 38.837762], [-104.812896, 38.837735], [-104.8129, 38.837571], [-104.812902, 38.837517], [-104.812907, 38.837283], [-104.812915, 38.836986], [-104.812931, 38.836582], [-104.812941, 38.836349], [-104.812945, 38.836268], [-104.812947, 38.836218], [-104.812965, 38.835825], [-104.812972, 38.835694], [-104.812975, 38.835551], [-104.812988, 38.835122], [-104.812993, 38.83498], [-104.813004, 38.834981], [-104.813075, 38.834987], [-104.813089, 38.834988], [-104.813082, 38.834647], [-104.81309, 38.834466], [-104.813095, 38.834383], [-104.813075, 38.834293], [-104.81303, 38.834248], [-104.812988, 38.834206], [-104.81289, 38.83412], [-104.812848, 38.834083], [-104.812805, 38.834019], [-104.812805, 38.833889], [-104.812825, 38.833792], [-104.812881, 38.833701], [-104.812927, 38.833624], [-104.812938, 38.833605], [-104.812938, 38.83357], [-104.812927, 38.83357], [-104.812868, 38.83357], [-104.812822, 38.83357], [-104.812604, 38.833569], [-104.812574, 38.833562], [-104.812381, 38.833515], [-104.812194, 38.833515], [-104.812027, 38.833515], [-104.811726, 38.833514], [-104.811557, 38.833514], [-104.810826, 38.833488], [-104.810527, 38.833478], [-104.810433, 38.83347], [-104.81005, 38.833456], [-104.80862, 38.833407], [-104.808144, 38.833391], [-104.807268, 38.833362], [-104.807037, 38.833355], [-104.806427, 38.833319], [-104.806193, 38.833318], [-104.805471, 38.833313], [-104.804641, 38.833294], [-104.80433, 38.833288], [-104.803766, 38.833259], [-104.803515, 38.833246], [-104.803464, 38.833244], [-104.803025, 38.833228], [-104.802561, 38.83321], [-104.80226, 38.833199], [-104.801959, 38.833186], [-104.801513, 38.833168], [-104.801057, 38.833146], [-104.800867, 38.833138], [-104.800757, 38.833136], [-104.800457, 38.833129], [-104.800018, 38.833121], [-104.799559, 38.833111], [-104.799468, 38.83311], [-104.79926, 38.8331], [-104.798953, 38.833091], [-104.798511, 38.833079], [-104.798035, 38.833065], [-104.797729, 38.833057], [-104.797432, 38.833044], [-104.796994, 38.833025], [-104.796541, 38.833007], [-104.796245, 38.832996], [-104.795939, 38.832987], [-104.795394, 38.832972], [-104.795024, 38.832958], [-104.794719, 38.832947], [-104.794719, 38.832947], [-104.794722, 38.832896], [-104.79476, 38.832248], [-104.794767, 38.832145], [-104.794797, 38.831711], [-104.794807, 38.831365], [-104.794835, 38.830988], [-104.794854, 38.83054], [-104.79487, 38.830199], [-104.794886, 38.829879], [-104.794893, 38.82974], [-104.794934, 38.828939], [-104.794941, 38.82894], [-104.795005, 38.828942], [-104.795046, 38.8282], [-104.795072, 38.827744], [-104.795096, 38.827085], [-104.795111, 38.826539], [-104.795119, 38.826251], [-104.795099, 38.826252], [-104.795054, 38.826253], [-104.795036, 38.826049], [-104.794962, 38.825842], [-104.794954, 38.825819], [-104.794827, 38.825613], [-104.794644, 38.82539], [-104.794488, 38.825184], [-104.794432, 38.825053], [-104.794391, 38.824911], [-104.794387, 38.824696], [-104.794376, 38.82416], [-104.794364, 38.823798], [-104.794362, 38.823745], [-104.794361, 38.823693], [-104.794361, 38.823504], [-104.794361, 38.823497], [-104.794161, 38.8235], [-104.793831, 38.823507], [-104.793561, 38.823504], [-104.793362, 38.823502], [-104.793309, 38.823504], [-104.793201, 38.823507], [-104.793176, 38.823508], [-104.792913, 38.823577], [-104.79275, 38.823663], [-104.792609, 38.823739], [-104.792489, 38.823829], [-104.792419, 38.823883], [-104.79218, 38.824153], [-104.792081, 38.824266], [-104.791982, 38.824381], [-104.791685, 38.824729], [-104.791587, 38.824845], [-104.791496, 38.824925], [-104.791347, 38.825059], [-104.791229, 38.825168], [-104.791141, 38.825251], [-104.790904, 38.825257], [-104.790806, 38.825257], [-104.789804, 38.825264], [-104.78947, 38.825267], [-104.789183, 38.825269], [-104.788325, 38.825278], [-104.78804, 38.825282], [-104.787839, 38.825284], [-104.787567, 38.825288], [-104.787236, 38.825291], [-104.787035, 38.825293], [-104.786832, 38.825301], [-104.786786, 38.825303], [-104.786551, 38.825314], [-104.786483, 38.825306], [-104.786249, 38.825279], [-104.786225, 38.825277], [-104.786023, 38.825263], [-104.785809, 38.825265], [-104.785168, 38.825273], [-104.784955, 38.825276], [-104.784787, 38.825271], [-104.784645, 38.825268], [-104.784284, 38.825268], [-104.784117, 38.825268], [-104.783995, 38.825267], [-104.783632, 38.825267], [-104.783511, 38.825267], [-104.78351, 38.825277], [-104.78351, 38.825307], [-104.78351, 38.825318], [-104.782909, 38.825324], [-104.782324, 38.82533], [-104.781105, 38.825332], [-104.780901, 38.825333], [-104.780505, 38.825337], [-104.780504, 38.825358], [-104.780499, 38.825542], [-104.78047, 38.825642], [-104.780415, 38.825839], [-104.780348, 38.826052], [-104.780145, 38.826376], [-104.780058, 38.826458], [-104.780002, 38.826512], [-104.779908, 38.826601], [-104.77982, 38.826654], [-104.779801, 38.826666], [-104.77963, 38.826768], [-104.779577, 38.8268], [-104.779464, 38.826869], [-104.779073, 38.826998], [-104.779015, 38.827006], [-104.778948, 38.827017], [-104.778796, 38.82704], [-104.778649, 38.827063], [-104.778634, 38.827065], [-104.778592, 38.827067], [-104.778249, 38.827078], [-104.778188, 38.82708], [-104.778167, 38.82708], [-104.777816, 38.827098], [-104.777442, 38.827147], [-104.777326, 38.827162], [-104.776971, 38.827272], [-104.776702, 38.827408], [-104.776424, 38.827602], [-104.776401, 38.827626], [-104.776159, 38.827885], [-104.776022, 38.828125], [-104.775971, 38.828263], [-104.775916, 38.828416], [-104.775908, 38.828566], [-104.775902, 38.828694], [-104.775902, 38.828696], [-104.775895, 38.828844], [-104.775891, 38.829025], [-104.775883, 38.829569], [-104.775881, 38.829751], [-104.775881, 38.829922], [-104.775884, 38.830436], [-104.775885, 38.830608], [-104.775887, 38.830792], [-104.775893, 38.831346], [-104.775896, 38.831531], [-104.775896, 38.831767], [-104.775896, 38.832475], [-104.775897, 38.832674], [-104.775897, 38.832712], [-104.775895, 38.832712], [-104.775372, 38.832712], [-104.775296, 38.832712], [-104.774668, 38.832713], [-104.7738, 38.832713], [-104.773787, 38.832714], [-104.773276, 38.832712], [-104.773078, 38.832712], [-104.772486, 38.832712], [-104.772289, 38.832712], [-104.772094, 38.83271], [-104.771652, 38.832706], [-104.771509, 38.832707], [-104.771314, 38.832709], [-104.771119, 38.832711], [-104.770892, 38.832714], [-104.770534, 38.832709], [-104.77034, 38.832707], [-104.770325, 38.832707], [-104.770321, 38.832707], [-104.770135, 38.832701], [-104.769859, 38.832694], [-104.769523, 38.832682], [-104.769319, 38.832675], [-104.76912, 38.832667], [-104.768566, 38.832645], [-104.768523, 38.832644], [-104.768325, 38.832644], [-104.768128, 38.832642], [-104.767539, 38.832639], [-104.767343, 38.832638], [-104.76714, 38.832636], [-104.766672, 38.832634], [-104.766531, 38.832634], [-104.766328, 38.832636], [-104.765967, 38.832637], [-104.765631, 38.832639], [-104.764887, 38.832635], [-104.764527, 38.832634], [-104.76424, 38.832634], [-104.764143, 38.832632], [-104.763526, 38.832623], [-104.763328, 38.832608], [-104.763135, 38.832572], [-104.763002, 38.832535], [-104.762815, 38.832484], [-104.762641, 38.832411], [-104.762594, 38.832391], [-104.762493, 38.83235], [-104.762455, 38.832331], [-104.76241, 38.832309], [-104.762312, 38.832259], [-104.762083, 38.832143], [-104.762018, 38.832119], [-104.761917, 38.832081], [-104.761812, 38.832042], [-104.761724, 38.832009], [-104.761705, 38.832002], [-104.761512, 38.831963], [-104.761172, 38.831928], [-104.761113, 38.831926], [-104.760908, 38.831921], [-104.760758, 38.831918], [-104.760368, 38.831921], [-104.76021, 38.831922], [-104.760163, 38.831923], [-104.759931, 38.831925], [-104.758677, 38.83192], [-104.758383, 38.83192], [-104.758118, 38.831919], [-104.75784, 38.831919], [-104.757517, 38.831933], [-104.75744, 38.831937], [-104.757422, 38.831937], [-104.75729, 38.831943], [-104.75706, 38.831954], [-104.756944, 38.831952], [-104.756458, 38.831946], [-104.756361, 38.831944], [-104.756071, 38.83194], [-104.755969, 38.831941], [-104.755606, 38.831947], [-104.755551, 38.831947], [-104.755385, 38.83195], [-104.755331, 38.831951], [-104.755136, 38.831954], [-104.754465, 38.831953], [-104.754446, 38.831953], [-104.754194, 38.831967], [-104.754055, 38.831974], [-104.753945, 38.83198], [-104.753545, 38.832059], [-104.753196, 38.832184], [-104.752985, 38.832306], [-104.752851, 38.832384], [-104.752837, 38.832392], [-104.752828, 38.8324], [-104.752399, 38.832772], [-104.752186, 38.832984], [-104.75169, 38.833482], [-104.751564, 38.833584], [-104.7514, 38.833717], [-104.751281, 38.833814], [-104.751212, 38.833871], [-104.751113, 38.833951], [-104.750896, 38.834102], [-104.750723, 38.834223], [-104.750408, 38.834365], [-104.750232, 38.834423], [-104.75018, 38.834441], [-104.750052, 38.834484], [-104.750011, 38.834497], [-104.749781, 38.834567], [-104.749651, 38.834589], [-104.749359, 38.834637], [-104.749294, 38.834648], [-104.749257, 38.834653], [-104.748926, 38.834691], [-104.748877, 38.834696], [-104.748743, 38.834696], [-104.748673, 38.834695], [-104.748566, 38.834695], [-104.748231, 38.83467], [-104.748145, 38.834657], [-104.747955, 38.834629], [-104.747862, 38.834609], [-104.747726, 38.834578], [-104.74743, 38.83448], [-104.74736, 38.834456], [-104.747275, 38.834425], [-104.747129, 38.834373], [-104.747059, 38.834349], [-104.746797, 38.834256], [-104.746553, 38.834153], [-104.746487, 38.834125], [-104.746109, 38.833965], [-104.746086, 38.833955], [-104.745951, 38.834151], [-104.745548, 38.834742], [-104.745541, 38.834753], [-104.745433, 38.83491], [-104.745418, 38.834942], [-104.745352, 38.835074], [-104.745342, 38.835095], [-104.74529, 38.835219], [-104.745262, 38.835364], [-104.745282, 38.835499], [-104.745287, 38.835531], [-104.745322, 38.835641], [-104.745332, 38.83567], [-104.745354, 38.835737], [-104.745363, 38.835764], [-104.745454, 38.835944], [-104.745499, 38.836006], [-104.74556, 38.836089], [-104.745619, 38.836127], [-104.745765, 38.836238], [-104.745864, 38.836292], [-104.746235, 38.836496], [-104.746834, 38.836814], [-104.747159, 38.836986], [-104.747179, 38.836996], [-104.747239, 38.837029], [-104.74726, 38.83704], [-104.747485, 38.83716], [-104.74759, 38.837217], [-104.747723, 38.837297], [-104.747823, 38.837357], [-104.747917, 38.837447], [-104.747984, 38.837552], [-104.747996, 38.837589], [-104.748021, 38.837666], [-104.748047, 38.837747], [-104.748058, 38.837918], [-104.748069, 38.838097], [-104.748069, 38.838204], [-104.748074, 38.838948], [-104.748071, 38.839065], [-104.748067, 38.839353], [-104.748065, 38.83942], [-104.748061, 38.839624], [-104.74806, 38.839693], [-104.74806, 38.839693], [-104.747264, 38.8397], [-104.746864, 38.839699], [-104.746425, 38.839698], [-104.746186, 38.839697], [-104.745979, 38.839697], [-104.745703, 38.839696], [-104.744361, 38.839706], [-104.743279, 38.839694], [-104.742792, 38.83969], [-104.742084, 38.839697], [-104.741415, 38.839703], [-104.740896, 38.839708], [-104.739453, 38.839733], [-104.739408, 38.839731], [-104.73874, 38.839709], [-104.737142, 38.839652], [-104.737073, 38.839648], [-104.733502, 38.839455], [-104.73263, 38.839418], [-104.732076, 38.839388], [-104.731012, 38.839332], [-104.730411, 38.839295], [-104.729949, 38.839266], [-104.729663, 38.839249], [-104.728562, 38.83921], [-104.728324, 38.839202], [-104.7281, 38.839194], [-104.727936, 38.839188], [-104.727825, 38.839184], [-104.727445, 38.839157], [-104.727282, 38.839146], [-104.727045, 38.839129], [-104.726337, 38.839081], [-104.726101, 38.839065], [-104.725779, 38.839038], [-104.725316, 38.839015], [-104.725016, 38.839], [-104.724606, 38.83898], [-104.724046, 38.838975], [-104.722923, 38.838967], [-104.721756, 38.838958], [-104.720916, 38.838952], [-104.720807, 38.838951], [-104.720706, 38.838951], [-104.72068, 38.83895], [-104.720671, 38.83895], [-104.72067, 38.83895], [-104.720672, 38.83913], [-104.720676, 38.839758], [-104.720677, 38.839787], [-104.720673, 38.840952], [-104.720682, 38.842115], [-104.72068, 38.842185], [-104.720669, 38.842553], [-104.720658, 38.842994], [-104.720664, 38.843532], [-104.720662, 38.843646], [-104.720651, 38.844432], [-104.72066, 38.845602], [-104.720661, 38.845711], [-104.720668, 38.846255], [-104.720668, 38.846266], [-104.720677, 38.846955], [-104.720674, 38.847068], [-104.720661, 38.847437], [-104.720641, 38.848026], [-104.720602, 38.848688], [-104.720508, 38.849118], [-104.720288, 38.850045], [-104.72029, 38.85035], [-104.720316, 38.850864], [-104.720317, 38.85088], [-104.720324, 38.851], [-104.720306, 38.85143], [-104.720288, 38.852108], [-104.720274, 38.852611], [-104.720286, 38.853429], [-104.720286, 38.853447], [-104.72029, 38.853638], [-104.720253, 38.856246], [-104.720256, 38.856367], [-104.720272, 38.857098], [-104.720288, 38.857905], [-104.720255, 38.85938], [-104.72026, 38.85968], [-104.720272, 38.860357], [-104.720258, 38.861698], [-104.720258, 38.862218], [-104.720258, 38.862236], [-104.720258, 38.86224], [-104.720256, 38.863325], [-104.720256, 38.863457], [-104.720254, 38.864859], [-104.720254, 38.864902], [-104.720252, 38.866278], [-104.720252, 38.866296], [-104.72025, 38.867696], [-104.72025, 38.867762], [-104.72025, 38.868], [-104.720248, 38.868172], [-104.720256, 38.868812], [-104.720026, 38.868909], [-104.720024, 38.869041], [-104.720024, 38.869113], [-104.720024, 38.869158], [-104.720021, 38.869213], [-104.720017, 38.869276], [-104.720007, 38.869437], [-104.719999, 38.86957], [-104.719977, 38.86993], [-104.719965, 38.870075], [-104.719928, 38.87053], [-104.719919, 38.870645], [-104.719911, 38.870738], [-104.719888, 38.871023], [-104.719892, 38.871329], [-104.719899, 38.871594], [-104.719905, 38.87178], [-104.719901, 38.871948], [-104.719898, 38.872101], [-104.72001, 38.872105], [-104.720024, 38.872107], [-104.720124, 38.872105], [-104.720639, 38.872101], [-104.720706, 38.872101], [-104.721381, 38.871993], [-104.721513, 38.871973], [-104.721641, 38.871949], [-104.721911, 38.871868], [-104.722097, 38.871789], [-104.72214, 38.871768], [-104.722483, 38.87161], [-104.722602, 38.87154], [-104.72268, 38.87148], [-104.722881, 38.871324], [-104.72296, 38.871264], [-104.72365, 38.870597], [-104.723904, 38.870352], [-104.723905, 38.870351], [-104.724123, 38.870138], [-104.724175, 38.870089], [-104.724777, 38.869492], [-104.724797, 38.869473], [-104.725003, 38.869286], [-104.725083, 38.869213], [-104.725184, 38.869123], [-104.725337, 38.86901], [-104.725425, 38.868947], [-104.725598, 38.86882], [-104.725747, 38.868729], [-104.725918, 38.868626], [-104.726258, 38.868456], [-104.726276, 38.868448], [-104.72669, 38.868265], [-104.7268, 38.868228], [-104.726898, 38.868196], [-104.727084, 38.868135], [-104.727173, 38.868117], [-104.727496, 38.86804], [-104.727735, 38.868005], [-104.727853, 38.867989], [-104.728115, 38.867954], [-104.728302, 38.867929], [-104.728756, 38.86792], [-104.728963, 38.867921], [-104.729432, 38.867924], [-104.729496, 38.867925], [-104.729835, 38.867926], [-104.729933, 38.867926], [-104.730426, 38.867931], [-104.730935, 38.867924], [-104.731046, 38.867923], [-104.73145, 38.867918], [-104.732291, 38.867913], [-104.733175, 38.867909], [-104.734814, 38.867914], [-104.735656, 38.867918], [-104.736019, 38.867917], [-104.737111, 38.867916], [-104.737475, 38.867916], [-104.737544, 38.867916], [-104.737703, 38.867909], [-104.73784, 38.867904], [-104.738108, 38.867893], [-104.738387, 38.867848], [-104.738412, 38.867845], [-104.738533, 38.86781], [-104.738608, 38.867788], [-104.738643, 38.867769], [-104.738911, 38.867623], [-104.738967, 38.867575], [-104.739153, 38.867421], [-104.739699, 38.866922], [-104.739898, 38.86673], [-104.7402, 38.86644], [-104.740583, 38.866084], [-104.7407, 38.865976], [-104.741718, 38.865075], [-104.74176, 38.865048], [-104.742201, 38.864767], [-104.742274, 38.864728], [-104.742496, 38.864614], [-104.74257, 38.864576], [-104.742657, 38.864533], [-104.743008, 38.86434], [-104.74391, 38.863846], [-104.744315, 38.863618], [-104.744749, 38.863375], [-104.744964, 38.863256], [-104.745275, 38.863086], [-104.745613, 38.862901], [-104.74583, 38.862784], [-104.746363, 38.862498], [-104.747244, 38.862001], [-104.747378, 38.861925], [-104.747748, 38.861762], [-104.747811, 38.861745], [-104.747868, 38.861728], [-104.747896, 38.861721], [-104.748021, 38.861686], [-104.748329, 38.861653], [-104.748492, 38.861644], [-104.748847, 38.861624], [-104.749013, 38.861621], [-104.749174, 38.861619], [-104.749864, 38.861534], [-104.750096, 38.861486], [-104.750826, 38.861288], [-104.750991, 38.861254], [-104.751046, 38.861243], [-104.751046, 38.861243], [-104.751172, 38.861215], [-104.751421, 38.861164], [-104.751724, 38.861141], [-104.75191, 38.861127], [-104.752127, 38.861109], [-104.752781, 38.861058], [-104.752999, 38.861041], [-104.753141, 38.861019], [-104.753569, 38.860955], [-104.753636, 38.860946], [-104.753711, 38.860928], [-104.753874, 38.86089], [-104.754274, 38.860794], [-104.754406, 38.860757], [-104.754587, 38.860708], [-104.754967, 38.860576], [-104.755308, 38.860458], [-104.755716, 38.860304], [-104.755716, 38.860304], [-104.756026, 38.860186], [-104.756425, 38.860032], [-104.756998, 38.859812], [-104.757096, 38.859781], [-104.757099, 38.85978], [-104.757106, 38.859778], [-104.757147, 38.859765], [-104.757244, 38.859737], [-104.7573, 38.85972], [-104.757352, 38.859705], [-104.757352, 38.859805], [-104.75734, 38.860118], [-104.757329, 38.860789], [-104.757325, 38.860967], [-104.757313, 38.861678], [-104.757302, 38.862302], [-104.757285, 38.863347], [-104.757276, 38.864247], [-104.757272, 38.864754], [-104.757269, 38.865131], [-104.757265, 38.865637], [-104.75726, 38.866017], [-104.757247, 38.867153], [-104.757239, 38.867808], [-104.757239, 38.867846], [-104.757236, 38.868103], [-104.757236, 38.868145], [-104.757239, 38.868482], [-104.757239, 38.868492], [-104.757242, 38.868825], [-104.757242, 38.868831], [-104.757244, 38.869168], [-104.757244, 38.869171], [-104.757245, 38.869254], [-104.757238, 38.869512], [-104.757238, 38.869525], [-104.757229, 38.869855], [-104.757229, 38.869878], [-104.757227, 38.869952], [-104.757219, 38.870198], [-104.757218, 38.870226], [-104.757211, 38.870446], [-104.75721, 38.870541], [-104.75721, 38.870557], [-104.757209, 38.870675], [-104.757207, 38.870884], [-104.757207, 38.8709], [-104.757205, 38.871228], [-104.757205, 38.871243], [-104.757202, 38.871571], [-104.757202, 38.871571], [-104.757199, 38.871914], [-104.757199, 38.871925], [-104.757199, 38.871977], [-104.757195, 38.872257], [-104.757195, 38.872277], [-104.757194, 38.872355], [-104.757191, 38.8726], [-104.75719, 38.872631], [-104.757189, 38.872736], [-104.757186, 38.872944], [-104.757185, 38.873042], [-104.757184, 38.873126], [-104.757182, 38.873235], [-104.757182, 38.873245], [-104.757182, 38.873257], [-104.757175, 38.873832], [-104.757177, 38.874447], [-104.757179, 38.875013], [-104.757145, 38.876161], [-104.757142, 38.876295], [-104.757136, 38.87662], [-104.757131, 38.876889], [-104.757131, 38.876908], [-104.757131, 38.876911], [-104.75713, 38.876984], [-104.757121, 38.877442], [-104.757113, 38.877907], [-104.757113, 38.877941], [-104.757113, 38.877947], [-104.757112, 38.878217], [-104.757112, 38.878605], [-104.75711, 38.878969], [-104.75711, 38.879036], [-104.75711, 38.879045], [-104.757109, 38.879568], [-104.757099, 38.879988], [-104.757099, 38.879992], [-104.757096, 38.88012], [-104.757077, 38.881014], [-104.757076, 38.881042], [-104.757076, 38.88106], [-104.757076, 38.881384], [-104.757076, 38.881779], [-104.757077, 38.882037], [-104.757077, 38.882039], [-104.757078, 38.882332], [-104.757078, 38.882372], [-104.757078, 38.882635], [-104.757073, 38.883001], [-104.757072, 38.883059], [-104.757072, 38.883122], [-104.757061, 38.884082], [-104.757061, 38.884112], [-104.757057, 38.884463], [-104.757057, 38.88501], [-104.757057, 38.885104], [-104.757057, 38.885133], [-104.757057, 38.88568], [-104.757056, 38.885774], [-104.757056, 38.886057], [-104.757056, 38.886127], [-104.757056, 38.886152], [-104.757056, 38.886167], [-104.757055, 38.886271], [-104.757051, 38.886631], [-104.757051, 38.886752], [-104.757048, 38.887149], [-104.757047, 38.88725], [-104.757047, 38.8873], [-104.757043, 38.887893], [-104.757047, 38.888167], [-104.757048, 38.888172], [-104.75706, 38.888922], [-104.75706, 38.888945], [-104.757064, 38.889185], [-104.757064, 38.889194], [-104.75707, 38.889494], [-104.757072, 38.88963], [-104.757079, 38.890039], [-104.757082, 38.890176], [-104.757083, 38.890217], [-104.757084, 38.890323], [-104.757093, 38.890738], [-104.757093, 38.890766], [-104.757096, 38.890914], [-104.757102, 38.891533], [-104.757107, 38.891612], [-104.757113, 38.891703], [-104.757128, 38.891842], [-104.757152, 38.891988], [-104.757192, 38.892136], [-104.757269, 38.892423], [-104.757405, 38.892878], [-104.757523, 38.89315], [-104.757786, 38.893568], [-104.757964, 38.893849], [-104.758153, 38.894103], [-104.758185, 38.894141], [-104.758302, 38.89428], [-104.758436, 38.894422], [-104.758444, 38.894431], [-104.758445, 38.894432], [-104.758484, 38.894471], [-104.758586, 38.894571], [-104.758739, 38.894747], [-104.758892, 38.89488], [-104.758991, 38.894965], [-104.75926, 38.895199], [-104.759545, 38.895448], [-104.759605, 38.8955], [-104.759641, 38.895532], [-104.759787, 38.895659], [-104.759848, 38.895712], [-104.760062, 38.895899], [-104.760254, 38.896066], [-104.760293, 38.8961], [-104.761045, 38.896772], [-104.761048, 38.896775], [-104.761224, 38.896932], [-104.76146, 38.897143], [-104.761785, 38.897433], [-104.76184, 38.897483], [-104.761863, 38.897503], [-104.761877, 38.897516], [-104.761953, 38.897584], [-104.762223, 38.897828], [-104.762314, 38.89791], [-104.762362, 38.897953], [-104.762421, 38.898007], [-104.762728, 38.898288], [-104.763876, 38.899337], [-104.763977, 38.89942], [-104.764226, 38.899626], [-104.764251, 38.899646], [-104.764422, 38.899762], [-104.764547, 38.899854], [-104.764556, 38.89986], [-104.764702, 38.899951], [-104.764706, 38.899954], [-104.764767, 38.899993], [-104.764768, 38.899994], [-104.765056, 38.900148], [-104.765098, 38.900167], [-104.765616, 38.900403], [-104.766216, 38.900646], [-104.767284, 38.901079], [-104.768016, 38.901376], [-104.768015, 38.901378], [-104.767941, 38.90149], [-104.767967, 38.901501], [-104.767967, 38.901501], [-104.768019, 38.901522], [-104.768593, 38.901762], [-104.770181, 38.902426], [-104.772307, 38.903276], [-104.772763, 38.903458], [-104.775229, 38.904458], [-104.775432, 38.90454], [-104.775526, 38.904578], [-104.77553, 38.904581], [-104.775531, 38.90458], [-104.775647, 38.904627], [-104.778827, 38.905905], [-104.781191, 38.906869], [-104.781622, 38.90704], [-104.781807, 38.907111], [-104.781808, 38.907113], [-104.781811, 38.907118], [-104.78182, 38.907118], [-104.781862, 38.907134], [-104.783662, 38.907851], [-104.784709, 38.908281], [-104.785407, 38.908568], [-104.785668, 38.908691], [-104.785884, 38.908803], [-104.786018, 38.908872], [-104.786289, 38.909027], [-104.78646, 38.909167], [-104.786672, 38.909348], [-104.787144, 38.909817], [-104.787345, 38.910029], [-104.787544, 38.910386], [-104.787649, 38.91061], [-104.787711, 38.910741], [-104.787829, 38.911067], [-104.787904, 38.911326], [-104.787951, 38.9116], [-104.787972, 38.911915], [-104.787968, 38.912095], [-104.787952, 38.912334], [-104.78791, 38.912642], [-104.787707, 38.913361], [-104.787428, 38.914365], [-104.787334, 38.914689], [-104.787267, 38.914919], [-104.787249, 38.91498], [-104.787232, 38.915039], [-104.787065, 38.915612], [-104.787063, 38.915619], [-104.78689, 38.91625], [-104.78682, 38.916507], [-104.786799, 38.916582], [-104.786729, 38.916862], [-104.786679, 38.917059], [-104.786629, 38.917344], [-104.786629, 38.917412], [-104.786629, 38.917446], [-104.786629, 38.917621], [-104.786651, 38.91789], [-104.786654, 38.917927], [-104.786736, 38.918303], [-104.786739, 38.918318], [-104.786764, 38.918433], [-104.786764, 38.918433], [-104.786812, 38.918594], [-104.786919, 38.918804], [-104.786928, 38.918818], [-104.787049, 38.919013], [-104.787054, 38.91902], [-104.787063, 38.919033], [-104.787157, 38.919165], [-104.787206, 38.919227], [-104.787232, 38.919259], [-104.787237, 38.919265], [-104.787458, 38.919541], [-104.787472, 38.919555], [-104.787611, 38.919698], [-104.787618, 38.919706], [-104.78764, 38.919728], [-104.787788, 38.919849], [-104.787937, 38.91997], [-104.788165, 38.92014], [-104.788175, 38.920147], [-104.788216, 38.920177], [-104.78845, 38.92032], [-104.788525, 38.920357], [-104.788534, 38.920361], [-104.788941, 38.920557], [-104.789013, 38.920583], [-104.789035, 38.92059], [-104.789264, 38.920671], [-104.789274, 38.920675], [-104.789678, 38.920817], [-104.790004, 38.92092], [-104.790014, 38.920923], [-104.790017, 38.920924], [-104.79035, 38.921029], [-104.790744, 38.921153], [-104.790754, 38.921156], [-104.790937, 38.921213], [-104.791454, 38.92142], [-104.791493, 38.921439], [-104.791588, 38.921483], [-104.791797, 38.921581], [-104.792005, 38.921701], [-104.792232, 38.921848], [-104.792329, 38.921911], [-104.792336, 38.921917], [-104.792589, 38.922115], [-104.792727, 38.92225], [-104.792836, 38.922358], [-104.792844, 38.922365], [-104.792856, 38.922377], [-104.792968, 38.922482], [-104.793046, 38.922555], [-104.793243, 38.922794], [-104.793246, 38.922799], [-104.793252, 38.922806], [-104.793454, 38.923063], [-104.79355, 38.923238], [-104.793554, 38.923246], [-104.793589, 38.923309], [-104.79361, 38.923348], [-104.793655, 38.923451], [-104.793717, 38.923593], [-104.793736, 38.923649], [-104.793749, 38.923687], [-104.793836, 38.923937], [-104.793882, 38.924116], [-104.793898, 38.924176], [-104.793939, 38.92442], [-104.79395, 38.924555], [-104.793951, 38.924562], [-104.793957, 38.924636], [-104.793948, 38.924956], [-104.793945, 38.925], [-104.793945, 38.925009], [-104.793937, 38.92513], [-104.79388, 38.925438], [-104.793839, 38.925656], [-104.793833, 38.925687], [-104.79383, 38.925705], [-104.79383, 38.925708], [-104.793829, 38.925708], [-104.793829, 38.925708], [-104.793829, 38.925708], [-104.793827, 38.925718], [-104.794007, 38.92572], [-104.794392, 38.925723], [-104.794596, 38.925725], [-104.794668, 38.925726], [-104.794686, 38.925726], [-104.79476, 38.925717], [-104.795053, 38.925679], [-104.79509, 38.925674], [-104.795106, 38.925672], [-104.795106, 38.925672], [-104.795127, 38.925664], [-104.795226, 38.925623], [-104.795304, 38.92559], [-104.795336, 38.925578], [-104.795528, 38.925472], [-104.795603, 38.925432], [-104.79573, 38.92536], [-104.795964, 38.92523], [-104.796111, 38.925139], [-104.796236, 38.925062], [-104.796397, 38.924961], [-104.796443, 38.924933], [-104.796739, 38.92475], [-104.796861, 38.924702], [-104.796863, 38.924701], [-104.796895, 38.924688], [-104.796938, 38.924671], [-104.796997, 38.924649], [-104.79701, 38.924644], [-104.797072, 38.924619], [-104.797074, 38.92462], [-104.79721, 38.924635], [-104.797295, 38.924644], [-104.797311, 38.924643], [-104.797485, 38.924639], [-104.797505, 38.924638], [-104.797634, 38.924651], [-104.797642, 38.924651], [-104.798021, 38.924741], [-104.798042, 38.924746], [-104.798255, 38.924797], [-104.798419, 38.924836], [-104.798432, 38.924839], [-104.798452, 38.924843], [-104.7986, 38.924879], [-104.799043, 38.924984], [-104.799241, 38.925032], [-104.799389, 38.925067], [-104.799444, 38.92508], [-104.79956, 38.925108], [-104.799578, 38.925112], [-104.799612, 38.92512], [-104.800054, 38.925231], [-104.800258, 38.925283], [-104.800346, 38.925305], [-104.800387, 38.925316], [-104.800473, 38.925337], [-104.800914, 38.925449], [-104.800951, 38.925459], [-104.801119, 38.925501], [-104.801291, 38.925545], [-104.801304, 38.925548], [-104.801335, 38.925556], [-104.801538, 38.92561], [-104.801941, 38.925718], [-104.802154, 38.925749]]]}}, {"type": "Feature", "properties": {"REP": 18}, "geometry": {"type": "Polygon", "coordinates": [[[-105.011938, 39.021194], [-105.011933, 39.021211], [-105.011896, 39.021347], [-105.01189, 39.021366], [-105.011872, 39.021519], [-105.011879, 39.021658], [-105.011927, 39.021791], [-105.011977, 39.02187], [-105.012024, 39.021944], [-105.012039, 39.021967], [-105.012045, 39.021988], [-105.012083, 39.022111], [-105.012101, 39.022259], [-105.012099, 39.022296], [-105.01209, 39.022451], [-105.012028, 39.022647], [-105.011967, 39.022811], [-105.011861, 39.02295], [-105.011728, 39.023106], [-105.011629, 39.023225], [-105.011593, 39.023327], [-105.011592, 39.023339], [-105.011588, 39.023372], [-105.011575, 39.023477], [-105.011596, 39.023616], [-105.011691, 39.02384], [-105.011887, 39.024188], [-105.012225, 39.024876], [-105.012261, 39.025069], [-105.012258, 39.025253], [-105.012283, 39.025313], [-105.012308, 39.025373], [-105.012314, 39.02537], [-105.012516, 39.025237], [-105.012738, 39.025077], [-105.012891, 39.024977], [-105.01311, 39.024804], [-105.013186, 39.024679], [-105.013211, 39.024611], [-105.013193, 39.024546], [-105.013156, 39.02452], [-105.013148, 39.024514], [-105.013068, 39.024484], [-105.012849, 39.024481], [-105.012792, 39.024462], [-105.012787, 39.02446], [-105.012745, 39.024422], [-105.012717, 39.024335], [-105.012714, 39.024246], [-105.012728, 39.024034], [-105.012808, 39.023628], [-105.012873, 39.023232], [-105.012933, 39.022948], [-105.012939, 39.022921], [-105.013016, 39.022642], [-105.013005, 39.022376], [-105.013022, 39.022119], [-105.013082, 39.021932], [-105.013223, 39.02168], [-105.013238, 39.021653], [-105.013297, 39.021498], [-105.013318, 39.021352], [-105.01332, 39.021306], [-105.013325, 39.021216], [-105.013328, 39.021152], [-105.013366, 39.021005], [-105.013385, 39.020971], [-105.013433, 39.020882], [-105.013443, 39.020864], [-105.01346, 39.020832], [-105.013536, 39.020732], [-105.013672, 39.020648], [-105.013863, 39.020585], [-105.014088, 39.020547], [-105.014696, 39.020477], [-105.014859, 39.020469], [-105.014991, 39.02048], [-105.01512, 39.020501], [-105.015419, 39.02062], [-105.015463, 39.020631], [-105.015731, 39.020696], [-105.015768, 39.020704], [-105.016075, 39.020764], [-105.016554, 39.020907], [-105.016911, 39.020957], [-105.017006, 39.02097], [-105.017336, 39.021012], [-105.017433, 39.021024], [-105.017484, 39.02104], [-105.018148, 39.021238], [-105.018819, 39.021327], [-105.018912, 39.021321], [-105.019041, 39.021313], [-105.019152, 39.021319], [-105.019267, 39.021354], [-105.019274, 39.02136], [-105.019354, 39.021422], [-105.019358, 39.021424], [-105.019458, 39.021466], [-105.019475, 39.021473], [-105.019593, 39.021511], [-105.01967, 39.021525], [-105.019718, 39.021533], [-105.019724, 39.021535], [-105.019824, 39.021561], [-105.01984, 39.021565], [-105.019972, 39.021622], [-105.020009, 39.021637], [-105.020395, 39.021795], [-105.020672, 39.021908], [-105.021111, 39.022088], [-105.021379, 39.022194], [-105.021583, 39.022242], [-105.021761, 39.022242], [-105.021869, 39.022218], [-105.021948, 39.022199], [-105.022077, 39.022136], [-105.022097, 39.022126], [-105.022108, 39.02212], [-105.022302, 39.021968], [-105.022455, 39.021854], [-105.022615, 39.021735], [-105.022858, 39.02157], [-105.022897, 39.021555], [-105.023004, 39.021513], [-105.023015, 39.021512], [-105.023181, 39.021491], [-105.023459, 39.021464], [-105.023634, 39.021405], [-105.024405, 39.021142], [-105.024743, 39.021028], [-105.024873, 39.020996], [-105.025226, 39.020909], [-105.025639, 39.02076], [-105.026001, 39.020584], [-105.02624, 39.020459], [-105.026627, 39.020177], [-105.026636, 39.020171], [-105.026874, 39.019983], [-105.027098, 39.019806], [-105.027279, 39.01969], [-105.027349, 39.019645], [-105.027362, 39.019637], [-105.027499, 39.019586], [-105.027524, 39.019577], [-105.027524, 39.019569], [-105.027528, 39.019485], [-105.02754, 39.019198], [-105.027554, 39.018863], [-105.027577, 39.018335], [-105.027701, 39.014856], [-105.027772, 39.01436], [-105.027844, 39.013851], [-105.027844, 39.013851], [-105.027942, 39.013157], [-105.027944, 39.013133], [-105.027955, 39.013063], [-105.028575, 39.008696], [-105.028778, 39.007268], [-105.028819, 39.007008], [-105.02884, 39.006861], [-105.029108, 39.005128], [-105.029955, 38.999638], [-105.027994, 38.989115], [-105.02799, 38.989097], [-105.027526, 38.986624], [-105.027451, 38.986226], [-105.027451, 38.986225], [-105.027327, 38.985564], [-105.027328, 38.985501], [-105.027328, 38.985501], [-105.027356, 38.981804], [-105.027384, 38.980697], [-105.027395, 38.976793], [-105.027429, 38.972043], [-105.027435, 38.971144], [-105.027425, 38.970602], [-105.027425, 38.970584], [-105.02736, 38.967482], [-105.027353, 38.967111], [-105.027347, 38.96681], [-105.027324, 38.965709], [-105.027311, 38.965067], [-105.027302, 38.964676], [-105.027291, 38.964101], [-105.027273, 38.963466], [-105.027243, 38.962562], [-105.02721, 38.961525], [-105.027186, 38.960768], [-105.027179, 38.96056], [-105.027168, 38.960219], [-105.027076, 38.957363], [-105.027074, 38.957287], [-105.027069, 38.957136], [-105.027058, 38.956789], [-105.027051, 38.956573], [-105.027053, 38.956315], [-105.027054, 38.956192], [-105.027057, 38.955826], [-105.027063, 38.955262], [-105.027066, 38.954887], [-105.027071, 38.954363], [-105.027079, 38.953462], [-105.027085, 38.952771], [-105.027092, 38.95201], [-105.027094, 38.951762], [-105.027109, 38.950101], [-105.027118, 38.949096], [-105.02722, 38.941761], [-105.027222, 38.941621], [-105.027222, 38.941621], [-105.02723, 38.940975], [-105.027265, 38.938086], [-105.027352, 38.930817], [-105.027361, 38.930066], [-105.027401, 38.926839], [-105.027403, 38.926702], [-105.02741, 38.926491], [-105.027458, 38.924917], [-105.027476, 38.924553], [-105.027529, 38.922976], [-105.027624, 38.920135], [-105.027647, 38.919461], [-105.027763, 38.916015], [-105.027786, 38.915333], [-105.027811, 38.914599], [-105.027891, 38.91222], [-105.02789, 38.9121], [-105.027841, 38.907708], [-105.027729, 38.897728], [-105.027898, 38.893622], [-105.028158, 38.887293], [-105.028193, 38.886439], [-105.028324, 38.883249], [-105.028448, 38.877631], [-105.028461, 38.877043], [-105.028581, 38.8715], [-105.028639, 38.868893], [-105.028639, 38.868893], [-105.028642, 38.868769], [-105.034834, 38.868862], [-105.036103, 38.868881], [-105.036123, 38.868882], [-105.047051, 38.869044], [-105.057706, 38.86912], [-105.057706, 38.86912], [-105.065804, 38.869176], [-105.066475, 38.869183], [-105.06677, 38.869186], [-105.06679, 38.869079], [-105.06734, 38.865311], [-105.067382, 38.864512], [-105.067569, 38.862676], [-105.067491, 38.862511], [-105.06743, 38.862301], [-105.067419, 38.862159], [-105.067483, 38.861837], [-105.067694, 38.860945], [-105.06792, 38.860161], [-105.067961, 38.859887], [-105.067964, 38.859694], [-105.067919, 38.85939], [-105.067858, 38.859231], [-105.06767, 38.858997], [-105.067882, 38.856851], [-105.068453, 38.851153], [-105.068649, 38.849199], [-105.068873, 38.846983], [-105.06924, 38.843337], [-105.069437, 38.841384], [-105.069453, 38.841218], [-105.069503, 38.840721], [-105.06952, 38.840556], [-105.069526, 38.840489], [-105.069546, 38.840289], [-105.069554, 38.840223], [-105.069977, 38.836018], [-105.071247, 38.823406], [-105.071647, 38.819446], [-105.071668, 38.819202], [-105.07169, 38.818948], [-105.071718, 38.818632], [-105.071757, 38.818187], [-105.071769, 38.818063], [-105.071774, 38.817998], [-105.07178, 38.817934], [-105.071855, 38.817074], [-105.072082, 38.814494], [-105.072158, 38.813635], [-105.072308, 38.811914], [-105.072381, 38.811093], [-105.072539, 38.808406], [-105.072503, 38.80674], [-105.072467, 38.805013], [-105.072194, 38.799388], [-105.069979, 38.799401], [-105.069506, 38.799403], [-105.067078, 38.799415], [-105.065488, 38.799424], [-105.063577, 38.799433], [-105.061313, 38.799445], [-105.059117, 38.799457], [-105.056485, 38.79947], [-105.054373, 38.799481], [-105.05187, 38.799356], [-105.049702, 38.799248], [-105.046667, 38.799087], [-105.042658, 38.798854], [-105.038836, 38.798631], [-105.038752, 38.798626], [-105.033195, 38.798302], [-105.030586, 38.79815], [-105.029747, 38.798101], [-105.029021, 38.798059], [-105.028246, 38.798047], [-105.028234, 38.798047], [-105.026526, 38.798007], [-105.02461, 38.797976], [-105.021912, 38.797931], [-105.02051, 38.797908], [-105.019859, 38.797898], [-105.019399, 38.79789], [-105.019267, 38.797888], [-105.019099, 38.797885], [-105.018815, 38.797881], [-105.017478, 38.797859], [-105.016368, 38.797841], [-105.01556, 38.797827], [-105.014758, 38.79783], [-105.01045, 38.797997], [-105.008275, 38.798064], [-105.005019, 38.798182], [-105.003305, 38.798245], [-105.002451, 38.798275], [-105.001922, 38.798295], [-105.000648, 38.798339], [-105.000466, 38.798347], [-104.99983, 38.79837], [-104.998409, 38.798422], [-104.996223, 38.798501], [-104.994698, 38.798556], [-104.994535, 38.798555], [-104.991949, 38.798515], [-104.989682, 38.79848], [-104.986437, 38.798435], [-104.982003, 38.798361], [-104.979963, 38.798329], [-104.977149, 38.798285], [-104.975092, 38.798281], [-104.973128, 38.798292], [-104.971477, 38.798335], [-104.96967, 38.798322], [-104.968565, 38.798315], [-104.967379, 38.798322], [-104.965816, 38.79833], [-104.964462, 38.798338], [-104.962654, 38.798339], [-104.961265, 38.798355], [-104.959853, 38.798362], [-104.958057, 38.798371], [-104.955918, 38.79843], [-104.952402, 38.798501], [-104.949455, 38.79856], [-104.948785, 38.798565], [-104.947427, 38.798258], [-104.944868, 38.797679], [-104.941581, 38.796934], [-104.941434, 38.796901], [-104.939879, 38.796549], [-104.939764, 38.79228], [-104.939644, 38.787782], [-104.939593, 38.785894], [-104.939565, 38.784806], [-104.939502, 38.782388], [-104.939501, 38.781589], [-104.939491, 38.773564], [-104.939491, 38.773564], [-104.939484, 38.767743], [-104.939398, 38.756792], [-104.939396, 38.756481], [-104.939357, 38.751787], [-104.939364, 38.751364], [-104.939386, 38.749994], [-104.939354, 38.747561], [-104.939354, 38.747561], [-104.939341, 38.746562], [-104.939285, 38.742236], [-104.939235, 38.738387], [-104.939227, 38.737161], [-104.939225, 38.737006], [-104.939225, 38.736999], [-104.939224, 38.736843], [-104.93921, 38.734815], [-104.939209, 38.734704], [-104.939178, 38.730404], [-104.939178, 38.730343], [-104.939141, 38.725383], [-104.939141, 38.725383], [-104.939135, 38.72451], [-104.939088, 38.720473], [-104.939088, 38.720472], [-104.938986, 38.711793], [-104.938986, 38.711756], [-104.938971, 38.71053], [-104.939538, 38.703488], [-104.939725, 38.696325], [-104.939745, 38.696325], [-104.942239, 38.696274], [-104.942239, 38.696245], [-104.942239, 38.696205], [-104.942235, 38.693435], [-104.942213, 38.680012], [-104.942205, 38.671755], [-104.942201, 38.66887], [-104.942197, 38.664536], [-104.941933, 38.65013], [-104.942233, 38.65014], [-104.942301, 38.650149], [-104.942435, 38.650165], [-104.942436, 38.649888], [-104.942439, 38.648945], [-104.94244, 38.648635], [-104.942456, 38.644876], [-104.942462, 38.643624], [-104.94249, 38.636621], [-104.942493, 38.636054], [-104.942538, 38.624999], [-104.942514, 38.622627], [-104.942441, 38.615614], [-104.942408, 38.612424], [-104.942369, 38.608612], [-104.942355, 38.607304], [-104.942353, 38.607073], [-104.942325, 38.604474], [-104.94225, 38.597244], [-104.94225, 38.597244], [-104.942196, 38.592063], [-104.942154, 38.587926], [-104.942136, 38.586582], [-104.942105, 38.584165], [-104.942084, 38.582552], [-104.942069, 38.581381], [-104.942067, 38.581209], [-104.942062, 38.580747], [-104.942049, 38.579361], [-104.942045, 38.578899], [-104.942031, 38.577399], [-104.941989, 38.5729], [-104.941976, 38.571401], [-104.941969, 38.57068], [-104.941949, 38.568517], [-104.941943, 38.567834], [-104.941943, 38.567797], [-104.941649, 38.568131], [-104.941627, 38.568151], [-104.940945, 38.568802], [-104.940871, 38.568874], [-104.940599, 38.569136], [-104.940259, 38.569466], [-104.940209, 38.569515], [-104.940059, 38.569663], [-104.94001, 38.569713], [-104.939795, 38.569926], [-104.939608, 38.57011], [-104.939555, 38.570162], [-104.939424, 38.570276], [-104.939402, 38.570296], [-104.938395, 38.571186], [-104.937918, 38.571476], [-104.937713, 38.571601], [-104.937707, 38.571606], [-104.937685, 38.57162], [-104.937492, 38.57175], [-104.937377, 38.571829], [-104.93682, 38.572207], [-104.936489, 38.572432], [-104.936468, 38.572446], [-104.936242, 38.5726], [-104.935997, 38.572761], [-104.935997, 38.572761], [-104.935997, 38.572761], [-104.935529, 38.573069], [-104.935404, 38.573151], [-104.935049, 38.573386], [-104.935022, 38.573404], [-104.935022, 38.573404], [-104.934795, 38.573553], [-104.934688, 38.573629], [-104.934507, 38.573759], [-104.934411, 38.573828], [-104.933618, 38.574377], [-104.933261, 38.574625], [-104.933136, 38.574711], [-104.932997, 38.574808], [-104.93287, 38.574892], [-104.932758, 38.574966], [-104.932632, 38.57505], [-104.931809, 38.575596], [-104.93172, 38.575656], [-104.931273, 38.575964], [-104.930026, 38.576824], [-104.930001, 38.576841], [-104.92927, 38.577341], [-104.929012, 38.577517], [-104.928108, 38.578135], [-104.927557, 38.578513], [-104.927504, 38.578548], [-104.926086, 38.579499], [-104.925685, 38.579773], [-104.925082, 38.580187], [-104.924179, 38.580806], [-104.922721, 38.581807], [-104.920138, 38.583582], [-104.919704, 38.583897], [-104.91868, 38.584641], [-104.918339, 38.584931], [-104.917298, 38.585862], [-104.91675, 38.586419], [-104.916238, 38.587024], [-104.916094, 38.587212], [-104.915523, 38.587966], [-104.915517, 38.587974], [-104.91533, 38.588241], [-104.914749, 38.589048], [-104.914526, 38.589359], [-104.914406, 38.589525], [-104.913929, 38.590196], [-104.91309, 38.591381], [-104.912509, 38.592193], [-104.912496, 38.59221], [-104.912021, 38.592883], [-104.911849, 38.593126], [-104.911781, 38.593219], [-104.911107, 38.594156], [-104.911057, 38.594226], [-104.91082, 38.594565], [-104.91081, 38.594578], [-104.910781, 38.59462], [-104.910772, 38.594634], [-104.910453, 38.595087], [-104.910297, 38.595311], [-104.909491, 38.596441], [-104.90949, 38.596443], [-104.909167, 38.59689], [-104.908758, 38.597456], [-104.908622, 38.597639], [-104.907795, 38.598763], [-104.906993, 38.59989], [-104.906457, 38.600646], [-104.906235, 38.600957], [-104.906049, 38.601217], [-104.90547, 38.602001], [-104.905116, 38.602482], [-104.904341, 38.603577], [-104.903054, 38.60519], [-104.902589, 38.605686], [-104.902346, 38.605935], [-104.901523, 38.606783], [-104.901164, 38.607123], [-104.89998, 38.608166], [-104.898103, 38.609685], [-104.896297, 38.611126], [-104.895884, 38.611444], [-104.895601, 38.611662], [-104.895154, 38.612006], [-104.89492, 38.612186], [-104.893458, 38.613269], [-104.89278, 38.61376], [-104.891175, 38.614788], [-104.889468, 38.615786], [-104.889363, 38.615845], [-104.886796, 38.617294], [-104.886232, 38.617606], [-104.884794, 38.618402], [-104.884241, 38.618705], [-104.882563, 38.619624], [-104.880553, 38.620791], [-104.879857, 38.621188], [-104.878446, 38.622172], [-104.878362, 38.622241], [-104.878152, 38.622434], [-104.87806, 38.622518], [-104.877158, 38.623345], [-104.877082, 38.623415], [-104.876917, 38.623595], [-104.876612, 38.623925], [-104.876275, 38.62429], [-104.876246, 38.624321], [-104.876077, 38.624505], [-104.875654, 38.624989], [-104.875365, 38.625415], [-104.875009, 38.625939], [-104.874662, 38.626524], [-104.874489, 38.626815], [-104.874066, 38.627501], [-104.873971, 38.627667], [-104.873685, 38.628162], [-104.873614, 38.628282], [-104.87341, 38.628622], [-104.873165, 38.629031], [-104.872726, 38.62973], [-104.87212, 38.630781], [-104.871995, 38.631], [-104.871394, 38.631971], [-104.870963, 38.63274], [-104.870813, 38.632982], [-104.870581, 38.633354], [-104.870451, 38.633565], [-104.870435, 38.633603], [-104.869905, 38.634484], [-104.869679, 38.634861], [-104.869304, 38.635485], [-104.868704, 38.636486], [-104.868214, 38.637377], [-104.868192, 38.637419], [-104.867835, 38.637999], [-104.867753, 38.63813], [-104.867656, 38.638289], [-104.867567, 38.638436], [-104.867511, 38.638528], [-104.867432, 38.638661], [-104.867359, 38.638783], [-104.867087, 38.639235], [-104.866691, 38.63991], [-104.866673, 38.63994], [-104.866528, 38.640175], [-104.866014, 38.641013], [-104.865592, 38.641718], [-104.865194, 38.64241], [-104.864852, 38.643032], [-104.864689, 38.643489], [-104.864598, 38.643783], [-104.864543, 38.643959], [-104.864452, 38.644703], [-104.864451, 38.644953], [-104.864451, 38.645236], [-104.864596, 38.645916], [-104.864628, 38.646031], [-104.864756, 38.646492], [-104.864764, 38.64652], [-104.864786, 38.6466], [-104.864798, 38.646644], [-104.864806, 38.646673], [-104.864861, 38.646876], [-104.864909, 38.647048], [-104.864913, 38.647062], [-104.86504, 38.647483], [-104.865102, 38.647685], [-104.865224, 38.64809], [-104.865231, 38.648113], [-104.86524, 38.648141], [-104.865347, 38.648542], [-104.865367, 38.648615], [-104.865529, 38.649221], [-104.865573, 38.64941], [-104.865677, 38.649846], [-104.865859, 38.650619], [-104.865995, 38.65142], [-104.866138, 38.652926], [-104.866088, 38.653955], [-104.866084, 38.653992], [-104.866074, 38.654095], [-104.86601, 38.654686], [-104.865984, 38.654928], [-104.865855, 38.655539], [-104.865656, 38.656363], [-104.865405, 38.657107], [-104.865351, 38.657236], [-104.864969, 38.65823], [-104.864595, 38.658992], [-104.864188, 38.659862], [-104.863717, 38.660751], [-104.86353, 38.661183], [-104.863416, 38.661562], [-104.863325, 38.66199], [-104.863299, 38.66217], [-104.863262, 38.662419], [-104.863149, 38.663008], [-104.863119, 38.663165], [-104.8631, 38.663338], [-104.863002, 38.66422], [-104.862984, 38.664381], [-104.862971, 38.664533], [-104.862899, 38.665349], [-104.862765, 38.66644], [-104.862685, 38.667271], [-104.862649, 38.667558], [-104.862576, 38.667985], [-104.862485, 38.668384], [-104.862425, 38.668544], [-104.862257, 38.668915], [-104.862094, 38.66923], [-104.862058, 38.669279], [-104.862004, 38.669351], [-104.861991, 38.669369], [-104.861912, 38.669475], [-104.861902, 38.669488], [-104.86174, 38.669666], [-104.861735, 38.669671], [-104.861577, 38.669813], [-104.861232, 38.670141], [-104.86122, 38.670149], [-104.860761, 38.670456], [-104.860479, 38.670624], [-104.860035, 38.670845], [-104.859946, 38.670877], [-104.859498, 38.671044], [-104.859486, 38.671048], [-104.859428, 38.671067], [-104.859353, 38.671094], [-104.859257, 38.671127], [-104.8592, 38.671147], [-104.858367, 38.671427], [-104.858305, 38.671447], [-104.857722, 38.671644], [-104.856517, 38.672072], [-104.856471, 38.672088], [-104.855625, 38.672359], [-104.855302, 38.672463], [-104.854732, 38.672662], [-104.853869, 38.672964], [-104.85346, 38.673108], [-104.852644, 38.673398], [-104.852125, 38.673626], [-104.851956, 38.6737], [-104.851565, 38.673923], [-104.851541, 38.673936], [-104.851527, 38.673946], [-104.851239, 38.674157], [-104.850956, 38.674385], [-104.85072, 38.674644], [-104.850398, 38.675057], [-104.850229, 38.675346], [-104.850171, 38.675448], [-104.849737, 38.676082], [-104.849498, 38.676477], [-104.849435, 38.67657], [-104.849247, 38.676852], [-104.849185, 38.676946], [-104.848889, 38.677387], [-104.848005, 38.678712], [-104.847724, 38.679133], [-104.84771, 38.679154], [-104.847608, 38.679301], [-104.847544, 38.679396], [-104.847409, 38.679593], [-104.847394, 38.679615], [-104.84732, 38.679721], [-104.847304, 38.679743], [-104.847202, 38.67989], [-104.847141, 38.679999], [-104.847058, 38.680145], [-104.846822, 38.680489], [-104.846766, 38.680572], [-104.846702, 38.680663], [-104.846583, 38.680835], [-104.846568, 38.680857], [-104.846497, 38.680958], [-104.846159, 38.681444], [-104.845892, 38.681767], [-104.845535, 38.682181], [-104.845072, 38.682719], [-104.844664, 38.683161], [-104.84457, 38.683269], [-104.844455, 38.683403], [-104.843435, 38.684529], [-104.84306, 38.684918], [-104.842892, 38.685094], [-104.842559, 38.68547], [-104.842373, 38.685679], [-104.842334, 38.685722], [-104.842056, 38.686024], [-104.841692, 38.686423], [-104.841306, 38.686857], [-104.840853, 38.687328], [-104.840684, 38.687526], [-104.840539, 38.687676], [-104.84002, 38.688215], [-104.839478, 38.688806], [-104.838516, 38.689859], [-104.837886, 38.690547], [-104.837855, 38.69058], [-104.837748, 38.690697], [-104.837314, 38.691172], [-104.837284, 38.691205], [-104.836917, 38.691605], [-104.836759, 38.691779], [-104.836246, 38.692349], [-104.835107, 38.693614], [-104.834557, 38.694226], [-104.833725, 38.695083], [-104.83358, 38.695233], [-104.831297, 38.697721], [-104.830866, 38.698192], [-104.830495, 38.698606], [-104.829909, 38.699259], [-104.829735, 38.699454], [-104.828923, 38.700343], [-104.828541, 38.70076], [-104.828134, 38.701205], [-104.828102, 38.70124], [-104.827543, 38.701854], [-104.827181, 38.702256], [-104.826855, 38.702618], [-104.826614, 38.702886], [-104.82549, 38.704136], [-104.824381, 38.705257], [-104.823758, 38.705917], [-104.82372, 38.705959], [-104.823029, 38.706691], [-104.822818, 38.706939], [-104.822417, 38.70741], [-104.82193, 38.707985], [-104.821205, 38.708815], [-104.820799, 38.709282], [-104.820715, 38.709379], [-104.820652, 38.709453], [-104.82046, 38.709684], [-104.820219, 38.709974], [-104.820075, 38.710148], [-104.819954, 38.710294], [-104.819942, 38.710314], [-104.819883, 38.710423], [-104.819783, 38.710607], [-104.819638, 38.710873], [-104.819626, 38.710896], [-104.819557, 38.71107], [-104.819413, 38.711428], [-104.819413, 38.711428], [-104.819413, 38.711428], [-104.81938, 38.71151], [-104.819308, 38.711688], [-104.819307, 38.711691], [-104.819214, 38.712035], [-104.819117, 38.712397], [-104.819046, 38.712865], [-104.81901, 38.713107], [-104.818869, 38.714436], [-104.818835, 38.715083], [-104.818811, 38.715561], [-104.818811, 38.715561], [-104.818783, 38.716108], [-104.818784, 38.716494], [-104.818784, 38.716494], [-104.818786, 38.716859], [-104.81878, 38.716961], [-104.818722, 38.717985], [-104.8187, 38.718347], [-104.8187, 38.718347], [-104.8187, 38.718347], [-104.81869, 38.718513], [-104.81867, 38.71916], [-104.818638, 38.719694], [-104.818634, 38.719764], [-104.818633, 38.719785], [-104.81863, 38.71983], [-104.818625, 38.719938], [-104.818619, 38.720081], [-104.818597, 38.720589], [-104.81859, 38.720783], [-104.818595, 38.720975], [-104.818595, 38.720982], [-104.818619, 38.721906], [-104.81866, 38.722529], [-104.81867, 38.722692], [-104.818763, 38.724102], [-104.818783, 38.724408], [-104.818785, 38.724444], [-104.818842, 38.725307], [-104.818841, 38.725704], [-104.818784, 38.726125], [-104.81878, 38.726152], [-104.818766, 38.726257], [-104.818659, 38.72676], [-104.818224, 38.727766], [-104.818175, 38.727866], [-104.817854, 38.728517], [-104.817548, 38.729099], [-104.817524, 38.729143], [-104.817324, 38.729523], [-104.816848, 38.73029], [-104.816562, 38.730645], [-104.816313, 38.73087], [-104.816108, 38.731057], [-104.815549, 38.731518], [-104.81537, 38.731628], [-104.814989, 38.731864], [-104.814472, 38.732127], [-104.813512, 38.732522], [-104.81252, 38.732917], [-104.812388, 38.732967], [-104.811442, 38.733331], [-104.810971, 38.733558], [-104.810379, 38.733891], [-104.810054, 38.734083], [-104.809758, 38.734289], [-104.809462, 38.734547], [-104.809104, 38.734917], [-104.808933, 38.735054], [-104.808833, 38.735133], [-104.80875, 38.735237], [-104.808652, 38.735359], [-104.808312, 38.735784], [-104.808084, 38.73618], [-104.808069, 38.736205], [-104.808063, 38.736216], [-104.807855, 38.73669], [-104.80779, 38.736925], [-104.807763, 38.737025], [-104.807736, 38.737126], [-104.807661, 38.737569], [-104.807655, 38.737652], [-104.807647, 38.737761], [-104.807628, 38.738056], [-104.80763, 38.738088], [-104.807637, 38.738198], [-104.807642, 38.738289], [-104.80766, 38.738561], [-104.807666, 38.738653], [-104.807672, 38.73876], [-104.807678, 38.738845], [-104.807688, 38.738969], [-104.807692, 38.739017], [-104.807697, 38.739084], [-104.807706, 38.739192], [-104.807808, 38.739546], [-104.807821, 38.739593], [-104.807855, 38.739708], [-104.80819, 38.740514], [-104.80828, 38.740757], [-104.808425, 38.741149], [-104.808679, 38.741835], [-104.808697, 38.741883], [-104.808723, 38.741952], [-104.808767, 38.742071], [-104.809215, 38.743282], [-104.809287, 38.743472], [-104.809754, 38.744702], [-104.809772, 38.74475], [-104.809805, 38.744835], [-104.809978, 38.745289], [-104.810047, 38.745463], [-104.810244, 38.745968], [-104.810366, 38.746283], [-104.810432, 38.746422], [-104.810481, 38.746548], [-104.81061, 38.746989], [-104.810725, 38.747465], [-104.810746, 38.747568], [-104.810756, 38.747616], [-104.810801, 38.747835], [-104.810839, 38.748178], [-104.810845, 38.748225], [-104.810863, 38.748753], [-104.810874, 38.748839], [-104.810908, 38.749097], [-104.810911, 38.749184], [-104.81092, 38.749429], [-104.810946, 38.749632], [-104.810976, 38.749796], [-104.811008, 38.750066], [-104.81104, 38.75043], [-104.811044, 38.750478], [-104.811091, 38.751021], [-104.811117, 38.751364], [-104.811144, 38.751707], [-104.811166, 38.751982], [-104.811168, 38.752003], [-104.811206, 38.752468], [-104.811243, 38.752934], [-104.811276, 38.753339], [-104.811316, 38.753849], [-104.811327, 38.753981], [-104.811359, 38.754345], [-104.811367, 38.754435], [-104.811368, 38.75445], [-104.811374, 38.754504], [-104.81139, 38.754656], [-104.811427, 38.755014], [-104.811459, 38.755341], [-104.811461, 38.755352], [-104.811528, 38.756028], [-104.811529, 38.756039], [-104.811554, 38.756289], [-104.81159, 38.756721], [-104.811591, 38.756726], [-104.811606, 38.756904], [-104.811648, 38.757402], [-104.811649, 38.757413], [-104.811705, 38.758088], [-104.811706, 38.7581], [-104.811763, 38.758775], [-104.811764, 38.758787], [-104.811789, 38.75909], [-104.811821, 38.759473], [-104.811822, 38.759478], [-104.811879, 38.76016], [-104.811881, 38.760173], [-104.811926, 38.76071], [-104.811938, 38.760847], [-104.811939, 38.760861], [-104.811997, 38.761528], [-104.811998, 38.761534], [-104.812058, 38.76222], [-104.812058, 38.762221], [-104.812074, 38.762407], [-104.812118, 38.762908], [-104.81212, 38.762929], [-104.812178, 38.763594], [-104.812179, 38.763603], [-104.812237, 38.76427], [-104.812238, 38.764281], [-104.812281, 38.764767], [-104.812296, 38.764957], [-104.812297, 38.764968], [-104.812352, 38.765655], [-104.812354, 38.765674], [-104.812362, 38.765778], [-104.812376, 38.765968], [-104.81238, 38.766012], [-104.812407, 38.766342], [-104.812416, 38.766447], [-104.81242, 38.766498], [-104.812429, 38.766602], [-104.812429, 38.766602], [-104.812298, 38.766602], [-104.812298, 38.766602], [-104.812298, 38.766602], [-104.811, 38.7666], [-104.810919, 38.7666], [-104.807433, 38.766593], [-104.806147, 38.76659], [-104.805188, 38.766588], [-104.803722, 38.766585], [-104.803722, 38.766585], [-104.802015, 38.766579], [-104.799899, 38.766575], [-104.798914, 38.766569], [-104.798879, 38.766568], [-104.798879, 38.766573], [-104.798882, 38.767115], [-104.798883, 38.767396], [-104.798883, 38.76751], [-104.798883, 38.767514], [-104.798883, 38.767596], [-104.798883, 38.767603], [-104.798884, 38.767686], [-104.798884, 38.767687], [-104.798884, 38.767776], [-104.798884, 38.767777], [-104.798885, 38.767868], [-104.798885, 38.767869], [-104.798885, 38.767959], [-104.798885, 38.767965], [-104.798886, 38.76805], [-104.798886, 38.768052], [-104.798886, 38.76814], [-104.798886, 38.768145], [-104.798886, 38.768231], [-104.798887, 38.768233], [-104.798887, 38.768322], [-104.798887, 38.768378], [-104.798887, 38.768382], [-104.798887, 38.768389], [-104.798904, 38.771787], [-104.798905, 38.771907], [-104.798905, 38.771982], [-104.798913, 38.773528], [-104.798915, 38.774173], [-104.798919, 38.774626], [-104.798925, 38.776294], [-104.798941, 38.779931], [-104.798948, 38.781355], [-104.798956, 38.783083], [-104.798956, 38.783122], [-104.798871, 38.783243], [-104.798784, 38.783263], [-104.798767, 38.783267], [-104.79881, 38.783298], [-104.798817, 38.783303], [-104.798866, 38.783339], [-104.798892, 38.783358], [-104.799032, 38.78346], [-104.799035, 38.783462], [-104.799089, 38.783501], [-104.799092, 38.783503], [-104.799105, 38.783513], [-104.799217, 38.783594], [-104.799225, 38.7836], [-104.799235, 38.783607], [-104.799055, 38.783751], [-104.798984, 38.783803], [-104.798809, 38.783931], [-104.798765, 38.783964], [-104.798731, 38.783989], [-104.798481, 38.784172], [-104.798391, 38.784218], [-104.798235, 38.7843], [-104.798042, 38.784358], [-104.797806, 38.784444], [-104.797574, 38.784528], [-104.797528, 38.784546], [-104.797345, 38.784685], [-104.797278, 38.784758], [-104.797252, 38.784857], [-104.797253, 38.785115], [-104.797254, 38.785326], [-104.79725, 38.785362], [-104.797205, 38.785786], [-104.797148, 38.785914], [-104.796985, 38.786224], [-104.796804, 38.786556], [-104.796565, 38.786853], [-104.79633, 38.787082], [-104.796276, 38.787136], [-104.796272, 38.78714], [-104.796267, 38.787144], [-104.796785, 38.787423], [-104.797727, 38.78793], [-104.797862, 38.788004], [-104.798235, 38.788225], [-104.79848, 38.788386], [-104.798513, 38.788408], [-104.798716, 38.788542], [-104.798945, 38.788695], [-104.799578, 38.789229], [-104.800204, 38.789751], [-104.801107, 38.790547], [-104.801181, 38.790606], [-104.801194, 38.790617], [-104.801199, 38.790621], [-104.801239, 38.790653], [-104.801467, 38.790851], [-104.801603, 38.790968], [-104.80163, 38.790991], [-104.801762, 38.791105], [-104.801813, 38.79115], [-104.801885, 38.791212], [-104.801991, 38.791303], [-104.801992, 38.791305], [-104.802007, 38.791318], [-104.802096, 38.791395], [-104.802098, 38.791396], [-104.802146, 38.791438], [-104.802148, 38.791439], [-104.802202, 38.791486], [-104.802204, 38.791488], [-104.802263, 38.791539], [-104.802263, 38.791539], [-104.802275, 38.791549], [-104.80229, 38.791562], [-104.802308, 38.791578], [-104.802309, 38.791579], [-104.802336, 38.791602], [-104.802343, 38.791608], [-104.802344, 38.791609], [-104.802372, 38.791633], [-104.802389, 38.791648], [-104.80241, 38.791666], [-104.802424, 38.791678], [-104.802452, 38.791706], [-104.802735, 38.791981], [-104.803024, 38.792345], [-104.803206, 38.792692], [-104.803307, 38.792911], [-104.803313, 38.792922], [-104.803325, 38.79297], [-104.803378, 38.793183], [-104.803398, 38.79326], [-104.803409, 38.793304], [-104.803412, 38.79336], [-104.803416, 38.793458], [-104.803459, 38.794297], [-104.803474, 38.794577], [-104.803474, 38.794609], [-104.803477, 38.794707], [-104.803479, 38.79474], [-104.803486, 38.794944], [-104.803507, 38.795557], [-104.803509, 38.795587], [-104.803519, 38.795588], [-104.804033, 38.795602], [-104.804322, 38.795611], [-104.805343, 38.795582], [-104.80653, 38.795593], [-104.806923, 38.795581], [-104.807428, 38.795592], [-104.80817, 38.795636], [-104.80903, 38.795803], [-104.81004, 38.796078], [-104.811143, 38.79642], [-104.813068, 38.796959], [-104.813373, 38.797045], [-104.81417, 38.797271], [-104.815334, 38.797561], [-104.816147, 38.797691], [-104.816905, 38.797776], [-104.817413, 38.797807], [-104.817413, 38.797813], [-104.81741, 38.797891], [-104.817413, 38.797991], [-104.81742, 38.798117], [-104.817422, 38.798144], [-104.817431, 38.798498], [-104.817435, 38.798626], [-104.817437, 38.798703], [-104.817455, 38.798918], [-104.817496, 38.799409], [-104.817512, 38.799796], [-104.817525, 38.800086], [-104.817525, 38.80009], [-104.817533, 38.80045], [-104.81754, 38.800559], [-104.817554, 38.800767], [-104.817594, 38.801398], [-104.817612, 38.801709], [-104.817636, 38.801964], [-104.817681, 38.802432], [-104.817685, 38.802472], [-104.817692, 38.802542], [-104.817734, 38.802766], [-104.817805, 38.802984], [-104.817912, 38.803157], [-104.817928, 38.803182], [-104.818, 38.803286], [-104.81826, 38.803551], [-104.818549, 38.803823], [-104.818718, 38.803982], [-104.819168, 38.804465], [-104.81929, 38.804596], [-104.819493, 38.804846], [-104.81957, 38.804941], [-104.819633, 38.805006], [-104.820023, 38.805408], [-104.82013, 38.805517], [-104.820196, 38.805583], [-104.820495, 38.805795], [-104.820507, 38.805804], [-104.820621, 38.805884], [-104.820911, 38.806043], [-104.821189, 38.806196], [-104.821482, 38.806357], [-104.821635, 38.806441], [-104.821787, 38.806514], [-104.82201, 38.806622], [-104.822089, 38.80665], [-104.822185, 38.806676], [-104.822196, 38.806679], [-104.822218, 38.806683], [-104.822258, 38.806688], [-104.822273, 38.806691], [-104.822277, 38.806691], [-104.822277, 38.806691], [-104.822277, 38.806691], [-104.822392, 38.806691], [-104.822376, 38.807487], [-104.822377, 38.808281], [-104.822382, 38.808629], [-104.822396, 38.809691], [-104.82241, 38.811575], [-104.822426, 38.812542], [-104.822428, 38.812735], [-104.822439, 38.814], [-104.822433, 38.81466], [-104.822431, 38.814899], [-104.822357, 38.814897], [-104.822357, 38.814897], [-104.822354, 38.814977], [-104.822352, 38.815052], [-104.822351, 38.815092], [-104.822347, 38.815224], [-104.82234, 38.815298], [-104.822337, 38.815334], [-104.82233, 38.815445], [-104.822328, 38.815482], [-104.82233, 38.815606], [-104.822335, 38.81598], [-104.822337, 38.816105], [-104.822338, 38.816183], [-104.822341, 38.816418], [-104.822343, 38.816497], [-104.822344, 38.816544], [-104.822363, 38.816874], [-104.822365, 38.816893], [-104.822379, 38.817517], [-104.822376, 38.817691], [-104.822408, 38.818008], [-104.822447, 38.818385], [-104.822267, 38.818379], [-104.82173, 38.818361], [-104.821551, 38.818355], [-104.82138, 38.818349], [-104.821096, 38.818341], [-104.820867, 38.818336], [-104.820696, 38.818334], [-104.820454, 38.818328], [-104.819749, 38.818314], [-104.819729, 38.818312], [-104.819488, 38.818299], [-104.819402, 38.818294], [-104.819226, 38.818284], [-104.819144, 38.818282], [-104.819058, 38.81828], [-104.818801, 38.818273], [-104.81877, 38.818273], [-104.81844, 38.818257], [-104.818129, 38.818241], [-104.81803, 38.818239], [-104.817774, 38.818235], [-104.817739, 38.818232], [-104.817637, 38.818226], [-104.817603, 38.818224], [-104.817522, 38.818218], [-104.817472, 38.818215], [-104.817281, 38.81819], [-104.817203, 38.818173], [-104.817136, 38.818158], [-104.816809, 38.818012], [-104.816392, 38.817815], [-104.816078, 38.817647], [-104.815733, 38.817494], [-104.815608, 38.817439], [-104.81551, 38.817595], [-104.815479, 38.817652], [-104.815423, 38.817764], [-104.815398, 38.817938], [-104.815396, 38.818359], [-104.815393, 38.818908], [-104.815369, 38.819344], [-104.815383, 38.819552], [-104.815458, 38.819735], [-104.815503, 38.819801], [-104.815569, 38.819899], [-104.815684, 38.820025], [-104.815935, 38.82022], [-104.816078, 38.820363], [-104.8162, 38.82056], [-104.816235, 38.820746], [-104.816242, 38.820999], [-104.816215, 38.821476], [-104.816223, 38.821477], [-104.816928, 38.821499], [-104.817022, 38.821502], [-104.817034, 38.821502], [-104.817306, 38.821511], [-104.817401, 38.821514], [-104.817404, 38.821535], [-104.817418, 38.821635], [-104.817473, 38.822374], [-104.817473, 38.822558], [-104.817473, 38.822644], [-104.817449, 38.822824], [-104.817379, 38.823203], [-104.817286, 38.823752], [-104.817181, 38.824203], [-104.817065, 38.824446], [-104.816868, 38.824923], [-104.816635, 38.825568], [-104.816589, 38.825698], [-104.816531, 38.825887], [-104.816496, 38.826022], [-104.816496, 38.826202], [-104.816484, 38.826554], [-104.816481, 38.826595], [-104.816459, 38.826894], [-104.816424, 38.827401], [-104.816389, 38.827491], [-104.816343, 38.827572], [-104.816253, 38.827753], [-104.816227, 38.827806], [-104.816181, 38.827887], [-104.816134, 38.827932], [-104.816069, 38.827983], [-104.815503, 38.827963], [-104.814858, 38.827942], [-104.814107, 38.827902], [-104.813809, 38.827893], [-104.81356, 38.827887], [-104.813312, 38.827876], [-104.813244, 38.827874], [-104.81323, 38.828165], [-104.813225, 38.828297], [-104.813204, 38.829041], [-104.813197, 38.829334], [-104.813198, 38.829334], [-104.813207, 38.829334], [-104.813268, 38.82933], [-104.813223, 38.830745], [-104.813219, 38.830901], [-104.813172, 38.832069], [-104.813166, 38.832086], [-104.813125, 38.832196], [-104.813018, 38.832316], [-104.812949, 38.832468], [-104.812946, 38.832799], [-104.812939, 38.833456], [-104.812938, 38.83357], [-104.812938, 38.833605], [-104.812927, 38.833624], [-104.812881, 38.833701], [-104.812825, 38.833792], [-104.812805, 38.833889], [-104.812805, 38.834019], [-104.812848, 38.834083], [-104.81289, 38.83412], [-104.812988, 38.834206], [-104.81303, 38.834248], [-104.813075, 38.834293], [-104.813095, 38.834383], [-104.81309, 38.834466], [-104.813082, 38.834647], [-104.813089, 38.834988], [-104.813075, 38.834987], [-104.813004, 38.834981], [-104.812993, 38.83498], [-104.812988, 38.835122], [-104.812975, 38.835551], [-104.812972, 38.835694], [-104.812965, 38.835825], [-104.812947, 38.836218], [-104.812945, 38.836268], [-104.812941, 38.836349], [-104.812931, 38.836582], [-104.812915, 38.836986], [-104.812907, 38.837283], [-104.812902, 38.837517], [-104.8129, 38.837571], [-104.812896, 38.837735], [-104.812895, 38.837762], [-104.812895, 38.83779], [-104.812895, 38.837796], [-104.812895, 38.837796], [-104.812895, 38.837808], [-104.812895, 38.837816], [-104.812891, 38.8379], [-104.812891, 38.837928], [-104.81289, 38.83794], [-104.812889, 38.837966], [-104.812889, 38.837976], [-104.81288, 38.838225], [-104.812875, 38.838362], [-104.812875, 38.838362], [-104.812875, 38.838362], [-104.812875, 38.838362], [-104.812872, 38.838442], [-104.812869, 38.838532], [-104.812858, 38.838733], [-104.812845, 38.838972], [-104.812835, 38.839161], [-104.812835, 38.839162], [-104.812832, 38.839222], [-104.812832, 38.839227], [-104.812824, 38.839331], [-104.812813, 38.839493], [-104.812802, 38.839659], [-104.812786, 38.839906], [-104.812776, 38.840059], [-104.812686, 38.840284], [-104.812559, 38.840508], [-104.812549, 38.840527], [-104.812541, 38.840542], [-104.812518, 38.840586], [-104.812511, 38.840602], [-104.812326, 38.840962], [-104.812203, 38.841203], [-104.812004, 38.841624], [-104.811975, 38.841827], [-104.811974, 38.841894], [-104.811972, 38.842072], [-104.811944, 38.842071], [-104.811903, 38.84207], [-104.811902, 38.84207], [-104.811902, 38.84207], [-104.811579, 38.842056], [-104.811353, 38.842047], [-104.811317, 38.842046], [-104.811227, 38.842043], [-104.811037, 38.842036], [-104.810898, 38.842032], [-104.810467, 38.842018], [-104.810302, 38.842013], [-104.810278, 38.842012], [-104.810271, 38.842282], [-104.810262, 38.842681], [-104.810258, 38.843094], [-104.810257, 38.843365], [-104.810256, 38.843429], [-104.810256, 38.843553], [-104.810252, 38.843623], [-104.810249, 38.843688], [-104.810239, 38.843897], [-104.810217, 38.844431], [-104.810215, 38.844526], [-104.810212, 38.844736], [-104.810198, 38.845026], [-104.810175, 38.845531], [-104.810163, 38.845898], [-104.810155, 38.846189], [-104.810155, 38.846202], [-104.810154, 38.84622], [-104.810149, 38.846392], [-104.810148, 38.846426], [-104.810148, 38.846443], [-104.81014, 38.846707], [-104.81014, 38.846734], [-104.810139, 38.846759], [-104.810138, 38.846777], [-104.810135, 38.846901], [-104.810131, 38.847043], [-104.810131, 38.847048], [-104.81013, 38.847075], [-104.810127, 38.847185], [-104.810126, 38.847196], [-104.810126, 38.847207], [-104.810123, 38.847326], [-104.810121, 38.847415], [-104.81012, 38.847453], [-104.81012, 38.847459], [-104.81012, 38.847462], [-104.81012, 38.847466], [-104.81012, 38.847498], [-104.810122, 38.847719], [-104.810126, 38.848063], [-104.810131, 38.848491], [-104.81012, 38.848748], [-104.810115, 38.848862], [-104.810109, 38.849027], [-104.810108, 38.849043], [-104.810091, 38.849585], [-104.810086, 38.849894], [-104.810085, 38.84993], [-104.810081, 38.850224], [-104.810081, 38.850226], [-104.810313, 38.850226], [-104.810607, 38.850227], [-104.81101, 38.850242], [-104.811243, 38.850252], [-104.811484, 38.850267], [-104.812207, 38.850312], [-104.812448, 38.850327], [-104.812567, 38.850328], [-104.812927, 38.850334], [-104.812999, 38.850336], [-104.813047, 38.850337], [-104.813065, 38.850337], [-104.813074, 38.850337], [-104.813118, 38.850337], [-104.813137, 38.850338], [-104.813996, 38.850352], [-104.815013, 38.850376], [-104.815051, 38.850377], [-104.815482, 38.850395], [-104.815836, 38.850409], [-104.816001, 38.850416], [-104.816901, 38.850445], [-104.81704, 38.85045], [-104.817171, 38.850456], [-104.817256, 38.850459], [-104.817597, 38.850469], [-104.818131, 38.850485], [-104.818622, 38.850499], [-104.818964, 38.85051], [-104.819107, 38.850514], [-104.81931, 38.850523], [-104.819856, 38.85055], [-104.820351, 38.850566], [-104.820699, 38.850578], [-104.820899, 38.850586], [-104.820909, 38.850586], [-104.820915, 38.850586], [-104.820915, 38.850586], [-104.820938, 38.850587], [-104.821077, 38.850589], [-104.821115, 38.85059], [-104.821123, 38.85059], [-104.821307, 38.850595], [-104.821312, 38.850595], [-104.821497, 38.8506], [-104.821498, 38.8506], [-104.82169, 38.850605], [-104.821697, 38.850605], [-104.82175, 38.850606], [-104.821882, 38.85061], [-104.821899, 38.850611], [-104.822073, 38.850616], [-104.822075, 38.850616], [-104.822211, 38.85062], [-104.822265, 38.850622], [-104.822265, 38.850622], [-104.822457, 38.850629], [-104.822459, 38.850629], [-104.82259, 38.850633], [-104.822648, 38.850635], [-104.822659, 38.850636], [-104.822659, 38.850636], [-104.822661, 38.850636], [-104.822839, 38.850642], [-104.82284, 38.850642], [-104.822948, 38.850646], [-104.823032, 38.850649], [-104.823033, 38.850649], [-104.823142, 38.850653], [-104.823223, 38.850656], [-104.823229, 38.850657], [-104.823415, 38.850664], [-104.823426, 38.850664], [-104.823456, 38.850665], [-104.823505, 38.850666], [-104.823546, 38.85067], [-104.823561, 38.850671], [-104.823631, 38.850677], [-104.823633, 38.850677], [-104.823707, 38.850684], [-104.823708, 38.850684], [-104.823784, 38.85069], [-104.823785, 38.85069], [-104.823854, 38.850696], [-104.82386, 38.850698], [-104.823861, 38.850698], [-104.823891, 38.850706], [-104.823936, 38.850719], [-104.823937, 38.850719], [-104.824013, 38.85074], [-104.824014, 38.85074], [-104.824018, 38.850741], [-104.824089, 38.850761], [-104.82409, 38.850761], [-104.824166, 38.850782], [-104.824167, 38.850782], [-104.824203, 38.850792], [-104.824227, 38.8508], [-104.824243, 38.850805], [-104.824245, 38.850806], [-104.824319, 38.850829], [-104.82432, 38.850829], [-104.824363, 38.850843], [-104.824396, 38.850854], [-104.824458, 38.850873], [-104.824468, 38.850876], [-104.824547, 38.850901], [-104.824725, 38.850957], [-104.824756, 38.850963], [-104.824849, 38.850982], [-104.824868, 38.850985], [-104.824918, 38.850995], [-104.825248, 38.851004], [-104.825253, 38.851004], [-104.825546, 38.851011], [-104.825988, 38.851032], [-104.826011, 38.851033], [-104.826083, 38.851037], [-104.826149, 38.85104], [-104.826162, 38.85104], [-104.826206, 38.851037], [-104.826277, 38.851041], [-104.8264, 38.851041], [-104.82647, 38.851043], [-104.826852, 38.85105], [-104.826865, 38.85105], [-104.82689, 38.851051], [-104.827235, 38.851058], [-104.827235, 38.851058], [-104.82735, 38.85106], [-104.827533, 38.851065], [-104.827593, 38.851028], [-104.827619, 38.851029], [-104.827633, 38.851029], [-104.828002, 38.851038], [-104.828006, 38.851038], [-104.828251, 38.851044], [-104.82832, 38.851045], [-104.828385, 38.851047], [-104.828412, 38.851048], [-104.828717, 38.851056], [-104.828767, 38.851057], [-104.828769, 38.851057], [-104.828955, 38.851061], [-104.829152, 38.851066], [-104.829194, 38.851068], [-104.829262, 38.851069], [-104.82951, 38.851104], [-104.829535, 38.851103], [-104.829601, 38.851098], [-104.829666, 38.851093], [-104.829741, 38.851089], [-104.829902, 38.851062], [-104.829919, 38.851059], [-104.830038, 38.851039], [-104.830127, 38.851023], [-104.830219, 38.851008], [-104.830303, 38.850989], [-104.830427, 38.850961], [-104.830688, 38.850902], [-104.830728, 38.850892], [-104.830779, 38.850881], [-104.830799, 38.850876], [-104.830873, 38.850861], [-104.830969, 38.850842], [-104.831024, 38.85083], [-104.831072, 38.85082], [-104.831107, 38.850812], [-104.831115, 38.850811], [-104.831116, 38.850811], [-104.831145, 38.850805], [-104.831307, 38.850782], [-104.831339, 38.850778], [-104.831358, 38.850775], [-104.83141, 38.850768], [-104.831443, 38.850766], [-104.831456, 38.850765], [-104.831499, 38.850762], [-104.831514, 38.85076], [-104.83161, 38.850752], [-104.831647, 38.85075], [-104.831691, 38.850751], [-104.831874, 38.850752], [-104.831874, 38.850755], [-104.832026, 38.851623], [-104.8322, 38.852874], [-104.832226, 38.853359], [-104.832231, 38.853452], [-104.832252, 38.85357], [-104.832266, 38.853645], [-104.832334, 38.854011], [-104.832429, 38.854438], [-104.832549, 38.854841], [-104.832693, 38.855187], [-104.83281, 38.855426], [-104.832973, 38.855759], [-104.833166, 38.856107], [-104.833245, 38.856249], [-104.833269, 38.856305], [-104.833308, 38.856395], [-104.83331, 38.8564], [-104.833358, 38.856511], [-104.833389, 38.856584], [-104.833492, 38.856821], [-104.833594, 38.857113], [-104.833675, 38.857344], [-104.833847, 38.857786], [-104.833997, 38.858556], [-104.834002, 38.858582], [-104.834003, 38.858653], [-104.83403, 38.860744], [-104.83403, 38.860774], [-104.833761, 38.862225], [-104.833583, 38.862784], [-104.833405, 38.863468], [-104.833266, 38.864166], [-104.833217, 38.864631], [-104.833214, 38.864843], [-104.833208, 38.865259], [-104.833185, 38.865906], [-104.833212, 38.866861], [-104.833193, 38.867866], [-104.833263, 38.868865], [-104.833319, 38.869311], [-104.833414, 38.869827], [-104.833762, 38.871454], [-104.833878, 38.871931], [-104.834853, 38.876349], [-104.834854, 38.876356], [-104.834859, 38.876376], [-104.835201, 38.877945], [-104.835356, 38.878659], [-104.835592, 38.879629], [-104.835716, 38.88052], [-104.835787, 38.881309], [-104.835825, 38.881932], [-104.83583, 38.882006], [-104.835831, 38.882626], [-104.83583, 38.882691], [-104.835824, 38.883086], [-104.835822, 38.883233], [-104.83577, 38.883546], [-104.83564, 38.884336], [-104.835405, 38.88537], [-104.835316, 38.885689], [-104.835234, 38.885985], [-104.834952, 38.886546], [-104.834467, 38.88751], [-104.832152, 38.89198], [-104.831547, 38.893209], [-104.83123, 38.893855], [-104.831105, 38.894108], [-104.830968, 38.894448], [-104.830797, 38.89478], [-104.830119, 38.896634], [-104.830096, 38.896697], [-104.830092, 38.896708], [-104.830054, 38.896804], [-104.830029, 38.896871], [-104.830029, 38.896871], [-104.830057, 38.89687], [-104.830085, 38.89687], [-104.830256, 38.896873], [-104.830313, 38.896875], [-104.830326, 38.896875], [-104.83045, 38.896876], [-104.830781, 38.89688], [-104.830861, 38.89688], [-104.830999, 38.896882], [-104.831115, 38.896883], [-104.831465, 38.896887], [-104.831582, 38.896889], [-104.832066, 38.896873], [-104.833519, 38.896827], [-104.834004, 38.896812], [-104.834178, 38.896809], [-104.834341, 38.896806], [-104.834922, 38.896799], [-104.835355, 38.896793], [-104.835694, 38.896789], [-104.835709, 38.896784], [-104.835746, 38.896788], [-104.83576, 38.896788], [-104.836424, 38.896778], [-104.837242, 38.896767], [-104.837431, 38.896765], [-104.837907, 38.896759], [-104.838418, 38.896752], [-104.839083, 38.896745], [-104.839462, 38.89674], [-104.840601, 38.896727], [-104.840981, 38.896723], [-104.843026, 38.896692], [-104.843588, 38.896683], [-104.844355, 38.896671], [-104.844499, 38.896663], [-104.844507, 38.896693], [-104.845084, 38.89666], [-104.845833, 38.896648], [-104.846507, 38.896644], [-104.848166, 38.896636], [-104.848599, 38.896634], [-104.848721, 38.896633], [-104.849375, 38.89663], [-104.849481, 38.89663], [-104.850389, 38.896627], [-104.850945, 38.896626], [-104.851018, 38.896626], [-104.851137, 38.896626], [-104.851934, 38.896625], [-104.852953, 38.896625], [-104.853026, 38.896625], [-104.853101, 38.896625], [-104.854483, 38.896626], [-104.8549, 38.896626], [-104.85589, 38.896627], [-104.856511, 38.896627], [-104.856613, 38.896628], [-104.858374, 38.896631], [-104.858922, 38.896632], [-104.858995, 38.896633], [-104.85906, 38.896634], [-104.85999, 38.896647], [-104.861586, 38.896671], [-104.861748, 38.896674], [-104.861977, 38.896677], [-104.862977, 38.896691], [-104.863119, 38.896694], [-104.86321, 38.896695], [-104.863973, 38.896696], [-104.864403, 38.896697], [-104.865692, 38.8967], [-104.865872, 38.896701], [-104.866123, 38.896701], [-104.866625, 38.896702], [-104.867433, 38.896704], [-104.868131, 38.896715], [-104.868471, 38.896721], [-104.868633, 38.896724], [-104.869307, 38.896734], [-104.869762, 38.896742], [-104.869764, 38.896742], [-104.869792, 38.896742], [-104.869906, 38.896744], [-104.870288, 38.896789], [-104.870367, 38.896808], [-104.870487, 38.896836], [-104.87055, 38.89686], [-104.870614, 38.896884], [-104.870619, 38.896885], [-104.870619, 38.896885], [-104.870694, 38.896914], [-104.870702, 38.896916], [-104.870734, 38.896928], [-104.870791, 38.896956], [-104.870859, 38.896989], [-104.871458, 38.897395], [-104.871904, 38.897697], [-104.872249, 38.89793], [-104.872252, 38.897932], [-104.87226, 38.897926], [-104.872321, 38.897872], [-104.872364, 38.897835], [-104.87309, 38.8972], [-104.873258, 38.897054], [-104.873591, 38.896774], [-104.873691, 38.896689], [-104.874221, 38.896243], [-104.874479, 38.896014], [-104.874542, 38.895959], [-104.874577, 38.895929], [-104.874577, 38.895928], [-104.874715, 38.895776], [-104.874773, 38.895711], [-104.875062, 38.895252], [-104.875164, 38.894953], [-104.875224, 38.894702], [-104.875252, 38.894254], [-104.875269, 38.893281], [-104.875269, 38.893255], [-104.875268, 38.893196], [-104.875264, 38.892736], [-104.875256, 38.891773], [-104.875241, 38.891569], [-104.875174, 38.891148], [-104.875143, 38.890959], [-104.875142, 38.890948], [-104.875065, 38.890375], [-104.875063, 38.890357], [-104.87504, 38.890064], [-104.875005, 38.889722], [-104.87495, 38.889318], [-104.874912, 38.889125], [-104.87486, 38.88885], [-104.874777, 38.888524], [-104.874712, 38.888268], [-104.874648, 38.888015], [-104.874612, 38.887874], [-104.874571, 38.887726], [-104.874546, 38.887633], [-104.874511, 38.887504], [-104.874497, 38.887454], [-104.874442, 38.88725], [-104.874079, 38.885909], [-104.873904, 38.885307], [-104.873883, 38.885229], [-104.873824, 38.885011], [-104.873902, 38.884492], [-104.87394, 38.88403], [-104.873922, 38.883876], [-104.873878, 38.883718], [-104.87379, 38.88352], [-104.87356, 38.883101], [-104.873029, 38.8823], [-104.872502, 38.881525], [-104.872396, 38.881408], [-104.872318, 38.881323], [-104.87215, 38.881137], [-104.871901, 38.880879], [-104.871789, 38.880693], [-104.871788, 38.880692], [-104.87178, 38.880679], [-104.871685, 38.880532], [-104.871609, 38.880385], [-104.871583, 38.880291], [-104.8715, 38.879869], [-104.87147, 38.879694], [-104.871382, 38.879161], [-104.871307, 38.878868], [-104.871281, 38.878803], [-104.87124, 38.878701], [-104.871055, 38.878361], [-104.870842, 38.878063], [-104.870625, 38.877828], [-104.869808, 38.87711], [-104.869799, 38.877101], [-104.869764, 38.877067], [-104.869696, 38.876999], [-104.869664, 38.876967], [-104.869563, 38.876867], [-104.869555, 38.876859], [-104.869552, 38.876855], [-104.869413, 38.876656], [-104.869328, 38.876461], [-104.869257, 38.876149], [-104.869148, 38.875353], [-104.869088, 38.875016], [-104.869065, 38.874834], [-104.868975, 38.874328], [-104.868935, 38.874031], [-104.868805, 38.87344], [-104.868731, 38.873241], [-104.868612, 38.872917], [-104.868408, 38.872334], [-104.868293, 38.872022], [-104.868237, 38.871871], [-104.868139, 38.871491], [-104.868026, 38.870807], [-104.868013, 38.870728], [-104.86801, 38.870671], [-104.86801, 38.870671], [-104.867992, 38.870316], [-104.86795, 38.870033], [-104.86795, 38.870033], [-104.867927, 38.869876], [-104.867879, 38.869725], [-104.867821, 38.869545], [-104.867672, 38.869179], [-104.867604, 38.869077], [-104.867581, 38.869042], [-104.867447, 38.868841], [-104.867382, 38.868743], [-104.867258, 38.868536], [-104.867257, 38.868536], [-104.867235, 38.868498], [-104.867235, 38.868497], [-104.867204, 38.868417], [-104.867075, 38.868073], [-104.86707, 38.868054], [-104.86707, 38.868053], [-104.866959, 38.86759], [-104.866947, 38.867531], [-104.866666, 38.866129], [-104.866637, 38.865955], [-104.866637, 38.865955], [-104.866637, 38.865955], [-104.866637, 38.865954], [-104.866496, 38.865098], [-104.866264, 38.863901], [-104.866084, 38.862838], [-104.865966, 38.862369], [-104.86596, 38.862346], [-104.865928, 38.862246], [-104.865869, 38.862003], [-104.865869, 38.862003], [-104.865869, 38.862002], [-104.865869, 38.862001], [-104.865869, 38.862001], [-104.86586, 38.861965], [-104.865791, 38.861679], [-104.86579, 38.861675], [-104.865746, 38.861534], [-104.865656, 38.86124], [-104.865628, 38.861151], [-104.865623, 38.861134], [-104.865581, 38.860997], [-104.865579, 38.860989], [-104.865533, 38.860876], [-104.86553, 38.860869], [-104.865529, 38.860866], [-104.865528, 38.860863], [-104.865534, 38.860863], [-104.865686, 38.860862], [-104.866067, 38.86086], [-104.866163, 38.860859], [-104.866322, 38.860859], [-104.866648, 38.860857], [-104.866826, 38.860856], [-104.866986, 38.860856], [-104.867383, 38.860855], [-104.86756, 38.860857], [-104.867626, 38.860858], [-104.867795, 38.860861], [-104.867916, 38.860862], [-104.867952, 38.860863], [-104.868032, 38.860864], [-104.868086, 38.860865], [-104.868193, 38.860866], [-104.868397, 38.860869], [-104.868397, 38.860869], [-104.868645, 38.860872], [-104.868844, 38.86087], [-104.869172, 38.860867], [-104.869395, 38.860865], [-104.869591, 38.860863], [-104.869646, 38.860862], [-104.869698, 38.860864], [-104.869809, 38.860868], [-104.86999, 38.860873], [-104.870158, 38.860876], [-104.870202, 38.860877], [-104.870348, 38.860897], [-104.870421, 38.860926], [-104.870478, 38.860943], [-104.87056, 38.86084], [-104.870619, 38.86063], [-104.870619, 38.86053], [-104.870619, 38.860387], [-104.870619, 38.860387], [-104.870619, 38.860387], [-104.870619, 38.860386], [-104.87062, 38.860226], [-104.870621, 38.85966], [-104.870621, 38.859598], [-104.870622, 38.858949], [-104.870622, 38.858941], [-104.870613, 38.858772], [-104.870611, 38.858732], [-104.870817, 38.858735], [-104.871645, 38.85875], [-104.872512, 38.858353], [-104.872659, 38.858285], [-104.872671, 38.858377], [-104.872679, 38.858383], [-104.872777, 38.858451], [-104.872821, 38.858482], [-104.872829, 38.858487], [-104.873341, 38.858811], [-104.87342, 38.858861], [-104.87342, 38.858861], [-104.87353, 38.858931], [-104.873544, 38.85894], [-104.873598, 38.858973], [-104.873792, 38.859097], [-104.873802, 38.859103], [-104.87387, 38.859146], [-104.873948, 38.859061], [-104.874183, 38.858806], [-104.874262, 38.858722], [-104.874345, 38.858632], [-104.874357, 38.85862], [-104.874614, 38.858384], [-104.874704, 38.858302], [-104.875006, 38.858472], [-104.875277, 38.858641], [-104.875983, 38.859082], [-104.87599, 38.859087], [-104.876532, 38.85943], [-104.876969, 38.859705], [-104.877018, 38.859737], [-104.877106, 38.859793], [-104.877175, 38.859836], [-104.877188, 38.859844], [-104.877282, 38.8599], [-104.877361, 38.859946], [-104.877451, 38.86], [-104.877455, 38.860002], [-104.877543, 38.860044], [-104.877546, 38.860045], [-104.877581, 38.860047], [-104.877608, 38.860035], [-104.877611, 38.860031], [-104.877631, 38.860005], [-104.877629, 38.859983], [-104.877627, 38.859959], [-104.877624, 38.85993], [-104.877624, 38.859721], [-104.877624, 38.859721], [-104.877623, 38.859453], [-104.877615, 38.859113], [-104.877613, 38.85903], [-104.877613, 38.859023], [-104.877607, 38.858772], [-104.877615, 38.858761], [-104.877599, 38.858513], [-104.878852, 38.858008], [-104.878334, 38.857138], [-104.878722, 38.856989], [-104.87876, 38.856974], [-104.879305, 38.856758], [-104.880248, 38.856401], [-104.880253, 38.856399], [-104.880399, 38.856373], [-104.880406, 38.856373], [-104.880543, 38.856366], [-104.880572, 38.856364], [-104.880713, 38.856364], [-104.880771, 38.856364], [-104.880831, 38.856378], [-104.880986, 38.856412], [-104.881132, 38.856454], [-104.881335, 38.856539], [-104.881443, 38.856598], [-104.881645, 38.856707], [-104.8817, 38.856742], [-104.881796, 38.856803], [-104.881707, 38.856845], [-104.881674, 38.856878], [-104.881667, 38.856885], [-104.881637, 38.856932], [-104.881628, 38.856946], [-104.881622, 38.856956], [-104.881616, 38.856965], [-104.881605, 38.856982], [-104.881603, 38.856988], [-104.881596, 38.857009], [-104.881594, 38.857015], [-104.881566, 38.857099], [-104.881472, 38.857378], [-104.8813, 38.857709], [-104.881177, 38.857946], [-104.88101, 38.858273], [-104.880962, 38.858368], [-104.880921, 38.858451], [-104.88087, 38.858554], [-104.880868, 38.858559], [-104.880851, 38.858592], [-104.880847, 38.858601], [-104.880832, 38.85863], [-104.880813, 38.858668], [-104.880795, 38.858706], [-104.880787, 38.858721], [-104.880785, 38.858725], [-104.880589, 38.859121], [-104.880435, 38.859392], [-104.880119, 38.859946], [-104.87984, 38.860439], [-104.879866, 38.860456], [-104.880007, 38.860544], [-104.880119, 38.860614], [-104.880275, 38.86073], [-104.880356, 38.860778], [-104.8804, 38.860782], [-104.880528, 38.860791], [-104.880559, 38.860794], [-104.880726, 38.860794], [-104.880908, 38.860793], [-104.881373, 38.860792], [-104.881457, 38.860795], [-104.881493, 38.860797], [-104.881639, 38.860782], [-104.881679, 38.860682], [-104.881712, 38.860603], [-104.881795, 38.860381], [-104.881833, 38.860281], [-104.8819, 38.860309], [-104.881992, 38.860346], [-104.882121, 38.8604], [-104.882355, 38.860476], [-104.882481, 38.860517], [-104.882587, 38.860552], [-104.882646, 38.860571], [-104.882648, 38.860763], [-104.88265, 38.860957], [-104.88265, 38.860957], [-104.882653, 38.861192], [-104.883025, 38.861241], [-104.88326, 38.861271], [-104.88348, 38.861294], [-104.883575, 38.861305], [-104.883953, 38.861324], [-104.884008, 38.861202], [-104.884012, 38.861193], [-104.884101, 38.861077], [-104.884199, 38.860986], [-104.884335, 38.860919], [-104.884433, 38.860883], [-104.884516, 38.860874], [-104.884569, 38.860868], [-104.884709, 38.860871], [-104.884707, 38.860976], [-104.884706, 38.861084], [-104.884706, 38.861085], [-104.884704, 38.861197], [-104.884704, 38.861204], [-104.884703, 38.861245], [-104.884702, 38.861311], [-104.884702, 38.861312], [-104.884701, 38.861424], [-104.884701, 38.861432], [-104.884699, 38.861538], [-104.884699, 38.861539], [-104.884698, 38.861651], [-104.884698, 38.861657], [-104.884697, 38.861765], [-104.884697, 38.861771], [-104.884696, 38.861824], [-104.884696, 38.861878], [-104.884697, 38.861897], [-104.884698, 38.861992], [-104.884698, 38.861996], [-104.884699, 38.862105], [-104.884699, 38.862108], [-104.8847, 38.862218], [-104.8847, 38.862223], [-104.884701, 38.862332], [-104.884701, 38.86234], [-104.884701, 38.86237], [-104.884702, 38.862445], [-104.884702, 38.862449], [-104.884703, 38.862559], [-104.884703, 38.862571], [-104.884704, 38.862672], [-104.884704, 38.862677], [-104.884705, 38.862735], [-104.884705, 38.862745], [-104.884713, 38.862745], [-104.884784, 38.862742], [-104.884873, 38.862739], [-104.884888, 38.862738], [-104.88492, 38.862737], [-104.884968, 38.862736], [-104.884978, 38.862735], [-104.885064, 38.862733], [-104.885074, 38.862732], [-104.885103, 38.862731], [-104.885159, 38.862728], [-104.885162, 38.862728], [-104.885255, 38.862722], [-104.885264, 38.862722], [-104.88535, 38.862717], [-104.885353, 38.862717], [-104.885387, 38.862715], [-104.885566, 38.862704], [-104.885648, 38.862702], [-104.885687, 38.862701], [-104.88576, 38.862761], [-104.885893, 38.862762], [-104.886548, 38.862763], [-104.886553, 38.862763], [-104.886914, 38.862764], [-104.886917, 38.862763], [-104.886918, 38.862763], [-104.886918, 38.862807], [-104.886918, 38.862816], [-104.886918, 38.862912], [-104.886917, 38.86292], [-104.886917, 38.86302], [-104.886917, 38.863025], [-104.886917, 38.863027], [-104.886917, 38.863139], [-104.886917, 38.863145], [-104.886916, 38.863252], [-104.886916, 38.863259], [-104.886916, 38.863366], [-104.886916, 38.863373], [-104.886916, 38.863479], [-104.886916, 38.86348], [-104.886915, 38.863592], [-104.886915, 38.8636], [-104.886915, 38.863641], [-104.886915, 38.86368], [-104.886915, 38.863746], [-104.886914, 38.864072], [-104.886913, 38.86429], [-104.886913, 38.864293], [-104.886866, 38.867809], [-104.886865, 38.86782], [-104.886865, 38.867837], [-104.886865, 38.867853], [-104.886848, 38.86911], [-104.886661, 38.869381], [-104.886599, 38.87312], [-104.886527, 38.877469], [-104.886527, 38.877472], [-104.886448, 38.882254], [-104.886481, 38.884269], [-104.886542, 38.888077], [-104.886524, 38.888999], [-104.886476, 38.89148], [-104.88647, 38.891766], [-104.886452, 38.892689], [-104.8864, 38.893531], [-104.886246, 38.896057], [-104.886196, 38.8969], [-104.88709, 38.896798], [-104.889812, 38.896835], [-104.892996, 38.896878], [-104.896354, 38.896923], [-104.896289, 38.895101], [-104.897551, 38.895117], [-104.898599, 38.89513], [-104.8986, 38.89513], [-104.898602, 38.89513], [-104.898607, 38.89513], [-104.898607, 38.89513], [-104.898606, 38.895106], [-104.8986, 38.894933], [-104.898596, 38.894763], [-104.898596, 38.894763], [-104.898596, 38.894763], [-104.898595, 38.894717], [-104.898605, 38.894719], [-104.898607, 38.894719], [-104.898633, 38.894723], [-104.898732, 38.894732], [-104.898819, 38.89474], [-104.898886, 38.894737], [-104.89892, 38.894726], [-104.898964, 38.8947], [-104.898966, 38.894698], [-104.899002, 38.894665], [-104.899017, 38.894621], [-104.899009, 38.89456], [-104.898924, 38.894431], [-104.898919, 38.894423], [-104.898838, 38.894298], [-104.898812, 38.894196], [-104.898816, 38.894143], [-104.898842, 38.894094], [-104.898917, 38.894001], [-104.898995, 38.893884], [-104.899018, 38.893826], [-104.899018, 38.893771], [-104.898986, 38.893705], [-104.898981, 38.893695], [-104.898899, 38.893619], [-104.89878, 38.893531], [-104.898735, 38.893497], [-104.898628, 38.893428], [-104.898571, 38.893392], [-104.89856, 38.893381], [-104.898555, 38.893376], [-104.898545, 38.893365], [-104.898545, 38.893365], [-104.898545, 38.893365], [-104.898543, 38.893306], [-104.900862, 38.893332], [-104.900872, 38.893332], [-104.905499, 38.893385], [-104.905508, 38.893385], [-104.912192, 38.893236], [-104.912192, 38.893236], [-104.912237, 38.893235], [-104.91293, 38.893219], [-104.913655, 38.893203], [-104.913655, 38.893203], [-104.913652, 38.89321], [-104.913621, 38.893273], [-104.913602, 38.893314], [-104.913523, 38.893486], [-104.913457, 38.893628], [-104.913102, 38.894306], [-104.912949, 38.894487], [-104.912707, 38.894731], [-104.912248, 38.895262], [-104.91208, 38.895456], [-104.911976, 38.895581], [-104.911908, 38.89565], [-104.911886, 38.895944], [-104.911832, 38.897435], [-104.91182, 38.897537], [-104.911779, 38.897624], [-104.911716, 38.897679], [-104.911552, 38.897761], [-104.911392, 38.89781], [-104.91087, 38.897912], [-104.910728, 38.897961], [-104.910628, 38.898019], [-104.910598, 38.898086], [-104.910598, 38.898118], [-104.910639, 38.898203], [-104.911048, 38.898622], [-104.911312, 38.899024], [-104.911371, 38.899164], [-104.911379, 38.899228], [-104.911379, 38.899274], [-104.91137, 38.899284], [-104.91136, 38.899295], [-104.911326, 38.899318], [-104.911285, 38.899335], [-104.911047, 38.899361], [-104.910622, 38.899332], [-104.910436, 38.899294], [-104.910313, 38.899276], [-104.91009, 38.899268], [-104.909877, 38.899279], [-104.909751, 38.89932], [-104.909497, 38.899395], [-104.909266, 38.899445], [-104.909154, 38.899465], [-104.908968, 38.899468], [-104.908756, 38.899438], [-104.908454, 38.899333], [-104.908428, 38.89932], [-104.908152, 38.899187], [-104.908, 38.899141], [-104.907907, 38.899152], [-104.907828, 38.899181], [-104.907761, 38.899219], [-104.907664, 38.899301], [-104.907623, 38.899388], [-104.907623, 38.899472], [-104.907642, 38.899516], [-104.907716, 38.899627], [-104.907725, 38.899632], [-104.90782, 38.899682], [-104.908256, 38.899875], [-104.908569, 38.900038], [-104.908699, 38.900117], [-104.9087, 38.900118], [-104.908751, 38.900178], [-104.908799, 38.900256], [-104.908844, 38.900358], [-104.908877, 38.90039], [-104.908882, 38.900392], [-104.908997, 38.900437], [-104.90919, 38.900495], [-104.909391, 38.900545], [-104.909514, 38.900603], [-104.909521, 38.900608], [-104.909589, 38.900656], [-104.909678, 38.900755], [-104.90973, 38.900857], [-104.909789, 38.901008], [-104.909827, 38.901125], [-104.909893, 38.901212], [-104.909994, 38.901329], [-104.910117, 38.901445], [-104.910213, 38.901547], [-104.910236, 38.901591], [-104.910247, 38.901646], [-104.910224, 38.901731], [-104.910176, 38.90185], [-104.909982, 38.902141], [-104.909903, 38.902269], [-104.909814, 38.90249], [-104.909799, 38.902583], [-104.909817, 38.902708], [-104.909828, 38.902877], [-104.909861, 38.903052], [-104.909858, 38.903087], [-104.909839, 38.903104], [-104.909776, 38.903139], [-104.909593, 38.903194], [-104.909392, 38.903261], [-104.909325, 38.903314], [-104.909302, 38.903375], [-104.909302, 38.903421], [-104.909309, 38.903465], [-104.909328, 38.903511], [-104.909365, 38.903558], [-104.909371, 38.90356], [-104.909488, 38.903587], [-104.909544, 38.903584], [-104.909712, 38.903544], [-104.909917, 38.903462], [-104.910066, 38.903378], [-104.910111, 38.903323], [-104.910152, 38.903215], [-104.910156, 38.903125], [-104.910148, 38.903055], [-104.910063, 38.902843], [-104.910003, 38.902627], [-104.91, 38.902551], [-104.910007, 38.902505], [-104.910052, 38.90238], [-104.910254, 38.902124], [-104.910448, 38.901958], [-104.910586, 38.901812], [-104.910608, 38.901769], [-104.910608, 38.901693], [-104.910582, 38.901501], [-104.91049, 38.90116], [-104.910449, 38.900965], [-104.910456, 38.900881], [-104.910497, 38.900788], [-104.910546, 38.900726], [-104.910609, 38.900671], [-104.910677, 38.900645], [-104.910744, 38.900631], [-104.910814, 38.900622], [-104.910997, 38.900631], [-104.911191, 38.900692], [-104.911596, 38.90089], [-104.911603, 38.900895], [-104.91179, 38.901027], [-104.911793, 38.901029], [-104.911965, 38.901115], [-104.912062, 38.90117], [-104.912214, 38.901196], [-104.912308, 38.901208], [-104.912421, 38.901207], [-104.912609, 38.901205], [-104.912904, 38.901185], [-104.913243, 38.901171], [-104.913433, 38.901171], [-104.913545, 38.901206], [-104.913705, 38.901279], [-104.913714, 38.901285], [-104.913842, 38.901369], [-104.913921, 38.901451], [-104.913976, 38.901553], [-104.914017, 38.901707], [-104.914028, 38.90192], [-104.913953, 38.902519], [-104.913953, 38.902755], [-104.914001, 38.902912], [-104.914094, 38.903134], [-104.914306, 38.903387], [-104.914488, 38.903568], [-104.914644, 38.903696], [-104.914857, 38.903839], [-104.915054, 38.904025], [-104.915217, 38.904209], [-104.915363, 38.904389], [-104.915418, 38.90452], [-104.915522, 38.904631], [-104.915526, 38.904632], [-104.915604, 38.904637], [-104.915649, 38.904625], [-104.915724, 38.904585], [-104.915862, 38.904463], [-104.9166, 38.903994], [-104.916689, 38.903945], [-104.916753, 38.90393], [-104.916894, 38.903925], [-104.916943, 38.903933], [-104.917032, 38.90396], [-104.917081, 38.903986], [-104.917083, 38.903989], [-104.917181, 38.904085], [-104.917296, 38.904286], [-104.917613, 38.904618], [-104.917665, 38.904697], [-104.91772, 38.904796], [-104.91781, 38.905081], [-104.917947, 38.905262], [-104.918033, 38.905346], [-104.918042, 38.905351], [-104.918174, 38.905431], [-104.918319, 38.90548], [-104.918439, 38.905536], [-104.918446, 38.905541], [-104.918543, 38.905611], [-104.918606, 38.905702], [-104.918647, 38.905836], [-104.918706, 38.905981], [-104.918773, 38.906051], [-104.918779, 38.906054], [-104.918896, 38.906104], [-104.91906, 38.906159], [-104.919269, 38.90622], [-104.919277, 38.906226], [-104.919399, 38.906316], [-104.919477, 38.906433], [-104.919537, 38.906509], [-104.919607, 38.906622], [-104.91963, 38.906695], [-104.919644, 38.90694], [-104.919696, 38.90703], [-104.91973, 38.907059], [-104.919736, 38.907062], [-104.91976, 38.907074], [-104.919886, 38.907091], [-104.920073, 38.907086], [-104.920371, 38.907025], [-104.920762, 38.906894], [-104.921142, 38.906719], [-104.921336, 38.906618], [-104.9215, 38.906606], [-104.921709, 38.906621], [-104.92201, 38.906697], [-104.92213, 38.906752], [-104.922133, 38.906755], [-104.922193, 38.906822], [-104.922275, 38.906877], [-104.922276, 38.906878], [-104.922405, 38.906942], [-104.922558, 38.907029], [-104.922759, 38.907108], [-104.922767, 38.907114], [-104.922833, 38.90716], [-104.922871, 38.907201], [-104.922963, 38.907272], [-104.922993, 38.907764], [-104.923072, 38.908385], [-104.923151, 38.908864], [-104.923312, 38.90912], [-104.923401, 38.909181], [-104.923759, 38.909458], [-104.923767, 38.909463], [-104.92396, 38.909583], [-104.924012, 38.9096], [-104.924206, 38.909604], [-104.924422, 38.909583], [-104.92466, 38.909569], [-104.924791, 38.909592], [-104.92488, 38.909624], [-104.924884, 38.909629], [-104.924915, 38.909659], [-104.924928, 38.909671], [-104.924951, 38.909723], [-104.924932, 38.909837], [-104.924909, 38.909866], [-104.924865, 38.909895], [-104.924805, 38.909924], [-104.924764, 38.909933], [-104.924663, 38.909936], [-104.924481, 38.909889], [-104.924135, 38.909854], [-104.923926, 38.909798], [-104.923676, 38.909702], [-104.923431, 38.909594], [-104.923073, 38.909466], [-104.922849, 38.90938], [-104.922846, 38.909379], [-104.92266, 38.909244], [-104.922515, 38.909073], [-104.922358, 38.908776], [-104.922284, 38.908479], [-104.922236, 38.90831], [-104.922169, 38.908161], [-104.922069, 38.907986], [-104.921998, 38.907884], [-104.921942, 38.907841], [-104.921935, 38.907835], [-104.921778, 38.907788], [-104.921689, 38.907788], [-104.921558, 38.9078], [-104.921476, 38.90782], [-104.921413, 38.907843], [-104.921338, 38.907893], [-104.921282, 38.907951], [-104.921185, 38.908076], [-104.92104, 38.908277], [-104.920958, 38.908408], [-104.920902, 38.908548], [-104.920902, 38.908652], [-104.920913, 38.908684], [-104.920961, 38.908748], [-104.921062, 38.908853], [-104.921486, 38.909183], [-104.921776, 38.909421], [-104.921888, 38.9095], [-104.921992, 38.909567], [-104.921992, 38.909567], [-104.922175, 38.909634], [-104.922275, 38.909693], [-104.922277, 38.909695], [-104.922499, 38.909864], [-104.922763, 38.910127], [-104.922994, 38.910316], [-104.923102, 38.910395], [-104.923105, 38.910397], [-104.923184, 38.91043], [-104.923415, 38.910453], [-104.923586, 38.910476], [-104.923992, 38.910506], [-104.924097, 38.910535], [-104.924205, 38.910576], [-104.924342, 38.910646], [-104.924491, 38.910739], [-104.924491, 38.91074], [-104.924651, 38.91087], [-104.924661, 38.910876], [-104.924763, 38.91094], [-104.924859, 38.910985], [-104.924859, 38.910985], [-104.927945, 38.911002], [-104.931904, 38.911025], [-104.932196, 38.911024], [-104.932959, 38.91102], [-104.935363, 38.911008], [-104.935363, 38.911015], [-104.935362, 38.912851], [-104.935362, 38.914607], [-104.935362, 38.915939], [-104.935372, 38.91594], [-104.935747, 38.915963], [-104.935839, 38.915963], [-104.935881, 38.915963], [-104.936142, 38.915977], [-104.936328, 38.916018], [-104.936402, 38.91605], [-104.936411, 38.916056], [-104.936447, 38.916079], [-104.936469, 38.916138], [-104.936469, 38.916196], [-104.936462, 38.916234], [-104.936436, 38.916254], [-104.936391, 38.916272], [-104.936283, 38.916266], [-104.936, 38.916231], [-104.935858, 38.916184], [-104.935833, 38.916182], [-104.935638, 38.916169], [-104.935564, 38.916178], [-104.935504, 38.916207], [-104.935422, 38.916277], [-104.935399, 38.916302], [-104.935333, 38.916373], [-104.935187, 38.916547], [-104.935045, 38.916751], [-104.934973, 38.916818], [-104.934919, 38.91687], [-104.934736, 38.916984], [-104.934449, 38.917059], [-104.934251, 38.917129], [-104.93414, 38.917179], [-104.934117, 38.917216], [-104.934102, 38.917249], [-104.934087, 38.917283], [-104.934083, 38.917356], [-104.934087, 38.917394], [-104.934106, 38.917438], [-104.934128, 38.91747], [-104.934162, 38.917499], [-104.934167, 38.917501], [-104.934221, 38.917522], [-104.934337, 38.917546], [-104.934445, 38.917543], [-104.934512, 38.917531], [-104.934605, 38.917487], [-104.934826, 38.917325], [-104.93506, 38.917156], [-104.935373, 38.91699], [-104.935399, 38.916978], [-104.935408, 38.916974], [-104.935679, 38.916845], [-104.935906, 38.916775], [-104.936342, 38.916769], [-104.936596, 38.916726], [-104.936782, 38.916674], [-104.937006, 38.916578], [-104.937155, 38.91649], [-104.937679, 38.916245], [-104.937875, 38.916181], [-104.937982, 38.916139], [-104.93809, 38.916114], [-104.938208, 38.916095], [-104.938462, 38.916089], [-104.938787, 38.916137], [-104.938944, 38.916176], [-104.939037, 38.916212], [-104.939044, 38.916218], [-104.939108, 38.916263], [-104.939144, 38.916304], [-104.939169, 38.91636], [-104.939162, 38.916416], [-104.939119, 38.91645], [-104.939083, 38.916466], [-104.939019, 38.916475], [-104.938922, 38.916466], [-104.938842, 38.916442], [-104.93884, 38.916441], [-104.938779, 38.916399], [-104.938772, 38.916394], [-104.938622, 38.916324], [-104.938476, 38.916262], [-104.938365, 38.916231], [-104.938301, 38.916226], [-104.938225, 38.916237], [-104.938086, 38.916282], [-104.937889, 38.916453], [-104.937527, 38.916665], [-104.937281, 38.916851], [-104.937065, 38.917006], [-104.936927, 38.917084], [-104.936811, 38.917131], [-104.936577, 38.917171], [-104.936278, 38.917264], [-104.936193, 38.917302], [-104.936077, 38.917427], [-104.936058, 38.91748], [-104.936055, 38.917523], [-104.936069, 38.917576], [-104.936095, 38.91764], [-104.936133, 38.917715], [-104.936162, 38.917756], [-104.936207, 38.917803], [-104.936213, 38.917805], [-104.936311, 38.917838], [-104.936352, 38.917844], [-104.936472, 38.917835], [-104.936546, 38.917803], [-104.936636, 38.917742], [-104.936763, 38.917623], [-104.937087, 38.917384], [-104.937255, 38.917271], [-104.937359, 38.917218], [-104.937508, 38.917178], [-104.937636, 38.917128], [-104.937799, 38.917128], [-104.938031, 38.917198], [-104.938348, 38.917351], [-104.938601, 38.917447], [-104.938797, 38.917479], [-104.93911, 38.917447], [-104.939347, 38.917399], [-104.93966, 38.91732], [-104.939836, 38.917326], [-104.939925, 38.917352], [-104.940044, 38.917403], [-104.940243, 38.917489], [-104.940528, 38.917632], [-104.940699, 38.917696], [-104.940821, 38.917712], [-104.940997, 38.917712], [-104.941188, 38.917696], [-104.941294, 38.917671], [-104.941486, 38.917499], [-104.94169, 38.917203], [-104.941806, 38.916927], [-104.941873, 38.916767], [-104.942057, 38.916392], [-104.9422, 38.916274], [-104.942424, 38.916163], [-104.94273, 38.916051], [-104.942942, 38.91595], [-104.943117, 38.915781], [-104.943227, 38.9156], [-104.943288, 38.915488], [-104.94337, 38.915367], [-104.943484, 38.915272], [-104.94392, 38.915145], [-104.944503, 38.915037], [-104.94498, 38.915012], [-104.945224, 38.915005], [-104.945807, 38.914799], [-104.946072, 38.914767], [-104.94628, 38.914767], [-104.946553, 38.914774], [-104.946907, 38.914704], [-104.94749, 38.914538], [-104.947694, 38.914513], [-104.947816, 38.914529], [-104.947979, 38.914615], [-104.947981, 38.914618], [-104.948223, 38.914854], [-104.948406, 38.915077], [-104.948557, 38.915204], [-104.948565, 38.915209], [-104.948659, 38.915262], [-104.94872, 38.915284], [-104.948813, 38.915294], [-104.948956, 38.9153], [-104.949046, 38.915271], [-104.949099, 38.91523], [-104.94914, 38.91515], [-104.949132, 38.915087], [-104.948957, 38.914434], [-104.948965, 38.914332], [-104.949087, 38.913998], [-104.949271, 38.913798], [-104.949434, 38.913696], [-104.949556, 38.913654], [-104.949956, 38.913601], [-104.950147, 38.913591], [-104.950579, 38.913559], [-104.950628, 38.913585], [-104.95063, 38.913587], [-104.950697, 38.913664], [-104.950758, 38.913776], [-104.950831, 38.913957], [-104.950933, 38.914148], [-104.951084, 38.914308], [-104.95145, 38.914562], [-104.951662, 38.914769], [-104.951939, 38.915072], [-104.952061, 38.915279], [-104.952163, 38.915565], [-104.952244, 38.91582], [-104.952272, 38.915884], [-104.952382, 38.915986], [-104.95239, 38.915991], [-104.952496, 38.916049], [-104.952619, 38.916091], [-104.952977, 38.916145], [-104.95323, 38.916139], [-104.953617, 38.916028], [-104.953821, 38.91598], [-104.954126, 38.916002], [-104.95444, 38.916053], [-104.954766, 38.916155], [-104.954769, 38.916159], [-104.954827, 38.916235], [-104.954847, 38.916356], [-104.954847, 38.91641], [-104.954798, 38.916499], [-104.954696, 38.916611], [-104.954501, 38.916696], [-104.954044, 38.916871], [-104.953441, 38.917129], [-104.953229, 38.917326], [-104.953074, 38.917581], [-104.953033, 38.917765], [-104.953053, 38.917909], [-104.953082, 38.918052], [-104.953143, 38.918147], [-104.953152, 38.918152], [-104.953326, 38.918243], [-104.953795, 38.918472], [-104.954263, 38.918711], [-104.954548, 38.918801], [-104.954854, 38.918864], [-104.955282, 38.918896], [-104.955826, 38.918897], [-104.955881, 38.918897], [-104.95639, 38.918859], [-104.956969, 38.918891], [-104.95802, 38.919009], [-104.958488, 38.919114], [-104.958753, 38.9192], [-104.958762, 38.919206], [-104.958969, 38.919347], [-104.959804, 38.919952], [-104.960321, 38.920372], [-104.960802, 38.920792], [-104.961046, 38.921095], [-104.961136, 38.921302], [-104.961188, 38.921525], [-104.961188, 38.921614], [-104.961017, 38.921884], [-104.96065, 38.922282], [-104.960414, 38.922527], [-104.960251, 38.922766], [-104.960177, 38.923055], [-104.960156, 38.923269], [-104.96025, 38.923482], [-104.960372, 38.9238], [-104.96038, 38.923889], [-104.960364, 38.923959], [-104.960168, 38.92416], [-104.960033, 38.924227], [-104.959353, 38.924369], [-104.959016, 38.924767], [-104.958721, 38.925033], [-104.958581, 38.925157], [-104.958428, 38.925296], [-104.958273, 38.925487], [-104.958203, 38.925662], [-104.958162, 38.925869], [-104.958089, 38.926126], [-104.957905, 38.926929], [-104.957709, 38.92747], [-104.957599, 38.927874], [-104.957554, 38.928065], [-104.957574, 38.928113], [-104.957668, 38.928218], [-104.957674, 38.928221], [-104.957884, 38.928297], [-104.957961, 38.928304], [-104.958075, 38.928291], [-104.958187, 38.928293], [-104.958634, 38.92818], [-104.958789, 38.928202], [-104.959115, 38.928282], [-104.95912, 38.928287], [-104.959196, 38.928368], [-104.959338, 38.928505], [-104.959542, 38.928664], [-104.959551, 38.92867], [-104.959795, 38.92882], [-104.960121, 38.928957], [-104.960304, 38.929011], [-104.960386, 38.929059], [-104.960386, 38.92906], [-104.960426, 38.929139], [-104.960447, 38.929218], [-104.960447, 38.929291], [-104.960426, 38.929377], [-104.960377, 38.929457], [-104.960161, 38.929721], [-104.959937, 38.92996], [-104.959916, 38.930103], [-104.959924, 38.930221], [-104.959924, 38.930526], [-104.960046, 38.931026], [-104.96014, 38.931223], [-104.960229, 38.931313], [-104.960235, 38.931315], [-104.960417, 38.93138], [-104.960588, 38.931424], [-104.96078, 38.93144], [-104.960996, 38.931434], [-104.96122, 38.93138], [-104.961485, 38.931303], [-104.961729, 38.931246], [-104.961892, 38.931214], [-104.962063, 38.93123], [-104.96207, 38.931236], [-104.962125, 38.931285], [-104.962165, 38.93139], [-104.962186, 38.931507], [-104.96219, 38.931628], [-104.961986, 38.931867], [-104.961668, 38.93209], [-104.961476, 38.932315], [-104.961394, 38.932414], [-104.961321, 38.932605], [-104.961329, 38.932742], [-104.961349, 38.932838], [-104.961447, 38.932995], [-104.961471, 38.933035], [-104.961801, 38.933385], [-104.961842, 38.933487], [-104.96185, 38.93371], [-104.961809, 38.934191], [-104.961678, 38.935225], [-104.961584, 38.935486], [-104.961413, 38.935725], [-104.961382, 38.935758], [-104.961013, 38.936154], [-104.96085, 38.936371], [-104.960679, 38.936737], [-104.960491, 38.937211], [-104.960425, 38.937511], [-104.960341, 38.937766], [-104.960329, 38.937856], [-104.960332, 38.937933], [-104.960349, 38.937995], [-104.960523, 38.938197], [-104.96065, 38.938278], [-104.960651, 38.938279], [-104.96078, 38.938349], [-104.96087, 38.938386], [-104.960879, 38.938392], [-104.961226, 38.938621], [-104.96129, 38.938682], [-104.961317, 38.938724], [-104.961335, 38.938823], [-104.96134, 38.938951], [-104.961326, 38.939018], [-104.961235, 38.939344], [-104.961117, 38.939648], [-104.96109, 38.939903], [-104.961099, 38.940147], [-104.961126, 38.940243], [-104.961216, 38.94036], [-104.961443, 38.940572], [-104.961769, 38.94081], [-104.962064, 38.941068], [-104.962445, 38.941341], [-104.962775, 38.941589], [-104.963097, 38.941823], [-104.963324, 38.942036], [-104.96351, 38.942287], [-104.96355, 38.942372], [-104.963582, 38.942514], [-104.963591, 38.942638], [-104.963591, 38.942801], [-104.9636, 38.9429], [-104.963627, 38.942974], [-104.963691, 38.94307], [-104.963736, 38.943119], [-104.963744, 38.943123], [-104.963772, 38.943137], [-104.963872, 38.943172], [-104.963976, 38.943201], [-104.964203, 38.943233], [-104.964801, 38.943247], [-104.965287, 38.943293], [-104.96559, 38.943368], [-104.965605, 38.943376], [-104.965799, 38.943488], [-104.965801, 38.94349], [-104.966125, 38.94375], [-104.966524, 38.944151], [-104.967122, 38.944763], [-104.967879, 38.945511], [-104.968292, 38.945964], [-104.968299, 38.945978], [-104.968369, 38.946109], [-104.968388, 38.946211], [-104.968391, 38.946223], [-104.968387, 38.946421], [-104.968364, 38.946676], [-104.968356, 38.946968], [-104.96835, 38.947221], [-104.968418, 38.947377], [-104.968563, 38.947572], [-104.968753, 38.947738], [-104.968773, 38.947752], [-104.969089, 38.947969], [-104.969279, 38.948124], [-104.969556, 38.948457], [-104.969778, 38.948744], [-104.969941, 38.948907], [-104.970272, 38.949127], [-104.970289, 38.949136], [-104.97044, 38.949219], [-104.970914, 38.94943], [-104.971106, 38.949516], [-104.971274, 38.94958], [-104.971351, 38.949587], [-104.97146, 38.94958], [-104.971532, 38.949559], [-104.971587, 38.949531], [-104.971646, 38.949492], [-104.971656, 38.949479], [-104.97169, 38.949434], [-104.971705, 38.949414], [-104.971748, 38.949313], [-104.971809, 38.94917], [-104.971977, 38.948713], [-104.972059, 38.948585], [-104.972131, 38.948532], [-104.972227, 38.9485], [-104.972286, 38.948497], [-104.972367, 38.948518], [-104.972474, 38.948558], [-104.972576, 38.948595], [-104.972608, 38.948607], [-104.972684, 38.948639], [-104.972725, 38.948656], [-104.972746, 38.948662], [-104.972866, 38.948692], [-104.97297, 38.948695], [-104.973084, 38.948681], [-104.973193, 38.948649], [-104.973425, 38.948634], [-104.973501, 38.948628], [-104.973759, 38.948622], [-104.973768, 38.948621], [-104.974068, 38.948674], [-104.974535, 38.948749], [-104.975015, 38.948845], [-104.975277, 38.948929], [-104.975473, 38.948993], [-104.97575, 38.949174], [-104.976427, 38.949674], [-104.976729, 38.949897], [-104.977432, 38.950424], [-104.978076, 38.950899], [-104.978534, 38.951211], [-104.978586, 38.951243], [-104.978638, 38.951274], [-104.978725, 38.951302], [-104.978797, 38.951324], [-104.979123, 38.951406], [-104.97933, 38.951428], [-104.979354, 38.95143], [-104.979388, 38.95143], [-104.979604, 38.951427], [-104.979835, 38.951416], [-104.980148, 38.95136], [-104.981191, 38.951116], [-104.981695, 38.950978], [-104.981971, 38.950942], [-104.982234, 38.950925], [-104.982674, 38.950981], [-104.983146, 38.951151], [-104.983658, 38.951385], [-104.984007, 38.951569], [-104.984227, 38.951752], [-104.984275, 38.951792], [-104.984345, 38.951908], [-104.984374, 38.951955], [-104.984429, 38.952139], [-104.98442, 38.952476], [-104.984415, 38.952537], [-104.984383, 38.952961], [-104.98446, 38.953145], [-104.984502, 38.953201], [-104.984574, 38.953297], [-104.984791, 38.953436], [-104.985149, 38.953591], [-104.985257, 38.953644], [-104.985952, 38.953981], [-104.986016, 38.95402], [-104.986306, 38.954193], [-104.986587, 38.95448], [-104.986827, 38.95482], [-104.986941, 38.955178], [-104.986949, 38.955232], [-104.987051, 38.955942], [-104.987135, 38.95652], [-104.987185, 38.956782], [-104.98723, 38.956871], [-104.98727, 38.95695], [-104.987371, 38.957147], [-104.987493, 38.957278], [-104.987529, 38.9573], [-104.987707, 38.957409], [-104.987924, 38.957497], [-104.988393, 38.957631], [-104.988469, 38.957653], [-104.988828, 38.957739], [-104.989153, 38.957816], [-104.99011, 38.958029], [-104.990405, 38.958054], [-104.990546, 38.958039], [-104.99089, 38.957972], [-104.991158, 38.957873], [-104.991179, 38.957868], [-104.991358, 38.957831], [-104.991503, 38.957816], [-104.991666, 38.957831], [-104.991856, 38.957894], [-104.992069, 38.958001], [-104.99211, 38.958031], [-104.992201, 38.958096], [-104.99284, 38.958873], [-104.993162, 38.959265], [-104.993368, 38.959468], [-104.993389, 38.959488], [-104.993534, 38.959566], [-104.993542, 38.959569], [-104.993817, 38.95966], [-104.993824, 38.959662], [-104.99385, 38.959665], [-104.994518, 38.959722], [-104.994539, 38.959731], [-104.994695, 38.959796], [-104.994829, 38.959887], [-104.994831, 38.959888], [-104.994833, 38.959891], [-104.99495, 38.960021], [-104.994958, 38.96003], [-104.995058, 38.960235], [-104.995067, 38.960264], [-104.995172, 38.960599], [-104.995245, 38.960831], [-104.995342, 38.961045], [-104.99538, 38.961216], [-104.995493, 38.961413], [-104.995564, 38.961527], [-104.995679, 38.961711], [-104.995771, 38.961711], [-104.995888, 38.961727], [-104.995936, 38.961733], [-104.996231, 38.961857], [-104.996616, 38.961968], [-104.996872, 38.962042], [-104.996978, 38.962065], [-104.997434, 38.962161], [-104.997653, 38.962218], [-104.997817, 38.962234], [-104.99795, 38.962229], [-104.998087, 38.962206], [-104.998308, 38.962147], [-104.998514, 38.962104], [-104.998712, 38.962087], [-104.998839, 38.962085], [-104.998951, 38.962106], [-104.999055, 38.962144], [-104.999074, 38.962162], [-104.999249, 38.962319], [-104.999347, 38.962466], [-104.999392, 38.962529], [-104.999526, 38.962714], [-104.999749, 38.963035], [-104.999828, 38.963123], [-104.999955, 38.963263], [-104.999997, 38.963309], [-105.000578, 38.963667], [-105.001292, 38.964105], [-105.001337, 38.964135], [-105.002286, 38.964763], [-105.002375, 38.964863], [-105.00244, 38.96495], [-105.002479, 38.965086], [-105.002506, 38.965261], [-105.002351, 38.966544], [-105.002381, 38.96679], [-105.002382, 38.9668], [-105.002419, 38.96691], [-105.002429, 38.966939], [-105.002437, 38.966947], [-105.002538, 38.967051], [-105.002576, 38.96709], [-105.002618, 38.967109], [-105.002738, 38.96716], [-105.003061, 38.967263], [-105.003086, 38.967271], [-105.00331, 38.967353], [-105.003523, 38.967467], [-105.003639, 38.967582], [-105.003743, 38.967703], [-105.00382, 38.967956], [-105.004072, 38.969338], [-105.004157, 38.970008], [-105.004196, 38.970198], [-105.004331, 38.970395], [-105.004536, 38.970612], [-105.004756, 38.970787], [-105.005019, 38.971019], [-105.005471, 38.971553], [-105.005774, 38.971954], [-105.006077, 38.972355], [-105.006194, 38.97251], [-105.006436, 38.972895], [-105.006627, 38.973198], [-105.006813, 38.973415], [-105.006956, 38.973512], [-105.00737, 38.973672], [-105.007446, 38.973699], [-105.007923, 38.973868], [-105.008182, 38.973989], [-105.008329, 38.974115], [-105.008445, 38.974245], [-105.008537, 38.974402], [-105.008607, 38.974613], [-105.00899, 38.977049], [-105.009202, 38.977713], [-105.009226, 38.977788], [-105.009497, 38.97828], [-105.009545, 38.978385], [-105.009693, 38.978704], [-105.009737, 38.978799], [-105.009891, 38.979065], [-105.009996, 38.9792], [-105.010032, 38.979228], [-105.010182, 38.979344], [-105.010259, 38.979403], [-105.010581, 38.979602], [-105.010916, 38.97981], [-105.011465, 38.980139], [-105.011941, 38.98045], [-105.012296, 38.980616], [-105.012954, 38.980848], [-105.013379, 38.981014], [-105.013777, 38.98121], [-105.013971, 38.98134], [-105.014145, 38.981497], [-105.014346, 38.981693], [-105.014509, 38.981816], [-105.014548, 38.981846], [-105.014705, 38.981964], [-105.014907, 38.982081], [-105.015069, 38.982175], [-105.015784, 38.982477], [-105.016043, 38.982617], [-105.016101, 38.982649], [-105.016345, 38.982839], [-105.017018, 38.983726], [-105.017558, 38.984499], [-105.020238, 38.988333], [-105.020985, 38.989402], [-105.021738, 38.990479], [-105.022457, 38.991508], [-105.023114, 38.992485], [-105.023653, 38.993299], [-105.023711, 38.993385], [-105.024084, 38.99415], [-105.024335, 38.994664], [-105.024335, 38.994664], [-105.024376, 38.994749], [-105.024384, 38.994764], [-105.024473, 38.994921], [-105.024497, 38.99499], [-105.024531, 38.995087], [-105.02457, 38.995253], [-105.024543, 38.995636], [-105.024427, 38.996406], [-105.024425, 38.996436], [-105.024392, 38.996853], [-105.024284, 38.99752], [-105.024273, 38.997897], [-105.024215, 38.998027], [-105.024129, 38.998133], [-105.024099, 38.998169], [-105.023905, 38.99835], [-105.023863, 38.998384], [-105.022989, 38.999083], [-105.022872, 38.999189], [-105.022711, 38.999337], [-105.022582, 38.999542], [-105.022525, 38.999632], [-105.022136, 39.000284], [-105.022007, 39.000451], [-105.021848, 39.000609], [-105.021717, 39.000718], [-105.02159, 39.000825], [-105.021489, 39.000901], [-105.021353, 39.000994], [-105.0211, 39.001196], [-105.020684, 39.001486], [-105.020297, 39.001797], [-105.020264, 39.001821], [-105.019901, 39.002098], [-105.019255, 39.002546], [-105.019232, 39.002562], [-105.019075, 39.002665], [-105.018753, 39.002878], [-105.01854, 39.002982], [-105.018477, 39.003007], [-105.018407, 39.003036], [-105.018267, 39.003071], [-105.018127, 39.003085], [-105.017935, 39.00308], [-105.017659, 39.00306], [-105.017276, 39.003048], [-105.017139, 39.003051], [-105.017003, 39.003071], [-105.016837, 39.003117], [-105.01669, 39.003181], [-105.01659, 39.00325], [-105.016494, 39.003342], [-105.01635, 39.003533], [-105.016281, 39.003626], [-105.015732, 39.004322], [-105.015214, 39.004978], [-105.015119, 39.005098], [-105.015006, 39.005242], [-105.014874, 39.005472], [-105.014789, 39.005697], [-105.014689, 39.00601], [-105.014593, 39.006448], [-105.014563, 39.006588], [-105.014391, 39.007379], [-105.014358, 39.007615], [-105.014388, 39.007738], [-105.014432, 39.007856], [-105.014468, 39.0079], [-105.014539, 39.007986], [-105.014564, 39.008009], [-105.014591, 39.008034], [-105.014675, 39.008112], [-105.014879, 39.008257], [-105.015083, 39.008401], [-105.015121, 39.008428], [-105.015221, 39.008535], [-105.015378, 39.008633], [-105.015483, 39.0087], [-105.015759, 39.008861], [-105.01581, 39.008901], [-105.015973, 39.009029], [-105.016104, 39.009148], [-105.016173, 39.009258], [-105.016195, 39.009403], [-105.016187, 39.009524], [-105.016137, 39.009652], [-105.016075, 39.009762], [-105.015951, 39.009893], [-105.015737, 39.010054], [-105.015228, 39.010355], [-105.015211, 39.010366], [-105.014906, 39.010576], [-105.014696, 39.010796], [-105.014176, 39.011338], [-105.014013, 39.01151], [-105.012757, 39.01291], [-105.012664, 39.013007], [-105.012492, 39.013188], [-105.012274, 39.013474], [-105.012215, 39.013603], [-105.012213, 39.013609], [-105.012212, 39.013609], [-105.012125, 39.0138], [-105.012078, 39.014057], [-105.012078, 39.014361], [-105.012094, 39.014594], [-105.012096, 39.014621], [-105.012151, 39.014839], [-105.012252, 39.015205], [-105.012358, 39.015536], [-105.012427, 39.015955], [-105.01244, 39.016008], [-105.012451, 39.016051], [-105.012554, 39.016466], [-105.012557, 39.016479], [-105.012656, 39.016876], [-105.012667, 39.016919], [-105.012743, 39.017363], [-105.012798, 39.017805], [-105.012797, 39.01785], [-105.012795, 39.017903], [-105.012787, 39.018213], [-105.01274, 39.018474], [-105.012706, 39.01861], [-105.012694, 39.018741], [-105.012595, 39.019247], [-105.012475, 39.019604], [-105.012402, 39.01982], [-105.012262, 39.02027], [-105.01225, 39.020312], [-105.011938, 39.021194]]]}}, {"type": "Feature", "properties": {"REP": 20}, "geometry": {"type": "Polygon", "coordinates": [[[-104.551774, 39.129138], [-104.551775, 39.12938], [-104.551775, 39.129433], [-104.553999, 39.129435], [-104.560671, 39.129442], [-104.561331, 39.129443], [-104.562895, 39.129445], [-104.56766, 39.129424], [-104.57488, 39.129456], [-104.579868, 39.12946], [-104.582655, 39.129463], [-104.586341, 39.129411], [-104.588091, 39.129405], [-104.589261, 39.129402], [-104.58936, 39.129402], [-104.591324, 39.129397], [-104.591605, 39.129396], [-104.591729, 39.129398], [-104.593709, 39.129423], [-104.59389, 39.129426], [-104.594459, 39.129423], [-104.595985, 39.129414], [-104.596089, 39.129414], [-104.600982, 39.129427], [-104.602063, 39.12943], [-104.602613, 39.129425], [-104.602839, 39.129423], [-104.603519, 39.129416], [-104.603746, 39.129415], [-104.603973, 39.129413], [-104.60445, 39.129416], [-104.605953, 39.129428], [-104.606563, 39.129427], [-104.607268, 39.129426], [-104.607504, 39.129426], [-104.607863, 39.129426], [-104.60912, 39.12943], [-104.609649, 39.129435], [-104.610245, 39.129441], [-104.610726, 39.129446], [-104.610886, 39.129444], [-104.610984, 39.129444], [-104.612075, 39.129438], [-104.612496, 39.12944], [-104.612812, 39.129442], [-104.613402, 39.129447], [-104.613454, 39.129447], [-104.614506, 39.129488], [-104.617665, 39.129612], [-104.618002, 39.129626], [-104.618719, 39.129654], [-104.620068, 39.129738], [-104.620439, 39.129762], [-104.621211, 39.129801], [-104.621876, 39.129806], [-104.622321, 39.129802], [-104.62277, 39.129714], [-104.624013, 39.129513], [-104.624098, 39.129506], [-104.624289, 39.129491], [-104.624653, 39.12949], [-104.62491, 39.129484], [-104.62545, 39.129478], [-104.625638, 39.129475], [-104.626202, 39.12947], [-104.626265, 39.12947], [-104.626391, 39.129467], [-104.626673, 39.129461], [-104.626814, 39.129459], [-104.626862, 39.129459], [-104.627168, 39.129456], [-104.627519, 39.129452], [-104.627802, 39.12945], [-104.627884, 39.129449], [-104.628134, 39.129446], [-104.628217, 39.129446], [-104.628619, 39.129452], [-104.629254, 39.129463], [-104.629826, 39.129473], [-104.630229, 39.129481], [-104.63025, 39.129483], [-104.630345, 39.129485], [-104.631183, 39.129482], [-104.632695, 39.129478], [-104.633713, 39.129494], [-104.634046, 39.129489], [-104.634335, 39.129486], [-104.635, 39.129519], [-104.635046, 39.129534], [-104.635184, 39.12958], [-104.63523, 39.129597], [-104.63545, 39.129579], [-104.63611, 39.129525], [-104.636331, 39.129508], [-104.636524, 39.129496], [-104.636969, 39.129497], [-104.637145, 39.129495], [-104.637458, 39.129493], [-104.637891, 39.129507], [-104.638394, 39.129496], [-104.638628, 39.12949], [-104.638906, 39.129498], [-104.639589, 39.129515], [-104.639823, 39.129522], [-104.640404, 39.12953], [-104.641051, 39.129527], [-104.642995, 39.12952], [-104.64336, 39.129519], [-104.643644, 39.129518], [-104.643778, 39.129522], [-104.644133, 39.129533], [-104.644182, 39.129534], [-104.644317, 39.129539], [-104.644473, 39.129537], [-104.644942, 39.129533], [-104.645099, 39.129532], [-104.645343, 39.12953], [-104.645627, 39.129526], [-104.646165, 39.129534], [-104.646514, 39.129526], [-104.646925, 39.129521], [-104.647648, 39.129511], [-104.648421, 39.129513], [-104.649604, 39.129504], [-104.650037, 39.129511], [-104.650894, 39.12951], [-104.652283, 39.129509], [-104.653208, 39.129518], [-104.653401, 39.129518], [-104.653785, 39.129532], [-104.654126, 39.12953], [-104.654584, 39.129516], [-104.655783, 39.12951], [-104.656721, 39.129513], [-104.657278, 39.129522], [-104.65988, 39.129526], [-104.660274, 39.129526], [-104.661385, 39.129516], [-104.661968, 39.129518], [-104.662475, 39.129535], [-104.662906, 39.129533], [-104.663383, 39.129539], [-104.663528, 39.129544], [-104.663529, 39.129544], [-104.665027, 39.129591], [-104.665513, 39.12958], [-104.666266, 39.129573], [-104.667004, 39.129559], [-104.667265, 39.129546], [-104.667267, 39.129546], [-104.667413, 39.129538], [-104.667982, 39.129537], [-104.668556, 39.129514], [-104.669173, 39.129525], [-104.669718, 39.129504], [-104.670352, 39.129491], [-104.67048, 39.129489], [-104.67053, 39.129489], [-104.671032, 39.129485], [-104.67546, 39.129497], [-104.676423, 39.129507], [-104.677586, 39.129518], [-104.679101, 39.129532], [-104.68648, 39.129552], [-104.686829, 39.129546], [-104.688592, 39.129539], [-104.689507, 39.129558], [-104.690108, 39.129555], [-104.690695, 39.129566], [-104.690697, 39.129566], [-104.690977, 39.129571], [-104.691208, 39.129567], [-104.69121, 39.129567], [-104.692507, 39.129542], [-104.69769, 39.129573], [-104.701687, 39.129578], [-104.701847, 39.129581], [-104.703012, 39.129584], [-104.703474, 39.12959], [-104.703478, 39.12959], [-104.703707, 39.129593], [-104.703771, 39.129591], [-104.703772, 39.129591], [-104.704367, 39.129571], [-104.704842, 39.129584], [-104.705669, 39.129588], [-104.706244, 39.129572], [-104.706846, 39.129578], [-104.708365, 39.12957], [-104.708388, 39.129569], [-104.709186, 39.12957], [-104.710774, 39.129587], [-104.711306, 39.129582], [-104.712514, 39.129571], [-104.712636, 39.129587], [-104.712726, 39.129587], [-104.713218, 39.129589], [-104.713892, 39.12958], [-104.714388, 39.129584], [-104.715098, 39.129584], [-104.715899, 39.129587], [-104.716456, 39.12958], [-104.71677, 39.129592], [-104.716784, 39.129593], [-104.717125, 39.129605], [-104.717444, 39.129591], [-104.717456, 39.129591], [-104.717608, 39.129584], [-104.718276, 39.12959], [-104.718328, 39.12959], [-104.718328, 39.12959], [-104.718501, 39.129591], [-104.718935, 39.129591], [-104.719347, 39.129603], [-104.720767, 39.129607], [-104.721379, 39.129619], [-104.721709, 39.129625], [-104.72256, 39.129623], [-104.723343, 39.129622], [-104.723862, 39.129625], [-104.723953, 39.129626], [-104.724166, 39.129622], [-104.72432, 39.129624], [-104.725028, 39.129626], [-104.72556, 39.129618], [-104.725756, 39.129619], [-104.726252, 39.129623], [-104.726606, 39.129626], [-104.728227, 39.129629], [-104.72909, 39.129622], [-104.729685, 39.129648], [-104.730756, 39.129635], [-104.731725, 39.129658], [-104.732687, 39.129621], [-104.732702, 39.129624], [-104.732849, 39.129663], [-104.733602, 39.129643], [-104.7343, 39.12967], [-104.734452, 39.129631], [-104.735239, 39.129648], [-104.735556, 39.129676], [-104.736162, 39.129641], [-104.736554, 39.129643], [-104.737116, 39.129644], [-104.737717, 39.129646], [-104.738635, 39.129649], [-104.739626, 39.129648], [-104.740561, 39.129649], [-104.741456, 39.129659], [-104.741505, 39.129662], [-104.74193, 39.129675], [-104.742585, 39.129676], [-104.744541, 39.129653], [-104.746444, 39.129656], [-104.747708, 39.129684], [-104.748068, 39.129683], [-104.751078, 39.129676], [-104.754837, 39.129668], [-104.755975, 39.129666], [-104.756101, 39.129666], [-104.756479, 39.129666], [-104.756606, 39.129666], [-104.756752, 39.129666], [-104.75719, 39.129666], [-104.757337, 39.129667], [-104.757946, 39.129667], [-104.758185, 39.129667], [-104.758531, 39.129673], [-104.758739, 39.129668], [-104.760664, 39.129677], [-104.760807, 39.129673], [-104.761091, 39.129687], [-104.761697, 39.129677], [-104.761703, 39.129677], [-104.761775, 39.129675], [-104.762334, 39.129677], [-104.762784, 39.129673], [-104.763488, 39.129673], [-104.763893, 39.129664], [-104.764168, 39.129663], [-104.764649, 39.129661], [-104.7651, 39.129659], [-104.765555, 39.129662], [-104.766437, 39.129676], [-104.766581, 39.12968], [-104.766591, 39.12968], [-104.767472, 39.129674], [-104.767771, 39.129676], [-104.768369, 39.129675], [-104.768959, 39.129667], [-104.76988, 39.129667], [-104.770282, 39.129661], [-104.77075, 39.129669], [-104.771199, 39.129669], [-104.771664, 39.129663], [-104.771979, 39.12967], [-104.772503, 39.129664], [-104.772745, 39.129669], [-104.773418, 39.129661], [-104.773889, 39.129664], [-104.774145, 39.129656], [-104.774513, 39.129658], [-104.774755, 39.129657], [-104.775708, 39.129654], [-104.776058, 39.12965], [-104.77672, 39.129657], [-104.777398, 39.129658], [-104.777896, 39.129665], [-104.778421, 39.129654], [-104.778838, 39.129666], [-104.779202, 39.129664], [-104.779664, 39.129668], [-104.780263, 39.129666], [-104.780881, 39.12967], [-104.78148, 39.129669], [-104.782057, 39.129678], [-104.782604, 39.129679], [-104.782797, 39.129684], [-104.783059, 39.129694], [-104.783719, 39.129699], [-104.784161, 39.129706], [-104.784429, 39.129715], [-104.784582, 39.12972], [-104.784815, 39.129719], [-104.78507, 39.129711], [-104.785516, 39.129712], [-104.787942, 39.12969], [-104.789253, 39.129696], [-104.790556, 39.129708], [-104.790898, 39.129704], [-104.791489, 39.12971], [-104.791577, 39.12971], [-104.792135, 39.12971], [-104.792334, 39.129709], [-104.793321, 39.129719], [-104.793507, 39.129726], [-104.793777, 39.12972], [-104.793844, 39.129721], [-104.794162, 39.129726], [-104.797889, 39.129719], [-104.799247, 39.129716], [-104.799339, 39.129726], [-104.799931, 39.129715], [-104.800347, 39.129716], [-104.802324, 39.129682], [-104.802801, 39.129691], [-104.802945, 39.129698], [-104.803217, 39.129695], [-104.803699, 39.12969], [-104.804396, 39.12969], [-104.80444, 39.129704], [-104.80501, 39.129721], [-104.806477, 39.12973], [-104.807146, 39.12975], [-104.807879, 39.129744], [-104.808077, 39.129746], [-104.808791, 39.129736], [-104.809167, 39.129725], [-104.80953, 39.129725], [-104.810111, 39.129749], [-104.810572, 39.129755], [-104.812324, 39.129726], [-104.81252, 39.129725], [-104.813001, 39.129737], [-104.813714, 39.129745], [-104.814139, 39.129761], [-104.815202, 39.129747], [-104.816039, 39.129753], [-104.816788, 39.12977], [-104.817885, 39.129743], [-104.818557, 39.129752], [-104.818951, 39.129743], [-104.820799, 39.129729], [-104.820919, 39.129728], [-104.821536, 39.129749], [-104.822482, 39.129756], [-104.82372, 39.129733], [-104.825267, 39.129721], [-104.826332, 39.129737], [-104.827003, 39.129743], [-104.827176, 39.129743], [-104.827674, 39.129747], [-104.827839, 39.129745], [-104.828216, 39.129741], [-104.828962, 39.129759], [-104.82938, 39.129758], [-104.82995, 39.12977], [-104.830386, 39.12977], [-104.830476, 39.12977], [-104.830595, 39.12977], [-104.831299, 39.129795], [-104.831679, 39.129801], [-104.831914, 39.129796], [-104.834, 39.129819], [-104.834132, 39.129822], [-104.834386, 39.129841], [-104.834593, 39.129856], [-104.834853, 39.12987], [-104.835376, 39.129817], [-104.835476, 39.129806], [-104.835517, 39.129809], [-104.835643, 39.129808], [-104.835686, 39.129808], [-104.835849, 39.129806], [-104.83599, 39.129805], [-104.836341, 39.129815], [-104.836505, 39.12982], [-104.837471, 39.129824], [-104.837503, 39.129825], [-104.837651, 39.129829], [-104.838592, 39.129857], [-104.839053, 39.129852], [-104.840307, 39.129878], [-104.841091, 39.129875], [-104.842238, 39.129871], [-104.842484, 39.129872], [-104.843224, 39.129875], [-104.843471, 39.129877], [-104.844359, 39.129877], [-104.844989, 39.129881], [-104.845075, 39.129882], [-104.845794, 39.129876], [-104.847151, 39.129895], [-104.847712, 39.129876], [-104.847914, 39.129867], [-104.848588, 39.129835], [-104.849544, 39.129834], [-104.849632, 39.129835], [-104.850479, 39.129826], [-104.851063, 39.129847], [-104.851176, 39.129852], [-104.852439, 39.129863], [-104.852468, 39.129863], [-104.852493, 39.129863], [-104.853019, 39.129854], [-104.853231, 39.129861], [-104.85351, 39.129869], [-104.85494, 39.129856], [-104.855104, 39.129854], [-104.855174, 39.129855], [-104.855985, 39.129865], [-104.857798, 39.12986], [-104.857913, 39.129859], [-104.858244, 39.129856], [-104.859701, 39.129846], [-104.860757, 39.129839], [-104.861273, 39.129839], [-104.861329, 39.129837], [-104.861697, 39.129823], [-104.86185, 39.129821], [-104.863199, 39.129805], [-104.863674, 39.129796], [-104.863772, 39.129794], [-104.863825, 39.129794], [-104.863932, 39.129797], [-104.864499, 39.129807], [-104.865314, 39.129815], [-104.866592, 39.129808], [-104.867109, 39.12982], [-104.867387, 39.129826], [-104.867692, 39.129826], [-104.868947, 39.129824], [-104.869968, 39.129823], [-104.870402, 39.129822], [-104.870413, 39.129822], [-104.870863, 39.129817], [-104.87143, 39.129824], [-104.871747, 39.129827], [-104.871998, 39.129825], [-104.872298, 39.129821], [-104.872712, 39.12982], [-104.873333, 39.129819], [-104.873639, 39.129827], [-104.873967, 39.129835], [-104.87407, 39.129838], [-104.874137, 39.12984], [-104.87438, 39.129837], [-104.874484, 39.129836], [-104.875006, 39.129831], [-104.875074, 39.129829], [-104.8751, 39.129828], [-104.875287, 39.129825], [-104.875647, 39.129808], [-104.876126, 39.129799], [-104.876949, 39.129802], [-104.876965, 39.129803], [-104.877463, 39.129825], [-104.877565, 39.129822], [-104.877956, 39.12981], [-104.878568, 39.129808], [-104.879035, 39.129811], [-104.87913, 39.129816], [-104.879323, 39.129829], [-104.879501, 39.129836], [-104.879521, 39.129836], [-104.879756, 39.129845], [-104.880447, 39.12989], [-104.880744, 39.129875], [-104.880851, 39.129871], [-104.881427, 39.129852], [-104.882179, 39.129858], [-104.883322, 39.129866], [-104.884461, 39.129855], [-104.884849, 39.129855], [-104.886182, 39.129858], [-104.887665, 39.129861], [-104.887953, 39.129861], [-104.88797, 39.129862], [-104.889732, 39.129877], [-104.890906, 39.129862], [-104.893268, 39.129862], [-104.89504, 39.129863], [-104.895229, 39.129863], [-104.895797, 39.129863], [-104.895987, 39.129864], [-104.896025, 39.129864], [-104.89629, 39.129864], [-104.896796, 39.129864], [-104.897198, 39.129864], [-104.898132, 39.129853], [-104.899225, 39.129862], [-104.899317, 39.129863], [-104.899554, 39.129854], [-104.899735, 39.129846], [-104.900035, 39.129843], [-104.900506, 39.129838], [-104.900647, 39.129837], [-104.900726, 39.129837], [-104.901172, 39.129832], [-104.902485, 39.129821], [-104.902725, 39.129819], [-104.903098, 39.129814], [-104.903111, 39.12982], [-104.903916, 39.12982], [-104.904261, 39.129822], [-104.904646, 39.129823], [-104.905707, 39.129829], [-104.908143, 39.129842], [-104.908494, 39.129844], [-104.909796, 39.129851], [-104.910287, 39.129854], [-104.910705, 39.129848], [-104.911065, 39.129843], [-104.91139, 39.129839], [-104.912211, 39.129823], [-104.912221, 39.12983], [-104.912247, 39.129846], [-104.912293, 39.129877], [-104.912294, 39.129878], [-104.912356, 39.129918], [-104.912392, 39.129943], [-104.912634, 39.129916], [-104.912962, 39.129879], [-104.913363, 39.129834], [-104.913422, 39.129827], [-104.913595, 39.129827], [-104.914853, 39.129828], [-104.914877, 39.129827], [-104.915309, 39.129827], [-104.917718, 39.129827], [-104.919179, 39.129827], [-104.919809, 39.129827], [-104.923679, 39.129828], [-104.923797, 39.129828], [-104.923807, 39.129828], [-104.925799, 39.129828], [-104.928362, 39.129829], [-104.929103, 39.129829], [-104.930137, 39.12983], [-104.930198, 39.12983], [-104.938406, 39.129831], [-104.939017, 39.129831], [-104.942215, 39.129832], [-104.942322, 39.129832], [-104.942913, 39.129832], [-104.944192, 39.129833], [-104.9442, 39.129833], [-104.944685, 39.129833], [-104.944953, 39.129834], [-104.945277, 39.129834], [-104.945301, 39.129834], [-104.945373, 39.129834], [-104.945398, 39.129834], [-104.954655, 39.129847], [-104.962462, 39.129859], [-104.972503, 39.129874], [-104.981983, 39.129889], [-104.982427, 39.129889], [-104.991685, 39.129903], [-104.992129, 39.129903], [-104.993463, 39.129906], [-104.993908, 39.129907], [-105.00055, 39.129923], [-105.001411, 39.12992], [-105.005295, 39.129909], [-105.007735, 39.129902], [-105.013496, 39.129885], [-105.013499, 39.129885], [-105.017125, 39.129874], [-105.021018, 39.129862], [-105.02122, 39.12986], [-105.022944, 39.129855], [-105.026065, 39.129846], [-105.027461, 39.129842], [-105.029559, 39.129837], [-105.032892, 39.129826], [-105.033554, 39.129825], [-105.03359, 39.129825], [-105.033586, 39.129755], [-105.033583, 39.129716], [-105.032919, 39.118689], [-105.032907, 39.118462], [-105.032901, 39.118373], [-105.032859, 39.117645], [-105.032817, 39.116571], [-105.032788, 39.116249], [-105.032777, 39.116122], [-105.032766, 39.115996], [-105.032567, 39.112366], [-105.032445, 39.110076], [-105.032361, 39.10851], [-105.032342, 39.108153], [-105.032331, 39.107944], [-105.03212, 39.104009], [-105.032107, 39.103765], [-105.032064, 39.102964], [-105.03191, 39.10014], [-105.031401, 39.092586], [-105.031299, 39.09107], [-105.030933, 39.085646], [-105.030909, 39.085293], [-105.029956, 39.071142], [-105.029935, 39.07082], [-105.029011, 39.056673], [-105.02809, 39.042232], [-105.028073, 39.041866], [-105.027601, 39.034853], [-105.027564, 39.034299], [-105.027205, 39.028893], [-105.027414, 39.022392], [-105.027426, 39.022027], [-105.027428, 39.021956], [-105.027492, 39.020391], [-105.027521, 39.01966], [-105.027524, 39.019587], [-105.027524, 39.019577], [-105.027499, 39.019586], [-105.027362, 39.019637], [-105.027349, 39.019645], [-105.027279, 39.01969], [-105.027098, 39.019806], [-105.026874, 39.019983], [-105.026636, 39.020171], [-105.026627, 39.020177], [-105.02624, 39.020459], [-105.026001, 39.020584], [-105.025639, 39.02076], [-105.025226, 39.020909], [-105.024873, 39.020996], [-105.024743, 39.021028], [-105.024405, 39.021142], [-105.023634, 39.021405], [-105.023459, 39.021464], [-105.023181, 39.021491], [-105.023015, 39.021512], [-105.023004, 39.021513], [-105.022897, 39.021555], [-105.022858, 39.02157], [-105.022615, 39.021735], [-105.022455, 39.021854], [-105.022302, 39.021968], [-105.022108, 39.02212], [-105.022097, 39.022126], [-105.022077, 39.022136], [-105.021948, 39.022199], [-105.021869, 39.022218], [-105.021761, 39.022242], [-105.021583, 39.022242], [-105.021379, 39.022194], [-105.021111, 39.022088], [-105.020672, 39.021908], [-105.020395, 39.021795], [-105.020009, 39.021637], [-105.019972, 39.021622], [-105.01984, 39.021565], [-105.019824, 39.021561], [-105.019724, 39.021535], [-105.019718, 39.021533], [-105.01967, 39.021525], [-105.019593, 39.021511], [-105.019475, 39.021473], [-105.019458, 39.021466], [-105.019358, 39.021424], [-105.019354, 39.021422], [-105.019274, 39.02136], [-105.019267, 39.021354], [-105.019152, 39.021319], [-105.019041, 39.021313], [-105.018912, 39.021321], [-105.018819, 39.021327], [-105.018148, 39.021238], [-105.017484, 39.02104], [-105.017433, 39.021024], [-105.017336, 39.021012], [-105.017006, 39.02097], [-105.016911, 39.020957], [-105.016554, 39.020907], [-105.016075, 39.020764], [-105.015768, 39.020704], [-105.015731, 39.020696], [-105.015463, 39.020631], [-105.015419, 39.02062], [-105.01512, 39.020501], [-105.014991, 39.02048], [-105.014859, 39.020469], [-105.014696, 39.020477], [-105.014088, 39.020547], [-105.013863, 39.020585], [-105.013672, 39.020648], [-105.013536, 39.020732], [-105.01346, 39.020832], [-105.013443, 39.020864], [-105.013433, 39.020882], [-105.013385, 39.020971], [-105.013366, 39.021005], [-105.013328, 39.021152], [-105.013325, 39.021216], [-105.01332, 39.021306], [-105.013318, 39.021352], [-105.013297, 39.021498], [-105.013238, 39.021653], [-105.013223, 39.02168], [-105.013082, 39.021932], [-105.013022, 39.022119], [-105.013005, 39.022376], [-105.013016, 39.022642], [-105.012939, 39.022921], [-105.012933, 39.022948], [-105.012873, 39.023232], [-105.012808, 39.023628], [-105.012728, 39.024034], [-105.012714, 39.024246], [-105.012717, 39.024335], [-105.012745, 39.024422], [-105.012787, 39.02446], [-105.012792, 39.024462], [-105.012849, 39.024481], [-105.013068, 39.024484], [-105.013148, 39.024514], [-105.013156, 39.02452], [-105.013193, 39.024546], [-105.013211, 39.024611], [-105.013186, 39.024679], [-105.01311, 39.024804], [-105.012891, 39.024977], [-105.012738, 39.025077], [-105.012516, 39.025237], [-105.012314, 39.02537], [-105.012308, 39.025373], [-105.012283, 39.025313], [-105.012258, 39.025253], [-105.012261, 39.025069], [-105.012225, 39.024876], [-105.011887, 39.024188], [-105.011691, 39.02384], [-105.011596, 39.023616], [-105.011575, 39.023477], [-105.011588, 39.023372], [-105.011592, 39.023339], [-105.011593, 39.023327], [-105.011629, 39.023225], [-105.011728, 39.023106], [-105.011861, 39.02295], [-105.011967, 39.022811], [-105.012028, 39.022647], [-105.01209, 39.022451], [-105.012099, 39.022296], [-105.012101, 39.022259], [-105.012083, 39.022111], [-105.012045, 39.021988], [-105.012039, 39.021967], [-105.012024, 39.021944], [-105.011977, 39.02187], [-105.011927, 39.021791], [-105.011879, 39.021658], [-105.011872, 39.021519], [-105.01189, 39.021366], [-105.011896, 39.021347], [-105.011933, 39.021211], [-105.011938, 39.021194], [-105.01225, 39.020312], [-105.012262, 39.02027], [-105.012402, 39.01982], [-105.012475, 39.019604], [-105.012595, 39.019247], [-105.012694, 39.018741], [-105.012706, 39.01861], [-105.01274, 39.018474], [-105.012787, 39.018213], [-105.012795, 39.017903], [-105.012797, 39.01785], [-105.012798, 39.017805], [-105.012743, 39.017363], [-105.012667, 39.016919], [-105.012656, 39.016876], [-105.012557, 39.016479], [-105.012554, 39.016466], [-105.012451, 39.016051], [-105.01244, 39.016008], [-105.012427, 39.015955], [-105.012358, 39.015536], [-105.012252, 39.015205], [-105.012151, 39.014839], [-105.012096, 39.014621], [-105.012094, 39.014594], [-105.012078, 39.014361], [-105.012078, 39.014057], [-105.012125, 39.0138], [-105.012212, 39.013609], [-105.012213, 39.013609], [-105.012215, 39.013603], [-105.012274, 39.013474], [-105.012492, 39.013188], [-105.012664, 39.013007], [-105.012757, 39.01291], [-105.014013, 39.01151], [-105.014176, 39.011338], [-105.014696, 39.010796], [-105.014906, 39.010576], [-105.015211, 39.010366], [-105.015228, 39.010355], [-105.015737, 39.010054], [-105.015951, 39.009893], [-105.016075, 39.009762], [-105.016137, 39.009652], [-105.016187, 39.009524], [-105.016195, 39.009403], [-105.016173, 39.009258], [-105.016104, 39.009148], [-105.015973, 39.009029], [-105.01581, 39.008901], [-105.015759, 39.008861], [-105.015483, 39.0087], [-105.015378, 39.008633], [-105.015221, 39.008535], [-105.015121, 39.008428], [-105.015083, 39.008401], [-105.014879, 39.008257], [-105.014675, 39.008112], [-105.014591, 39.008034], [-105.014564, 39.008009], [-105.014539, 39.007986], [-105.014468, 39.0079], [-105.014432, 39.007856], [-105.014388, 39.007738], [-105.014358, 39.007615], [-105.014391, 39.007379], [-105.014563, 39.006588], [-105.014593, 39.006448], [-105.014689, 39.00601], [-105.014789, 39.005697], [-105.014874, 39.005472], [-105.015006, 39.005242], [-105.015119, 39.005098], [-105.015214, 39.004978], [-105.015732, 39.004322], [-105.016281, 39.003626], [-105.01635, 39.003533], [-105.016494, 39.003342], [-105.01659, 39.00325], [-105.01669, 39.003181], [-105.016837, 39.003117], [-105.017003, 39.003071], [-105.017139, 39.003051], [-105.017276, 39.003048], [-105.017659, 39.00306], [-105.017935, 39.00308], [-105.018127, 39.003085], [-105.018267, 39.003071], [-105.018407, 39.003036], [-105.018477, 39.003007], [-105.01854, 39.002982], [-105.018753, 39.002878], [-105.019075, 39.002665], [-105.019232, 39.002562], [-105.019255, 39.002546], [-105.019901, 39.002098], [-105.020264, 39.001821], [-105.020297, 39.001797], [-105.020684, 39.001486], [-105.0211, 39.001196], [-105.021353, 39.000994], [-105.021489, 39.000901], [-105.02159, 39.000825], [-105.021717, 39.000718], [-105.021848, 39.000609], [-105.022007, 39.000451], [-105.022136, 39.000284], [-105.022525, 38.999632], [-105.022582, 38.999542], [-105.022711, 38.999337], [-105.022872, 38.999189], [-105.022989, 38.999083], [-105.023863, 38.998384], [-105.023905, 38.99835], [-105.024099, 38.998169], [-105.024129, 38.998133], [-105.024215, 38.998027], [-105.024273, 38.997897], [-105.024284, 38.99752], [-105.024392, 38.996853], [-105.024425, 38.996436], [-105.024427, 38.996406], [-105.024543, 38.995636], [-105.02457, 38.995253], [-105.024531, 38.995087], [-105.024497, 38.99499], [-105.024473, 38.994921], [-105.024384, 38.994764], [-105.024376, 38.994749], [-105.024335, 38.994664], [-105.024335, 38.994664], [-105.024084, 38.99415], [-105.023711, 38.993385], [-105.023653, 38.993299], [-105.023114, 38.992485], [-105.022457, 38.991508], [-105.021738, 38.990479], [-105.020985, 38.989402], [-105.020238, 38.988333], [-105.017558, 38.984499], [-105.017018, 38.983726], [-105.016345, 38.982839], [-105.016101, 38.982649], [-105.016043, 38.982617], [-105.015784, 38.982477], [-105.015069, 38.982175], [-105.014907, 38.982081], [-105.014705, 38.981964], [-105.014548, 38.981846], [-105.014509, 38.981816], [-105.014346, 38.981693], [-105.014145, 38.981497], [-105.013971, 38.98134], [-105.013777, 38.98121], [-105.013379, 38.981014], [-105.012954, 38.980848], [-105.012296, 38.980616], [-105.011941, 38.98045], [-105.011465, 38.980139], [-105.010916, 38.97981], [-105.010581, 38.979602], [-105.010259, 38.979403], [-105.010182, 38.979344], [-105.010032, 38.979228], [-105.009996, 38.9792], [-105.009891, 38.979065], [-105.009737, 38.978799], [-105.009693, 38.978704], [-105.009545, 38.978385], [-105.009497, 38.97828], [-105.009226, 38.977788], [-105.009202, 38.977713], [-105.00899, 38.977049], [-105.008607, 38.974613], [-105.008537, 38.974402], [-105.008445, 38.974245], [-105.008329, 38.974115], [-105.008182, 38.973989], [-105.007923, 38.973868], [-105.007446, 38.973699], [-105.00737, 38.973672], [-105.006956, 38.973512], [-105.006813, 38.973415], [-105.006627, 38.973198], [-105.006436, 38.972895], [-105.006194, 38.97251], [-105.006077, 38.972355], [-105.005774, 38.971954], [-105.005471, 38.971553], [-105.005019, 38.971019], [-105.004756, 38.970787], [-105.004536, 38.970612], [-105.004331, 38.970395], [-105.004196, 38.970198], [-105.004157, 38.970008], [-105.004072, 38.969338], [-105.00382, 38.967956], [-105.003743, 38.967703], [-105.003639, 38.967582], [-105.003523, 38.967467], [-105.00331, 38.967353], [-105.003086, 38.967271], [-105.003061, 38.967263], [-105.002738, 38.96716], [-105.002618, 38.967109], [-105.002576, 38.96709], [-105.002538, 38.967051], [-105.002437, 38.966947], [-105.002429, 38.966939], [-105.002419, 38.96691], [-105.002382, 38.9668], [-105.002381, 38.96679], [-105.002351, 38.966544], [-105.002506, 38.965261], [-105.002479, 38.965086], [-105.00244, 38.96495], [-105.002375, 38.964863], [-105.002286, 38.964763], [-105.001337, 38.964135], [-105.001292, 38.964105], [-105.000578, 38.963667], [-104.999997, 38.963309], [-104.999955, 38.963263], [-104.999828, 38.963123], [-104.999749, 38.963035], [-104.999526, 38.962714], [-104.999392, 38.962529], [-104.999347, 38.962466], [-104.999249, 38.962319], [-104.999074, 38.962162], [-104.999055, 38.962144], [-104.998951, 38.962106], [-104.998839, 38.962085], [-104.998712, 38.962087], [-104.998514, 38.962104], [-104.998308, 38.962147], [-104.998087, 38.962206], [-104.99795, 38.962229], [-104.997817, 38.962234], [-104.997653, 38.962218], [-104.997434, 38.962161], [-104.996978, 38.962065], [-104.996872, 38.962042], [-104.996616, 38.961968], [-104.996231, 38.961857], [-104.995936, 38.961733], [-104.995888, 38.961727], [-104.995771, 38.961711], [-104.995679, 38.961711], [-104.995564, 38.961527], [-104.995493, 38.961413], [-104.99538, 38.961216], [-104.995342, 38.961045], [-104.995245, 38.960831], [-104.995172, 38.960599], [-104.995067, 38.960264], [-104.995058, 38.960235], [-104.994958, 38.96003], [-104.99495, 38.960021], [-104.994833, 38.959891], [-104.994831, 38.959888], [-104.994829, 38.959887], [-104.994695, 38.959796], [-104.994539, 38.959731], [-104.994518, 38.959722], [-104.99385, 38.959665], [-104.993824, 38.959662], [-104.993817, 38.95966], [-104.993542, 38.959569], [-104.993534, 38.959566], [-104.993389, 38.959488], [-104.993368, 38.959468], [-104.993162, 38.959265], [-104.99284, 38.958873], [-104.992201, 38.958096], [-104.99211, 38.958031], [-104.992069, 38.958001], [-104.991856, 38.957894], [-104.991666, 38.957831], [-104.991503, 38.957816], [-104.991358, 38.957831], [-104.991179, 38.957868], [-104.991158, 38.957873], [-104.99089, 38.957972], [-104.990546, 38.958039], [-104.990405, 38.958054], [-104.99011, 38.958029], [-104.989153, 38.957816], [-104.988828, 38.957739], [-104.988469, 38.957653], [-104.988393, 38.957631], [-104.987924, 38.957497], [-104.987707, 38.957409], [-104.987529, 38.9573], [-104.987493, 38.957278], [-104.987371, 38.957147], [-104.98727, 38.95695], [-104.98723, 38.956871], [-104.987185, 38.956782], [-104.987135, 38.95652], [-104.987051, 38.955942], [-104.986949, 38.955232], [-104.986941, 38.955178], [-104.986827, 38.95482], [-104.986587, 38.95448], [-104.986306, 38.954193], [-104.986016, 38.95402], [-104.985952, 38.953981], [-104.985257, 38.953644], [-104.985149, 38.953591], [-104.984791, 38.953436], [-104.984574, 38.953297], [-104.984502, 38.953201], [-104.98446, 38.953145], [-104.984383, 38.952961], [-104.984415, 38.952537], [-104.98442, 38.952476], [-104.984429, 38.952139], [-104.984374, 38.951955], [-104.984345, 38.951908], [-104.984275, 38.951792], [-104.984227, 38.951752], [-104.984007, 38.951569], [-104.983658, 38.951385], [-104.983146, 38.951151], [-104.982674, 38.950981], [-104.982234, 38.950925], [-104.981971, 38.950942], [-104.981695, 38.950978], [-104.981191, 38.951116], [-104.980148, 38.95136], [-104.979835, 38.951416], [-104.979604, 38.951427], [-104.979388, 38.95143], [-104.979354, 38.95143], [-104.97933, 38.951428], [-104.979123, 38.951406], [-104.978797, 38.951324], [-104.978725, 38.951302], [-104.978638, 38.951274], [-104.978586, 38.951243], [-104.978534, 38.951211], [-104.978076, 38.950899], [-104.977432, 38.950424], [-104.976729, 38.949897], [-104.976427, 38.949674], [-104.97575, 38.949174], [-104.975473, 38.948993], [-104.975277, 38.948929], [-104.975015, 38.948845], [-104.974535, 38.948749], [-104.974068, 38.948674], [-104.973768, 38.948621], [-104.973759, 38.948622], [-104.973501, 38.948628], [-104.973425, 38.948634], [-104.973193, 38.948649], [-104.973084, 38.948681], [-104.97297, 38.948695], [-104.972866, 38.948692], [-104.972746, 38.948662], [-104.972725, 38.948656], [-104.972684, 38.948639], [-104.972608, 38.948607], [-104.972576, 38.948595], [-104.972474, 38.948558], [-104.972367, 38.948518], [-104.972286, 38.948497], [-104.972227, 38.9485], [-104.972131, 38.948532], [-104.972059, 38.948585], [-104.971977, 38.948713], [-104.971809, 38.94917], [-104.971748, 38.949313], [-104.971705, 38.949414], [-104.97169, 38.949434], [-104.971656, 38.949479], [-104.971646, 38.949492], [-104.971587, 38.949531], [-104.971532, 38.949559], [-104.97146, 38.94958], [-104.971351, 38.949587], [-104.971274, 38.94958], [-104.971106, 38.949516], [-104.970914, 38.94943], [-104.97044, 38.949219], [-104.970289, 38.949136], [-104.970272, 38.949127], [-104.969941, 38.948907], [-104.969778, 38.948744], [-104.969556, 38.948457], [-104.969279, 38.948124], [-104.969089, 38.947969], [-104.968773, 38.947752], [-104.968753, 38.947738], [-104.968563, 38.947572], [-104.968418, 38.947377], [-104.96835, 38.947221], [-104.968356, 38.946968], [-104.968364, 38.946676], [-104.968387, 38.946421], [-104.968391, 38.946223], [-104.968388, 38.946211], [-104.968369, 38.946109], [-104.968299, 38.945978], [-104.968292, 38.945964], [-104.967879, 38.945511], [-104.967122, 38.944763], [-104.966524, 38.944151], [-104.966125, 38.94375], [-104.965801, 38.94349], [-104.965799, 38.943488], [-104.965605, 38.943376], [-104.96559, 38.943368], [-104.965287, 38.943293], [-104.964801, 38.943247], [-104.964203, 38.943233], [-104.963976, 38.943201], [-104.963872, 38.943172], [-104.963772, 38.943137], [-104.963744, 38.943123], [-104.963736, 38.943119], [-104.963691, 38.94307], [-104.963627, 38.942974], [-104.9636, 38.9429], [-104.963591, 38.942801], [-104.963591, 38.942638], [-104.963582, 38.942514], [-104.96355, 38.942372], [-104.96351, 38.942287], [-104.963324, 38.942036], [-104.963097, 38.941823], [-104.962775, 38.941589], [-104.962445, 38.941341], [-104.962064, 38.941068], [-104.961769, 38.94081], [-104.961443, 38.940572], [-104.961216, 38.94036], [-104.961126, 38.940243], [-104.961099, 38.940147], [-104.96109, 38.939903], [-104.961117, 38.939648], [-104.961235, 38.939344], [-104.961326, 38.939018], [-104.96134, 38.938951], [-104.961335, 38.938823], [-104.961317, 38.938724], [-104.96129, 38.938682], [-104.961226, 38.938621], [-104.960879, 38.938392], [-104.96087, 38.938386], [-104.96078, 38.938349], [-104.960651, 38.938279], [-104.96065, 38.938278], [-104.960523, 38.938197], [-104.960349, 38.937995], [-104.960332, 38.937933], [-104.960329, 38.937856], [-104.960341, 38.937766], [-104.960425, 38.937511], [-104.960491, 38.937211], [-104.960679, 38.936737], [-104.96085, 38.936371], [-104.961013, 38.936154], [-104.961382, 38.935758], [-104.961413, 38.935725], [-104.961584, 38.935486], [-104.961678, 38.935225], [-104.961809, 38.934191], [-104.96185, 38.93371], [-104.961842, 38.933487], [-104.961801, 38.933385], [-104.961471, 38.933035], [-104.961447, 38.932995], [-104.961349, 38.932838], [-104.961329, 38.932742], [-104.961321, 38.932605], [-104.961394, 38.932414], [-104.961476, 38.932315], [-104.961668, 38.93209], [-104.961986, 38.931867], [-104.96219, 38.931628], [-104.962186, 38.931507], [-104.962165, 38.93139], [-104.962125, 38.931285], [-104.96207, 38.931236], [-104.962063, 38.93123], [-104.961892, 38.931214], [-104.961729, 38.931246], [-104.961485, 38.931303], [-104.96122, 38.93138], [-104.960996, 38.931434], [-104.96078, 38.93144], [-104.960588, 38.931424], [-104.960417, 38.93138], [-104.960235, 38.931315], [-104.960229, 38.931313], [-104.96014, 38.931223], [-104.960046, 38.931026], [-104.959924, 38.930526], [-104.959924, 38.930221], [-104.959916, 38.930103], [-104.959937, 38.92996], [-104.960161, 38.929721], [-104.960377, 38.929457], [-104.960426, 38.929377], [-104.960447, 38.929291], [-104.960447, 38.929218], [-104.960426, 38.929139], [-104.960386, 38.92906], [-104.960386, 38.929059], [-104.960304, 38.929011], [-104.960121, 38.928957], [-104.959795, 38.92882], [-104.959551, 38.92867], [-104.959542, 38.928664], [-104.959338, 38.928505], [-104.959196, 38.928368], [-104.95912, 38.928287], [-104.959115, 38.928282], [-104.958789, 38.928202], [-104.958634, 38.92818], [-104.958187, 38.928293], [-104.958075, 38.928291], [-104.957961, 38.928304], [-104.957884, 38.928297], [-104.957674, 38.928221], [-104.957668, 38.928218], [-104.957574, 38.928113], [-104.957554, 38.928065], [-104.957599, 38.927874], [-104.957709, 38.92747], [-104.957905, 38.926929], [-104.958089, 38.926126], [-104.958162, 38.925869], [-104.958203, 38.925662], [-104.958273, 38.925487], [-104.958428, 38.925296], [-104.958581, 38.925157], [-104.958721, 38.925033], [-104.959016, 38.924767], [-104.959353, 38.924369], [-104.960033, 38.924227], [-104.960168, 38.92416], [-104.960364, 38.923959], [-104.96038, 38.923889], [-104.960372, 38.9238], [-104.96025, 38.923482], [-104.960156, 38.923269], [-104.960177, 38.923055], [-104.960251, 38.922766], [-104.960414, 38.922527], [-104.96065, 38.922282], [-104.961017, 38.921884], [-104.961188, 38.921614], [-104.961188, 38.921525], [-104.961136, 38.921302], [-104.961046, 38.921095], [-104.960802, 38.920792], [-104.960321, 38.920372], [-104.959804, 38.919952], [-104.958969, 38.919347], [-104.958762, 38.919206], [-104.958753, 38.9192], [-104.958488, 38.919114], [-104.95802, 38.919009], [-104.956969, 38.918891], [-104.95639, 38.918859], [-104.955881, 38.918897], [-104.955826, 38.918897], [-104.955282, 38.918896], [-104.954854, 38.918864], [-104.954548, 38.918801], [-104.954263, 38.918711], [-104.953795, 38.918472], [-104.953326, 38.918243], [-104.953152, 38.918152], [-104.953143, 38.918147], [-104.953082, 38.918052], [-104.953053, 38.917909], [-104.953033, 38.917765], [-104.953074, 38.917581], [-104.953229, 38.917326], [-104.953441, 38.917129], [-104.954044, 38.916871], [-104.954501, 38.916696], [-104.954696, 38.916611], [-104.954798, 38.916499], [-104.954847, 38.91641], [-104.954847, 38.916356], [-104.954827, 38.916235], [-104.954769, 38.916159], [-104.954766, 38.916155], [-104.95444, 38.916053], [-104.954126, 38.916002], [-104.953821, 38.91598], [-104.953617, 38.916028], [-104.95323, 38.916139], [-104.952977, 38.916145], [-104.952619, 38.916091], [-104.952496, 38.916049], [-104.95239, 38.915991], [-104.952382, 38.915986], [-104.952272, 38.915884], [-104.952244, 38.91582], [-104.952163, 38.915565], [-104.952061, 38.915279], [-104.951939, 38.915072], [-104.951662, 38.914769], [-104.95145, 38.914562], [-104.951084, 38.914308], [-104.950933, 38.914148], [-104.950831, 38.913957], [-104.950758, 38.913776], [-104.950697, 38.913664], [-104.95063, 38.913587], [-104.950628, 38.913585], [-104.950579, 38.913559], [-104.950147, 38.913591], [-104.949956, 38.913601], [-104.949556, 38.913654], [-104.949434, 38.913696], [-104.949271, 38.913798], [-104.949087, 38.913998], [-104.948965, 38.914332], [-104.948957, 38.914434], [-104.949132, 38.915087], [-104.94914, 38.91515], [-104.949099, 38.91523], [-104.949046, 38.915271], [-104.948956, 38.9153], [-104.948813, 38.915294], [-104.94872, 38.915284], [-104.948659, 38.915262], [-104.948565, 38.915209], [-104.948557, 38.915204], [-104.948406, 38.915077], [-104.948223, 38.914854], [-104.947981, 38.914618], [-104.947979, 38.914615], [-104.947816, 38.914529], [-104.947694, 38.914513], [-104.94749, 38.914538], [-104.946907, 38.914704], [-104.946553, 38.914774], [-104.94628, 38.914767], [-104.946072, 38.914767], [-104.945807, 38.914799], [-104.945224, 38.915005], [-104.94498, 38.915012], [-104.944503, 38.915037], [-104.94392, 38.915145], [-104.943484, 38.915272], [-104.94337, 38.915367], [-104.943288, 38.915488], [-104.943227, 38.9156], [-104.943117, 38.915781], [-104.942942, 38.91595], [-104.94273, 38.916051], [-104.942424, 38.916163], [-104.9422, 38.916274], [-104.942057, 38.916392], [-104.941873, 38.916767], [-104.941806, 38.916927], [-104.94169, 38.917203], [-104.941486, 38.917499], [-104.941294, 38.917671], [-104.941188, 38.917696], [-104.940997, 38.917712], [-104.940821, 38.917712], [-104.940699, 38.917696], [-104.940528, 38.917632], [-104.940243, 38.917489], [-104.940044, 38.917403], [-104.939925, 38.917352], [-104.939836, 38.917326], [-104.93966, 38.91732], [-104.939347, 38.917399], [-104.93911, 38.917447], [-104.938797, 38.917479], [-104.938601, 38.917447], [-104.938348, 38.917351], [-104.938031, 38.917198], [-104.937799, 38.917128], [-104.937636, 38.917128], [-104.937508, 38.917178], [-104.937359, 38.917218], [-104.937255, 38.917271], [-104.937087, 38.917384], [-104.936763, 38.917623], [-104.936636, 38.917742], [-104.936546, 38.917803], [-104.936472, 38.917835], [-104.936352, 38.917844], [-104.936311, 38.917838], [-104.936213, 38.917805], [-104.936207, 38.917803], [-104.936162, 38.917756], [-104.936133, 38.917715], [-104.936095, 38.91764], [-104.936069, 38.917576], [-104.936055, 38.917523], [-104.936058, 38.91748], [-104.936077, 38.917427], [-104.936193, 38.917302], [-104.936278, 38.917264], [-104.936577, 38.917171], [-104.936811, 38.917131], [-104.936927, 38.917084], [-104.937065, 38.917006], [-104.937281, 38.916851], [-104.937527, 38.916665], [-104.937889, 38.916453], [-104.938086, 38.916282], [-104.938225, 38.916237], [-104.938301, 38.916226], [-104.938365, 38.916231], [-104.938476, 38.916262], [-104.938622, 38.916324], [-104.938772, 38.916394], [-104.938779, 38.916399], [-104.93884, 38.916441], [-104.938842, 38.916442], [-104.938922, 38.916466], [-104.939019, 38.916475], [-104.939083, 38.916466], [-104.939119, 38.91645], [-104.939162, 38.916416], [-104.939169, 38.91636], [-104.939144, 38.916304], [-104.939108, 38.916263], [-104.939044, 38.916218], [-104.939037, 38.916212], [-104.938944, 38.916176], [-104.938787, 38.916137], [-104.938462, 38.916089], [-104.938208, 38.916095], [-104.93809, 38.916114], [-104.937982, 38.916139], [-104.937875, 38.916181], [-104.937679, 38.916245], [-104.937155, 38.91649], [-104.937006, 38.916578], [-104.936782, 38.916674], [-104.936596, 38.916726], [-104.936342, 38.916769], [-104.935906, 38.916775], [-104.935679, 38.916845], [-104.935408, 38.916974], [-104.935399, 38.916978], [-104.935373, 38.91699], [-104.93506, 38.917156], [-104.934826, 38.917325], [-104.934605, 38.917487], [-104.934512, 38.917531], [-104.934445, 38.917543], [-104.934337, 38.917546], [-104.934221, 38.917522], [-104.934167, 38.917501], [-104.934162, 38.917499], [-104.934128, 38.91747], [-104.934106, 38.917438], [-104.934087, 38.917394], [-104.934083, 38.917356], [-104.934087, 38.917283], [-104.934102, 38.917249], [-104.934117, 38.917216], [-104.93414, 38.917179], [-104.934251, 38.917129], [-104.934449, 38.917059], [-104.934736, 38.916984], [-104.934919, 38.91687], [-104.934973, 38.916818], [-104.935045, 38.916751], [-104.935187, 38.916547], [-104.935333, 38.916373], [-104.935399, 38.916302], [-104.935422, 38.916277], [-104.935504, 38.916207], [-104.935564, 38.916178], [-104.935638, 38.916169], [-104.935833, 38.916182], [-104.935858, 38.916184], [-104.936, 38.916231], [-104.936283, 38.916266], [-104.936391, 38.916272], [-104.936436, 38.916254], [-104.936462, 38.916234], [-104.936469, 38.916196], [-104.936469, 38.916138], [-104.936447, 38.916079], [-104.936411, 38.916056], [-104.936402, 38.91605], [-104.936328, 38.916018], [-104.936142, 38.915977], [-104.935881, 38.915963], [-104.935839, 38.915963], [-104.935747, 38.915963], [-104.935372, 38.91594], [-104.935362, 38.915939], [-104.935362, 38.914607], [-104.935362, 38.912851], [-104.935363, 38.911015], [-104.935363, 38.911008], [-104.932959, 38.91102], [-104.932196, 38.911024], [-104.931904, 38.911025], [-104.927945, 38.911002], [-104.924859, 38.910985], [-104.924859, 38.910985], [-104.924763, 38.91094], [-104.924661, 38.910876], [-104.924651, 38.91087], [-104.924491, 38.91074], [-104.924491, 38.910739], [-104.924342, 38.910646], [-104.924205, 38.910576], [-104.924097, 38.910535], [-104.923992, 38.910506], [-104.923586, 38.910476], [-104.923415, 38.910453], [-104.923184, 38.91043], [-104.923105, 38.910397], [-104.923102, 38.910395], [-104.922994, 38.910316], [-104.922763, 38.910127], [-104.922499, 38.909864], [-104.922277, 38.909695], [-104.922275, 38.909693], [-104.922175, 38.909634], [-104.921992, 38.909567], [-104.921992, 38.909567], [-104.921888, 38.9095], [-104.921776, 38.909421], [-104.921486, 38.909183], [-104.921062, 38.908853], [-104.920961, 38.908748], [-104.920913, 38.908684], [-104.920902, 38.908652], [-104.920902, 38.908548], [-104.920958, 38.908408], [-104.92104, 38.908277], [-104.921185, 38.908076], [-104.921282, 38.907951], [-104.921338, 38.907893], [-104.921413, 38.907843], [-104.921476, 38.90782], [-104.921558, 38.9078], [-104.921689, 38.907788], [-104.921778, 38.907788], [-104.921935, 38.907835], [-104.921942, 38.907841], [-104.921998, 38.907884], [-104.922069, 38.907986], [-104.922169, 38.908161], [-104.922236, 38.90831], [-104.922284, 38.908479], [-104.922358, 38.908776], [-104.922515, 38.909073], [-104.92266, 38.909244], [-104.922846, 38.909379], [-104.922849, 38.90938], [-104.923073, 38.909466], [-104.923431, 38.909594], [-104.923676, 38.909702], [-104.923926, 38.909798], [-104.924135, 38.909854], [-104.924481, 38.909889], [-104.924663, 38.909936], [-104.924764, 38.909933], [-104.924805, 38.909924], [-104.924865, 38.909895], [-104.924909, 38.909866], [-104.924932, 38.909837], [-104.924951, 38.909723], [-104.924928, 38.909671], [-104.924915, 38.909659], [-104.924884, 38.909629], [-104.92488, 38.909624], [-104.924791, 38.909592], [-104.92466, 38.909569], [-104.924422, 38.909583], [-104.924206, 38.909604], [-104.924012, 38.9096], [-104.92396, 38.909583], [-104.923767, 38.909463], [-104.923759, 38.909458], [-104.923401, 38.909181], [-104.923312, 38.90912], [-104.923151, 38.908864], [-104.923072, 38.908385], [-104.922993, 38.907764], [-104.922963, 38.907272], [-104.922871, 38.907201], [-104.922833, 38.90716], [-104.922767, 38.907114], [-104.922759, 38.907108], [-104.922558, 38.907029], [-104.922405, 38.906942], [-104.922276, 38.906878], [-104.922275, 38.906877], [-104.922193, 38.906822], [-104.922133, 38.906755], [-104.92213, 38.906752], [-104.92201, 38.906697], [-104.921709, 38.906621], [-104.9215, 38.906606], [-104.921336, 38.906618], [-104.921142, 38.906719], [-104.920762, 38.906894], [-104.920371, 38.907025], [-104.920073, 38.907086], [-104.919886, 38.907091], [-104.91976, 38.907074], [-104.919736, 38.907062], [-104.91973, 38.907059], [-104.919696, 38.90703], [-104.919644, 38.90694], [-104.91963, 38.906695], [-104.919607, 38.906622], [-104.919537, 38.906509], [-104.919477, 38.906433], [-104.919399, 38.906316], [-104.919277, 38.906226], [-104.919269, 38.90622], [-104.91906, 38.906159], [-104.918896, 38.906104], [-104.918779, 38.906054], [-104.918773, 38.906051], [-104.918706, 38.905981], [-104.918647, 38.905836], [-104.918606, 38.905702], [-104.918543, 38.905611], [-104.918446, 38.905541], [-104.918439, 38.905536], [-104.918319, 38.90548], [-104.918174, 38.905431], [-104.918042, 38.905351], [-104.918033, 38.905346], [-104.917947, 38.905262], [-104.91781, 38.905081], [-104.91772, 38.904796], [-104.917665, 38.904697], [-104.917613, 38.904618], [-104.917296, 38.904286], [-104.917181, 38.904085], [-104.917083, 38.903989], [-104.917081, 38.903986], [-104.917032, 38.90396], [-104.916943, 38.903933], [-104.916894, 38.903925], [-104.916753, 38.90393], [-104.916689, 38.903945], [-104.9166, 38.903994], [-104.915862, 38.904463], [-104.915724, 38.904585], [-104.915649, 38.904625], [-104.915604, 38.904637], [-104.915526, 38.904632], [-104.915522, 38.904631], [-104.915418, 38.90452], [-104.915363, 38.904389], [-104.915217, 38.904209], [-104.915054, 38.904025], [-104.914857, 38.903839], [-104.914644, 38.903696], [-104.914488, 38.903568], [-104.914306, 38.903387], [-104.914094, 38.903134], [-104.914001, 38.902912], [-104.913953, 38.902755], [-104.913953, 38.902519], [-104.914028, 38.90192], [-104.914017, 38.901707], [-104.913976, 38.901553], [-104.913921, 38.901451], [-104.913842, 38.901369], [-104.913714, 38.901285], [-104.913705, 38.901279], [-104.913545, 38.901206], [-104.913433, 38.901171], [-104.913243, 38.901171], [-104.912904, 38.901185], [-104.912609, 38.901205], [-104.912421, 38.901207], [-104.912308, 38.901208], [-104.912214, 38.901196], [-104.912062, 38.90117], [-104.911965, 38.901115], [-104.911793, 38.901029], [-104.91179, 38.901027], [-104.911603, 38.900895], [-104.911596, 38.90089], [-104.911191, 38.900692], [-104.910997, 38.900631], [-104.910814, 38.900622], [-104.910744, 38.900631], [-104.910677, 38.900645], [-104.910609, 38.900671], [-104.910546, 38.900726], [-104.910497, 38.900788], [-104.910456, 38.900881], [-104.910449, 38.900965], [-104.91049, 38.90116], [-104.910582, 38.901501], [-104.910608, 38.901693], [-104.910608, 38.901769], [-104.910586, 38.901812], [-104.910448, 38.901958], [-104.910254, 38.902124], [-104.910052, 38.90238], [-104.910007, 38.902505], [-104.91, 38.902551], [-104.910003, 38.902627], [-104.910063, 38.902843], [-104.910148, 38.903055], [-104.910156, 38.903125], [-104.910152, 38.903215], [-104.910111, 38.903323], [-104.910066, 38.903378], [-104.909917, 38.903462], [-104.909712, 38.903544], [-104.909544, 38.903584], [-104.909488, 38.903587], [-104.909371, 38.90356], [-104.909365, 38.903558], [-104.909328, 38.903511], [-104.909309, 38.903465], [-104.909302, 38.903421], [-104.909302, 38.903375], [-104.909325, 38.903314], [-104.909392, 38.903261], [-104.909593, 38.903194], [-104.909776, 38.903139], [-104.909839, 38.903104], [-104.909858, 38.903087], [-104.909861, 38.903052], [-104.909828, 38.902877], [-104.909817, 38.902708], [-104.909799, 38.902583], [-104.909814, 38.90249], [-104.909903, 38.902269], [-104.909982, 38.902141], [-104.910176, 38.90185], [-104.910224, 38.901731], [-104.910247, 38.901646], [-104.910236, 38.901591], [-104.910213, 38.901547], [-104.910117, 38.901445], [-104.909994, 38.901329], [-104.909893, 38.901212], [-104.909827, 38.901125], [-104.909789, 38.901008], [-104.90973, 38.900857], [-104.909678, 38.900755], [-104.909589, 38.900656], [-104.909521, 38.900608], [-104.909514, 38.900603], [-104.909391, 38.900545], [-104.90919, 38.900495], [-104.908997, 38.900437], [-104.908882, 38.900392], [-104.908877, 38.90039], [-104.908844, 38.900358], [-104.908799, 38.900256], [-104.908751, 38.900178], [-104.9087, 38.900118], [-104.908699, 38.900117], [-104.908569, 38.900038], [-104.908256, 38.899875], [-104.90782, 38.899682], [-104.907725, 38.899632], [-104.907716, 38.899627], [-104.907642, 38.899516], [-104.907623, 38.899472], [-104.907623, 38.899388], [-104.907664, 38.899301], [-104.907761, 38.899219], [-104.907828, 38.899181], [-104.907907, 38.899152], [-104.908, 38.899141], [-104.908152, 38.899187], [-104.908428, 38.89932], [-104.908454, 38.899333], [-104.908756, 38.899438], [-104.908968, 38.899468], [-104.909154, 38.899465], [-104.909266, 38.899445], [-104.909497, 38.899395], [-104.909751, 38.89932], [-104.909877, 38.899279], [-104.91009, 38.899268], [-104.910313, 38.899276], [-104.910436, 38.899294], [-104.910622, 38.899332], [-104.911047, 38.899361], [-104.911285, 38.899335], [-104.911326, 38.899318], [-104.91136, 38.899295], [-104.91137, 38.899284], [-104.911379, 38.899274], [-104.911379, 38.899228], [-104.911371, 38.899164], [-104.911312, 38.899024], [-104.911048, 38.898622], [-104.910639, 38.898203], [-104.910598, 38.898118], [-104.910598, 38.898086], [-104.910628, 38.898019], [-104.910728, 38.897961], [-104.91087, 38.897912], [-104.911392, 38.89781], [-104.911552, 38.897761], [-104.911716, 38.897679], [-104.911779, 38.897624], [-104.91182, 38.897537], [-104.911832, 38.897435], [-104.911886, 38.895944], [-104.911908, 38.89565], [-104.911976, 38.895581], [-104.91208, 38.895456], [-104.912248, 38.895262], [-104.912707, 38.894731], [-104.912949, 38.894487], [-104.913102, 38.894306], [-104.913457, 38.893628], [-104.913523, 38.893486], [-104.913602, 38.893314], [-104.913621, 38.893273], [-104.913652, 38.89321], [-104.913655, 38.893203], [-104.913655, 38.893203], [-104.91293, 38.893219], [-104.912237, 38.893235], [-104.912192, 38.893236], [-104.912192, 38.893236], [-104.905508, 38.893385], [-104.905499, 38.893385], [-104.900872, 38.893332], [-104.900862, 38.893332], [-104.898543, 38.893306], [-104.898545, 38.893365], [-104.898545, 38.893365], [-104.898545, 38.893365], [-104.898555, 38.893376], [-104.89856, 38.893381], [-104.898571, 38.893392], [-104.898628, 38.893428], [-104.898735, 38.893497], [-104.89878, 38.893531], [-104.898899, 38.893619], [-104.898981, 38.893695], [-104.898986, 38.893705], [-104.899018, 38.893771], [-104.899018, 38.893826], [-104.898995, 38.893884], [-104.898917, 38.894001], [-104.898842, 38.894094], [-104.898816, 38.894143], [-104.898812, 38.894196], [-104.898838, 38.894298], [-104.898919, 38.894423], [-104.898924, 38.894431], [-104.899009, 38.89456], [-104.899017, 38.894621], [-104.899002, 38.894665], [-104.898966, 38.894698], [-104.898964, 38.8947], [-104.89892, 38.894726], [-104.898886, 38.894737], [-104.898819, 38.89474], [-104.898732, 38.894732], [-104.898633, 38.894723], [-104.898607, 38.894719], [-104.898605, 38.894719], [-104.898595, 38.894717], [-104.898596, 38.894763], [-104.898596, 38.894763], [-104.898596, 38.894763], [-104.8986, 38.894933], [-104.898606, 38.895106], [-104.898607, 38.89513], [-104.898607, 38.89513], [-104.898602, 38.89513], [-104.8986, 38.89513], [-104.898599, 38.89513], [-104.897551, 38.895117], [-104.896289, 38.895101], [-104.896354, 38.896923], [-104.892996, 38.896878], [-104.889812, 38.896835], [-104.88709, 38.896798], [-104.886968, 38.904037], [-104.886967, 38.904104], [-104.886953, 38.904921], [-104.886878, 38.909613], [-104.886878, 38.909615], [-104.886877, 38.909618], [-104.886853, 38.911139], [-104.886853, 38.911142], [-104.886715, 38.922158], [-104.886712, 38.922428], [-104.886711, 38.922469], [-104.886709, 38.922626], [-104.886704, 38.922991], [-104.886703, 38.923074], [-104.886698, 38.923543], [-104.886698, 38.923543], [-104.886666, 38.926275], [-104.886684, 38.929899], [-104.886707, 38.935319], [-104.886708, 38.935775], [-104.886721, 38.936681], [-104.886722, 38.936721], [-104.886749, 38.936721], [-104.88912, 38.936757], [-104.889566, 38.936764], [-104.890557, 38.93678], [-104.891249, 38.936791], [-104.891277, 38.936791], [-104.891276, 38.937376], [-104.891278, 38.937825], [-104.891276, 38.938694], [-104.891273, 38.940212], [-104.891273, 38.940349], [-104.886747, 38.940333], [-104.886712, 38.940333], [-104.886739, 38.941925], [-104.886773, 38.943938], [-104.886773, 38.943951], [-104.889327, 38.943936], [-104.891315, 38.943924], [-104.891326, 38.944906], [-104.891356, 38.947497], [-104.892929, 38.947528], [-104.900402, 38.947636], [-104.900412, 38.949491], [-104.900414, 38.951305], [-104.895893, 38.951269], [-104.894997, 38.951245], [-104.892295, 38.951208], [-104.891543, 38.951197], [-104.891563, 38.952421], [-104.891563, 38.952421], [-104.891563, 38.952447], [-104.891563, 38.952456], [-104.891628, 38.954748], [-104.891607, 38.954749], [-104.890084, 38.954768], [-104.887635, 38.954798], [-104.887225, 38.954832], [-104.886729, 38.954815], [-104.873112, 38.95472], [-104.866723, 38.954674], [-104.865114, 38.954686], [-104.864592, 38.95469], [-104.86176, 38.954671], [-104.861714, 38.95467], [-104.861628, 38.95467], [-104.859156, 38.954661], [-104.859152, 38.954661], [-104.858904, 38.954669], [-104.858327, 38.954688], [-104.856382, 38.954751], [-104.856275, 38.954752], [-104.853332, 38.954775], [-104.849931, 38.9548], [-104.848031, 38.954814], [-104.847883, 38.954801], [-104.847663, 38.954782], [-104.846435, 38.954798], [-104.845651, 38.954807], [-104.845087, 38.954814], [-104.843231, 38.954802], [-104.842511, 38.954798], [-104.838559, 38.954678], [-104.837972, 38.95466], [-104.837668, 38.95465], [-104.836223, 38.954606], [-104.835819, 38.954539], [-104.835673, 38.954503], [-104.835236, 38.954397], [-104.835091, 38.954362], [-104.834899, 38.954268], [-104.834323, 38.953986], [-104.834131, 38.953893], [-104.833454, 38.953626], [-104.833386, 38.953599], [-104.833015, 38.953453], [-104.831151, 38.952719], [-104.830406, 38.952426], [-104.830313, 38.952435], [-104.830239, 38.952441], [-104.830028, 38.952283], [-104.828996, 38.951508], [-104.828652, 38.95125], [-104.824058, 38.948825], [-104.823912, 38.948748], [-104.823874, 38.948728], [-104.822674, 38.948084], [-104.822577, 38.948032], [-104.821661, 38.947539], [-104.818771, 38.945219], [-104.817345, 38.944133], [-104.816439, 38.943443], [-104.814953, 38.942311], [-104.813555, 38.941246], [-104.813349, 38.94112], [-104.813323, 38.941104], [-104.813225, 38.941043], [-104.812235, 38.940437], [-104.811844, 38.940288], [-104.811591, 38.940192], [-104.811636, 38.940263], [-104.811743, 38.940377], [-104.811931, 38.94058], [-104.812006, 38.94066], [-104.81148, 38.94131], [-104.81148, 38.94131], [-104.811012, 38.941887], [-104.810885, 38.942044], [-104.810593, 38.942404], [-104.810221, 38.942603], [-104.810156, 38.942638], [-104.810173, 38.942945], [-104.810178, 38.943034], [-104.810207, 38.943595], [-104.810235, 38.944127], [-104.810232, 38.944172], [-104.810196, 38.945118], [-104.810136, 38.946683], [-104.81012, 38.947122], [-104.81012, 38.947123], [-104.810142, 38.947455], [-104.807317, 38.949215], [-104.806846, 38.949519], [-104.806244, 38.949909], [-104.80621, 38.949931], [-104.805537, 38.950366], [-104.805485, 38.9504], [-104.805362, 38.950479], [-104.805271, 38.950537], [-104.804778, 38.950854], [-104.804764, 38.950863], [-104.804734, 38.950883], [-104.804636, 38.950946], [-104.804323, 38.951139], [-104.804156, 38.951241], [-104.803688, 38.951533], [-104.800316, 38.953632], [-104.800281, 38.953653], [-104.800049, 38.953794], [-104.799928, 38.953867], [-104.799722, 38.953991], [-104.798452, 38.954758], [-104.798448, 38.954839], [-104.798397, 38.955792], [-104.798444, 38.957793], [-104.798445, 38.957835], [-104.798459, 38.958403], [-104.798455, 38.958519], [-104.798456, 38.958595], [-104.798457, 38.958614], [-104.798458, 38.958689], [-104.798451, 38.95882], [-104.798443, 38.958956], [-104.798421, 38.959399], [-104.798315, 38.961526], [-104.798315, 38.96153], [-104.798308, 38.961686], [-104.798303, 38.961786], [-104.79828, 38.962241], [-104.798233, 38.962989], [-104.798102, 38.965099], [-104.798094, 38.965234], [-104.79806, 38.965794], [-104.798048, 38.965983], [-104.79808, 38.966611], [-104.79816, 38.96819], [-104.798162, 38.968227], [-104.798176, 38.968495], [-104.798209, 38.969123], [-104.798209, 38.969156], [-104.798209, 38.9692], [-104.798209, 38.969258], [-104.798209, 38.969292], [-104.798327, 38.969293], [-104.798422, 38.969294], [-104.79842, 38.969378], [-104.798412, 38.97072], [-104.798409, 38.971269], [-104.798316, 38.97166], [-104.798311, 38.971679], [-104.798278, 38.971818], [-104.798184, 38.972213], [-104.798206, 38.972366], [-104.798262, 38.972751], [-104.798262, 38.972915], [-104.79826, 38.973826], [-104.798309, 38.974653], [-104.798272, 38.974882], [-104.798389, 38.974888], [-104.798379, 38.975093], [-104.798376, 38.975146], [-104.798405, 38.976131], [-104.798348, 38.97654], [-104.79838, 38.976534], [-104.800772, 38.976538], [-104.803258, 38.975796], [-104.803963, 38.97577], [-104.804548, 38.975748], [-104.805336, 38.975718], [-104.806692, 38.977606], [-104.806841, 38.977987], [-104.80705, 38.97852], [-104.807073, 38.978577], [-104.807113, 38.978679], [-104.807115, 38.978685], [-104.807167, 38.978685], [-104.807518, 38.978686], [-104.807518, 38.979303], [-104.807694, 38.979304], [-104.807687, 38.98014], [-104.807745, 38.980286], [-104.807881, 38.980595], [-104.808289, 38.981522], [-104.808426, 38.981832], [-104.80848, 38.981961], [-104.808504, 38.982018], [-104.809188, 38.983644], [-104.809927, 38.985402], [-104.809946, 38.985446], [-104.809952, 38.985459], [-104.8114, 38.9889], [-104.811443, 38.989002], [-104.811476, 38.989081], [-104.811522, 38.98919], [-104.812118, 38.990605], [-104.81224, 38.990894], [-104.81224, 38.990903], [-104.812243, 38.990965], [-104.812243, 38.990973], [-104.812243, 38.990973], [-104.812243, 38.990973], [-104.812245, 38.99105], [-104.812248, 38.991157], [-104.812273, 38.991948], [-104.812282, 38.992212], [-104.81228, 38.99243], [-104.812278, 38.993087], [-104.812277, 38.993306], [-104.812257, 38.996619], [-104.813764, 38.998207], [-104.814559, 38.999051], [-104.815352, 38.999835], [-104.816175, 39.000652], [-104.816182, 39.000655], [-104.817144, 39.001096], [-104.817144, 39.001098], [-104.817144, 39.001485], [-104.817145, 39.002709], [-104.817145, 39.002799], [-104.816888, 39.002805], [-104.817184, 39.003366], [-104.817581, 39.004044], [-104.820244, 39.008521], [-104.820275, 39.008573], [-104.821269, 39.010244], [-104.82343, 39.013848], [-104.823507, 39.013976], [-104.829373, 39.023813], [-104.829498, 39.023926], [-104.829669, 39.024267], [-104.830184, 39.025293], [-104.830356, 39.025635], [-104.83039, 39.025695], [-104.830469, 39.025832], [-104.830495, 39.025876], [-104.83053, 39.025937], [-104.830574, 39.026025], [-104.830655, 39.026186], [-104.83103, 39.026936], [-104.831082, 39.027038], [-104.831092, 39.027058], [-104.831115, 39.027104], [-104.831156, 39.027186], [-104.831089, 39.027194], [-104.831074, 39.027196], [-104.830989, 39.027205], [-104.83094, 39.027211], [-104.830642, 39.027244], [-104.830609, 39.027267], [-104.830608, 39.027268], [-104.830592, 39.027278], [-104.830383, 39.027422], [-104.83028, 39.027452], [-104.830034, 39.027549], [-104.829729, 39.027671], [-104.829691, 39.027685], [-104.829676, 39.027691], [-104.829616, 39.027713], [-104.82946, 39.027769], [-104.829292, 39.02783], [-104.829238, 39.027849], [-104.828802, 39.028007], [-104.828673, 39.028053], [-104.828511, 39.028111], [-104.828238, 39.02821], [-104.82818, 39.028231], [-104.828118, 39.028253], [-104.828005, 39.028285], [-104.827842, 39.028332], [-104.827803, 39.028343], [-104.827683, 39.028314], [-104.827665, 39.02831], [-104.827629, 39.028384], [-104.827617, 39.028408], [-104.827573, 39.028493], [-104.827566, 39.028507], [-104.82754, 39.028557], [-104.827335, 39.0289], [-104.827059, 39.029362], [-104.82671, 39.029946], [-104.82671, 39.029947], [-104.826585, 39.030192], [-104.826564, 39.030233], [-104.826559, 39.030242], [-104.826567, 39.030611], [-104.82659, 39.031742], [-104.8266, 39.032262], [-104.826643, 39.034385], [-104.826645, 39.034482], [-104.826651, 39.034801], [-104.824699, 39.034776], [-104.824698, 39.034776], [-104.82466, 39.034775], [-104.823252, 39.034761], [-104.822893, 39.034757], [-104.822083, 39.034749], [-104.822037, 39.034748], [-104.818387, 39.034704], [-104.817971, 39.034698], [-104.817959, 39.034699], [-104.817432, 39.034689], [-104.816942, 39.03468], [-104.816784, 39.034686], [-104.816637, 39.034684], [-104.812342, 39.034631], [-104.809199, 39.034591], [-104.809193, 39.034591], [-104.809182, 39.034055], [-104.809177, 39.033802], [-104.809122, 39.031012], [-104.810288, 39.031011], [-104.810286, 39.030983], [-104.810278, 39.03085], [-104.810275, 39.030754], [-104.810262, 39.030229], [-104.810238, 39.029199], [-104.810535, 39.029198], [-104.811704, 39.029195], [-104.812553, 39.029193], [-104.812511, 39.02738], [-104.812508, 39.027313], [-104.812506, 39.027253], [-104.812506, 39.027246], [-104.810638, 39.027237], [-104.810508, 39.02724], [-104.808613, 39.027242], [-104.807797, 39.027246], [-104.807557, 39.027244], [-104.806676, 39.027238], [-104.806213, 39.027243], [-104.805189, 39.02723], [-104.803283, 39.027209], [-104.802863, 39.027213], [-104.802531, 39.027268], [-104.802113, 39.027382], [-104.800731, 39.027408], [-104.799661, 39.027408], [-104.799186, 39.027408], [-104.79907, 39.027408], [-104.799041, 39.027408], [-104.798951, 39.02741], [-104.798951, 39.027412], [-104.798968, 39.027756], [-104.798973, 39.027881], [-104.798956, 39.028374], [-104.798929, 39.028708], [-104.798931, 39.028761], [-104.798942, 39.029118], [-104.798953, 39.029556], [-104.79894, 39.030049], [-104.798949, 39.030371], [-104.798958, 39.030733], [-104.798955, 39.030808], [-104.798956, 39.030994], [-104.798944, 39.031042], [-104.798936, 39.03105], [-104.798918, 39.031065], [-104.798864, 39.031087], [-104.798842, 39.031096], [-104.798615, 39.031197], [-104.798545, 39.031231], [-104.798457, 39.031265], [-104.798203, 39.031364], [-104.797609, 39.03158], [-104.797196, 39.031728], [-104.796852, 39.031838], [-104.796678, 39.031908], [-104.795838, 39.032246], [-104.795169, 39.032515], [-104.792673, 39.033476], [-104.791629, 39.033873], [-104.79162, 39.033876], [-104.791589, 39.033888], [-104.791481, 39.03393], [-104.790734, 39.034214], [-104.790306, 39.034369], [-104.790002, 39.034468], [-104.789786, 39.034511], [-104.7896, 39.034532], [-104.786164, 39.034557], [-104.785005, 39.03457], [-104.78477, 39.034572], [-104.784016, 39.034563], [-104.782668, 39.034574], [-104.781739, 39.034576], [-104.781024, 39.03457], [-104.780508, 39.034536], [-104.77956, 39.03454], [-104.778888, 39.03457], [-104.778743, 39.034587], [-104.77842, 39.034665], [-104.77812, 39.034739], [-104.77799, 39.034767], [-104.777657, 39.034836], [-104.777263, 39.034924], [-104.776984, 39.034999], [-104.776684, 39.035065], [-104.776358, 39.035142], [-104.775863, 39.035242], [-104.775646, 39.035267], [-104.775633, 39.035269], [-104.775622, 39.03527], [-104.775663, 39.035059], [-104.77571, 39.034816], [-104.775899, 39.034261], [-104.777259, 39.030821], [-104.777452, 39.03023], [-104.777752, 39.029466], [-104.777794, 39.029357], [-104.778093, 39.028613], [-104.778113, 39.02852], [-104.778635, 39.02715], [-104.778989, 39.026243], [-104.779377, 39.025233], [-104.779536, 39.024829], [-104.779778, 39.024158], [-104.779866, 39.023914], [-104.780073, 39.022836], [-104.780094, 39.022683], [-104.780192, 39.021957], [-104.78025, 39.021578], [-104.78025, 39.021552], [-104.780252, 39.021539], [-104.780285, 39.021287], [-104.780526, 39.019464], [-104.780582, 39.019104], [-104.780648, 39.018559], [-104.780755, 39.01761], [-104.780785, 39.016663], [-104.780813, 39.016488], [-104.780758, 39.015577], [-104.780592, 39.014758], [-104.780513, 39.014367], [-104.780382, 39.013719], [-104.780193, 39.012788], [-104.779932, 39.011502], [-104.779815, 39.011139], [-104.779647, 39.010823], [-104.779311, 39.010324], [-104.778909, 39.009829], [-104.778909, 39.009829], [-104.778907, 39.009826], [-104.778881, 39.009795], [-104.778691, 39.00956], [-104.77839, 39.009182], [-104.778384, 39.009174], [-104.778306, 39.009209], [-104.778204, 39.009254], [-104.778186, 39.009262], [-104.778141, 39.009293], [-104.777823, 39.009508], [-104.77772, 39.009594], [-104.777597, 39.009697], [-104.777462, 39.009796], [-104.777422, 39.009824], [-104.777352, 39.009874], [-104.777091, 39.01004], [-104.776885, 39.010141], [-104.77683, 39.010167], [-104.776472, 39.010315], [-104.776343, 39.010362], [-104.776091, 39.010453], [-104.775566, 39.010628], [-104.775539, 39.010635], [-104.774594, 39.01092], [-104.774457, 39.010929], [-104.773912, 39.011088], [-104.773617, 39.011173], [-104.773255, 39.011273], [-104.772672, 39.011432], [-104.771408, 39.011757], [-104.769901, 39.012184], [-104.76975, 39.012227], [-104.769586, 39.012273], [-104.769463, 39.012308], [-104.768852, 39.012459], [-104.768312, 39.012573], [-104.768193, 39.012593], [-104.768017, 39.012624], [-104.767678, 39.012671], [-104.76757, 39.012679], [-104.767332, 39.012695], [-104.766885, 39.012694], [-104.765939, 39.012712], [-104.765739, 39.012716], [-104.765097, 39.012715], [-104.762271, 39.012753], [-104.76153, 39.012762], [-104.761044, 39.012756], [-104.760558, 39.012751], [-104.759413, 39.012756], [-104.75887, 39.012747], [-104.75779, 39.012732], [-104.757244, 39.012726], [-104.756712, 39.012722], [-104.756702, 39.012722], [-104.756701, 39.012205], [-104.756701, 39.012027], [-104.756704, 39.011631], [-104.756707, 39.011329], [-104.756683, 39.009709], [-104.756705, 39.009108], [-104.756704, 39.008919], [-104.756705, 39.008358], [-104.756707, 39.008057], [-104.756705, 39.007268], [-104.756698, 39.006904], [-104.756679, 39.0059], [-104.756678, 39.005812], [-104.756675, 39.005503], [-104.765947, 39.005537], [-104.765957, 39.00385], [-104.765992, 38.998193], [-104.765992, 38.998186], [-104.764172, 38.9982], [-104.760529, 38.998236], [-104.756687, 38.998266], [-104.756677, 38.998266], [-104.756678, 38.998131], [-104.756685, 38.997562], [-104.756687, 38.997339], [-104.756693, 38.996673], [-104.756696, 38.996451], [-104.75668, 38.995466], [-104.756678, 38.995374], [-104.75667, 38.994825], [-104.756658, 38.99418], [-104.756657, 38.994124], [-104.756656, 38.994051], [-104.756672, 38.99235], [-104.756674, 38.992143], [-104.756675, 38.992071], [-104.756681, 38.991481], [-104.756676, 38.991067], [-104.756672, 38.990694], [-104.756668, 38.990338], [-104.756659, 38.989535], [-104.756656, 38.988865], [-104.756653, 38.988361], [-104.756651, 38.988154], [-104.756648, 38.987426], [-104.756645, 38.986839], [-104.756644, 38.986688], [-104.756639, 38.985929], [-104.756637, 38.98561], [-104.756632, 38.984751], [-104.75663, 38.984478], [-104.756627, 38.983748], [-104.756627, 38.983741], [-104.754757, 38.983744], [-104.7546, 38.983745], [-104.754244, 38.983748], [-104.754001, 38.983751], [-104.75396, 38.983752], [-104.753099, 38.983764], [-104.751626, 38.983762], [-104.74985, 38.983763], [-104.749597, 38.983766], [-104.749482, 38.983767], [-104.74915, 38.983769], [-104.748658, 38.983774], [-104.747281, 38.983786], [-104.747004, 38.983783], [-104.746871, 38.983782], [-104.746176, 38.983782], [-104.7459, 38.983782], [-104.745705, 38.983782], [-104.745295, 38.983782], [-104.74512, 38.983782], [-104.744926, 38.983783], [-104.743769, 38.983784], [-104.742823, 38.983785], [-104.741225, 38.983791], [-104.740687, 38.983795], [-104.740299, 38.983793], [-104.739143, 38.983789], [-104.738626, 38.98376], [-104.738129, 38.983804], [-104.738005, 38.983814], [-104.737854, 38.983812], [-104.737822, 38.98381], [-104.737741, 38.98381], [-104.737574, 38.983807], [-104.737456, 38.983811], [-104.736984, 38.983823], [-104.73602, 38.983813], [-104.735677, 38.983809], [-104.734876, 38.983807], [-104.734247, 38.983803], [-104.73339, 38.983798], [-104.733229, 38.983797], [-104.73304, 38.983803], [-104.732806, 38.98379], [-104.732496, 38.983795], [-104.732364, 38.983801], [-104.732126, 38.983812], [-104.732109, 38.983814], [-104.726062, 38.983824], [-104.720462, 38.983836], [-104.720349, 38.983818], [-104.720349, 38.983818], [-104.720094, 38.983815], [-104.718517, 38.983802], [-104.718185, 38.9838], [-104.717992, 38.983801], [-104.717505, 38.983804], [-104.716207, 38.983813], [-104.716044, 38.983813], [-104.715558, 38.983817], [-104.715029, 38.98382], [-104.713445, 38.98383], [-104.712917, 38.983834], [-104.712358, 38.983837], [-104.71199, 38.98384], [-104.710681, 38.983847], [-104.710122, 38.98385], [-104.709569, 38.983851], [-104.707914, 38.983856], [-104.707362, 38.983858], [-104.707217, 38.983858], [-104.705968, 38.983861], [-104.705306, 38.983863], [-104.704208, 38.983863], [-104.701786, 38.983861], [-104.700414, 38.98386], [-104.700402, 38.98386], [-104.700392, 38.98386], [-104.700404, 38.983537], [-104.700405, 38.98346], [-104.700425, 38.98226], [-104.700433, 38.981861], [-104.700451, 38.981153], [-104.700473, 38.980272], [-104.700475, 38.980218], [-104.70048, 38.980066], [-104.700503, 38.979497], [-104.700505, 38.979456], [-104.700513, 38.979248], [-104.700508, 38.979037], [-104.700502, 38.97882], [-104.700484, 38.977551], [-104.700531, 38.975871], [-104.700553, 38.974681], [-104.70056, 38.974328], [-104.700567, 38.972886], [-104.700596, 38.971844], [-104.700604, 38.971559], [-104.700596, 38.970173], [-104.700605, 38.969377], [-104.700605, 38.969354], [-104.700614, 38.968718], [-104.700628, 38.967677], [-104.700635, 38.96608], [-104.700635, 38.966014], [-104.700648, 38.964412], [-104.700652, 38.963864], [-104.700656, 38.963427], [-104.700658, 38.962975], [-104.700664, 38.96207], [-104.70067, 38.961001], [-104.700673, 38.960373], [-104.700673, 38.960308], [-104.700677, 38.959419], [-104.700681, 38.958774], [-104.700686, 38.958039], [-104.700692, 38.957303], [-104.700698, 38.95684], [-104.700708, 38.956196], [-104.70071, 38.956065], [-104.700715, 38.955675], [-104.700718, 38.955545], [-104.700725, 38.955031], [-104.700728, 38.954892], [-104.700728, 38.954891], [-104.700728, 38.954874], [-104.700728, 38.954867], [-104.700678, 38.954868], [-104.700591, 38.954868], [-104.700567, 38.954869], [-104.699884, 38.954871], [-104.691621, 38.954901], [-104.688406, 38.954917], [-104.688389, 38.954917], [-104.688399, 38.954908], [-104.688404, 38.954903], [-104.688433, 38.954876], [-104.688437, 38.954873], [-104.688437, 38.954872], [-104.688455, 38.954855], [-104.688503, 38.954809], [-104.688513, 38.954798], [-104.688529, 38.954783], [-104.688529, 38.954783], [-104.688529, 38.954782], [-104.688542, 38.95477], [-104.688554, 38.954758], [-104.688554, 38.954758], [-104.688873, 38.954448], [-104.688937, 38.954386], [-104.689048, 38.954279], [-104.689063, 38.954264], [-104.689277, 38.954056], [-104.689348, 38.953987], [-104.689353, 38.953982], [-104.689573, 38.953768], [-104.689639, 38.953705], [-104.689644, 38.953701], [-104.689939, 38.953419], [-104.690009, 38.953352], [-104.690149, 38.953218], [-104.690234, 38.953138], [-104.690404, 38.952975], [-104.690524, 38.952861], [-104.690529, 38.952856], [-104.690819, 38.952579], [-104.690824, 38.952574], [-104.69091, 38.952492], [-104.691114, 38.952298], [-104.691119, 38.952293], [-104.691174, 38.95224], [-104.691251, 38.952167], [-104.691415, 38.952011], [-104.691537, 38.951895], [-104.691571, 38.951863], [-104.691652, 38.951785], [-104.691667, 38.951771], [-104.691691, 38.951748], [-104.691696, 38.951744], [-104.691702, 38.951737], [-104.691709, 38.951731], [-104.6917, 38.951628], [-104.69173, 38.95024], [-104.691773, 38.948279], [-104.691773, 38.948272], [-104.690879, 38.948266], [-104.684364, 38.948216], [-104.684135, 38.948214], [-104.683828, 38.948212], [-104.682632, 38.948215], [-104.682632, 38.948232], [-104.682576, 38.951624], [-104.682573, 38.951838], [-104.677925, 38.951855], [-104.676602, 38.951856], [-104.6766, 38.951856], [-104.673197, 38.951869], [-104.673188, 38.951869], [-104.673176, 38.951716], [-104.673175, 38.951702], [-104.673172, 38.951654], [-104.673168, 38.951608], [-104.673168, 38.951557], [-104.673165, 38.951531], [-104.673163, 38.951522], [-104.67316, 38.951506], [-104.673172, 38.950869], [-104.673208, 38.948958], [-104.673213, 38.948725], [-104.673217, 38.948321], [-104.67322, 38.947674], [-104.673237, 38.946798], [-104.673237, 38.946773], [-104.673246, 38.94636], [-104.673248, 38.94626], [-104.673263, 38.945572], [-104.673283, 38.944826], [-104.673283, 38.944826], [-104.673283, 38.944826], [-104.673293, 38.944482], [-104.673298, 38.944014], [-104.673298, 38.944014], [-104.673298, 38.944014], [-104.673298, 38.944014], [-104.673298, 38.944014], [-104.673298, 38.944014], [-104.673311, 38.942838], [-104.673326, 38.942132], [-104.673352, 38.941031], [-104.673353, 38.940976], [-104.673355, 38.940848], [-104.673358, 38.940592], [-104.673358, 38.940586], [-104.673357, 38.940586], [-104.673133, 38.940582], [-104.673133, 38.940582], [-104.672696, 38.940572], [-104.672201, 38.940558], [-104.671178, 38.940528], [-104.671178, 38.940528], [-104.670991, 38.940522], [-104.670902, 38.940519], [-104.670459, 38.940491], [-104.670066, 38.940467], [-104.66951, 38.940433], [-104.669221, 38.940405], [-104.66922, 38.940405], [-104.66922, 38.940405], [-104.668868, 38.94037], [-104.668339, 38.940319], [-104.668284, 38.940313], [-104.668122, 38.940297], [-104.668068, 38.940292], [-104.667929, 38.940278], [-104.667645, 38.940267], [-104.667269, 38.940251], [-104.667019, 38.940242], [-104.666839, 38.940235], [-104.666677, 38.940225], [-104.6664, 38.940207], [-104.66591, 38.940175], [-104.66591, 38.940175], [-104.665525, 38.94015], [-104.665304, 38.940146], [-104.665302, 38.940146], [-104.664871, 38.940136], [-104.66457, 38.940129], [-104.664568, 38.940129], [-104.664234, 38.940123], [-104.664203, 38.940122], [-104.664072, 38.940123], [-104.663658, 38.940127], [-104.663371, 38.940129], [-104.662732, 38.940141], [-104.662559, 38.940144], [-104.66208, 38.940174], [-104.661902, 38.940185], [-104.661518, 38.940204], [-104.661518, 38.940204], [-104.660953, 38.940231], [-104.660912, 38.940233], [-104.659837, 38.940326], [-104.659157, 38.940384], [-104.658686, 38.940425], [-104.658598, 38.940432], [-104.658295, 38.940453], [-104.658295, 38.940453], [-104.658294, 38.940453], [-104.657757, 38.940491], [-104.65714, 38.940534], [-104.656308, 38.940591], [-104.656099, 38.940596], [-104.65579, 38.940602], [-104.655789, 38.940602], [-104.655732, 38.940599], [-104.655674, 38.940604], [-104.655547, 38.940607], [-104.655547, 38.940607], [-104.655547, 38.940607], [-104.655423, 38.94061], [-104.654253, 38.940622], [-104.654058, 38.940624], [-104.653558, 38.940624], [-104.653558, 38.940624], [-104.653558, 38.940624], [-104.653558, 38.940624], [-104.653557, 38.940624], [-104.652586, 38.940622], [-104.651142, 38.94062], [-104.650982, 38.940619], [-104.649564, 38.940617], [-104.649558, 38.940617], [-104.649553, 38.940617], [-104.64865, 38.940616], [-104.646822, 38.940613], [-104.645492, 38.940611], [-104.644666, 38.940605], [-104.642683, 38.940591], [-104.640971, 38.940579], [-104.639971, 38.940572], [-104.63997, 38.940572], [-104.63997, 38.940572], [-104.63997, 38.940572], [-104.63997, 38.940572], [-104.63997, 38.940572], [-104.63997, 38.940572], [-104.63997, 38.940572], [-104.63997, 38.940572], [-104.63997, 38.940572], [-104.639427, 38.940568], [-104.639234, 38.940566], [-104.638791, 38.940559], [-104.63809, 38.940549], [-104.638074, 38.940549], [-104.636913, 38.940532], [-104.636692, 38.940529], [-104.636167, 38.940521], [-104.635363, 38.940517], [-104.634532, 38.940513], [-104.634001, 38.940499], [-104.634001, 38.940499], [-104.633252, 38.940479], [-104.632965, 38.940477], [-104.632056, 38.940468], [-104.631833, 38.940466], [-104.631665, 38.940465], [-104.631353, 38.940463], [-104.630923, 38.940461], [-104.630923, 38.940461], [-104.630387, 38.940458], [-104.629913, 38.94045], [-104.629434, 38.940442], [-104.629434, 38.94044], [-104.629434, 38.94044], [-104.62944, 38.940248], [-104.629456, 38.939762], [-104.629459, 38.93967], [-104.62946, 38.939625], [-104.629466, 38.939477], [-104.629468, 38.939423], [-104.629474, 38.939294], [-104.629476, 38.939262], [-104.629479, 38.939209], [-104.629473, 38.939137], [-104.629454, 38.938916], [-104.629454, 38.938916], [-104.629454, 38.938909], [-104.627562, 38.938905], [-104.627552, 38.938905], [-104.62758, 38.937748], [-104.62754, 38.936269], [-104.627558, 38.926409], [-104.627558, 38.926408], [-104.627558, 38.926402], [-104.626765, 38.926394], [-104.626534, 38.926392], [-104.625006, 38.926377], [-104.624415, 38.926374], [-104.621894, 38.926359], [-104.620941, 38.926337], [-104.620939, 38.926337], [-104.620736, 38.926358], [-104.620548, 38.926401], [-104.62037, 38.926491], [-104.620327, 38.926513], [-104.619922, 38.926768], [-104.61961, 38.926976], [-104.618728, 38.927609], [-104.618716, 38.927619], [-104.618351, 38.927873], [-104.617842, 38.928196], [-104.617481, 38.928438], [-104.617221, 38.9286], [-104.617052, 38.928739], [-104.617017, 38.92878], [-104.615798, 38.929574], [-104.615288, 38.929908], [-104.614408, 38.92989], [-104.613772, 38.929895], [-104.613675, 38.929958], [-104.613449, 38.930107], [-104.612964, 38.930415], [-104.612793, 38.930524], [-104.612609, 38.930642], [-104.612283, 38.930856], [-104.612197, 38.930913], [-104.612113, 38.930967], [-104.611999, 38.931039], [-104.611656, 38.931256], [-104.611543, 38.931329], [-104.61152, 38.931343], [-104.611183, 38.931562], [-104.611084, 38.93163], [-104.611083, 38.93163], [-104.611082, 38.931631], [-104.611075, 38.931625], [-104.609506, 38.930162], [-104.60923, 38.929905], [-104.609229, 38.929904], [-104.609221, 38.929896], [-104.60861, 38.930294], [-104.608236, 38.930529], [-104.608236, 38.930529], [-104.608228, 38.930534], [-104.608165, 38.930071], [-104.60813, 38.929701], [-104.608073, 38.929336], [-104.608068, 38.929298], [-104.607883, 38.927833], [-104.607867, 38.927555], [-104.607811, 38.927062], [-104.607801, 38.926976], [-104.607744, 38.926473], [-104.607733, 38.92641], [-104.607713, 38.926208], [-104.607713, 38.926202], [-104.607705, 38.926202], [-104.607343, 38.92619], [-104.606782, 38.926174], [-104.606236, 38.926157], [-104.606213, 38.926157], [-104.605867, 38.926151], [-104.605647, 38.926144], [-104.604989, 38.926124], [-104.60477, 38.926118], [-104.604449, 38.926108], [-104.604136, 38.926095], [-104.604079, 38.926092], [-104.604071, 38.926091], [-104.60403, 38.92609], [-104.602382, 38.926047], [-104.601974, 38.926039], [-104.601275, 38.926027], [-104.601194, 38.926026], [-104.600916, 38.926018], [-104.599839, 38.925989], [-104.599541, 38.925981], [-104.599481, 38.925979], [-104.599251, 38.925972], [-104.598564, 38.925951], [-104.598335, 38.925945], [-104.598077, 38.925936], [-104.598047, 38.925935], [-104.59761, 38.925922], [-104.597183, 38.92591], [-104.597072, 38.925908], [-104.596896, 38.925903], [-104.596132, 38.925882], [-104.595921, 38.925876], [-104.595745, 38.925871], [-104.594744, 38.925843], [-104.59348, 38.925813], [-104.592998, 38.925798], [-104.592024, 38.925768], [-104.591575, 38.925757], [-104.591153, 38.925747], [-104.590892, 38.925741], [-104.590231, 38.925725], [-104.589783, 38.925715], [-104.589607, 38.925715], [-104.589512, 38.925714], [-104.588951, 38.925703], [-104.588951, 38.925703], [-104.588943, 38.925703], [-104.588649, 38.925698], [-104.588106, 38.925688], [-104.587975, 38.925687], [-104.587152, 38.925677], [-104.586425, 38.92566], [-104.585586, 38.925641], [-104.585057, 38.925624], [-104.584256, 38.9256], [-104.583588, 38.925588], [-104.583588, 38.925588], [-104.58347, 38.925585], [-104.583435, 38.925585], [-104.582942, 38.925571], [-104.581981, 38.925544], [-104.58185, 38.925541], [-104.581825, 38.925541], [-104.581825, 38.925541], [-104.580785, 38.925522], [-104.579693, 38.9255], [-104.579098, 38.925484], [-104.578138, 38.925459], [-104.577189, 38.92544], [-104.576952, 38.925436], [-104.576777, 38.925436], [-104.575907, 38.925425], [-104.574923, 38.925406], [-104.573681, 38.925377], [-104.573284, 38.925379], [-104.571435, 38.925354], [-104.570887, 38.925346], [-104.57061, 38.925342], [-104.569244, 38.925337], [-104.568697, 38.925335], [-104.567073, 38.925335], [-104.567009, 38.925335], [-104.566187, 38.925326], [-104.564792, 38.925322], [-104.564338, 38.925319], [-104.563933, 38.925317], [-104.562776, 38.925304], [-104.562524, 38.925301], [-104.562201, 38.925301], [-104.561231, 38.925303], [-104.560578, 38.925304], [-104.559677, 38.925305], [-104.559401, 38.925306], [-104.558394, 38.925308], [-104.556975, 38.925309], [-104.55664, 38.92531], [-104.556075, 38.925309], [-104.555855, 38.925309], [-104.555774, 38.925308], [-104.555446, 38.925308], [-104.553778, 38.925313], [-104.553653, 38.925313], [-104.553562, 38.925313], [-104.552945, 38.925315], [-104.552934, 38.925315], [-104.552864, 38.929754], [-104.552743, 38.937527], [-104.552741, 38.938806], [-104.552731, 38.93978], [-104.552722, 38.94065], [-104.552717, 38.941096], [-104.552716, 38.941697], [-104.552715, 38.942301], [-104.552713, 38.943074], [-104.552713, 38.943306], [-104.552712, 38.943497], [-104.552709, 38.944032], [-104.552705, 38.944684], [-104.552704, 38.944843], [-104.5527, 38.945811], [-104.552698, 38.946371], [-104.552702, 38.946969], [-104.552703, 38.947045], [-104.552703, 38.947079], [-104.552706, 38.947515], [-104.552709, 38.948124], [-104.552703, 38.948522], [-104.552696, 38.948993], [-104.552693, 38.949209], [-104.55269, 38.949387], [-104.552694, 38.949664], [-104.552703, 38.950269], [-104.552701, 38.950661], [-104.552698, 38.951219], [-104.552694, 38.952125], [-104.552693, 38.952493], [-104.55269, 38.953429], [-104.552689, 38.953936], [-104.552685, 38.954908], [-104.552237, 38.954904], [-104.550893, 38.954892], [-104.550446, 38.954889], [-104.548983, 38.954876], [-104.544595, 38.954839], [-104.543133, 38.954827], [-104.542393, 38.95482], [-104.540174, 38.954801], [-104.539435, 38.954795], [-104.538378, 38.954786], [-104.535209, 38.954759], [-104.534153, 38.95475], [-104.534147, 38.956193], [-104.534141, 38.957746], [-104.53414, 38.960461], [-104.534139, 38.960523], [-104.534135, 38.961967], [-104.534132, 38.963039], [-104.534131, 38.963702], [-104.534119, 38.964694], [-104.534112, 38.965347], [-104.534118, 38.966254], [-104.534127, 38.967327], [-104.534129, 38.967637], [-104.53412, 38.969033], [-104.534119, 38.969222], [-104.534121, 38.974151], [-104.534122, 38.975858], [-104.534122, 38.977428], [-104.534125, 38.980705], [-104.534119, 38.982139], [-104.534119, 38.982171], [-104.534122, 38.983065], [-104.534125, 38.98371], [-104.534125, 38.983775], [-104.534125, 38.98397], [-104.534126, 38.984035], [-104.534127, 38.984803], [-104.534122, 38.986614], [-104.534127, 38.987129], [-104.534135, 38.987903], [-104.534141, 38.988663], [-104.534149, 38.989712], [-104.534152, 38.990116], [-104.534152, 38.990555], [-104.534154, 38.992043], [-104.534157, 38.993432], [-104.534158, 38.994101], [-104.534158, 38.994179], [-104.534158, 38.994179], [-104.534158, 38.994179], [-104.534149, 38.996232], [-104.534142, 38.998125], [-104.534148, 38.998817], [-104.534163, 38.99882], [-104.53442, 38.998872], [-104.534573, 38.998971], [-104.53461, 38.999157], [-104.534591, 38.999231], [-104.534524, 38.999301], [-104.534411, 38.99935], [-104.534263, 38.999357], [-104.534163, 38.999355], [-104.534155, 38.999354], [-104.534163, 39.000011], [-104.534164, 39.000178], [-104.534164, 39.000178], [-104.53417, 39.001038], [-104.534212, 39.006698], [-104.534193, 39.008143], [-104.534172, 39.009777], [-104.534135, 39.012691], [-104.534134, 39.012739], [-104.53412, 39.013713], [-104.534093, 39.015658], [-104.534099, 39.016294], [-104.534141, 39.016781], [-104.534166, 39.017064], [-104.534229, 39.017658], [-104.534244, 39.017799], [-104.5343, 39.01833], [-104.534405, 39.019315], [-104.534634, 39.021202], [-104.535021, 39.024384], [-104.535392, 39.027436], [-104.535468, 39.028159], [-104.535808, 39.031414], [-104.535967, 39.032935], [-104.53601, 39.033423], [-104.536027, 39.033621], [-104.536036, 39.03483], [-104.536037, 39.035119], [-104.536043, 39.035986], [-104.536084, 39.036236], [-104.53609, 39.036272], [-104.536109, 39.036368], [-104.536123, 39.036438], [-104.536152, 39.036546], [-104.536169, 39.036611], [-104.536228, 39.036804], [-104.536309, 39.037013], [-104.536415, 39.037212], [-104.536532, 39.037416], [-104.536642, 39.037574], [-104.537066, 39.038184], [-104.538533, 39.040293], [-104.538689, 39.04055], [-104.538781, 39.040735], [-104.538807, 39.040796], [-104.538858, 39.040913], [-104.538925, 39.041101], [-104.538942, 39.041172], [-104.538981, 39.041324], [-104.53905, 39.041687], [-104.53908, 39.041994], [-104.539079, 39.042588], [-104.539146, 39.042588], [-104.53983, 39.042585], [-104.542086, 39.042578], [-104.54222, 39.042578], [-104.54222, 39.042578], [-104.542221, 39.042578], [-104.542838, 39.042577], [-104.543888, 39.042573], [-104.546601, 39.042566], [-104.547039, 39.042562], [-104.54809, 39.042553], [-104.548101, 39.042553], [-104.549265, 39.042542], [-104.550146, 39.042545], [-104.551239, 39.04255], [-104.551636, 39.042552], [-104.551693, 39.042552], [-104.55361, 39.042538], [-104.555527, 39.042527], [-104.556316, 39.042522], [-104.557007, 39.042518], [-104.558373, 39.042506], [-104.558477, 39.042505], [-104.558789, 39.042502], [-104.558893, 39.042501], [-104.559185, 39.042498], [-104.559509, 39.042496], [-104.561361, 39.042485], [-104.56157, 39.042484], [-104.561978, 39.042488], [-104.562362, 39.042491], [-104.562823, 39.042489], [-104.565361, 39.042481], [-104.565985, 39.04248], [-104.566207, 39.042479], [-104.566612, 39.042478], [-104.566704, 39.042477], [-104.567236, 39.042475], [-104.567881, 39.042473], [-104.569262, 39.042473], [-104.570323, 39.042473], [-104.570562, 39.042474], [-104.570632, 39.042474], [-104.571309, 39.042474], [-104.571353, 39.042474], [-104.571314, 39.044666], [-104.571313, 39.044746], [-104.571301, 39.045378], [-104.571276, 39.046672], [-104.57126, 39.047518], [-104.571238, 39.048608], [-104.571234, 39.048805], [-104.571232, 39.049083], [-104.57123, 39.049528], [-104.571233, 39.050165], [-104.571226, 39.050361], [-104.571213, 39.050719], [-104.571195, 39.051243], [-104.571183, 39.051603], [-104.571181, 39.051871], [-104.571172, 39.053436], [-104.571163, 39.05417], [-104.571146, 39.055705], [-104.571136, 39.056372], [-104.571126, 39.057106], [-104.571119, 39.057638], [-104.571101, 39.059235], [-104.571099, 39.059485], [-104.571096, 39.059768], [-104.571087, 39.060282], [-104.571081, 39.060591], [-104.571077, 39.060743], [-104.571061, 39.061524], [-104.571057, 39.061671], [-104.571055, 39.061773], [-104.571067, 39.062585], [-104.571054, 39.063668], [-104.571054, 39.063707], [-104.571048, 39.064058], [-104.571037, 39.064644], [-104.571028, 39.065147], [-104.571015, 39.065939], [-104.571009, 39.066372], [-104.571, 39.067156], [-104.570983, 39.068691], [-104.570975, 39.069827], [-104.570975, 39.069983], [-104.57097, 39.070933], [-104.570973, 39.071123], [-104.570975, 39.071236], [-104.570975, 39.071248], [-104.570976, 39.071334], [-104.570977, 39.071359], [-104.570979, 39.071527], [-104.57098, 39.071558], [-104.570982, 39.071679], [-104.570983, 39.071745], [-104.570983, 39.071747], [-104.570983, 39.071748], [-104.570983, 39.071756], [-104.570987, 39.072019], [-104.571007, 39.073183], [-104.571003, 39.073541], [-104.570995, 39.0742], [-104.570991, 39.074535], [-104.570989, 39.074709], [-104.570984, 39.075169], [-104.570979, 39.075606], [-104.570976, 39.075888], [-104.570952, 39.077237], [-104.570945, 39.077665], [-104.570919, 39.079262], [-104.570897, 39.079581], [-104.570884, 39.080174], [-104.570884, 39.080698], [-104.570883, 39.080976], [-104.570881, 39.082565], [-104.570872, 39.083569], [-104.570869, 39.083842], [-104.570857, 39.085242], [-104.570845, 39.085902], [-104.570819, 39.087184], [-104.570815, 39.087351], [-104.570805, 39.087933], [-104.570793, 39.090392], [-104.570772, 39.091261], [-104.570761, 39.0917], [-104.570727, 39.09315], [-104.570701, 39.09458], [-104.570645, 39.097768], [-104.570631, 39.098873], [-104.570613, 39.100305], [-104.56917, 39.100315], [-104.566923, 39.100314], [-104.565091, 39.100314], [-104.562201, 39.100322], [-104.561525, 39.100324], [-104.561111, 39.100325], [-104.555855, 39.100369], [-104.554696, 39.100379], [-104.55277, 39.100399], [-104.552181, 39.100444], [-104.552168, 39.100445], [-104.552162, 39.100795], [-104.552143, 39.101847], [-104.552138, 39.102198], [-104.552132, 39.102501], [-104.552116, 39.10341], [-104.552112, 39.103714], [-104.5521, 39.104391], [-104.552081, 39.105445], [-104.552081, 39.105484], [-104.552066, 39.10638], [-104.552033, 39.109637], [-104.552024, 39.110513], [-104.552022, 39.11064], [-104.55201, 39.111795], [-104.552, 39.112372], [-104.551997, 39.112477], [-104.551992, 39.112784], [-104.551991, 39.112794], [-104.55199, 39.1129], [-104.551941, 39.115808], [-104.551929, 39.116487], [-104.551926, 39.116643], [-104.55189, 39.119151], [-104.55189, 39.119203], [-104.551888, 39.119331], [-104.551883, 39.119987], [-104.551882, 39.120129], [-104.551876, 39.120877], [-104.551872, 39.121341], [-104.551836, 39.123488], [-104.551835, 39.12353], [-104.551825, 39.124167], [-104.551823, 39.124416], [-104.551816, 39.125125], [-104.551808, 39.126101], [-104.55179, 39.127206], [-104.551789, 39.127252], [-104.551778, 39.127962], [-104.551773, 39.128256], [-104.551772, 39.128356], [-104.551774, 39.129138]]]}}, {"type": "Feature", "properties": {"REP": 22}, "geometry": {"type": "Polygon", "coordinates": [[[-104.74981, 38.956616], [-104.749816, 38.956618], [-104.749819, 38.956618], [-104.75001, 38.956663], [-104.750161, 38.956694], [-104.750295, 38.956728], [-104.750347, 38.956741], [-104.750444, 38.956577], [-104.75045, 38.956567], [-104.750454, 38.95656], [-104.750742, 38.956614], [-104.751088, 38.956678], [-104.751122, 38.956683], [-104.751179, 38.956691], [-104.751224, 38.956697], [-104.751324, 38.95671], [-104.751419, 38.95671], [-104.751472, 38.95671], [-104.753309, 38.956706], [-104.753747, 38.956706], [-104.75388, 38.956706], [-104.754301, 38.956706], [-104.754547, 38.956705], [-104.755372, 38.956706], [-104.755679, 38.956703], [-104.756171, 38.956698], [-104.756212, 38.956697], [-104.75646, 38.956697], [-104.756558, 38.956696], [-104.756858, 38.956696], [-104.757542, 38.956698], [-104.757615, 38.956699], [-104.758694, 38.956702], [-104.758731, 38.956702], [-104.759846, 38.956705], [-104.759879, 38.956705], [-104.760102, 38.956706], [-104.760998, 38.956708], [-104.761263, 38.956709], [-104.76215, 38.956712], [-104.76238, 38.956712], [-104.76265, 38.956713], [-104.762697, 38.956713], [-104.762794, 38.956713], [-104.764116, 38.956717], [-104.764116, 38.956717], [-104.764167, 38.956717], [-104.764167, 38.956705], [-104.764167, 38.956705], [-104.764167, 38.956702], [-104.764169, 38.956544], [-104.764175, 38.956178], [-104.764186, 38.955479], [-104.764189, 38.955288], [-104.764189, 38.955274], [-104.764192, 38.955124], [-104.7642, 38.95468], [-104.7642, 38.954646], [-104.764202, 38.954382], [-104.764206, 38.953865], [-104.764246, 38.953566], [-104.764256, 38.953521], [-104.764262, 38.953492], [-104.764265, 38.953477], [-104.764318, 38.953223], [-104.764364, 38.95301], [-104.764442, 38.952763], [-104.764502, 38.952573], [-104.764513, 38.952536], [-104.764633, 38.952292], [-104.764649, 38.952262], [-104.764905, 38.951858], [-104.764979, 38.951751], [-104.765024, 38.951685], [-104.765034, 38.95167], [-104.765216, 38.951405], [-104.765465, 38.951104], [-104.765519, 38.951048], [-104.765794, 38.950769], [-104.765877, 38.950685], [-104.765903, 38.950658], [-104.766215, 38.950411], [-104.766481, 38.9502], [-104.766564, 38.950157], [-104.766856, 38.950008], [-104.767004, 38.949932], [-104.767116, 38.949872], [-104.76748, 38.949675], [-104.768401, 38.949176], [-104.768769, 38.948976], [-104.768862, 38.948926], [-104.769577, 38.94854], [-104.769612, 38.948518], [-104.769627, 38.948512], [-104.769628, 38.948513], [-104.770136, 38.94825], [-104.770454, 38.948087], [-104.770745, 38.947938], [-104.770962, 38.947827], [-104.771009, 38.947802], [-104.771233, 38.947686], [-104.771663, 38.947462], [-104.77172, 38.947433], [-104.771738, 38.947424], [-104.77176, 38.947413], [-104.77212, 38.947225], [-104.772171, 38.947198], [-104.772536, 38.946995], [-104.77287, 38.94681], [-104.772974, 38.946752], [-104.772985, 38.946746], [-104.772992, 38.946741], [-104.773218, 38.946571], [-104.773279, 38.946508], [-104.773358, 38.946426], [-104.773462, 38.946318], [-104.773516, 38.946237], [-104.773625, 38.946077], [-104.773633, 38.946066], [-104.773656, 38.946032], [-104.773728, 38.945897], [-104.77373, 38.945894], [-104.773736, 38.945882], [-104.773773, 38.945812], [-104.773863, 38.945566], [-104.773886, 38.945504], [-104.773911, 38.9454], [-104.773914, 38.945388], [-104.774055, 38.944807], [-104.774077, 38.944721], [-104.77408, 38.94471], [-104.774114, 38.944574], [-104.774198, 38.944244], [-104.774249, 38.944043], [-104.774252, 38.944032], [-104.774309, 38.943808], [-104.774331, 38.943727], [-104.774376, 38.943566], [-104.774453, 38.943365], [-104.774457, 38.943354], [-104.774461, 38.943343], [-104.774613, 38.943089], [-104.774877, 38.942688], [-104.774884, 38.942677], [-104.77492, 38.942622], [-104.775013, 38.942468], [-104.775062, 38.942315], [-104.775072, 38.942287], [-104.775086, 38.941999], [-104.775086, 38.941996], [-104.775096, 38.941784], [-104.775105, 38.941665], [-104.775088, 38.94148], [-104.775074, 38.94132], [-104.775063, 38.941194], [-104.775053, 38.941073], [-104.775045, 38.940763], [-104.775041, 38.94064], [-104.775039, 38.940568], [-104.775035, 38.940409], [-104.775035, 38.940317], [-104.775033, 38.940294], [-104.775035, 38.940272], [-104.775035, 38.940271], [-104.775035, 38.940271], [-104.775035, 38.940264], [-104.775035, 38.940264], [-104.77502, 38.940264], [-104.774861, 38.940265], [-104.774522, 38.940266], [-104.773764, 38.940267], [-104.773506, 38.940265], [-104.77337, 38.940264], [-104.773223, 38.940262], [-104.772352, 38.940255], [-104.772254, 38.940255], [-104.772218, 38.940255], [-104.771087, 38.940255], [-104.771066, 38.940255], [-104.77084, 38.940255], [-104.770179, 38.94026], [-104.769996, 38.94026], [-104.769915, 38.94026], [-104.768788, 38.940258], [-104.768763, 38.940258], [-104.768105, 38.940256], [-104.76779, 38.940253], [-104.767671, 38.940253], [-104.767611, 38.940252], [-104.766498, 38.940245], [-104.766386, 38.940244], [-104.766119, 38.940228], [-104.766046, 38.940201], [-104.766038, 38.940198], [-104.766038, 38.940198], [-104.766035, 38.940193], [-104.766015, 38.94015], [-104.766007, 38.940134], [-104.766007, 38.940134], [-104.766013, 38.93993], [-104.766013, 38.93993], [-104.766016, 38.939837], [-104.766016, 38.939837], [-104.766016, 38.939827], [-104.766016, 38.939827], [-104.766017, 38.93979], [-104.766017, 38.93979], [-104.76602, 38.93972], [-104.76602, 38.93972], [-104.766026, 38.939338], [-104.766026, 38.939338], [-104.766026, 38.939338], [-104.766026, 38.939337], [-104.766033, 38.938927], [-104.766033, 38.938927], [-104.766033, 38.938885], [-104.766033, 38.938885], [-104.766034, 38.938855], [-104.766034, 38.938855], [-104.76604, 38.938531], [-104.76604, 38.938531], [-104.76604, 38.938459], [-104.76604, 38.938458], [-104.76604, 38.938432], [-104.76604, 38.938432], [-104.766041, 38.938162], [-104.766041, 38.938162], [-104.766042, 38.937989], [-104.766042, 38.937989], [-104.766042, 38.937979], [-104.766042, 38.937979], [-104.766044, 38.937542], [-104.766044, 38.937542], [-104.766044, 38.937526], [-104.766044, 38.937526], [-104.766046, 38.937102], [-104.766046, 38.937102], [-104.766046, 38.937073], [-104.766046, 38.937073], [-104.766046, 38.937058], [-104.766046, 38.937058], [-104.766048, 38.93669], [-104.766048, 38.93669], [-104.766048, 38.93662], [-104.766048, 38.93662], [-104.766048, 38.936619], [-104.766048, 38.936619], [-104.766049, 38.936549], [-104.766049, 38.936549], [-104.766045, 38.936373], [-104.766045, 38.936373], [-104.766041, 38.936175], [-104.766041, 38.936175], [-104.76604, 38.936168], [-104.76604, 38.936167], [-104.76603, 38.935715], [-104.76603, 38.935714], [-104.76603, 38.935712], [-104.76603, 38.935712], [-104.766024, 38.935423], [-104.766024, 38.935423], [-104.76602, 38.935265], [-104.76602, 38.935265], [-104.766017, 38.935118], [-104.766017, 38.935114], [-104.766017, 38.935114], [-104.766017, 38.935107], [-104.766616, 38.934848], [-104.766645, 38.934835], [-104.766851, 38.934745], [-104.767361, 38.934525], [-104.767449, 38.934487], [-104.767707, 38.934374], [-104.767926, 38.93428], [-104.767978, 38.934258], [-104.768017, 38.934241], [-104.768842, 38.933875], [-104.769165, 38.933732], [-104.769354, 38.933648], [-104.770019, 38.933363], [-104.770148, 38.933316], [-104.770191, 38.9333], [-104.770481, 38.933195], [-104.770847, 38.933123], [-104.770848, 38.933122], [-104.770938, 38.933112], [-104.771081, 38.933095], [-104.771149, 38.933094], [-104.771223, 38.933093], [-104.771574, 38.933089], [-104.771738, 38.933086], [-104.771741, 38.933086], [-104.771851, 38.933086], [-104.771852, 38.933086], [-104.772443, 38.933085], [-104.772639, 38.933085], [-104.772639, 38.933085], [-104.772639, 38.933085], [-104.772815, 38.933084], [-104.773393, 38.933083], [-104.773777, 38.933078], [-104.774107, 38.933073], [-104.774708, 38.933065], [-104.774754, 38.933064], [-104.774919, 38.933064], [-104.775093, 38.933063], [-104.77522, 38.933063], [-104.775315, 38.933062], [-104.775419, 38.933061], [-104.775581, 38.93306], [-104.776005, 38.933058], [-104.77606, 38.933058], [-104.776398, 38.933056], [-104.776485, 38.933056], [-104.776541, 38.933056], [-104.776725, 38.933055], [-104.776965, 38.933054], [-104.776981, 38.933054], [-104.777245, 38.933053], [-104.777445, 38.933053], [-104.777472, 38.933053], [-104.777795, 38.933052], [-104.777925, 38.933052], [-104.777948, 38.933052], [-104.778404, 38.933052], [-104.778411, 38.933052], [-104.778806, 38.933051], [-104.778884, 38.933051], [-104.778908, 38.933051], [-104.779327, 38.933051], [-104.779364, 38.933051], [-104.779388, 38.933051], [-104.779594, 38.933051], [-104.779716, 38.933051], [-104.779844, 38.933051], [-104.779868, 38.933051], [-104.780324, 38.933051], [-104.780344, 38.933051], [-104.780397, 38.933051], [-104.780665, 38.933051], [-104.780717, 38.933051], [-104.780804, 38.933051], [-104.780839, 38.933051], [-104.780921, 38.933051], [-104.781283, 38.933051], [-104.781284, 38.933051], [-104.781689, 38.933051], [-104.781764, 38.933052], [-104.781791, 38.933052], [-104.781945, 38.933052], [-104.782047, 38.933052], [-104.782219, 38.933052], [-104.782244, 38.933052], [-104.782271, 38.933052], [-104.782352, 38.933052], [-104.782455, 38.933053], [-104.782723, 38.933053], [-104.782754, 38.933053], [-104.78287, 38.933053], [-104.783203, 38.933054], [-104.78324, 38.933054], [-104.783683, 38.933055], [-104.783726, 38.933055], [-104.784115, 38.933055], [-104.784163, 38.933056], [-104.784204, 38.933056], [-104.784383, 38.933056], [-104.784531, 38.93306], [-104.784643, 38.933063], [-104.784649, 38.933063], [-104.784941, 38.933068], [-104.785123, 38.933069], [-104.785144, 38.933069], [-104.785172, 38.93307], [-104.785595, 38.933074], [-104.785603, 38.933074], [-104.785677, 38.933072], [-104.785874, 38.933066], [-104.786048, 38.933051], [-104.786083, 38.933046], [-104.78625, 38.933018], [-104.786389, 38.932994], [-104.786563, 38.932953], [-104.786722, 38.932916], [-104.786729, 38.932914], [-104.786963, 38.932854], [-104.787045, 38.932834], [-104.787167, 38.932803], [-104.787219, 38.93279], [-104.787404, 38.932743], [-104.787526, 38.932715], [-104.787559, 38.932707], [-104.787682, 38.932677], [-104.787817, 38.932644], [-104.787966, 38.932617], [-104.788007, 38.93261], [-104.788009, 38.932609], [-104.788163, 38.932557], [-104.788175, 38.932553], [-104.788225, 38.932535], [-104.788411, 38.932494], [-104.788488, 38.932487], [-104.78858, 38.932477], [-104.788808, 38.932454], [-104.788968, 38.932456], [-104.788978, 38.932456], [-104.789244, 38.932458], [-104.789446, 38.932462], [-104.789448, 38.932462], [-104.789921, 38.93247], [-104.789927, 38.93247], [-104.790406, 38.932478], [-104.790407, 38.932478], [-104.790429, 38.932478], [-104.790887, 38.932483], [-104.790918, 38.932483], [-104.791367, 38.932487], [-104.791393, 38.932487], [-104.791828, 38.932491], [-104.791847, 38.932492], [-104.79189, 38.932492], [-104.792327, 38.932496], [-104.792341, 38.932496], [-104.792806, 38.932501], [-104.792838, 38.932501], [-104.792994, 38.932502], [-104.793207, 38.932505], [-104.793286, 38.932506], [-104.793326, 38.932506], [-104.793532, 38.932508], [-104.793747, 38.932511], [-104.793766, 38.932511], [-104.793852, 38.932511], [-104.794246, 38.932509], [-104.794273, 38.932508], [-104.794466, 38.932507], [-104.794701, 38.932506], [-104.794726, 38.932507], [-104.794747, 38.932508], [-104.795206, 38.93252], [-104.795211, 38.93252], [-104.795404, 38.932525], [-104.795685, 38.932534], [-104.795691, 38.932534], [-104.796086, 38.932554], [-104.796118, 38.932556], [-104.796118, 38.932556], [-104.796146, 38.932557], [-104.796146, 38.932557], [-104.796142, 38.932551], [-104.796063, 38.93244], [-104.796036, 38.932401], [-104.795962, 38.932296], [-104.7959, 38.932212], [-104.79579, 38.932062], [-104.795674, 38.931928], [-104.79567, 38.931923], [-104.795463, 38.931682], [-104.795425, 38.931644], [-104.79542, 38.931639], [-104.795245, 38.931461], [-104.795143, 38.931359], [-104.795138, 38.931354], [-104.795037, 38.931251], [-104.794847, 38.931074], [-104.794842, 38.931069], [-104.794769, 38.931001], [-104.794594, 38.930837], [-104.794538, 38.930784], [-104.794307, 38.930564], [-104.794299, 38.930557], [-104.794244, 38.930504], [-104.794221, 38.930482], [-104.79396, 38.930235], [-104.793944, 38.930219], [-104.79394, 38.930215], [-104.793825, 38.930096], [-104.793819, 38.93009], [-104.793814, 38.930085], [-104.793681, 38.929935], [-104.793677, 38.92993], [-104.793573, 38.929811], [-104.79348, 38.929691], [-104.793452, 38.929645], [-104.793439, 38.929625], [-104.793417, 38.929589], [-104.793398, 38.929541], [-104.793372, 38.929473], [-104.793369, 38.929466], [-104.793336, 38.929384], [-104.793335, 38.92938], [-104.793295, 38.929234], [-104.79328, 38.929112], [-104.793247, 38.928914], [-104.793244, 38.928739], [-104.793245, 38.928734], [-104.793249, 38.928707], [-104.793294, 38.928398], [-104.793323, 38.928255], [-104.793449, 38.927617], [-104.793456, 38.927584], [-104.793578, 38.926972], [-104.793589, 38.926913], [-104.793674, 38.926486], [-104.793827, 38.925718], [-104.793827, 38.925718], [-104.793829, 38.925708], [-104.793829, 38.925708], [-104.793829, 38.925708], [-104.79383, 38.925708], [-104.79383, 38.925705], [-104.793833, 38.925687], [-104.793839, 38.925656], [-104.79388, 38.925438], [-104.793937, 38.92513], [-104.793945, 38.925009], [-104.793945, 38.925], [-104.793948, 38.924956], [-104.793957, 38.924636], [-104.793951, 38.924562], [-104.79395, 38.924555], [-104.793939, 38.92442], [-104.793898, 38.924176], [-104.793882, 38.924116], [-104.793836, 38.923937], [-104.793749, 38.923687], [-104.793736, 38.923649], [-104.793717, 38.923593], [-104.793655, 38.923451], [-104.79361, 38.923348], [-104.793589, 38.923309], [-104.793554, 38.923246], [-104.79355, 38.923238], [-104.793454, 38.923063], [-104.793252, 38.922806], [-104.793246, 38.922799], [-104.793243, 38.922794], [-104.793046, 38.922555], [-104.792968, 38.922482], [-104.792856, 38.922377], [-104.792844, 38.922365], [-104.792836, 38.922358], [-104.792727, 38.92225], [-104.792589, 38.922115], [-104.792336, 38.921917], [-104.792329, 38.921911], [-104.792232, 38.921848], [-104.792005, 38.921701], [-104.791797, 38.921581], [-104.791588, 38.921483], [-104.791493, 38.921439], [-104.791454, 38.92142], [-104.790937, 38.921213], [-104.790754, 38.921156], [-104.790744, 38.921153], [-104.79035, 38.921029], [-104.790017, 38.920924], [-104.790014, 38.920923], [-104.790004, 38.92092], [-104.789678, 38.920817], [-104.789274, 38.920675], [-104.789264, 38.920671], [-104.789035, 38.92059], [-104.789013, 38.920583], [-104.788941, 38.920557], [-104.788534, 38.920361], [-104.788525, 38.920357], [-104.78845, 38.92032], [-104.788216, 38.920177], [-104.788175, 38.920147], [-104.788165, 38.92014], [-104.787937, 38.91997], [-104.787788, 38.919849], [-104.78764, 38.919728], [-104.787618, 38.919706], [-104.787611, 38.919698], [-104.787472, 38.919555], [-104.787458, 38.919541], [-104.787237, 38.919265], [-104.787232, 38.919259], [-104.787206, 38.919227], [-104.787157, 38.919165], [-104.787063, 38.919033], [-104.787054, 38.91902], [-104.787049, 38.919013], [-104.786928, 38.918818], [-104.786919, 38.918804], [-104.786812, 38.918594], [-104.786764, 38.918433], [-104.786764, 38.918433], [-104.786739, 38.918318], [-104.786736, 38.918303], [-104.786654, 38.917927], [-104.786651, 38.91789], [-104.786629, 38.917621], [-104.786629, 38.917446], [-104.786629, 38.917412], [-104.786629, 38.917344], [-104.786679, 38.917059], [-104.786729, 38.916862], [-104.786799, 38.916582], [-104.78682, 38.916507], [-104.78689, 38.91625], [-104.787063, 38.915619], [-104.787065, 38.915612], [-104.787232, 38.915039], [-104.787249, 38.91498], [-104.787267, 38.914919], [-104.787334, 38.914689], [-104.787428, 38.914365], [-104.787707, 38.913361], [-104.78791, 38.912642], [-104.787952, 38.912334], [-104.787968, 38.912095], [-104.787972, 38.911915], [-104.787951, 38.9116], [-104.787904, 38.911326], [-104.787829, 38.911067], [-104.787711, 38.910741], [-104.787649, 38.91061], [-104.787544, 38.910386], [-104.787345, 38.910029], [-104.787144, 38.909817], [-104.786672, 38.909348], [-104.78646, 38.909167], [-104.786289, 38.909027], [-104.786018, 38.908872], [-104.785884, 38.908803], [-104.785668, 38.908691], [-104.785407, 38.908568], [-104.784709, 38.908281], [-104.783662, 38.907851], [-104.781862, 38.907134], [-104.78182, 38.907118], [-104.781811, 38.907118], [-104.781808, 38.907113], [-104.781807, 38.907111], [-104.781622, 38.90704], [-104.781191, 38.906869], [-104.778827, 38.905905], [-104.775647, 38.904627], [-104.775531, 38.90458], [-104.77553, 38.904581], [-104.775526, 38.904578], [-104.775432, 38.90454], [-104.775229, 38.904458], [-104.772763, 38.903458], [-104.772307, 38.903276], [-104.770181, 38.902426], [-104.768593, 38.901762], [-104.768019, 38.901522], [-104.767967, 38.901501], [-104.767967, 38.901501], [-104.767941, 38.90149], [-104.768015, 38.901378], [-104.768016, 38.901376], [-104.767284, 38.901079], [-104.766216, 38.900646], [-104.765616, 38.900403], [-104.765098, 38.900167], [-104.765056, 38.900148], [-104.764768, 38.899994], [-104.764767, 38.899993], [-104.764706, 38.899954], [-104.764702, 38.899951], [-104.764556, 38.89986], [-104.764547, 38.899854], [-104.764422, 38.899762], [-104.764251, 38.899646], [-104.764226, 38.899626], [-104.763977, 38.89942], [-104.763876, 38.899337], [-104.762728, 38.898288], [-104.762421, 38.898007], [-104.762362, 38.897953], [-104.762314, 38.89791], [-104.762223, 38.897828], [-104.761953, 38.897584], [-104.761877, 38.897516], [-104.761863, 38.897503], [-104.76184, 38.897483], [-104.761785, 38.897433], [-104.76146, 38.897143], [-104.761224, 38.896932], [-104.761048, 38.896775], [-104.761045, 38.896772], [-104.760293, 38.8961], [-104.760254, 38.896066], [-104.760062, 38.895899], [-104.759848, 38.895712], [-104.759787, 38.895659], [-104.759641, 38.895532], [-104.759605, 38.8955], [-104.759545, 38.895448], [-104.75926, 38.895199], [-104.758991, 38.894965], [-104.758892, 38.89488], [-104.758739, 38.894747], [-104.758586, 38.894571], [-104.758484, 38.894471], [-104.758445, 38.894432], [-104.758444, 38.894431], [-104.758436, 38.894422], [-104.758302, 38.89428], [-104.758185, 38.894141], [-104.758153, 38.894103], [-104.757964, 38.893849], [-104.757786, 38.893568], [-104.757523, 38.89315], [-104.757405, 38.892878], [-104.757269, 38.892423], [-104.757192, 38.892136], [-104.757152, 38.891988], [-104.757128, 38.891842], [-104.757113, 38.891703], [-104.757107, 38.891612], [-104.757102, 38.891533], [-104.757096, 38.890914], [-104.757093, 38.890766], [-104.757093, 38.890738], [-104.757084, 38.890323], [-104.757083, 38.890217], [-104.757082, 38.890176], [-104.757079, 38.890039], [-104.757072, 38.88963], [-104.75707, 38.889494], [-104.757064, 38.889194], [-104.757064, 38.889185], [-104.75706, 38.888945], [-104.75706, 38.888922], [-104.757048, 38.888172], [-104.757047, 38.888167], [-104.757043, 38.887893], [-104.757047, 38.8873], [-104.757047, 38.88725], [-104.757048, 38.887149], [-104.757051, 38.886752], [-104.757051, 38.886631], [-104.757055, 38.886271], [-104.757056, 38.886167], [-104.757056, 38.886152], [-104.757056, 38.886127], [-104.757056, 38.886057], [-104.757056, 38.885774], [-104.757057, 38.88568], [-104.757057, 38.885133], [-104.757057, 38.885104], [-104.757057, 38.88501], [-104.757057, 38.884463], [-104.757061, 38.884112], [-104.757061, 38.884082], [-104.757072, 38.883122], [-104.757072, 38.883059], [-104.757073, 38.883001], [-104.757078, 38.882635], [-104.757078, 38.882372], [-104.757078, 38.882332], [-104.757077, 38.882039], [-104.757077, 38.882037], [-104.757076, 38.881779], [-104.757076, 38.881384], [-104.757076, 38.88106], [-104.757076, 38.881042], [-104.757077, 38.881014], [-104.757096, 38.88012], [-104.757099, 38.879992], [-104.757099, 38.879988], [-104.757109, 38.879568], [-104.75711, 38.879045], [-104.75711, 38.879036], [-104.75711, 38.878969], [-104.757112, 38.878605], [-104.757112, 38.878217], [-104.757113, 38.877947], [-104.757113, 38.877941], [-104.757113, 38.877907], [-104.757121, 38.877442], [-104.75713, 38.876984], [-104.757131, 38.876911], [-104.757131, 38.876908], [-104.757131, 38.876889], [-104.757136, 38.87662], [-104.757142, 38.876295], [-104.757145, 38.876161], [-104.757179, 38.875013], [-104.757177, 38.874447], [-104.757175, 38.873832], [-104.757182, 38.873257], [-104.757182, 38.873245], [-104.757182, 38.873235], [-104.757184, 38.873126], [-104.757185, 38.873042], [-104.757186, 38.872944], [-104.757189, 38.872736], [-104.75719, 38.872631], [-104.757191, 38.8726], [-104.757194, 38.872355], [-104.757195, 38.872277], [-104.757195, 38.872257], [-104.757199, 38.871977], [-104.757199, 38.871925], [-104.757199, 38.871914], [-104.757202, 38.871571], [-104.757202, 38.871571], [-104.757205, 38.871243], [-104.757205, 38.871228], [-104.757207, 38.8709], [-104.757207, 38.870884], [-104.757209, 38.870675], [-104.75721, 38.870557], [-104.75721, 38.870541], [-104.757211, 38.870446], [-104.757218, 38.870226], [-104.757219, 38.870198], [-104.757227, 38.869952], [-104.757229, 38.869878], [-104.757229, 38.869855], [-104.757238, 38.869525], [-104.757238, 38.869512], [-104.757245, 38.869254], [-104.757244, 38.869171], [-104.757244, 38.869168], [-104.757242, 38.868831], [-104.757242, 38.868825], [-104.757239, 38.868492], [-104.757239, 38.868482], [-104.757236, 38.868145], [-104.757236, 38.868103], [-104.757239, 38.867846], [-104.757239, 38.867808], [-104.757247, 38.867153], [-104.75726, 38.866017], [-104.757265, 38.865637], [-104.757269, 38.865131], [-104.757272, 38.864754], [-104.757276, 38.864247], [-104.757285, 38.863347], [-104.757302, 38.862302], [-104.757313, 38.861678], [-104.757325, 38.860967], [-104.757329, 38.860789], [-104.75734, 38.860118], [-104.757352, 38.859805], [-104.757352, 38.859705], [-104.7573, 38.85972], [-104.757244, 38.859737], [-104.757147, 38.859765], [-104.757106, 38.859778], [-104.757099, 38.85978], [-104.757096, 38.859781], [-104.756998, 38.859812], [-104.756425, 38.860032], [-104.756026, 38.860186], [-104.755716, 38.860304], [-104.755716, 38.860304], [-104.755308, 38.860458], [-104.754967, 38.860576], [-104.754587, 38.860708], [-104.754406, 38.860757], [-104.754274, 38.860794], [-104.753874, 38.86089], [-104.753711, 38.860928], [-104.753636, 38.860946], [-104.753569, 38.860955], [-104.753141, 38.861019], [-104.752999, 38.861041], [-104.752781, 38.861058], [-104.752127, 38.861109], [-104.75191, 38.861127], [-104.751724, 38.861141], [-104.751421, 38.861164], [-104.751172, 38.861215], [-104.751046, 38.861243], [-104.751046, 38.861243], [-104.750991, 38.861254], [-104.750826, 38.861288], [-104.750096, 38.861486], [-104.749864, 38.861534], [-104.749174, 38.861619], [-104.749013, 38.861621], [-104.748847, 38.861624], [-104.748492, 38.861644], [-104.748329, 38.861653], [-104.748021, 38.861686], [-104.747896, 38.861721], [-104.747868, 38.861728], [-104.747811, 38.861745], [-104.747748, 38.861762], [-104.747378, 38.861925], [-104.747244, 38.862001], [-104.746363, 38.862498], [-104.74583, 38.862784], [-104.745613, 38.862901], [-104.745275, 38.863086], [-104.744964, 38.863256], [-104.744749, 38.863375], [-104.744315, 38.863618], [-104.74391, 38.863846], [-104.743008, 38.86434], [-104.742657, 38.864533], [-104.74257, 38.864576], [-104.742496, 38.864614], [-104.742274, 38.864728], [-104.742201, 38.864767], [-104.74176, 38.865048], [-104.741718, 38.865075], [-104.7407, 38.865976], [-104.740583, 38.866084], [-104.7402, 38.86644], [-104.739898, 38.86673], [-104.739699, 38.866922], [-104.739153, 38.867421], [-104.738967, 38.867575], [-104.738911, 38.867623], [-104.738643, 38.867769], [-104.738608, 38.867788], [-104.738533, 38.86781], [-104.738412, 38.867845], [-104.738387, 38.867848], [-104.738108, 38.867893], [-104.73784, 38.867904], [-104.737703, 38.867909], [-104.737544, 38.867916], [-104.737475, 38.867916], [-104.737111, 38.867916], [-104.736019, 38.867917], [-104.735656, 38.867918], [-104.734814, 38.867914], [-104.733175, 38.867909], [-104.732291, 38.867913], [-104.73145, 38.867918], [-104.731046, 38.867923], [-104.730935, 38.867924], [-104.730426, 38.867931], [-104.729933, 38.867926], [-104.729835, 38.867926], [-104.729496, 38.867925], [-104.729432, 38.867924], [-104.728963, 38.867921], [-104.728756, 38.86792], [-104.728302, 38.867929], [-104.728115, 38.867954], [-104.727853, 38.867989], [-104.727735, 38.868005], [-104.727496, 38.86804], [-104.727173, 38.868117], [-104.727084, 38.868135], [-104.726898, 38.868196], [-104.7268, 38.868228], [-104.72669, 38.868265], [-104.726276, 38.868448], [-104.726258, 38.868456], [-104.725918, 38.868626], [-104.725747, 38.868729], [-104.725598, 38.86882], [-104.725425, 38.868947], [-104.725337, 38.86901], [-104.725184, 38.869123], [-104.725083, 38.869213], [-104.725003, 38.869286], [-104.724797, 38.869473], [-104.724777, 38.869492], [-104.724175, 38.870089], [-104.724123, 38.870138], [-104.723905, 38.870351], [-104.723904, 38.870352], [-104.72365, 38.870597], [-104.72296, 38.871264], [-104.722881, 38.871324], [-104.72268, 38.87148], [-104.722602, 38.87154], [-104.722483, 38.87161], [-104.72214, 38.871768], [-104.722097, 38.871789], [-104.721911, 38.871868], [-104.721641, 38.871949], [-104.721513, 38.871973], [-104.721381, 38.871993], [-104.720706, 38.872101], [-104.720639, 38.872101], [-104.720124, 38.872105], [-104.720024, 38.872107], [-104.72001, 38.872105], [-104.719898, 38.872101], [-104.719898, 38.872108], [-104.719898, 38.87212], [-104.719898, 38.872121], [-104.719892, 38.872432], [-104.719885, 38.872836], [-104.71988, 38.873428], [-104.719878, 38.873761], [-104.719876, 38.874029], [-104.719862, 38.874486], [-104.719848, 38.875009], [-104.719854, 38.875802], [-104.71987, 38.876662], [-104.719874, 38.876864], [-104.71986, 38.877388], [-104.719847, 38.87768], [-104.719839, 38.877844], [-104.719829, 38.87898], [-104.71981, 38.881467], [-104.719837, 38.882486], [-104.719808, 38.883756], [-104.719807, 38.883807], [-104.719789, 38.884657], [-104.719783, 38.884923], [-104.719776, 38.885271], [-104.719774, 38.885349], [-104.719774, 38.885357], [-104.719764, 38.885897], [-104.71976, 38.887015], [-104.719759, 38.887432], [-104.719763, 38.888881], [-104.719744, 38.89121], [-104.719765, 38.891353], [-104.719754, 38.892013], [-104.719751, 38.892196], [-104.719748, 38.892383], [-104.719742, 38.892758], [-104.719743, 38.893273], [-104.719744, 38.893496], [-104.719744, 38.893596], [-104.719745, 38.89368], [-104.719744, 38.893884], [-104.719724, 38.894462], [-104.719701, 38.895072], [-104.719701, 38.8951], [-104.719691, 38.89669], [-104.719621, 38.899015], [-104.719614, 38.89925], [-104.719605, 38.899576], [-104.719598, 38.900644], [-104.719583, 38.902701], [-104.719571, 38.904527], [-104.719567, 38.904745], [-104.719534, 38.906433], [-104.71952, 38.907475], [-104.719515, 38.908263], [-104.719512, 38.908875], [-104.719508, 38.909613], [-104.719506, 38.910155], [-104.719506, 38.910249], [-104.719504, 38.910658], [-104.719503, 38.910933], [-104.719502, 38.911053], [-104.719502, 38.911098], [-104.719497, 38.911389], [-104.719493, 38.911697], [-104.719476, 38.912757], [-104.719469, 38.913214], [-104.719439, 38.91502], [-104.719403, 38.917299], [-104.719423, 38.918596], [-104.719403, 38.920013], [-104.719416, 38.920439], [-104.719453, 38.921554], [-104.719475, 38.922203], [-104.719476, 38.922245], [-104.719477, 38.9223], [-104.719483, 38.922465], [-104.719485, 38.922521], [-104.719491, 38.922711], [-104.719492, 38.92273], [-104.719488, 38.923284], [-104.719487, 38.923475], [-104.719484, 38.923825], [-104.719496, 38.925395], [-104.719486, 38.925932], [-104.719484, 38.926061], [-104.719482, 38.92615], [-104.719481, 38.926229], [-104.719434, 38.927994], [-104.719423, 38.928413], [-104.719421, 38.928496], [-104.719409, 38.928927], [-104.719428, 38.929582], [-104.719462, 38.930073], [-104.719541, 38.930664], [-104.719546, 38.930702], [-104.719575, 38.930922], [-104.71958, 38.930957], [-104.71975, 38.932239], [-104.719815, 38.932954], [-104.719819, 38.932992], [-104.719825, 38.93306], [-104.719827, 38.933081], [-104.719806, 38.934709], [-104.719809, 38.93528], [-104.719809, 38.935325], [-104.719818, 38.93689], [-104.71982, 38.937152], [-104.719825, 38.937568], [-104.719827, 38.937712], [-104.719825, 38.937823], [-104.719786, 38.939652], [-104.719775, 38.939856], [-104.719766, 38.940047], [-104.719761, 38.940139], [-104.71976, 38.940151], [-104.719753, 38.940302], [-104.719752, 38.940317], [-104.719752, 38.940317], [-104.719742, 38.940317], [-104.719724, 38.940317], [-104.719565, 38.940313], [-104.719565, 38.940316], [-104.719565, 38.94032], [-104.719561, 38.940434], [-104.71956, 38.940465], [-104.719537, 38.941556], [-104.719521, 38.942325], [-104.719488, 38.943918], [-104.719484, 38.944116], [-104.719482, 38.944209], [-104.719492, 38.944391], [-104.719522, 38.944959], [-104.71956, 38.945536], [-104.719639, 38.946316], [-104.719687, 38.94663], [-104.719772, 38.947034], [-104.719791, 38.94713], [-104.719841, 38.947392], [-104.719854, 38.947459], [-104.719856, 38.947467], [-104.719891, 38.947579], [-104.719891, 38.947579], [-104.719891, 38.947579], [-104.719891, 38.947579], [-104.72001, 38.947962], [-104.720077, 38.948161], [-104.720077, 38.948161], [-104.720116, 38.948277], [-104.720214, 38.948523], [-104.720214, 38.948523], [-104.72034, 38.948434], [-104.72034, 38.948434], [-104.72034, 38.948434], [-104.72034, 38.948434], [-104.72034, 38.948434], [-104.720368, 38.948414], [-104.720407, 38.948386], [-104.720407, 38.948386], [-104.720433, 38.948462], [-104.720434, 38.948464], [-104.720562, 38.948836], [-104.720584, 38.948887], [-104.720587, 38.948895], [-104.720813, 38.949425], [-104.721036, 38.949889], [-104.721101, 38.950016], [-104.721104, 38.950022], [-104.721178, 38.950166], [-104.721286, 38.950355], [-104.721373, 38.950497], [-104.721711, 38.951046], [-104.721758, 38.951121], [-104.721769, 38.95114], [-104.721781, 38.951158], [-104.722102, 38.951632], [-104.72239, 38.952018], [-104.722589, 38.952258], [-104.722591, 38.952261], [-104.722821, 38.952538], [-104.723427, 38.953208], [-104.723601, 38.953378], [-104.723625, 38.953401], [-104.723721, 38.953495], [-104.723949, 38.953715], [-104.72437, 38.954098], [-104.724703, 38.954384], [-104.724825, 38.95448], [-104.72485, 38.954499], [-104.72545, 38.954967], [-104.725788, 38.955224], [-104.726254, 38.955577], [-104.726312, 38.955621], [-104.726508, 38.95577], [-104.726882, 38.956053], [-104.727332, 38.956416], [-104.727333, 38.956416], [-104.727415, 38.956359], [-104.727675, 38.95618], [-104.72805, 38.955886], [-104.728072, 38.955869], [-104.728702, 38.955377], [-104.729341, 38.954986], [-104.729369, 38.955019], [-104.729388, 38.955042], [-104.729407, 38.955061], [-104.729517, 38.955168], [-104.729517, 38.955168], [-104.729526, 38.955193], [-104.729954, 38.954991], [-104.729986, 38.954975], [-104.730144, 38.954926], [-104.730251, 38.954894], [-104.730472, 38.954827], [-104.730518, 38.954818], [-104.730594, 38.954804], [-104.730948, 38.954736], [-104.731335, 38.954691], [-104.731343, 38.954691], [-104.731436, 38.954688], [-104.731788, 38.954678], [-104.732122, 38.954675], [-104.732165, 38.954675], [-104.732621, 38.954671], [-104.732672, 38.954671], [-104.732705, 38.95467], [-104.732725, 38.95467], [-104.73277, 38.95467], [-104.732791, 38.954669], [-104.732791, 38.954668], [-104.732792, 38.954668], [-104.73279, 38.954498], [-104.73279, 38.954498], [-104.73279, 38.954498], [-104.73279, 38.954475], [-104.73279, 38.954462], [-104.733034, 38.954465], [-104.733693, 38.954475], [-104.733743, 38.954475], [-104.733877, 38.954477], [-104.733913, 38.954478], [-104.734026, 38.954479], [-104.734385, 38.954478], [-104.734549, 38.954478], [-104.734684, 38.954477], [-104.734854, 38.954477], [-104.735022, 38.954476], [-104.736623, 38.954472], [-104.736704, 38.954471], [-104.736737, 38.954471], [-104.736738, 38.954471], [-104.736749, 38.954471], [-104.737038, 38.954472], [-104.738952, 38.954475], [-104.738952, 38.954475], [-104.738952, 38.954475], [-104.739092, 38.954475], [-104.739129, 38.954475], [-104.739289, 38.954476], [-104.739589, 38.954476], [-104.740092, 38.954474], [-104.740163, 38.954474], [-104.740666, 38.954473], [-104.740712, 38.954473], [-104.741025, 38.954472], [-104.741173, 38.954474], [-104.741215, 38.954474], [-104.741219, 38.954474], [-104.741245, 38.954474], [-104.741273, 38.954474], [-104.741391, 38.954473], [-104.741932, 38.954471], [-104.741958, 38.954471], [-104.742214, 38.954469], [-104.742506, 38.954468], [-104.742545, 38.954468], [-104.74257, 38.954468], [-104.742915, 38.954466], [-104.743003, 38.954466], [-104.74305, 38.954466], [-104.74316, 38.954465], [-104.743297, 38.954472], [-104.743455, 38.95448], [-104.743638, 38.954494], [-104.743747, 38.954506], [-104.743824, 38.954514], [-104.743852, 38.954517], [-104.743928, 38.954525], [-104.743918, 38.954699], [-104.74444, 38.954807], [-104.745149, 38.955011], [-104.745165, 38.955015], [-104.745183, 38.955025], [-104.745394, 38.955134], [-104.745485, 38.955181], [-104.745493, 38.955186], [-104.745647, 38.955266], [-104.745662, 38.955273], [-104.7458, 38.955345], [-104.745874, 38.955383], [-104.745885, 38.955388], [-104.745911, 38.9554], [-104.745928, 38.955407], [-104.745985, 38.955318], [-104.746164, 38.955397], [-104.746461, 38.955529], [-104.746467, 38.955532], [-104.746824, 38.955689], [-104.746853, 38.955702], [-104.746939, 38.955735], [-104.746945, 38.955737], [-104.747417, 38.955914], [-104.747423, 38.955917], [-104.747572, 38.955973], [-104.747585, 38.955977], [-104.747895, 38.956094], [-104.747901, 38.956096], [-104.748339, 38.956261], [-104.748351, 38.956265], [-104.748379, 38.956276], [-104.748388, 38.956279], [-104.748471, 38.95631], [-104.748591, 38.956332], [-104.748852, 38.956397], [-104.748858, 38.956398], [-104.749148, 38.956469], [-104.749334, 38.956511], [-104.749337, 38.956511], [-104.74981, 38.956616]]]}}]}