{
"type": "FeatureCollection",
"name": "Senate_Districts_",
"crs": { "type": "name", "properties": { "name": "urn:ogc:def:crs:OGC:1.3:CRS84" } },
"features": [
{ "type": "Feature", "properties": { "OBJECTID": 49, "LANDBASE_EPC_SENATEDIST_AREA": null, "PERIMETER": null, "SENATE": 12, "Shape__Area": 11050540764.297762, "Shape__Length": 799628.18951776426 }, "geometry": { "type": "Polygon", "coordinates": [ [ [ -105.01193803234608, 39.021194317499258 ], [ -105.011933467884177, 39.021210672974512 ], [ -105.011895502804677, 39.021346715759165 ], [ -105.011890032525244, 39.021366317673738 ], [ -105.011872031677001, 39.021519316892601 ], [ -105.011879032120888, 39.021658317317581 ], [ -105.01192703215537, 39.021791317006162 ], [ -105.011977361071061, 39.021870405639127 ], [ -105.012024195293264, 39.021944002487032 ], [ -105.012039032516881, 39.021967317186608 ], [ -105.012045324283079, 39.02198790886802 ], [ -105.012083032048082, 39.022111317336318 ], [ -105.012101032002491, 39.022259317283961 ], [ -105.012098903042201, 39.022296473495167 ], [ -105.012090032549295, 39.022451318065386 ], [ -105.012028031997531, 39.022647318390973 ], [ -105.011967032163753, 39.022811317766823 ], [ -105.01186103246242, 39.02295031751715 ], [ -105.011728032660258, 39.0231063181634 ], [ -105.011629033157163, 39.023225317734287 ], [ -105.011593032160434, 39.023327318608011 ], [ -105.011591634198112, 39.023338966033698 ], [ -105.011587641159792, 39.023372246199045 ], [ -105.011575032371212, 39.023477317942906 ], [ -105.011596031592134, 39.023616318500075 ], [ -105.011691031718286, 39.02384031747463 ], [ -105.011887032647266, 39.024188318069392 ], [ -105.012225032101014, 39.024876317766839 ], [ -105.012261032772884, 39.025069317977582 ], [ -105.012258032822771, 39.025253318491913 ], [ -105.012283091004036, 39.025313457304833 ], [ -105.012308033342549, 39.025373318167404 ], [ -105.012313847794488, 39.025369515740969 ], [ -105.012516032853156, 39.025237318739777 ], [ -105.012738033223982, 39.025077317846609 ], [ -105.012891033130572, 39.024977317668913 ], [ -105.013110033012268, 39.024804317888488 ], [ -105.01318603256685, 39.024679317736286 ], [ -105.013211033825328, 39.024611317724251 ], [ -105.013193032427466, 39.024546317935844 ], [ -105.013155634470792, 39.024519723712885 ], [ -105.013148033291429, 39.024514318418298 ], [ -105.0130680325139, 39.0244843174492 ], [ -105.012849033132809, 39.024481318856232 ], [ -105.012791908849636, 39.024461970346138 ], [ -105.012787032797107, 39.024460318523609 ], [ -105.012745032779847, 39.024422318278525 ], [ -105.012717033007661, 39.024335317668189 ], [ -105.01271403258518, 39.024246318186634 ], [ -105.012728032210092, 39.02403431776073 ], [ -105.012808033032513, 39.02362831794931 ], [ -105.012873033140892, 39.023232318620821 ], [ -105.012933032535358, 39.022948317987137 ], [ -105.012939032758212, 39.022921317830679 ], [ -105.013016033463472, 39.022642317651659 ], [ -105.013005032357583, 39.022376317040546 ], [ -105.013022031886479, 39.022119317609103 ], [ -105.013082031888302, 39.021932317707169 ], [ -105.013222973341669, 39.021680249599314 ], [ -105.013238032471548, 39.021653317916609 ], [ -105.013297032235045, 39.021498317022527 ], [ -105.013318032957088, 39.021352317963029 ], [ -105.01332035156392, 39.021305946907077 ], [ -105.013324840258818, 39.021216164340053 ], [ -105.013328032970378, 39.021152316999512 ], [ -105.013366033475293, 39.021005317864365 ], [ -105.013384509562997, 39.020971313515652 ], [ -105.013433209057396, 39.020881685039114 ], [ -105.013442545908589, 39.020864499951116 ], [ -105.013460032444669, 39.020832317462265 ], [ -105.013536032193286, 39.020732317195289 ], [ -105.013672033112613, 39.020648317783369 ], [ -105.01386303281943, 39.020585316725949 ], [ -105.014088032612065, 39.020547316861006 ], [ -105.014696032337369, 39.020477317261303 ], [ -105.014859032383384, 39.02046931680259 ], [ -105.014991032112661, 39.020480317290264 ], [ -105.015120033718219, 39.020501318002857 ], [ -105.015419032845088, 39.020620317891819 ], [ -105.015463085807937, 39.020631049148157 ], [ -105.015731033176635, 39.020696318038119 ], [ -105.015767603908145, 39.020703547120931 ], [ -105.016075033148596, 39.020764317521461 ], [ -105.016554033365225, 39.02090731755132 ], [ -105.016911033999634, 39.020957317457523 ], [ -105.01700603381336, 39.020970317879566 ], [ -105.017336426398458, 39.021012100347278 ], [ -105.017433033424567, 39.021024317043242 ], [ -105.017484310047038, 39.021039664550848 ], [ -105.018148032761033, 39.021238316899684 ], [ -105.018819034222716, 39.021327317154721 ], [ -105.018911682244138, 39.021321474207291 ], [ -105.01904103453073, 39.021313317174332 ], [ -105.019152034205177, 39.021319317518902 ], [ -105.019267033785226, 39.02135431704513 ], [ -105.019273872163396, 39.021359662040574 ], [ -105.019354033937759, 39.021422316737024 ], [ -105.019358269259328, 39.02142410166821 ], [ -105.019457769396467, 39.021466041077296 ], [ -105.019475033129552, 39.021473317242659 ], [ -105.019593033791054, 39.021511316918833 ], [ -105.019670137001114, 39.021524887236936 ], [ -105.019718033832646, 39.02153331756864 ], [ -105.019723776944787, 39.02153482403881 ], [ -105.019824444002978, 39.02156122752789 ], [ -105.019840034110885, 39.021565316767521 ], [ -105.019972034517906, 39.021622316673515 ], [ -105.020009015751583, 39.02163744198748 ], [ -105.020395033693148, 39.021795316639029 ], [ -105.020672033882121, 39.021908316352693 ], [ -105.021111034363543, 39.022088316933818 ], [ -105.021379034835036, 39.022194317142443 ], [ -105.021583034121676, 39.022242317105338 ], [ -105.02176103433375, 39.022242316718135 ], [ -105.021868854003259, 39.022217524163061 ], [ -105.021948035522314, 39.022199317115174 ], [ -105.022077139163329, 39.022135572875129 ], [ -105.02209671174856, 39.022125908794976 ], [ -105.022108034463528, 39.022120317793728 ], [ -105.022302034847115, 39.021968316618803 ], [ -105.022455034893028, 39.021854316551291 ], [ -105.022615034031872, 39.021735316477454 ], [ -105.022858034596922, 39.021570317001789 ], [ -105.022897034610608, 39.021555317425104 ], [ -105.023004034405417, 39.021513317096328 ], [ -105.023015133439714, 39.021511937425053 ], [ -105.023181034057615, 39.021491317307415 ], [ -105.023459034334337, 39.02146431652934 ], [ -105.023634035157386, 39.021405316625994 ], [ -105.024405035781186, 39.021142316970412 ], [ -105.024743035176925, 39.021028317069671 ], [ -105.02487303571634, 39.020996316344316 ], [ -105.025226035059504, 39.020909316802552 ], [ -105.02563903557855, 39.020760316079716 ], [ -105.026001036233083, 39.020584316207589 ], [ -105.02624003557905, 39.020459316888953 ], [ -105.026627035950554, 39.020177316583826 ], [ -105.026636034960049, 39.020171316625216 ], [ -105.026874035460708, 39.019983316112125 ], [ -105.027098035640364, 39.019806316088363 ], [ -105.027279035668485, 39.019690316329189 ], [ -105.027349035525233, 39.019645316962738 ], [ -105.02736203524087, 39.019637316201745 ], [ -105.027499457438978, 39.019586419600252 ], [ -105.027524035466655, 39.019577316324764 ], [ -105.027524407842591, 39.019568749032359 ], [ -105.02752803582176, 39.019485317012531 ], [ -105.027540036272498, 39.019198316188046 ], [ -105.027554035659463, 39.018863316717592 ], [ -105.027577035376083, 39.018335316014735 ], [ -105.027701035713392, 39.014856315881104 ], [ -105.027772035618568, 39.014360316448311 ], [ -105.027843950635813, 39.013851425996918 ], [ -105.027843973732686, 39.013851252228037 ], [ -105.027942034927534, 39.013157314899097 ], [ -105.027944035348611, 39.013133314663129 ], [ -105.02795503459997, 39.013063315167805 ], [ -105.028575035084131, 39.008696314846787 ], [ -105.028778033767907, 39.007268314254361 ], [ -105.028819034320321, 39.007008314938595 ], [ -105.028840034275632, 39.006861314783869 ], [ -105.029108034385175, 39.00512831388869 ], [ -105.029955034370062, 38.999638312631845 ], [ -105.027994031816732, 38.989115312312087 ], [ -105.027990033139702, 38.989097311622835 ], [ -105.027526031007255, 38.986624311945604 ], [ -105.027451156646549, 38.98622551713612 ], [ -105.027450990864565, 38.986224586790343 ], [ -105.027327032441349, 38.985564311301992 ], [ -105.0273275222889, 38.985501394620997 ], [ -105.027327513421639, 38.985501339633416 ], [ -105.027356030905466, 38.981804311488965 ], [ -105.027384031165809, 38.980697311251681 ], [ -105.027395030639767, 38.97679331028548 ], [ -105.027429030108806, 38.972043309552205 ], [ -105.027435030079985, 38.971144309800685 ], [ -105.027425030444988, 38.970602309418489 ], [ -105.027425030376861, 38.970584309583302 ], [ -105.027360029641827, 38.967482308827201 ], [ -105.027353029473417, 38.967111308508414 ], [ -105.027347029499865, 38.966810309024417 ], [ -105.027324029523484, 38.965709308994278 ], [ -105.027311029732246, 38.965067308176472 ], [ -105.027302029796743, 38.964676308888151 ], [ -105.027291030067516, 38.964101308591658 ], [ -105.027273029464894, 38.963466308529377 ], [ -105.02724302892652, 38.962562308636791 ], [ -105.027210029572231, 38.961525308664314 ], [ -105.027186029087915, 38.960768308174536 ], [ -105.027179028480489, 38.960560307987144 ], [ -105.027168029251897, 38.960219308248 ], [ -105.027076029506929, 38.957363307123217 ], [ -105.027074029074157, 38.957287307864149 ], [ -105.027069028165116, 38.95713630792384 ], [ -105.027058028470393, 38.956789307461342 ], [ -105.027051028896651, 38.956573307619799 ], [ -105.027053028377878, 38.95631530712312 ], [ -105.027054028484869, 38.956192307430008 ], [ -105.027057028403391, 38.955826307264729 ], [ -105.027063028299935, 38.955262307183936 ], [ -105.027066028141135, 38.954887307489464 ], [ -105.027071028580906, 38.954363307301008 ], [ -105.027079028153906, 38.953462306525573 ], [ -105.027085027547415, 38.952771307193359 ], [ -105.027092028813684, 38.952010306840407 ], [ -105.02709402826197, 38.95176230652735 ], [ -105.027109028388963, 38.950101306661445 ], [ -105.027118027134762, 38.949096306323163 ], [ -105.027220027077675, 38.941761305373866 ], [ -105.027222026610332, 38.941621369017057 ], [ -105.027222027036544, 38.941621305058369 ], [ -105.027230027718787, 38.940975305839643 ], [ -105.027265026678577, 38.938086304999736 ], [ -105.027352024930025, 38.9308173034456 ], [ -105.027361025922829, 38.930066304115833 ], [ -105.027401321825977, 38.926838724766903 ], [ -105.02740302499852, 38.926702302979962 ], [ -105.027409536998547, 38.926490947998936 ], [ -105.027458025745574, 38.924917303241735 ], [ -105.027476025308744, 38.924553303053109 ], [ -105.027529024225572, 38.922976302548101 ], [ -105.027624024543229, 38.920135302438958 ], [ -105.027647024767845, 38.919461302699638 ], [ -105.027763024338483, 38.916015301300966 ], [ -105.027786024396661, 38.915333301640615 ], [ -105.027811024644024, 38.914599301956009 ], [ -105.027891024295499, 38.912220301391088 ], [ -105.027890023757294, 38.912100300870058 ], [ -105.027841023365227, 38.907708300464897 ], [ -105.027729022199765, 38.897728299181978 ], [ -105.027898021865425, 38.893622298931284 ], [ -105.028158021483122, 38.887293297594397 ], [ -105.028193020641865, 38.886439297948449 ], [ -105.028324021648942, 38.883249297813279 ], [ -105.028448019828986, 38.877631296462127 ], [ -105.028461020916311, 38.877043296512646 ], [ -105.028581019350739, 38.87150029510039 ], [ -105.028639262812078, 38.868892701277382 ], [ -105.02863926304525, 38.86889266614488 ], [ -105.028642018946002, 38.868769294883599 ], [ -105.034834021170539, 38.868862294434471 ], [ -105.036102607851049, 38.868881252357234 ], [ -105.036123336396443, 38.868881562121175 ], [ -105.047051023545066, 38.869044294258103 ], [ -105.05770630607519, 38.869119665390627 ], [ -105.057706342949203, 38.869119665530974 ], [ -105.065804028407896, 38.869176292158173 ], [ -105.066475004741974, 38.869183239410532 ], [ -105.066770028161201, 38.869186292728045 ], [ -105.066790027513491, 38.869079292408898 ], [ -105.06734002834196, 38.865311291525359 ], [ -105.067382027410147, 38.864512291663111 ], [ -105.067569027846389, 38.862676292158248 ], [ -105.06749102725702, 38.862511291881525 ], [ -105.067430026867044, 38.862301292175573 ], [ -105.067419027205261, 38.862159291494983 ], [ -105.06748302741758, 38.861837291429559 ], [ -105.067694028027688, 38.860945291395858 ], [ -105.06792002696254, 38.860161290990604 ], [ -105.067961027230808, 38.859887291930001 ], [ -105.067964027394765, 38.859694290853795 ], [ -105.067919027586498, 38.85939029144555 ], [ -105.067858027115705, 38.859231291217903 ], [ -105.067670027256497, 38.858997290556744 ], [ -105.067882026703771, 38.85685129043911 ], [ -105.068453026128594, 38.851153289631775 ], [ -105.068649026570711, 38.849199290146593 ], [ -105.068873025864463, 38.846983289243795 ], [ -105.069240025009549, 38.843337288974681 ], [ -105.0694370255504, 38.841384287835723 ], [ -105.069453025667343, 38.84121828827179 ], [ -105.069503026094495, 38.840721287910114 ], [ -105.069520025437214, 38.840556288380789 ], [ -105.069526026049999, 38.840489288535863 ], [ -105.069546026024824, 38.840289288247057 ], [ -105.069554024787607, 38.840223288550156 ], [ -105.069977025756003, 38.8360182868214 ], [ -105.071247024050379, 38.823406285449941 ], [ -105.071647023954171, 38.819446285078065 ], [ -105.071668023409288, 38.819202285257305 ], [ -105.071690023785962, 38.818948285066263 ], [ -105.071718022813371, 38.818632285459771 ], [ -105.071757023213024, 38.818187285372353 ], [ -105.071769024119931, 38.818063284761202 ], [ -105.071774024116294, 38.81799828540457 ], [ -105.071780023351792, 38.817934285183028 ], [ -105.071855023685046, 38.817074285092225 ], [ -105.072082023081663, 38.814494284347752 ], [ -105.07215802337852, 38.813635283872969 ], [ -105.072308022687238, 38.811914283476803 ], [ -105.072381023208038, 38.811093284364958 ], [ -105.072539022554423, 38.808406283489099 ], [ -105.07250302264319, 38.806740283947356 ], [ -105.072467022892823, 38.805013283236264 ], [ -105.072194022104114, 38.799388282781365 ], [ -105.069978658113541, 38.799400650070773 ], [ -105.069506020920343, 38.799403282869697 ], [ -105.06707802013301, 38.799415282660732 ], [ -105.065488020171131, 38.799424283194845 ], [ -105.063577019459927, 38.799433282626332 ], [ -105.061313019756952, 38.799445282796391 ], [ -105.059117018789891, 38.799457282673707 ], [ -105.056485018957744, 38.799470284130393 ], [ -105.054373018013905, 38.79948128368143 ], [ -105.051870016810469, 38.799356283286372 ], [ -105.049702015936376, 38.799248283981036 ], [ -105.046667015633773, 38.799087283670445 ], [ -105.042658014791158, 38.798854283681976 ], [ -105.038836014430771, 38.798631285056473 ], [ -105.038751992527708, 38.798626386575073 ], [ -105.033195013173156, 38.798302284268175 ], [ -105.030586012113986, 38.798150285028143 ], [ -105.029747012265872, 38.798101284996974 ], [ -105.029021011796985, 38.79805928487788 ], [ -105.028246011814502, 38.79804728527192 ], [ -105.02823407350391, 38.798047007937626 ], [ -105.026526011130301, 38.798007285133203 ], [ -105.024610010322121, 38.797976285461942 ], [ -105.021912009969938, 38.797931286261054 ], [ -105.020510009521701, 38.797908285693644 ], [ -105.019859009413508, 38.797898285367452 ], [ -105.019399009245518, 38.797890285744494 ], [ -105.019267009035104, 38.797888286098754 ], [ -105.01909900986756, 38.797885285864091 ], [ -105.01881500873661, 38.797881285718546 ], [ -105.017478009695139, 38.797859285474871 ], [ -105.016368008833538, 38.797841285890364 ], [ -105.015560008050286, 38.797827285780066 ], [ -105.014758007767057, 38.797830286426624 ], [ -105.010450007798539, 38.797997286482449 ], [ -105.008275007398424, 38.798064286489357 ], [ -105.005019007034491, 38.798182287146965 ], [ -105.003305005637088, 38.798245286042658 ], [ -105.002451005603163, 38.798275287123637 ], [ -105.001922004767579, 38.798295287145599 ], [ -105.000648005986235, 38.798339286900493 ], [ -105.000466005328363, 38.798347286425823 ], [ -104.999830004859405, 38.79837028658141 ], [ -104.998409005518297, 38.798422286549219 ], [ -104.996223004950721, 38.798501286723322 ], [ -104.994698004517218, 38.798556287083429 ], [ -104.994535003818683, 38.79855528739624 ], [ -104.991949002879252, 38.798515288264362 ], [ -104.98968200302383, 38.798480287267793 ], [ -104.986437001602482, 38.798435288240647 ], [ -104.982003001691979, 38.798361287470179 ], [ -104.979963000051256, 38.798329288496646 ], [ -104.977149000595489, 38.798285288583465 ], [ -104.975091998825803, 38.798281289425795 ], [ -104.973127999387629, 38.798292288913785 ], [ -104.971476998955254, 38.798335289367678 ], [ -104.969669998239667, 38.798322288298102 ], [ -104.968564998152431, 38.798315289174752 ], [ -104.967378997400431, 38.798322288470395 ], [ -104.965815997364899, 38.798330289140232 ], [ -104.964461997178873, 38.798338289901636 ], [ -104.962653996540723, 38.798339289799941 ], [ -104.961264995996061, 38.798355290059568 ], [ -104.959852996476627, 38.798362289542879 ], [ -104.958056995914347, 38.798371289606898 ], [ -104.955917994935405, 38.798430289878354 ], [ -104.952401994061418, 38.798501289888122 ], [ -104.949454993395562, 38.798560290118729 ], [ -104.948784993750039, 38.798565290638024 ], [ -104.947426993120288, 38.79825829047946 ], [ -104.944867992143188, 38.797679290171303 ], [ -104.941580991363836, 38.796934290677804 ], [ -104.941433781199294, 38.796900992612322 ], [ -104.939878991530435, 38.79654929073704 ], [ -104.939763991355917, 38.792280290295736 ], [ -104.939643989891877, 38.787782289150343 ], [ -104.939592989287078, 38.785894289208535 ], [ -104.939564743605558, 38.784806104697878 ], [ -104.939501989778336, 38.782388289064706 ], [ -104.939500988662786, 38.781589288105501 ], [ -104.93949114086638, 38.773564251739998 ], [ -104.939491129498165, 38.773563503962421 ], [ -104.93948398825512, 38.767743286006649 ], [ -104.939397986312841, 38.756792284928238 ], [ -104.939395987108753, 38.756481285330153 ], [ -104.93935698703595, 38.751787284882006 ], [ -104.93936398606948, 38.751364283600473 ], [ -104.939385985649565, 38.749994284149672 ], [ -104.939354075992597, 38.747560672268499 ], [ -104.939354075268227, 38.747560618212653 ], [ -104.939340985440253, 38.746562283911949 ], [ -104.939284984740041, 38.742236283032668 ], [ -104.939234985338388, 38.738387282458561 ], [ -104.939226983952636, 38.737161282835956 ], [ -104.939225064027497, 38.7370057387486 ], [ -104.939224983786161, 38.736999282705447 ], [ -104.939223984177858, 38.736843282719981 ], [ -104.939209984419222, 38.734815282416562 ], [ -104.939208984470625, 38.734704281916997 ], [ -104.93917798342784, 38.730404281599498 ], [ -104.939177983451259, 38.73034328076816 ], [ -104.939141416367733, 38.725382878773551 ], [ -104.939141412676747, 38.725382617502419 ], [ -104.939134983272922, 38.724510280454155 ], [ -104.939087672621653, 38.720472873598922 ], [ -104.939087658903318, 38.720471696090556 ], [ -104.938985982026537, 38.711793278566162 ], [ -104.938985981606976, 38.711756278758813 ], [ -104.938970980723852, 38.710530278469044 ], [ -104.939537980291163, 38.703488277297083 ], [ -104.939724980613974, 38.696325276634752 ], [ -104.939745083742025, 38.696324869306082 ], [ -104.94223898075343, 38.696274275815782 ], [ -104.942238981160699, 38.696245464942514 ], [ -104.942238981037534, 38.696205276919493 ], [ -104.942234980006702, 38.69343527573384 ], [ -104.942212979395734, 38.680012274221866 ], [ -104.94220497826997, 38.671755273105568 ], [ -104.942200978543269, 38.668870272068474 ], [ -104.942196976922048, 38.664536272016633 ], [ -104.941932975671008, 38.65013026934313 ], [ -104.942232976030596, 38.650140269774532 ], [ -104.942300893168152, 38.650148675817185 ], [ -104.942434976113233, 38.650165270350421 ], [ -104.942435975765747, 38.649888270056884 ], [ -104.942438975865059, 38.648945269494881 ], [ -104.942439976430279, 38.648635269186038 ], [ -104.94245597510843, 38.644876269273894 ], [ -104.942461975240363, 38.643624268779753 ], [ -104.942489974690773, 38.636621267632698 ], [ -104.942492974229523, 38.636054267455364 ], [ -104.942537972605976, 38.624999266043908 ], [ -104.942513973128243, 38.62262726603339 ], [ -104.942440971850587, 38.615614264731519 ], [ -104.942407971259883, 38.612424264547833 ], [ -104.942368971230721, 38.608612263935619 ], [ -104.942354971429793, 38.607304263704989 ], [ -104.942352971416042, 38.607073263652204 ], [ -104.942324970253836, 38.60447426350585 ], [ -104.942249808515186, 38.597243565875566 ], [ -104.942249808726629, 38.597243538850272 ], [ -104.942195969280164, 38.592063261648967 ], [ -104.942153968718713, 38.587926261237421 ], [ -104.942135969312602, 38.586582260981409 ], [ -104.942104969358084, 38.58416526045464 ], [ -104.942083969166845, 38.582552260580471 ], [ -104.942068968612261, 38.581381260346369 ], [ -104.942066968844514, 38.581209260477316 ], [ -104.942061967934421, 38.580747259805698 ], [ -104.9420489682593, 38.579361259318723 ], [ -104.942044968344675, 38.578899259855774 ], [ -104.942030967714174, 38.577399259192291 ], [ -104.941988968403365, 38.572900258791449 ], [ -104.941975967545488, 38.571401258290059 ], [ -104.941968967769768, 38.570680258053883 ], [ -104.941948967607615, 38.568517257618993 ], [ -104.94194327346257, 38.567834043781616 ], [ -104.941942966901649, 38.567797257645019 ], [ -104.941934966653108, 38.567007257893387 ], [ -104.94191396656656, 38.564638257726422 ], [ -104.941906966598893, 38.563849258240872 ], [ -104.941904966353107, 38.563687257174983 ], [ -104.94189896678941, 38.563201257584609 ], [ -104.941898965957208, 38.563125257691361 ], [ -104.941905967016396, 38.563040257564658 ], [ -104.94189496596195, 38.56300825755735 ], [ -104.941904966128305, 38.562911257784833 ], [ -104.94190796704919, 38.562880256823867 ], [ -104.941894965232024, 38.560102256771494 ], [ -104.941888966555993, 38.55995125775668 ], [ -104.941874965546688, 38.559569256574846 ], [ -104.941873967052558, 38.55950125707075 ], [ -104.941872966727857, 38.55935225689089 ], [ -104.941870966642938, 38.559212256166184 ], [ -104.941864965887532, 38.558795256615582 ], [ -104.941863965565744, 38.558657257059245 ], [ -104.941859965971361, 38.558385257211043 ], [ -104.941854966767167, 38.557967256207398 ], [ -104.941855965709038, 38.55794325712499 ], [ -104.941846966094559, 38.557176256396396 ], [ -104.941830965795418, 38.555908256086688 ], [ -104.94182296546343, 38.555222256329429 ], [ -104.941818965076806, 38.554989256390002 ], [ -104.941809965932407, 38.554293256563113 ], [ -104.941809965396757, 38.554062256951667 ], [ -104.941805964892978, 38.553761256012514 ], [ -104.941795965499409, 38.552858255643535 ], [ -104.941792965707847, 38.552558255901175 ], [ -104.941764964794586, 38.548952256239637 ], [ -104.941692963780383, 38.539396254361314 ], [ -104.941682963172099, 38.538133253914182 ], [ -104.941655964138889, 38.534548252931401 ], [ -104.941655963705387, 38.53452925340472 ], [ -104.941627962429749, 38.530779252591998 ], [ -104.941566962060264, 38.522311251964737 ], [ -104.941561962575705, 38.521763251452157 ], [ -104.941546961735725, 38.520122251632969 ], [ -104.941543013961848, 38.519582327171101 ], [ -104.941542962684863, 38.519575251425039 ], [ -104.939233961734786, 38.519767251214802 ], [ -104.939184961258761, 38.51977125130994 ], [ -104.938372961187795, 38.519839250892367 ], [ -104.938249960915101, 38.519849251359325 ], [ -104.934240960374368, 38.520184252447983 ], [ -104.934091960853252, 38.520197251844117 ], [ -104.932958960521674, 38.52029225217418 ], [ -104.9237879580091, 38.520295252310667 ], [ -104.923725957244059, 38.52029525234444 ], [ -104.919356956359792, 38.520285253106493 ], [ -104.919164956697855, 38.520285252792142 ], [ -104.918027956586926, 38.520285253029243 ], [ -104.917650956788592, 38.520285253190004 ], [ -104.911730955138239, 38.520291252877783 ], [ -104.911476954536496, 38.520291253186329 ], [ -104.911334955149925, 38.520291252900613 ], [ -104.911206954903577, 38.520291253453898 ], [ -104.905287954321551, 38.520296253637184 ], [ -104.895692952014386, 38.520306254753358 ], [ -104.894822950473937, 38.520259254432162 ], [ -104.894757951156649, 38.520256253936267 ], [ -104.892164846527393, 38.520118241508854 ], [ -104.888352949995507, 38.51991525517959 ], [ -104.88757994979683, 38.519910254823635 ], [ -104.882021948048646, 38.52009325449999 ], [ -104.881980948783365, 38.520094255177447 ], [ -104.879499947884213, 38.520088255864437 ], [ -104.875542946833704, 38.520077255394952 ], [ -104.871312945697255, 38.520020255381063 ], [ -104.869684945242298, 38.519997256062453 ], [ -104.866704944433522, 38.520023255921195 ], [ -104.866683944570951, 38.52002325622226 ], [ -104.866159944765954, 38.51986325579476 ], [ -104.866091944493533, 38.519863256001649 ], [ -104.865890944638508, 38.519863255722193 ], [ -104.865823944589977, 38.519864255831585 ], [ -104.862741943797559, 38.519874256551013 ], [ -104.853498940822675, 38.519904257414666 ], [ -104.850417940515371, 38.51991525777931 ], [ -104.844756938958241, 38.519912258163508 ], [ -104.843949940020678, 38.519916257990168 ], [ -104.841531938623973, 38.51993025782081 ], [ -104.84072593896785, 38.519935257939636 ], [ -104.840710938672203, 38.519936257081802 ], [ -104.84066593795113, 38.519936257253043 ], [ -104.840650938857451, 38.519936257312771 ], [ -104.840052939152685, 38.519940257534088 ], [ -104.839789938733873, 38.519943257960804 ], [ -104.837209936845554, 38.519974258278928 ], [ -104.836349938578337, 38.519985257910172 ], [ -104.836233938456274, 38.519986258739117 ], [ -104.836178937140332, 38.519986258315811 ], [ -104.836176937256951, 38.519986258546574 ], [ -104.826066935175675, 38.519781258628612 ], [ -104.825915935008666, 38.519782258624474 ], [ -104.823174934709655, 38.519785258939869 ], [ -104.820475934796093, 38.519919258840005 ], [ -104.820420036296923, 38.519921952812545 ], [ -104.819977933902052, 38.519943258758069 ], [ -104.815985933640945, 38.520035259564928 ], [ -104.815118932319677, 38.520033260095801 ], [ -104.813098932613414, 38.520028260206217 ], [ -104.80703793091152, 38.52001326081551 ], [ -104.805018929769872, 38.520008260890791 ], [ -104.804477930523817, 38.520006260355203 ], [ -104.802854929318954, 38.520002260628139 ], [ -104.802314929418017, 38.520001260487362 ], [ -104.80009492914165, 38.519996259848945 ], [ -104.798261928786289, 38.519991261319895 ], [ -104.798131928730683, 38.519990260617149 ], [ -104.796113928736176, 38.52017126094168 ], [ -104.787226925501898, 38.520125261235698 ], [ -104.775796924328773, 38.519933262552478 ], [ -104.772090476581454, 38.519870399475863 ], [ -104.770786922000113, 38.519848262130118 ], [ -104.770588922429283, 38.519845261995904 ], [ -104.770154922758678, 38.519847262213261 ], [ -104.768742673807608, 38.519854726178593 ], [ -104.768261922192451, 38.519857263256789 ], [ -104.767630921869682, 38.519861262115775 ], [ -104.766153921221004, 38.519868262721651 ], [ -104.761723919699492, 38.519892263116503 ], [ -104.760333919185641, 38.519900262835066 ], [ -104.760247920399024, 38.519900263144145 ], [ -104.75053991844301, 38.519877264675209 ], [ -104.741359915848804, 38.51965826507216 ], [ -104.741011915469144, 38.519659264255267 ], [ -104.739323915723674, 38.519665264034593 ], [ -104.737868914076259, 38.519658264404647 ], [ -104.737774915062829, 38.519657264646746 ], [ -104.73728991518125, 38.519655264812954 ], [ -104.73409791460567, 38.519637264622048 ], [ -104.72467491174757, 38.519581265807204 ], [ -104.723349912089134, 38.519572264998054 ], [ -104.718049667250995, 38.519566317952062 ], [ -104.718003910020798, 38.519566265270925 ], [ -104.71539691041896, 38.519563266529886 ], [ -104.714798909403953, 38.51956226680214 ], [ -104.712537908803071, 38.519559266113248 ], [ -104.710745908443201, 38.519558266591922 ], [ -104.710351907657838, 38.519557266735411 ], [ -104.710304909067077, 38.519557266494068 ], [ -104.707722908012215, 38.519554266360828 ], [ -104.707524907258971, 38.519554266302926 ], [ -104.707250907955697, 38.519553266527737 ], [ -104.707170907693651, 38.519553266683012 ], [ -104.706986907327263, 38.519553266201072 ], [ -104.706958907695721, 38.519553266065806 ], [ -104.706864907832099, 38.519552266396978 ], [ -104.706829907425657, 38.51955226685962 ], [ -104.706812908348951, 38.519552266470413 ], [ -104.706792908286246, 38.519552266213495 ], [ -104.706290907647258, 38.519548266588203 ], [ -104.706170907257629, 38.519548266254539 ], [ -104.705864907401462, 38.51954726602473 ], [ -104.705558907197982, 38.519545266790232 ], [ -104.705446907173354, 38.519544267523372 ], [ -104.705110907467926, 38.519542267267013 ], [ -104.704998907792273, 38.519542266662057 ], [ -104.6932999050929, 38.519488267368295 ], [ -104.69320790544576, 38.51948826694202 ], [ -104.692854904547815, 38.519486268302451 ], [ -104.691798904082077, 38.519480267982146 ], [ -104.691446904466204, 38.519479267533335 ], [ -104.691383904264768, 38.519478267533565 ], [ -104.691196903962307, 38.519478267793218 ], [ -104.691134903847868, 38.519478267441464 ], [ -104.691067903866653, 38.5194772672182 ], [ -104.690870903969028, 38.519476267270058 ], [ -104.690804904061054, 38.519476267581723 ], [ -104.687784903630003, 38.519462268023155 ], [ -104.687320903037616, 38.519460268251898 ], [ -104.68728990354613, 38.519460268396344 ], [ -104.685917902976541, 38.519453267726327 ], [ -104.684331902426806, 38.519446268442771 ], [ -104.679322901398763, 38.519513268542781 ], [ -104.674712900719925, 38.519577268636212 ], [ -104.674290900782808, 38.519583269473941 ], [ -104.670178899102055, 38.519623269205674 ], [ -104.670100899362311, 38.519624268880378 ], [ -104.669261898763438, 38.519635269480688 ], [ -104.666747897895036, 38.519670269002098 ], [ -104.665909897771186, 38.519683268711489 ], [ -104.664804898115051, 38.519698269292213 ], [ -104.661489897653965, 38.51974426894833 ], [ -104.660385897576901, 38.519760269697613 ], [ -104.644700893061781, 38.519848271160051 ], [ -104.631454890714423, 38.519923271171812 ], [ -104.631138889819439, 38.519920271052257 ], [ -104.630691890058827, 38.519923271813305 ], [ -104.630748437116509, 38.520015062845204 ], [ -104.63083789095667, 38.520160271566567 ], [ -104.631101890353065, 38.520680271881062 ], [ -104.631581890987789, 38.521622272154872 ], [ -104.631900890446488, 38.522239271153659 ], [ -104.632169889869417, 38.522758272217828 ], [ -104.632158926990471, 38.522764745810441 ], [ -104.632064890586477, 38.522820272570954 ], [ -104.633210890710885, 38.525092271993621 ], [ -104.633916892288539, 38.52643927273995 ], [ -104.634741892070537, 38.528095272443359 ], [ -104.635378892290802, 38.529321272617075 ], [ -104.637460893135, 38.533450273922675 ], [ -104.637888893370899, 38.53430027326462 ], [ -104.637928892931882, 38.534373273301306 ], [ -104.638234893449749, 38.534940273277648 ], [ -104.63835689398924, 38.535221273535285 ], [ -104.638333893085758, 38.535303272535764 ], [ -104.638297893596913, 38.535358273757573 ], [ -104.638281096048402, 38.535375550427609 ], [ -104.638262893167493, 38.535394273382813 ], [ -104.638177893226299, 38.535443273425606 ], [ -104.638296893641353, 38.535662272941273 ], [ -104.638336893142821, 38.53572027371245 ], [ -104.638484893634896, 38.535934273755281 ], [ -104.638712894104728, 38.536178273907034 ], [ -104.639044893616571, 38.536817273419985 ], [ -104.639525893832868, 38.53774227360207 ], [ -104.639530894150326, 38.537751273873766 ], [ -104.639807894032529, 38.538298273533023 ], [ -104.640939894420697, 38.540537274146082 ], [ -104.641410895213937, 38.541469273836675 ], [ -104.641575894628232, 38.541798273506245 ], [ -104.641861894204851, 38.542365273551987 ], [ -104.642072895637796, 38.542785274176488 ], [ -104.642117894473373, 38.542874273750854 ], [ -104.642228895825539, 38.543119274592449 ], [ -104.642515895356524, 38.543756274094129 ], [ -104.642864895058139, 38.544578274734455 ], [ -104.643058895078141, 38.54510127456961 ], [ -104.643905896121638, 38.547397274391159 ], [ -104.644303896436, 38.548421274580434 ], [ -104.644495896308513, 38.548842275024441 ], [ -104.644675896778068, 38.549220274682966 ], [ -104.644867896349098, 38.549601274459384 ], [ -104.644964896524769, 38.549803275314041 ], [ -104.645022467629119, 38.549923490956431 ], [ -104.645577897338256, 38.551083275195836 ], [ -104.645726896193082, 38.551412274771714 ], [ -104.645780897694081, 38.551573275378743 ], [ -104.645814897178866, 38.551695275107448 ], [ -104.645879896609202, 38.55186327489016 ], [ -104.645971896872396, 38.552091275782857 ], [ -104.646777896654442, 38.553741275648008 ], [ -104.646843897847504, 38.55387027503253 ], [ -104.647380897907539, 38.554924275487657 ], [ -104.647472549358, 38.5550929148866 ], [ -104.647680898300905, 38.555476275278579 ], [ -104.648548898124645, 38.557147275695456 ], [ -104.649048782993958, 38.558159714690461 ], [ -104.651086899147259, 38.562287276917438 ], [ -104.651099998768331, 38.562317974820466 ], [ -104.651185899513536, 38.562519276136072 ], [ -104.651561899270021, 38.563254275975787 ], [ -104.651199899982757, 38.563282276751117 ], [ -104.65114928327128, 38.563281396406012 ], [ -104.651084900177906, 38.56328027629678 ], [ -104.65015389937146, 38.563266276921858 ], [ -104.647391898654604, 38.563270276703363 ], [ -104.647278898939334, 38.563287277294307 ], [ -104.647467898564031, 38.563523276355532 ], [ -104.647803898625128, 38.56395527680808 ], [ -104.647823898944182, 38.563981277266763 ], [ -104.649433898843611, 38.565916277547849 ], [ -104.649977899537021, 38.566570276838661 ], [ -104.652289901152443, 38.569349277301114 ], [ -104.652498900749066, 38.569604277460279 ], [ -104.655362901324949, 38.573099277411899 ], [ -104.658094657739255, 38.576378015519765 ], [ -104.65935890273569, 38.577895277911551 ], [ -104.659999903247098, 38.578664278105791 ], [ -104.660044902742058, 38.578721277611031 ], [ -104.660617803064056, 38.57943658456719 ], [ -104.661086904331555, 38.580022277866149 ], [ -104.662544903916015, 38.581773278618179 ], [ -104.662634772960615, 38.581881337702072 ], [ -104.662634825011423, 38.581881401141636 ], [ -104.662634912152342, 38.581881506276439 ], [ -104.663211905120363, 38.582575278287045 ], [ -104.664249904184629, 38.583821278895172 ], [ -104.665207905062317, 38.584989278676993 ], [ -104.665869905305499, 38.585797278724691 ], [ -104.665893905095473, 38.585826278652142 ], [ -104.6659669048057, 38.5859162783985 ], [ -104.665991905326877, 38.585946279207903 ], [ -104.665995203879987, 38.585944630007461 ], [ -104.666007905103157, 38.5859382792015 ], [ -104.666055905834384, 38.585918279170663 ], [ -104.666072904905278, 38.585912278243171 ], [ -104.666094905780525, 38.585902279125847 ], [ -104.666162905147715, 38.585874278112023 ], [ -104.666185905514695, 38.585865278968896 ], [ -104.666211905740056, 38.585853278015428 ], [ -104.666289905463145, 38.585821278708337 ], [ -104.666316905151035, 38.585810279523351 ], [ -104.666427906199772, 38.585762279127756 ], [ -104.666444905202113, 38.585756278145631 ], [ -104.666510905564678, 38.585757278684206 ], [ -104.666787905556987, 38.585790279379928 ], [ -104.666879906094024, 38.585801278570059 ], [ -104.666907905563122, 38.585806279201201 ], [ -104.667298905656082, 38.585871278392105 ], [ -104.667406906221018, 38.585890278742767 ], [ -104.667583906241276, 38.585935278809572 ], [ -104.667724905156689, 38.58598327918115 ], [ -104.667734102033066, 38.585989315570828 ], [ -104.667951905712158, 38.586132278514476 ], [ -104.667969621292158, 38.586144932866283 ], [ -104.66807790584825, 38.586222278632967 ], [ -104.66814966590178, 38.58629188973935 ], [ -104.668193425454803, 38.586334338372708 ], [ -104.668244906194062, 38.586384278494798 ], [ -104.668299294789264, 38.586452979984323 ], [ -104.668301906606331, 38.58645627802391 ], [ -104.668407733113881, 38.586588562435864 ], [ -104.668417905907759, 38.586601278738875 ], [ -104.668421816645605, 38.586607564479316 ], [ -104.668529906030983, 38.586781279347683 ], [ -104.668534736126915, 38.586779400537466 ], [ -104.668565906283831, 38.586767279439243 ], [ -104.668568489933477, 38.586766301605046 ], [ -104.668676906200702, 38.586725278666634 ], [ -104.668713905959876, 38.586712278681965 ], [ -104.668829905905767, 38.586668279446073 ], [ -104.669028905526673, 38.586595278802825 ], [ -104.6691779066892, 38.586539278343629 ], [ -104.669294906783563, 38.586496278615385 ], [ -104.66929936240092, 38.586504569132295 ], [ -104.669330906589067, 38.586563278263895 ], [ -104.669440905879938, 38.586764278877375 ], [ -104.669456905873119, 38.586794278301049 ], [ -104.669477905533739, 38.586832278443083 ], [ -104.669680905835421, 38.587194279049093 ], [ -104.67029290692858, 38.588280278514759 ], [ -104.670307079603759, 38.588305402566753 ], [ -104.67038090652386, 38.588436279162536 ], [ -104.670491906746804, 38.588645278674981 ], [ -104.670513907145576, 38.588686447044907 ], [ -104.670693907081898, 38.589023279219163 ], [ -104.671300906946598, 38.590157279475342 ], [ -104.671503907617449, 38.590535278489753 ], [ -104.671938907670324, 38.591349279988073 ], [ -104.672260907941734, 38.591928279640719 ], [ -104.672750908621552, 38.592808279156571 ], [ -104.673748908218087, 38.594670279101052 ], [ -104.674319908039436, 38.59569327997896 ], [ -104.674539908700183, 38.596103280146238 ], [ -104.675012908590858, 38.596980279923045 ], [ -104.675298908805715, 38.597496279208542 ], [ -104.675679556833188, 38.598185351196271 ], [ -104.67568890896743, 38.598202279897443 ], [ -104.675925909630507, 38.598630279372969 ], [ -104.676249875227413, 38.599241349735024 ], [ -104.676830909371532, 38.600337280839184 ], [ -104.677208909451366, 38.601050279983482 ], [ -104.67763490979506, 38.601854280652141 ], [ -104.677755909837018, 38.60205128086249 ], [ -104.678565909269025, 38.603370280293468 ], [ -104.679439911307185, 38.604745281303558 ], [ -104.679575910565816, 38.604953280392174 ], [ -104.680201910455466, 38.605908280524162 ], [ -104.680221910094232, 38.605939280578077 ], [ -104.680283910282554, 38.606032281374574 ], [ -104.680304911147573, 38.606064280390598 ], [ -104.680581910364353, 38.606472281081551 ], [ -104.681249911853726, 38.607454281491037 ], [ -104.681424911401976, 38.607689281036912 ], [ -104.681719911432666, 38.60808528099615 ], [ -104.682309910973473, 38.608878281274443 ], [ -104.682329911172701, 38.608905280970696 ], [ -104.682908912325246, 38.609650280798263 ], [ -104.683490912033974, 38.610397281653022 ], [ -104.684109912044889, 38.611239281241787 ], [ -104.684696912359485, 38.612036281107514 ], [ -104.684929911975985, 38.612353281397624 ], [ -104.685630913187012, 38.613305281720251 ], [ -104.685864913239854, 38.613623280786399 ], [ -104.686534838688189, 38.614522169789758 ], [ -104.686575913269323, 38.614577281514563 ], [ -104.686631266514141, 38.614660667267081 ], [ -104.686808913627004, 38.61492828133165 ], [ -104.687255092967447, 38.615598949534593 ], [ -104.687287913067649, 38.615648282364042 ], [ -104.68732794823508, 38.61571691527886 ], [ -104.687649436400463, 38.616268036982454 ], [ -104.687651913092509, 38.616272282265307 ], [ -104.687652148062909, 38.616272823550815 ], [ -104.68781691361626, 38.616653282004833 ], [ -104.68823291370758, 38.617571281984446 ], [ -104.688434913264587, 38.618120281658044 ], [ -104.688780915110286, 38.619312282087677 ], [ -104.688800914482457, 38.619380282206961 ], [ -104.688938913524353, 38.619972281864435 ], [ -104.689032915036051, 38.620492281689309 ], [ -104.689121913927863, 38.620887282176298 ], [ -104.689216913894057, 38.621313282097759 ], [ -104.689504914660631, 38.622593282491081 ], [ -104.68960091495255, 38.623020282736007 ], [ -104.689862915030005, 38.624186282718561 ], [ -104.690061915416848, 38.625143283077563 ], [ -104.690134915048162, 38.625496283596277 ], [ -104.690285914557222, 38.626221282391384 ], [ -104.690623915792912, 38.627780282555165 ], [ -104.691168915438197, 38.630284283362769 ], [ -104.691345916203801, 38.631067283411781 ], [ -104.6913939167449, 38.631278283121055 ], [ -104.691812916311605, 38.633263283703521 ], [ -104.691846915991121, 38.633423283985913 ], [ -104.692016916937519, 38.634209284419526 ], [ -104.692478916444628, 38.636356284776291 ], [ -104.69378991833743, 38.642442285465734 ], [ -104.693866917720683, 38.64279828488926 ], [ -104.694099918710094, 38.643876284954601 ], [ -104.694309917901734, 38.644616285209416 ], [ -104.694416918677902, 38.644923285084793 ], [ -104.694482918645093, 38.645113286082832 ], [ -104.69464391822747, 38.645521285794601 ], [ -104.694834918637611, 38.645961285482251 ], [ -104.694878918825907, 38.646061285254035 ], [ -104.695638919318156, 38.64796528490546 ], [ -104.696073919215479, 38.649087286237879 ], [ -104.696204918773759, 38.649425286685926 ], [ -104.696478919598164, 38.650132285451043 ], [ -104.69705991999686, 38.651631285580493 ], [ -104.697658919865134, 38.653144286388873 ], [ -104.700497920958966, 38.660313286542092 ], [ -104.701253921409659, 38.662159287597476 ], [ -104.701424921149652, 38.662575287417013 ], [ -104.701577921631582, 38.662842287516987 ], [ -104.701613922222663, 38.662904287360327 ], [ -104.701848921686803, 38.663340287700144 ], [ -104.702125921244075, 38.663806287338225 ], [ -104.702496921940721, 38.66437028749872 ], [ -104.702820922880292, 38.6648162874327 ], [ -104.702906922381445, 38.664931287173289 ], [ -104.702762923033191, 38.665003287782504 ], [ -104.702672922020199, 38.665049287042088 ], [ -104.702331922938498, 38.665219288210324 ], [ -104.70219484181456, 38.665289266394062 ], [ -104.702194527464158, 38.665289427291398 ], [ -104.702188922413853, 38.665292287774434 ], [ -104.702146922203156, 38.665203288470707 ], [ -104.702131922757701, 38.665165287289078 ], [ -104.70206492178643, 38.664998287585398 ], [ -104.70202792236897, 38.664904287578018 ], [ -104.701888922187393, 38.664554287930251 ], [ -104.701715921718304, 38.664188288215527 ], [ -104.70170128558145, 38.664158202027053 ], [ -104.7016979216653, 38.664151287012693 ], [ -104.701561921934669, 38.664164287653399 ], [ -104.7016969221403, 38.664632288056524 ], [ -104.701757922351575, 38.664867287548397 ], [ -104.701812921640808, 38.66510328799891 ], [ -104.701863922520261, 38.665339287903507 ], [ -104.701908921235685, 38.665576287872717 ], [ -104.701947922325076, 38.66581428794499 ], [ -104.701982922552801, 38.6660522883734 ], [ -104.702011921612637, 38.666291287990603 ], [ -104.702042923159354, 38.666540287793957 ], [ -104.70194892179974, 38.666541288143556 ], [ -104.701934922672137, 38.666542288113057 ], [ -104.701872922434475, 38.666543288085414 ], [ -104.701738044745412, 38.666546097673475 ], [ -104.701737943602666, 38.66654609967938 ], [ -104.701728922251746, 38.666546287977617 ], [ -104.701666922745886, 38.666044287331097 ], [ -104.701632922100785, 38.665810287349267 ], [ -104.701549922016056, 38.665344287576666 ], [ -104.701445922067961, 38.664880288030034 ], [ -104.70138592137755, 38.664649288017657 ], [ -104.701306736131542, 38.664376707405019 ], [ -104.70128192179655, 38.664291287470853 ], [ -104.701222922515271, 38.664196287797793 ], [ -104.701153246229012, 38.664082757868528 ], [ -104.701052920945727, 38.663919287220622 ], [ -104.698713344999945, 38.65799642574941 ], [ -104.698710920826102, 38.657990286505814 ], [ -104.698276921294124, 38.657982286822062 ], [ -104.698111920327378, 38.65797528729825 ], [ -104.697045920412961, 38.657957287214082 ], [ -104.696898919660683, 38.659439287413953 ], [ -104.696791920191188, 38.660879287528779 ], [ -104.696765920184276, 38.661557287043848 ], [ -104.696762920189258, 38.661865288328549 ], [ -104.696580920483555, 38.661883287576522 ], [ -104.694883919947571, 38.66203928775515 ], [ -104.694887919756681, 38.66214428777554 ], [ -104.694940920054535, 38.663201288146944 ], [ -104.694334920799321, 38.663216287538752 ], [ -104.694111920328297, 38.663221288013148 ], [ -104.693785920080259, 38.663228288513629 ], [ -104.691983142554392, 38.663269215695408 ], [ -104.691979919811061, 38.663269288715703 ], [ -104.691917920068775, 38.663271288744724 ], [ -104.691864935561142, 38.663274820979034 ], [ -104.691857919950635, 38.663275288259484 ], [ -104.691811919922486, 38.663168287960623 ], [ -104.691755919892387, 38.662964287917831 ], [ -104.691708919499177, 38.66270428884755 ], [ -104.691689919592676, 38.662594287679923 ], [ -104.6916890503812, 38.662551709834112 ], [ -104.691689049528748, 38.662551683702233 ], [ -104.691688918729781, 38.662545288238718 ], [ -104.691541918897769, 38.662547288732554 ], [ -104.690779919685014, 38.662557288122535 ], [ -104.689620062007378, 38.662574286013616 ], [ -104.688185918563917, 38.662595287723306 ], [ -104.688055919373099, 38.662595288509841 ], [ -104.68792191926434, 38.662595288135698 ], [ -104.687873879841007, 38.662593333417874 ], [ -104.687749917749301, 38.662588288821738 ], [ -104.687648013477968, 38.662566333090524 ], [ -104.687503918265477, 38.662535287777843 ], [ -104.687448569315762, 38.662515960114597 ], [ -104.68740565851067, 38.662500975486452 ], [ -104.687314919167434, 38.662469288816631 ], [ -104.687183918271984, 38.662396288368306 ], [ -104.687159077166726, 38.6623823150885 ], [ -104.687151918711535, 38.662378288317306 ], [ -104.687090918666414, 38.66232828859841 ], [ -104.687090205470213, 38.6623276538689 ], [ -104.687090177024388, 38.662327629345157 ], [ -104.687081918874938, 38.662320287667853 ], [ -104.686981918235503, 38.662386288288701 ], [ -104.686539917582735, 38.662663288679333 ], [ -104.685589085623874, 38.663255578460685 ], [ -104.685579918760425, 38.663261288766073 ], [ -104.685575010447593, 38.663262258763751 ], [ -104.685493918417905, 38.663278288634153 ], [ -104.685332917345306, 38.663311288949735 ], [ -104.685334561593905, 38.663317319392078 ], [ -104.685340804502417, 38.663340210891974 ], [ -104.685368918138394, 38.663443288997115 ], [ -104.685374918478459, 38.663465288704927 ], [ -104.685389917509639, 38.663518288423049 ], [ -104.685387629559386, 38.663518305670472 ], [ -104.684982918223753, 38.663521289287594 ], [ -104.682543739921428, 38.663541208648503 ], [ -104.682533918088055, 38.663541288902131 ], [ -104.682520917831823, 38.662663288877049 ], [ -104.682505917191605, 38.661674287969319 ], [ -104.682488916769572, 38.66052128918075 ], [ -104.682467916928857, 38.659149288605228 ], [ -104.682440917304064, 38.657327287821637 ], [ -104.682444631894413, 38.657257611729136 ], [ -104.682444915897435, 38.657252287637455 ], [ -104.682243916726378, 38.657233288103903 ], [ -104.682018460483135, 38.657222955138231 ], [ -104.682003916737287, 38.657222288493045 ], [ -104.681934916777408, 38.657219287802711 ], [ -104.681607916402015, 38.657225288241072 ], [ -104.681283917023933, 38.657231287342491 ], [ -104.679769916062639, 38.657227288392328 ], [ -104.677896916332543, 38.65722428854172 ], [ -104.676631915275721, 38.657248288031845 ], [ -104.6742569150625, 38.657259288468936 ], [ -104.673412914847219, 38.657264288806573 ], [ -104.673298913740837, 38.6572562889464 ], [ -104.673266502202637, 38.657254285603038 ], [ -104.673267131923254, 38.657292785407755 ], [ -104.673267469722177, 38.657313474205623 ], [ -104.669978690945044, 38.65734299869694 ], [ -104.669499913929727, 38.657347289224752 ], [ -104.663984912386184, 38.657389288944934 ], [ -104.663981912342678, 38.657910288704706 ], [ -104.663975913150225, 38.660346289911814 ], [ -104.663970913734232, 38.662153289845982 ], [ -104.663965913145049, 38.663648290025911 ], [ -104.663963912760153, 38.664251290232293 ], [ -104.663963913644523, 38.664331289909001 ], [ -104.663962913505969, 38.664551289892721 ], [ -104.66396291362949, 38.664583289761381 ], [ -104.663861913016476, 38.664555290797097 ], [ -104.662508913560558, 38.66456429034303 ], [ -104.662027912733436, 38.664582290074662 ], [ -104.654992911349609, 38.664684290758167 ], [ -104.654955654476481, 38.66468434066455 ], [ -104.652727910001033, 38.664687290818087 ], [ -104.645517908476975, 38.664731291693393 ], [ -104.643093395604154, 38.664755699919105 ], [ -104.643093359975282, 38.664755700556505 ], [ -104.643093310558726, 38.66475570109197 ], [ -104.636452907311465, 38.664822292303384 ], [ -104.636453144896478, 38.664842406660334 ], [ -104.636494907997161, 38.668372292298415 ], [ -104.636497908117107, 38.668592292712674 ], [ -104.636584038112545, 38.675950891929645 ], [ -104.636622908673019, 38.679271294282792 ], [ -104.633369907799192, 38.679275294369859 ], [ -104.633420779118651, 38.681716445523321 ], [ -104.63343890741055, 38.68258629488777 ], [ -104.632647908436141, 38.682592295000426 ], [ -104.6314959076185, 38.682606294915011 ], [ -104.627874907329016, 38.682631295317165 ], [ -104.627414906470449, 38.682635295057089 ], [ -104.627121636689623, 38.68263723081013 ], [ -104.627121603350119, 38.682637231459914 ], [ -104.627111906544229, 38.682637295364948 ], [ -104.627064084577668, 38.680925676591343 ], [ -104.627063906507843, 38.680919295076286 ], [ -104.623067753289547, 38.680957202110825 ], [ -104.62305790578263, 38.680957295165236 ], [ -104.623053708321748, 38.680496185285243 ], [ -104.623042961685073, 38.679315583866519 ], [ -104.623042913279008, 38.679310275394798 ], [ -104.623042904663507, 38.679309295149928 ], [ -104.62210227325464, 38.679308721284748 ], [ -104.621411904396084, 38.679308294981745 ], [ -104.621047718353935, 38.679306969510229 ], [ -104.620587904873574, 38.679305294768753 ], [ -104.618898904717938, 38.679301295680261 ], [ -104.609167901810068, 38.679280296180856 ], [ -104.60905590362168, 38.686624297221194 ], [ -104.605435901409805, 38.686613297735171 ], [ -104.605410902624968, 38.689551297805011 ], [ -104.605404902530125, 38.690306297228297 ], [ -104.602335901751545, 38.690301298761199 ], [ -104.600785901436865, 38.69029829790793 ], [ -104.599191901960253, 38.690295298353732 ], [ -104.599176900719556, 38.692194298179565 ], [ -104.599168901307266, 38.693163298685668 ], [ -104.599161901763935, 38.693997298622115 ], [ -104.599160901405014, 38.694028298098303 ], [ -104.599171007346996, 38.694028278437933 ], [ -104.599172573073758, 38.694028275290513 ], [ -104.599668901289149, 38.694027298057229 ], [ -104.602335902285077, 38.694022298494311 ], [ -104.604633902648814, 38.694017298705603 ], [ -104.608860904380862, 38.693994297423956 ], [ -104.615892904765175, 38.693988297165866 ], [ -104.620256905836939, 38.693985297260767 ], [ -104.620653906040701, 38.693984297909097 ], [ -104.622157906760918, 38.693983297638439 ], [ -104.623710188601535, 38.69399533473203 ], [ -104.624996907319456, 38.694005297156899 ], [ -104.627431907808017, 38.693995296641639 ], [ -104.627649908100253, 38.693999296912267 ], [ -104.627738908632026, 38.694000297301571 ], [ -104.628005907598819, 38.694005297135369 ], [ -104.628068056981263, 38.694006678158814 ], [ -104.628095907492906, 38.694007297559423 ], [ -104.628664908072579, 38.694017296824576 ], [ -104.628778517365106, 38.694016103922763 ], [ -104.631328909710831, 38.693989296017854 ], [ -104.632591909304708, 38.693989296398435 ], [ -104.644940836255557, 38.693996943309116 ], [ -104.645566911490249, 38.693997295942978 ], [ -104.646079912162492, 38.693991295164608 ], [ -104.648403219337553, 38.693966836742298 ], [ -104.648928912901539, 38.693961295886758 ], [ -104.650576914149141, 38.693975294836235 ], [ -104.651262912710436, 38.693981295423676 ], [ -104.651687154031848, 38.693985325265132 ], [ -104.651999913852933, 38.693988294805756 ], [ -104.65315864256263, 38.693976024511592 ], [ -104.653321914259763, 38.693974294692794 ], [ -104.653505358891294, 38.693972693043101 ], [ -104.654008914150893, 38.693968295403899 ], [ -104.654752680889658, 38.693960913211647 ], [ -104.654814914090437, 38.693960294925994 ], [ -104.655230994377249, 38.693963482925987 ], [ -104.655989914035146, 38.69396929415737 ], [ -104.656025755599316, 38.693969294763129 ], [ -104.656072914410558, 38.693969294871259 ], [ -104.657485474165355, 38.693979954199605 ], [ -104.658990914839151, 38.693991294555225 ], [ -104.659028671482815, 38.693991202722067 ], [ -104.662267915978774, 38.693983294396403 ], [ -104.663812459995611, 38.693980307956267 ], [ -104.664332179457872, 38.693979298278286 ], [ -104.664333916458034, 38.693979294584622 ], [ -104.664344258932772, 38.693979388064342 ], [ -104.664444915915652, 38.69398029475181 ], [ -104.664780915995337, 38.693982294627922 ], [ -104.666124916386664, 38.69399029430236 ], [ -104.666572917245077, 38.693993293736852 ], [ -104.666750725328541, 38.693991090064067 ], [ -104.666814916977017, 38.693990293830105 ], [ -104.667543918018168, 38.693984294602195 ], [ -104.667786917564555, 38.693982294435813 ], [ -104.667982916965684, 38.693980294249947 ], [ -104.668279917141959, 38.693985294115784 ], [ -104.669292052759317, 38.694003077127178 ], [ -104.669759917839812, 38.694011293954411 ], [ -104.669820917908808, 38.69401329390022 ], [ -104.670253918503903, 38.694009293338432 ], [ -104.670253762446308, 38.694015680470926 ], [ -104.670251917876556, 38.694091293835861 ], [ -104.670261992166132, 38.694091220904681 ], [ -104.671358917892988, 38.694083294722624 ], [ -104.671441918427405, 38.694082294348298 ], [ -104.671441925414513, 38.694088706971222 ], [ -104.67144267645034, 38.694763107258176 ], [ -104.671442918073666, 38.694980294120789 ], [ -104.671443098549517, 38.694980294509868 ], [ -104.671452829491287, 38.694980299199869 ], [ -104.673589919235837, 38.694981294545094 ], [ -104.67358975529757, 38.694985811365278 ], [ -104.6735896910496, 38.694987582967869 ], [ -104.673587918571783, 38.695036294341826 ], [ -104.673593918237444, 38.69557729398224 ], [ -104.6735949181477, 38.695804293334433 ], [ -104.673596919133487, 38.696401294712381 ], [ -104.673600106409012, 38.698091427079873 ], [ -104.673601919766739, 38.699053294901866 ], [ -104.673602919536535, 38.69967129431047 ], [ -104.673603919005799, 38.699964294973299 ], [ -104.673604920000273, 38.700643294853123 ], [ -104.673610041275708, 38.703302581770579 ], [ -104.673610918958047, 38.703758294806001 ], [ -104.673612919986155, 38.704973295264729 ], [ -104.673614920015424, 38.70609529539017 ], [ -104.673619180704137, 38.708105621485373 ], [ -104.67361992031546, 38.708454296347348 ], [ -104.673612680192122, 38.708454296092931 ], [ -104.67360192060913, 38.708454295977063 ], [ -104.673482920267247, 38.708453296352211 ], [ -104.673352920052764, 38.708452295653906 ], [ -104.67302092052023, 38.708452296482918 ], [ -104.67287030830586, 38.708453176133204 ], [ -104.672840570835646, 38.708453349561118 ], [ -104.672335920295808, 38.708456296691239 ], [ -104.671996919349908, 38.70845929593677 ], [ -104.670849610182316, 38.708474301805175 ], [ -104.669988250579436, 38.708485560042057 ], [ -104.669931919122007, 38.708486296383924 ], [ -104.669806396597025, 38.708497080444452 ], [ -104.669640919551668, 38.708511296215576 ], [ -104.669294919946267, 38.708551296650327 ], [ -104.668963919915342, 38.708630296103877 ], [ -104.668672919922429, 38.7087092967543 ], [ -104.668405919239788, 38.708822296522754 ], [ -104.668391717757331, 38.70882864146445 ], [ -104.668217918939462, 38.708906296904104 ], [ -104.668106753712337, 38.708971596188292 ], [ -104.668074918417034, 38.708990296464194 ], [ -104.667570918807655, 38.709341296442631 ], [ -104.66731491886631, 38.709533296513975 ], [ -104.666435918151493, 38.710249297188291 ], [ -104.666079918542835, 38.710506295880094 ], [ -104.665269918721862, 38.711124297362709 ], [ -104.66521745634482, 38.711167598650739 ], [ -104.665206918576757, 38.711176296597209 ], [ -104.665171650251494, 38.711205406436726 ], [ -104.665017918707321, 38.711332296805189 ], [ -104.664954918183497, 38.711384296803011 ], [ -104.664530917935764, 38.711743296778167 ], [ -104.664491918667366, 38.711774296634708 ], [ -104.664372743866977, 38.711874067781025 ], [ -104.663797918484931, 38.712355297044169 ], [ -104.663370918898011, 38.712711296455346 ], [ -104.663101918423919, 38.712942297809278 ], [ -104.66291191824854, 38.713106297276042 ], [ -104.662638918081157, 38.713332297556462 ], [ -104.662333706326422, 38.713583995864923 ], [ -104.662276085334895, 38.7136315135022 ], [ -104.66212016747636, 38.713760092388455 ], [ -104.662119918977396, 38.713760298699512 ], [ -104.66211557210427, 38.713763946543793 ], [ -104.662070236842993, 38.713802011478997 ], [ -104.662034631270487, 38.713831906224954 ], [ -104.66201391757545, 38.713849296955161 ], [ -104.661974918345791, 38.713880296878997 ], [ -104.661911917634299, 38.713933297943676 ], [ -104.661607918036665, 38.714186297718761 ], [ -104.660640918165669, 38.715057297107585 ], [ -104.66022291757983, 38.715463297688224 ], [ -104.660137917309811, 38.71556029765803 ], [ -104.660077917625202, 38.715627297771597 ], [ -104.659962917651981, 38.715761298090797 ], [ -104.659740917637279, 38.716017297881656 ], [ -104.659528917906414, 38.716258298663114 ], [ -104.659513917303016, 38.716277297922666 ], [ -104.659501918326058, 38.716291298248073 ], [ -104.659454917369473, 38.716346297747165 ], [ -104.659335916984816, 38.716281297601029 ], [ -104.659330189293172, 38.716278282218958 ], [ -104.658062469629868, 38.715610857451018 ], [ -104.658052344637198, 38.715605528107062 ], [ -104.658051917300227, 38.715605297978421 ], [ -104.659397916999225, 38.714037297607803 ], [ -104.660140917448899, 38.713416297310957 ], [ -104.659470260476851, 38.712924023299578 ], [ -104.6584274979311, 38.712158596187017 ], [ -104.658418916450799, 38.712152296998624 ], [ -104.657358917272546, 38.71215329729543 ], [ -104.654316916053389, 38.712157297993663 ], [ -104.652622789842496, 38.712159155970241 ], [ -104.644914913707524, 38.712167297830959 ], [ -104.641707912421822, 38.712167298517684 ], [ -104.641438235747756, 38.712167352353077 ], [ -104.638969028140835, 38.712167817503264 ], [ -104.627411775729996, 38.712169293490057 ], [ -104.627336909614144, 38.712169299402618 ], [ -104.627336906560217, 38.712170017395806 ], [ -104.627336719080219, 38.712214005962146 ], [ -104.627305910404743, 38.719433301020054 ], [ -104.627315840281952, 38.719433300977229 ], [ -104.627402910415398, 38.719433300372309 ], [ -104.628149911193162, 38.719434300357996 ], [ -104.628149911216624, 38.719440587726368 ], [ -104.628149910761067, 38.7194563011886 ], [ -104.628146910776948, 38.720379300120683 ], [ -104.628120911214864, 38.723002300824866 ], [ -104.628130873436433, 38.723002423473829 ], [ -104.628283911594949, 38.723004301014711 ], [ -104.628293851282393, 38.72300438564254 ], [ -104.62851791157847, 38.723006300337993 ], [ -104.628855911217968, 38.723009300325671 ], [ -104.629844911709853, 38.723011300515239 ], [ -104.629844628307183, 38.723017548817694 ], [ -104.629844626760772, 38.723017581238409 ], [ -104.629843912442624, 38.723033301049711 ], [ -104.629843911600489, 38.723099300816983 ], [ -104.62985382399151, 38.723099361682856 ], [ -104.629853894136033, 38.723099362209197 ], [ -104.630006911793046, 38.723100301287687 ], [ -104.63009591222928, 38.723099301400545 ], [ -104.630110911235789, 38.723084301354909 ], [ -104.631426911859023, 38.723061301005785 ], [ -104.635202158398272, 38.723092130799913 ], [ -104.635202360782543, 38.723092132309191 ], [ -104.635222912961794, 38.723092299989723 ], [ -104.635230729408505, 38.723092316837956 ], [ -104.636650913243685, 38.723095300654521 ], [ -104.636659913356581, 38.723022300395463 ], [ -104.636839912855251, 38.723023300703488 ], [ -104.637183913173928, 38.723019300389019 ], [ -104.637477913687675, 38.723016300139378 ], [ -104.638295913396348, 38.723005300437556 ], [ -104.638757913913182, 38.723005301050534 ], [ -104.63928291440476, 38.723007299871973 ], [ -104.639556914214126, 38.723007299939219 ], [ -104.639719914205813, 38.72300629937817 ], [ -104.640560913493431, 38.723005300225601 ], [ -104.641030914543023, 38.723005300627051 ], [ -104.641468914176002, 38.723005300043241 ], [ -104.64146888301569, 38.723011600684181 ], [ -104.641463914830538, 38.724021299724143 ], [ -104.641464914439851, 38.724302300395678 ], [ -104.641467915005038, 38.724726299883429 ], [ -104.641467915410999, 38.72486630012272 ], [ -104.641489915196956, 38.72577530098971 ], [ -104.64150091527307, 38.726202301085877 ], [ -104.641495413306075, 38.726457692452804 ], [ -104.641488915547768, 38.726759300543769 ], [ -104.641419915095938, 38.726972300392852 ], [ -104.641330915198992, 38.727155300916692 ], [ -104.641183914443133, 38.72733730069573 ], [ -104.641177883764854, 38.727341464123143 ], [ -104.640831914291269, 38.727580301253624 ], [ -104.640518914399863, 38.727730300161042 ], [ -104.639638913906481, 38.728156300865855 ], [ -104.639465914444898, 38.728239300687733 ], [ -104.639346914093409, 38.728287301173154 ], [ -104.639275914529762, 38.728315300239522 ], [ -104.639142914817114, 38.728367301100853 ], [ -104.639066914956501, 38.728398300746711 ], [ -104.638968914481339, 38.728416301026805 ], [ -104.638734915030312, 38.728458301103345 ], [ -104.638548914177335, 38.72846330157509 ], [ -104.638549273770266, 38.728469888900207 ], [ -104.638554914439965, 38.728573300587918 ], [ -104.638553914417642, 38.72903630090407 ], [ -104.638551914497171, 38.729475301100841 ], [ -104.63854991445632, 38.730264300523032 ], [ -104.638559845833939, 38.730264300418206 ], [ -104.638863837944882, 38.730264301266025 ], [ -104.639140914713252, 38.73026430063144 ], [ -104.639705914493405, 38.730265301252416 ], [ -104.640320458990701, 38.730265302430205 ], [ -104.640443626444551, 38.730265301848959 ], [ -104.640784914941094, 38.730265301107998 ], [ -104.640828914323336, 38.73026530094954 ], [ -104.641177915580656, 38.730267301225048 ], [ -104.641682915343253, 38.730270301026195 ], [ -104.641851663236864, 38.730270520960715 ], [ -104.641925350921142, 38.730270616635615 ], [ -104.643382906453908, 38.730272500659822 ], [ -104.643510074357806, 38.730272664207199 ], [ -104.644002539745131, 38.730273296485926 ], [ -104.644005916476047, 38.730273300688445 ], [ -104.643994245400151, 38.73027957397111 ], [ -104.643986970954188, 38.730283483320591 ], [ -104.643845915385299, 38.73035930025371 ], [ -104.643590915268163, 38.730460300748568 ], [ -104.643284916111199, 38.730540300652919 ], [ -104.642939915679037, 38.730727301069479 ], [ -104.642963329752632, 38.730726285814619 ], [ -104.646120916650958, 38.730589301010866 ], [ -104.646117018853147, 38.730596201103268 ], [ -104.645311916548565, 38.732021300590127 ], [ -104.644941916940851, 38.732931301586191 ], [ -104.644503916305297, 38.734323301651699 ], [ -104.644391916918281, 38.735232301875186 ], [ -104.644391916139668, 38.736131301252541 ], [ -104.644391916300862, 38.736883301436379 ], [ -104.644334916303819, 38.737386301457455 ], [ -104.644345536625195, 38.737386387913851 ], [ -104.646169917300924, 38.737401301685338 ], [ -104.649840918098135, 38.737433301620605 ], [ -104.649849297149018, 38.737436518872684 ], [ -104.649851607742661, 38.737437406073354 ], [ -104.649952917871246, 38.737476302411338 ], [ -104.650073398366629, 38.737496689707221 ], [ -104.650082918110201, 38.737498300896895 ], [ -104.650209917927668, 38.737511301635145 ], [ -104.650347918000094, 38.737510301825154 ], [ -104.650626484940759, 38.737509406988899 ], [ -104.650654150575875, 38.737509317691007 ], [ -104.651200790334684, 38.737507559892819 ], [ -104.651209181699997, 38.737507533013215 ], [ -104.651775095688038, 38.737505710853974 ], [ -104.651803441142249, 38.737505619046395 ], [ -104.651901918631566, 38.737505301324845 ], [ -104.652349392939271, 38.737504439989813 ], [ -104.652352590698456, 38.737504433629923 ], [ -104.652420918025385, 38.737504301426561 ], [ -104.652700918979292, 38.737501301290969 ], [ -104.652923732620664, 38.737499697246051 ], [ -104.652930386210812, 38.737499649442505 ], [ -104.653498064991254, 38.737495559709537 ], [ -104.653499231442595, 38.737495551105603 ], [ -104.653533918915585, 38.737495301558283 ], [ -104.653822918886533, 38.737493301319283 ], [ -104.654072351830749, 38.737495243295989 ], [ -104.654079918596736, 38.737495302085925 ], [ -104.654108701634385, 38.737495651642178 ], [ -104.654646551303756, 38.737502180109232 ], [ -104.654661485092376, 38.737502361022344 ], [ -104.654738918805535, 38.737503301022699 ], [ -104.654850918964115, 38.737501300977641 ], [ -104.655107918282042, 38.737498300398734 ], [ -104.655145141462242, 38.737497421097331 ], [ -104.655234919118186, 38.737495302052878 ], [ -104.65523568183599, 38.737495293193625 ], [ -104.655332919247513, 38.737494301369928 ], [ -104.655615919005484, 38.737490301629919 ], [ -104.656010919024524, 38.737493301774428 ], [ -104.656237919199754, 38.737495301982342 ], [ -104.656731919368369, 38.737499300896204 ], [ -104.657317476542744, 38.737494385522673 ], [ -104.658041919960098, 38.737488300701919 ], [ -104.659428173651676, 38.737476769894727 ], [ -104.659671073964816, 38.737474748012296 ], [ -104.65996492015303, 38.737472300919514 ], [ -104.660867920306501, 38.737485300384328 ], [ -104.661821036863884, 38.737475061478271 ], [ -104.661977904018045, 38.737473376072344 ], [ -104.662077921204585, 38.737472301382766 ], [ -104.663455920903118, 38.737475301441037 ], [ -104.663564921230687, 38.737476301054109 ], [ -104.664113920718151, 38.73747830029145 ], [ -104.664213821464571, 38.737479985962516 ], [ -104.664410430534474, 38.737483302516473 ], [ -104.664943921989547, 38.737492300459579 ], [ -104.665050920685587, 38.737494300473124 ], [ -104.665260921212536, 38.737492301216484 ], [ -104.66546792190131, 38.737490300716409 ], [ -104.66609092182982, 38.737484300553298 ], [ -104.666167921461579, 38.737484300079686 ], [ -104.666298921798074, 38.73748330034153 ], [ -104.666606657463447, 38.737480402930167 ], [ -104.666691332801221, 38.737479605015174 ], [ -104.666829921399724, 38.737478299738441 ], [ -104.667627921673144, 38.73748830040001 ], [ -104.667668921910575, 38.737489300927919 ], [ -104.668522921718434, 38.737488300069671 ], [ -104.668999507295752, 38.737479686858904 ], [ -104.669020922448894, 38.737479299751612 ], [ -104.669112922726924, 38.737477299404929 ], [ -104.669278091767765, 38.737477805923 ], [ -104.670418922195239, 38.737481300019887 ], [ -104.671121922161603, 38.737473300876502 ], [ -104.671392421380133, 38.737473301210692 ], [ -104.671615922823122, 38.737473300396324 ], [ -104.672391922779198, 38.737473300423076 ], [ -104.672945923321976, 38.737465299933326 ], [ -104.673151922954375, 38.737462300214283 ], [ -104.673437923559646, 38.737465299951893 ], [ -104.673469662632925, 38.737465560364328 ], [ -104.673469733942099, 38.737465560872479 ], [ -104.67355992279154, 38.7374662999229 ], [ -104.673642996183347, 38.737468232342152 ], [ -104.673650538588973, 38.737468407698707 ], [ -104.673688923328456, 38.737469300077436 ], [ -104.673688923941256, 38.737453796614489 ], [ -104.673688923575753, 38.737453729044901 ], [ -104.67368892287837, 38.737411299683174 ], [ -104.673688923131934, 38.737388299887058 ], [ -104.673689324605604, 38.737388395539206 ], [ -104.673695502722381, 38.737389866567462 ], [ -104.673730923082445, 38.73739830081054 ], [ -104.673730922923767, 38.737398611617486 ], [ -104.673730923372915, 38.737402237714946 ], [ -104.673730923528993, 38.737436098679566 ], [ -104.673730923181111, 38.737470300178082 ], [ -104.673740847104142, 38.737470431233461 ], [ -104.673881923385636, 38.737472300090332 ], [ -104.674399923370387, 38.737464300199491 ], [ -104.674898923419704, 38.737457299764237 ], [ -104.674914924449055, 38.737457299176647 ], [ -104.675407923914875, 38.737459299731391 ], [ -104.676074923856277, 38.737463299206134 ], [ -104.676867923122046, 38.737458299098513 ], [ -104.677870924240779, 38.737452300315368 ], [ -104.678468618661427, 38.73744254353101 ], [ -104.678850925254295, 38.737436300391472 ], [ -104.679238470004933, 38.737435837149704 ], [ -104.679686924329857, 38.737435299809832 ], [ -104.680177925347763, 38.737449299176447 ], [ -104.680761924813851, 38.737455300293639 ], [ -104.68092392484985, 38.737457299361687 ], [ -104.681250925922029, 38.737455300042285 ], [ -104.681737925581402, 38.737453299844866 ], [ -104.681840273462868, 38.737453653374416 ], [ -104.682317925701014, 38.737455300085522 ], [ -104.682529210051413, 38.737464416349816 ], [ -104.682711923958237, 38.737472299393239 ], [ -104.682711923295997, 38.737472357045661 ], [ -104.68271185654433, 38.737478168230695 ], [ -104.682698925357883, 38.738605299484114 ], [ -104.682700925529232, 38.738745299598612 ], [ -104.682701114150944, 38.738895503964372 ], [ -104.682701114700961, 38.73889555621998 ], [ -104.682701925956593, 38.739541299753895 ], [ -104.682708925715858, 38.739931300197355 ], [ -104.68270292594373, 38.740677299210851 ], [ -104.68270792634145, 38.740977299943523 ], [ -104.68269192569521, 38.741800299746856 ], [ -104.682695926312135, 38.742162300002597 ], [ -104.682694925735944, 38.742175300029871 ], [ -104.682689925834097, 38.742884300049894 ], [ -104.682694926860208, 38.743218300403583 ], [ -104.682668925898639, 38.744673299812803 ], [ -104.682672926294259, 38.745170300431113 ], [ -104.682686925750616, 38.745664301245533 ], [ -104.682686925762198, 38.746416300762661 ], [ -104.682697925680273, 38.746783300624351 ], [ -104.682697926280596, 38.747566300671537 ], [ -104.68269292651722, 38.747858300265484 ], [ -104.682695584730951, 38.748102861507377 ], [ -104.682699926376884, 38.748502300565498 ], [ -104.682689926881181, 38.749399300952554 ], [ -104.6826709274292, 38.750008301260898 ], [ -104.682674927764182, 38.751240301166582 ], [ -104.682658926644336, 38.752367301712496 ], [ -104.682672134775444, 38.753551303749852 ], [ -104.682683881748915, 38.754604269782668 ], [ -104.682697926812295, 38.755863301940643 ], [ -104.682692927326187, 38.756286301755523 ], [ -104.682685927535971, 38.757048302677511 ], [ -104.682644091669388, 38.758819401067711 ], [ -104.682631928223273, 38.759334302463159 ], [ -104.682647927735175, 38.760303302586358 ], [ -104.682651928522887, 38.760544302851905 ], [ -104.682670928253913, 38.760824302030457 ], [ -104.682681927226341, 38.760989302886955 ], [ -104.682682534447778, 38.760996138619305 ], [ -104.682685927469038, 38.76103430353411 ], [ -104.682700927990368, 38.761172302246706 ], [ -104.682706928062416, 38.761218302553843 ], [ -104.682733927857328, 38.76145730266493 ], [ -104.682844927634306, 38.761899302915793 ], [ -104.682918927927616, 38.762114302715069 ], [ -104.683038928263883, 38.762458302376302 ], [ -104.683179928933981, 38.762741302685953 ], [ -104.683361928314739, 38.763107303043071 ], [ -104.683714928484648, 38.76363330260299 ], [ -104.684174929223389, 38.764096302800532 ], [ -104.684484929166715, 38.764343303506593 ], [ -104.68499292937463, 38.764747303278057 ], [ -104.685001341144485, 38.764752400140736 ], [ -104.685228929018336, 38.764890303181602 ], [ -104.685304929552572, 38.764936302960187 ], [ -104.685534929489336, 38.765077303371271 ], [ -104.685611929267495, 38.765124303641272 ], [ -104.685697928987182, 38.765176302997894 ], [ -104.686384928409495, 38.765516303835867 ], [ -104.687057929263503, 38.765752303723282 ], [ -104.687507929909913, 38.76590930329359 ], [ -104.687706930111375, 38.765952302365683 ], [ -104.687981930291599, 38.766013303034171 ], [ -104.688620930031249, 38.766125302381361 ], [ -104.68888192969662, 38.766162303296902 ], [ -104.689279930024213, 38.766196303304092 ], [ -104.689700929321461, 38.766215303280134 ], [ -104.69016892955247, 38.766216302965653 ], [ -104.692033391476542, 38.766201923358409 ], [ -104.693795930368523, 38.766188302963229 ], [ -104.695145986877336, 38.7661782286673 ], [ -104.696607931974327, 38.766167302618079 ], [ -104.697401932670587, 38.766161302910767 ], [ -104.698750932412565, 38.766178302436799 ], [ -104.699073932866057, 38.766183301725249 ], [ -104.699251932593299, 38.766186302277845 ], [ -104.701128931892441, 38.766188302483009 ], [ -104.702423574311254, 38.766175453017766 ], [ -104.703820261636764, 38.766161574954495 ], [ -104.705053933205562, 38.766149302086539 ], [ -104.705442933931394, 38.766145301685881 ], [ -104.708537933786417, 38.766171301396447 ], [ -104.709920502003044, 38.766160962566481 ], [ -104.711448553711548, 38.766149515889261 ], [ -104.712809934896683, 38.76613930135079 ], [ -104.714211936780529, 38.766155301410215 ], [ -104.714762935859355, 38.766210300995759 ], [ -104.715379936381396, 38.766308301305244 ], [ -104.715926936450771, 38.766444301341089 ], [ -104.716335937111793, 38.766565301305377 ], [ -104.716718936224368, 38.766704301507026 ], [ -104.717188936937049, 38.766906300884173 ], [ -104.717594936249711, 38.767108301035286 ], [ -104.717604538246249, 38.767114435057138 ], [ -104.718037937031141, 38.76739130193954 ], [ -104.718158593422487, 38.767472028178958 ], [ -104.718157397766575, 38.76747287056039 ], [ -104.718176936816619, 38.767484301139099 ], [ -104.718408936606082, 38.767640301358909 ], [ -104.71855293700051, 38.767748301123014 ], [ -104.718648936496535, 38.76782130054368 ], [ -104.71888193688082, 38.768029301241889 ], [ -104.719087937102415, 38.768227301889183 ], [ -104.719477938087877, 38.76866730115173 ], [ -104.719818937235658, 38.769129300796003 ], [ -104.720091937606014, 38.769618301427698 ], [ -104.720384937844685, 38.770323301765224 ], [ -104.720490937748593, 38.770797302006031 ], [ -104.720535937745979, 38.771270302321319 ], [ -104.720547416764376, 38.772649858733196 ], [ -104.720558271130812, 38.773954254337951 ], [ -104.720570937460707, 38.775476302668416 ], [ -104.720579938953065, 38.776632302341319 ], [ -104.720600938685237, 38.778984302845295 ], [ -104.720605938595526, 38.780103302965642 ], [ -104.720607939187218, 38.780456303451032 ], [ -104.720608539556153, 38.78071412850786 ], [ -104.720608539977491, 38.780714405082755 ], [ -104.720608540888122, 38.780714742020329 ], [ -104.720608938748668, 38.780885303172077 ], [ -104.720609290781979, 38.780885317247673 ], [ -104.720618864702814, 38.780885700454526 ], [ -104.720808938519156, 38.780893302744111 ], [ -104.721039938894464, 38.780901302840554 ], [ -104.72122893910516, 38.780915302536442 ], [ -104.721840938591669, 38.780945303498278 ], [ -104.722641939233228, 38.780985302297061 ], [ -104.723151939911673, 38.781011302353143 ], [ -104.723875939768533, 38.781046302490033 ], [ -104.72398593942755, 38.781051302835074 ], [ -104.724840939925826, 38.781091302452303 ], [ -104.72541893976765, 38.781117303446834 ], [ -104.727153940828472, 38.781197302984772 ], [ -104.727732940783966, 38.781224302690099 ], [ -104.728277940923874, 38.781249302290611 ], [ -104.729218940949593, 38.78129430261928 ], [ -104.729912941100693, 38.781329302750585 ], [ -104.730364918765162, 38.78135248069956 ], [ -104.730458940331488, 38.781357302280036 ], [ -104.730489000302882, 38.781358300676146 ], [ -104.730729941474053, 38.781366302334767 ], [ -104.731180104482775, 38.781296345070871 ], [ -104.73146994125932, 38.781251302444929 ], [ -104.732035942064556, 38.781184302531756 ], [ -104.732113603721757, 38.781171990490051 ], [ -104.732281941085461, 38.781145301925378 ], [ -104.732486941682765, 38.781107301728873 ], [ -104.73268205081682, 38.781067386258044 ], [ -104.733097941544528, 38.780982302452458 ], [ -104.73330524280999, 38.780939845826616 ], [ -104.733649214454985, 38.780869398176947 ], [ -104.733821343058068, 38.78083414428378 ], [ -104.733990095242007, 38.780799582253337 ], [ -104.734303941255163, 38.780735302188759 ], [ -104.734589203409584, 38.780677206532246 ], [ -104.734620319240136, 38.780670869511184 ], [ -104.735184929404511, 38.780555881099495 ], [ -104.735357054336831, 38.780520824910262 ], [ -104.735611281016318, 38.780469047382091 ], [ -104.735614942083927, 38.780468302139013 ], [ -104.735983515744834, 38.780391877306968 ], [ -104.736124922102206, 38.780362556390941 ], [ -104.736350373356089, 38.780315807578837 ], [ -104.736593942270048, 38.780265301899654 ], [ -104.736892788102537, 38.780204128749027 ], [ -104.737041687158111, 38.780173648800883 ], [ -104.737614941950056, 38.78005630188369 ], [ -104.737660637295903, 38.780046944563495 ], [ -104.737872153418436, 38.780003632740126 ], [ -104.738085411002558, 38.779959963503671 ], [ -104.738121502569939, 38.779952572647154 ], [ -104.738428483577025, 38.779889710255027 ], [ -104.738703943719258, 38.779833302334787 ], [ -104.73872294311326, 38.779545301494188 ], [ -104.738713943019221, 38.778350301636429 ], [ -104.738799942631857, 38.778350301783924 ], [ -104.738972942790724, 38.778351302127327 ], [ -104.73909288466254, 38.778351301209291 ], [ -104.739092943354137, 38.778351301594078 ], [ -104.739092976617485, 38.778357550349305 ], [ -104.73909297719959, 38.778357603505292 ], [ -104.739093002104141, 38.778362374754593 ], [ -104.739093002686275, 38.778362427910643 ], [ -104.739093355498881, 38.7784289452525 ], [ -104.739093356080971, 38.778428998408515 ], [ -104.739093614097484, 38.778477701032287 ], [ -104.739093614679575, 38.778477754188316 ], [ -104.739094759844605, 38.778693724504372 ], [ -104.73909476042671, 38.778693777660415 ], [ -104.739094844670078, 38.77870956711967 ], [ -104.73909484525214, 38.778709620275713 ], [ -104.739094942853541, 38.778728248510532 ], [ -104.739094943435632, 38.77872830166654 ], [ -104.739101152042849, 38.778920446143708 ], [ -104.739101153775763, 38.778920499307283 ], [ -104.73910135881566, 38.778926828466275 ], [ -104.739101360548631, 38.778926881629857 ], [ -104.739108478754943, 38.779147173905521 ], [ -104.739108480487914, 38.779147227069039 ], [ -104.739108552323358, 38.779149441013914 ], [ -104.739108554056301, 38.779149494177496 ], [ -104.739110103213335, 38.779197462033601 ], [ -104.739110104946263, 38.77919751519719 ], [ -104.739111879158045, 38.779252415935971 ], [ -104.739111880891016, 38.77925246909949 ], [ -104.739113941056843, 38.779316248130264 ], [ -104.739113942789842, 38.779316301293818 ], [ -104.739114014558893, 38.779317445888012 ], [ -104.739114017433053, 38.77931749995993 ], [ -104.739114085177135, 38.779318590474603 ], [ -104.739114088051267, 38.779318644546542 ], [ -104.739117543271036, 38.779373913056027 ], [ -104.739117546145181, 38.779373967127967 ], [ -104.739118337214094, 38.77938662253797 ], [ -104.739118340088254, 38.779386676609896 ], [ -104.739118405945291, 38.779387728374182 ], [ -104.739118408819465, 38.779387782446108 ], [ -104.739122590409977, 38.779454654608323 ], [ -104.739122593284151, 38.779454708680269 ], [ -104.739122619893806, 38.779455125964375 ], [ -104.739122622767965, 38.77945518003628 ], [ -104.739122940287288, 38.779460247792905 ], [ -104.739122943161448, 38.779460301864837 ], [ -104.739125994506338, 38.779522016258539 ], [ -104.739125997380512, 38.779522070330458 ], [ -104.739126027681621, 38.77952268042808 ], [ -104.739126030555795, 38.779522734500006 ], [ -104.739129367557297, 38.779590236247834 ], [ -104.739129370431499, 38.779590290319774 ], [ -104.7391293912967, 38.779590706665289 ], [ -104.739129394170902, 38.779590760737214 ], [ -104.739129884275854, 38.779600673682424 ], [ -104.739129887150042, 38.779600727754357 ], [ -104.73913274626679, 38.779658573388758 ], [ -104.73913274914095, 38.779658627460655 ], [ -104.739132754918231, 38.779658732902064 ], [ -104.739132757792419, 38.779658786973997 ], [ -104.739136117395319, 38.779726759130845 ], [ -104.739136120269507, 38.779726813202757 ], [ -104.739136263192094, 38.779729697871772 ], [ -104.739136266066296, 38.779729751943705 ], [ -104.739139479878887, 38.779794785359208 ], [ -104.739139482753089, 38.779794839431133 ], [ -104.739139688040623, 38.779798994756419 ], [ -104.739139690914755, 38.77979904882833 ], [ -104.739142842378499, 38.779862810686282 ], [ -104.739142845252672, 38.779862864758201 ], [ -104.739142987256329, 38.77986572779988 ], [ -104.739142990130517, 38.779865781871791 ], [ -104.739144939892725, 38.779905247999366 ], [ -104.739144942766941, 38.779905302071285 ], [ -104.739145379711829, 38.779930832405007 ], [ -104.739145380293962, 38.779930885560972 ], [ -104.739145426317279, 38.779933575904472 ], [ -104.739145426899469, 38.779933629060459 ], [ -104.739146541802555, 38.779998844206524 ], [ -104.739146542384702, 38.779998897362503 ], [ -104.739146560682272, 38.779999983949416 ], [ -104.739146561264405, 38.780000037105431 ], [ -104.73914769912642, 38.780066548774698 ], [ -104.739147699708568, 38.78006660193072 ], [ -104.739147703895512, 38.780066856007672 ], [ -104.739147704477659, 38.780066909163651 ], [ -104.739148867151229, 38.780134866915219 ], [ -104.739148867733348, 38.780134920071248 ], [ -104.73914888739769, 38.780136094052871 ], [ -104.73914888797988, 38.780136147208907 ], [ -104.73915002924862, 38.780202878715663 ], [ -104.739150029830753, 38.780202931871649 ], [ -104.739150105645038, 38.780207355712541 ], [ -104.739150106227243, 38.780207408868556 ], [ -104.739150941728838, 38.780256249503132 ], [ -104.739150942311028, 38.780256302659176 ], [ -104.739160233376893, 38.780269783147247 ], [ -104.739160285506244, 38.78026985916329 ], [ -104.739161025578014, 38.780270932464205 ], [ -104.739161077707337, 38.78027100848027 ], [ -104.739208106543913, 38.780339244382851 ], [ -104.739208158673321, 38.780339320398888 ], [ -104.739252890304172, 38.780404225067052 ], [ -104.739252942433708, 38.780404301083053 ], [ -104.739253667497636, 38.780404303133146 ], [ -104.739258553055365, 38.78040431623868 ], [ -104.739339869676954, 38.780404534818551 ], [ -104.739433727624586, 38.780404786881739 ], [ -104.739475982801935, 38.780404900725891 ], [ -104.739714627035184, 38.780405541801244 ], [ -104.739763286959914, 38.780405672272742 ], [ -104.740010155505246, 38.780406335082368 ], [ -104.740050591124103, 38.780406443108362 ], [ -104.740308859310304, 38.780407135783697 ], [ -104.740337895294516, 38.78040721323282 ], [ -104.740370943303688, 38.780407301619398 ], [ -104.740551634740058, 38.78041807406553 ], [ -104.740625044962869, 38.780422450741902 ], [ -104.740870238455472, 38.78043706717461 ], [ -104.740890943174151, 38.780438301680334 ], [ -104.740912187993899, 38.780438320818128 ], [ -104.741143375428877, 38.780438531811356 ], [ -104.741199496544354, 38.780438583441239 ], [ -104.741437850757023, 38.780438800165051 ], [ -104.741486806257399, 38.780438844459844 ], [ -104.741731210856003, 38.780439065890448 ], [ -104.741774115972561, 38.78043910476719 ], [ -104.741991943546864, 38.780439301560655 ], [ -104.742061365476289, 38.780445013416369 ], [ -104.742250623121336, 38.780460584116128 ], [ -104.742348426335468, 38.780468630609391 ], [ -104.742498691358406, 38.780480993246393 ], [ -104.742635487375722, 38.780492247993109 ], [ -104.742813476012856, 38.780506891096856 ], [ -104.742922548606643, 38.780515864666832 ], [ -104.743012944161038, 38.780523301025845 ], [ -104.743132728019589, 38.780522806598874 ], [ -104.743209790874715, 38.780522488428602 ], [ -104.743446141590141, 38.780521512307693 ], [ -104.743497115136307, 38.780521301346624 ], [ -104.743713774850946, 38.780520405332318 ], [ -104.743784440539201, 38.780520113560804 ], [ -104.744021049058375, 38.780519135246386 ], [ -104.744071765932475, 38.780518925063703 ], [ -104.744322417574296, 38.780517888055087 ], [ -104.744359091316156, 38.780517735855284 ], [ -104.74446394462332, 38.780517301398248 ], [ -104.744586342039042, 38.780517364817655 ], [ -104.744646407666494, 38.780517395410612 ], [ -104.744888098460365, 38.78051751955735 ], [ -104.744933718820008, 38.780517543401004 ], [ -104.745184667649781, 38.780517672207964 ], [ -104.745221029974715, 38.780517690680163 ], [ -104.745502531257884, 38.780517834612596 ], [ -104.745508341130602, 38.780517837248063 ], [ -104.745777998253402, 38.78051797378216 ], [ -104.745795651136774, 38.780517983097262 ], [ -104.746017830301213, 38.780518095208436 ], [ -104.74608296229502, 38.780518128242697 ], [ -104.746345716171149, 38.780518260054549 ], [ -104.746370273454431, 38.780518272676879 ], [ -104.746619370454084, 38.780518397167327 ], [ -104.746657584615022, 38.780518416399815 ], [ -104.74690571598407, 38.780518540313921 ], [ -104.74694489577675, 38.780518559411554 ], [ -104.747230007518425, 38.780518700959554 ], [ -104.747232206939657, 38.780518701712019 ], [ -104.747470256208189, 38.780518819384199 ], [ -104.747519518103672, 38.780518843301245 ], [ -104.747770831791314, 38.780518966179216 ], [ -104.747806829268853, 38.780518984179203 ], [ -104.748052188067717, 38.780519103888587 ], [ -104.748094139284291, 38.78051912433849 ], [ -104.748342682691927, 38.780519245147183 ], [ -104.748381450451731, 38.780519263793984 ], [ -104.748590176456602, 38.780519364934023 ], [ -104.748668761620294, 38.780519402538239 ], [ -104.748922256309967, 38.780519524429856 ], [ -104.74895607278998, 38.780519540571241 ], [ -104.749224194584158, 38.780519669072568 ], [ -104.749243383960774, 38.780519677893004 ], [ -104.749530695132691, 38.780519814503549 ], [ -104.749533122432197, 38.780519815785091 ], [ -104.749818006305674, 38.780519950402827 ], [ -104.749820231045703, 38.780519951269937 ], [ -104.750071304194037, 38.780520069413491 ], [ -104.750105317479793, 38.780520085590872 ], [ -104.750372924818564, 38.780520210816974 ], [ -104.750382231199481, 38.780520215072208 ], [ -104.750398460394223, 38.780520222599613 ], [ -104.750405397018213, 38.780520225961261 ], [ -104.750566945467227, 38.780520300803992 ], [ -104.750851771412371, 38.780520032517835 ], [ -104.750950356512917, 38.780519939120026 ], [ -104.751617945507178, 38.780519307228261 ], [ -104.751623143164636, 38.78051930200634 ], [ -104.752384119586338, 38.780518576880873 ], [ -104.752541169085191, 38.780518426304567 ], [ -104.753150293649696, 38.780517841475614 ], [ -104.753710946281686, 38.780517300322799 ], [ -104.753846943811524, 38.780485916812921 ], [ -104.753866945921004, 38.780481300454063 ], [ -104.754248946540528, 38.780373301073674 ], [ -104.754899947080105, 38.780114300990405 ], [ -104.755236946452598, 38.77993729998213 ], [ -104.755789947725518, 38.779563299780698 ], [ -104.756163946400761, 38.77922830040179 ], [ -104.756481946404435, 38.77886030028067 ], [ -104.756665947726503, 38.778563300975733 ], [ -104.756741947203267, 38.778442300003348 ], [ -104.756826946686132, 38.778219300042402 ], [ -104.756905947198376, 38.777971299931039 ], [ -104.756905942009155, 38.777971245844803 ], [ -104.756840947305363, 38.777351300253777 ], [ -104.757183393754431, 38.777350732334973 ], [ -104.757443946850955, 38.777350299794627 ], [ -104.757534946908024, 38.777349300063669 ], [ -104.757534947274806, 38.777349264931587 ], [ -104.757534946678959, 38.777349211775658 ], [ -104.757532946911965, 38.777083300549002 ], [ -104.757532939420713, 38.777083246448079 ], [ -104.757527758392513, 38.77704277354681 ], [ -104.757527750901275, 38.777042719445888 ], [ -104.757519859522688, 38.776981088173329 ], [ -104.757519852031464, 38.776981034072378 ], [ -104.757448946940428, 38.776427300157941 ], [ -104.757448946344638, 38.77642724700199 ], [ -104.757432946825318, 38.774271299751078 ], [ -104.757432945088183, 38.774271245686947 ], [ -104.757387946434974, 38.773184299302471 ], [ -104.757387943547187, 38.773184245230986 ], [ -104.757375945998135, 38.772925299532716 ], [ -104.757375943110361, 38.772925245461231 ], [ -104.75732194630794, 38.771739299990237 ], [ -104.757358946731344, 38.771507298861714 ], [ -104.75739994657394, 38.771375298890135 ], [ -104.757562946116039, 38.770854299533454 ], [ -104.757714946271335, 38.77059429850496 ], [ -104.757870945982432, 38.77037029965301 ], [ -104.757960945649586, 38.770243299242274 ], [ -104.758082053781308, 38.770090793644286 ], [ -104.758095949886965, 38.77007330084087 ], [ -104.758098203770444, 38.770070476566069 ], [ -104.758227946223187, 38.769908298277102 ], [ -104.758228125457606, 38.769908104831956 ], [ -104.758381947937963, 38.769741300208558 ], [ -104.758382128312846, 38.769741107671294 ], [ -104.758575948401827, 38.769534299717279 ], [ -104.758576142480436, 38.769534117177052 ], [ -104.758764886319227, 38.769359800184247 ], [ -104.758765082698247, 38.769359617658338 ], [ -104.758889946223405, 38.769244298474931 ], [ -104.759400946491837, 38.768910298895236 ], [ -104.759488947173068, 38.768848298636392 ], [ -104.759755945904985, 38.768663298543615 ], [ -104.759916946632828, 38.768550298841674 ], [ -104.760399946726977, 38.768215298320065 ], [ -104.760560946518439, 38.768103298609823 ], [ -104.760599946989359, 38.768075298118283 ], [ -104.760716946924759, 38.767994299201938 ], [ -104.760745403836566, 38.767975090778563 ], [ -104.760756947217573, 38.767967298702857 ], [ -104.760963946103843, 38.767822298418345 ], [ -104.761340947141733, 38.767561298528079 ], [ -104.761587946663639, 38.767392298176858 ], [ -104.761797946608951, 38.767250298343562 ], [ -104.762715947202153, 38.766623298333556 ], [ -104.763057947052204, 38.766391297890323 ], [ -104.763554946826474, 38.766060298434525 ], [ -104.763814946676334, 38.765886298521117 ], [ -104.764877946689012, 38.765406297730578 ], [ -104.765680947073221, 38.76514229830795 ], [ -104.766140947645439, 38.764991297985446 ], [ -104.766751947342286, 38.764846297810436 ], [ -104.766751944447691, 38.764846243739122 ], [ -104.766751939623433, 38.764846153620304 ], [ -104.766751936728852, 38.764846099549004 ], [ -104.766738947983129, 38.764594298020612 ], [ -104.766738945088548, 38.764594243949304 ], [ -104.766699947153782, 38.763841297636056 ], [ -104.766699944259273, 38.763841243564784 ], [ -104.766686948217568, 38.763590296902954 ], [ -104.766380946862441, 38.763266297601746 ], [ -104.766311947900618, 38.763203297662599 ], [ -104.766231947709798, 38.763140298379504 ], [ -104.76600194723332, 38.762986297016894 ], [ -104.76573794737547, 38.762796296940614 ], [ -104.765672150234849, 38.762736222224142 ], [ -104.765668947128717, 38.76273329750331 ], [ -104.765542946588937, 38.762670297583185 ], [ -104.765277946693033, 38.76251629753154 ], [ -104.765271117267872, 38.762512548050246 ], [ -104.765259792483306, 38.762506330509225 ], [ -104.764634947060301, 38.762163297428991 ], [ -104.764404947639591, 38.762027297918834 ], [ -104.764277593601349, 38.761952546806818 ], [ -104.764277554715434, 38.761952524038172 ], [ -104.764266947041364, 38.761946297432715 ], [ -104.76425593601337, 38.761940354749683 ], [ -104.764014946744112, 38.76181029726569 ], [ -104.763864945929654, 38.761720296919776 ], [ -104.763738946453131, 38.761657297724106 ], [ -104.763623947208515, 38.761611297614365 ], [ -104.763117946626664, 38.7613852983458 ], [ -104.762979946250113, 38.761331297603739 ], [ -104.762807946389046, 38.761285297643418 ], [ -104.762781439583719, 38.76127719514065 ], [ -104.762764559415388, 38.761272035727799 ], [ -104.76254294622828, 38.761204297997658 ], [ -104.762381945823492, 38.761149298113509 ], [ -104.762209946093037, 38.761077296847581 ], [ -104.762014945937509, 38.76100429769685 ], [ -104.761818945543709, 38.76091429757448 ], [ -104.761427945373569, 38.760760297706284 ], [ -104.761048945961974, 38.760624297831917 ], [ -104.761031823068137, 38.760619270850803 ], [ -104.760830946123903, 38.760560297767526 ], [ -104.76070394596681, 38.76055129687326 ], [ -104.76058894585745, 38.760533297708029 ], [ -104.760473945432679, 38.760524298259725 ], [ -104.760392945117019, 38.760496297774345 ], [ -104.760289946049298, 38.760451296934576 ], [ -104.759991422170458, 38.760288558470833 ], [ -104.759990945081512, 38.760288297775055 ], [ -104.759575014384865, 38.760023080589725 ], [ -104.759565945739666, 38.760017297597003 ], [ -104.759482615489063, 38.759968385588238 ], [ -104.759473945789352, 38.759963297013584 ], [ -104.759359945062229, 38.759855297447281 ], [ -104.759233945560283, 38.759701297678198 ], [ -104.759233924235218, 38.759701246191653 ], [ -104.759176945227011, 38.759566297472411 ], [ -104.75917693082387, 38.759566244228274 ], [ -104.759119945482752, 38.759349297841531 ], [ -104.759119927628177, 38.75934924457534 ], [ -104.759085944787159, 38.759250297846506 ], [ -104.759085945147405, 38.759169297530136 ], [ -104.759085942258878, 38.759169243458608 ], [ -104.759085322534617, 38.759156277576267 ], [ -104.759085319646104, 38.759156223504753 ], [ -104.759063945512494, 38.758709297883584 ], [ -104.759063946066135, 38.758709244734938 ], [ -104.759063965538914, 38.758703951262319 ], [ -104.759064945318414, 38.758448297324094 ], [ -104.759076945060514, 38.758385296728726 ], [ -104.759099945368774, 38.758322297913402 ], [ -104.759134945497621, 38.758250296606185 ], [ -104.759262945384435, 38.75795329679994 ], [ -104.759266161248547, 38.757947879592876 ], [ -104.759283884748498, 38.757918028428271 ], [ -104.759620944892106, 38.757350296542725 ], [ -104.759632945278653, 38.757305297367303 ], [ -104.759650945906301, 38.75725829687704 ], [ -104.759667945309445, 38.757215297129278 ], [ -104.759679945055481, 38.75711629712707 ], [ -104.759681321485246, 38.757110070888523 ], [ -104.759689344437518, 38.757073795717211 ], [ -104.7597259457457, 38.756908297144435 ], [ -104.759749945228691, 38.756638296632325 ], [ -104.759750944348909, 38.756341296696633 ], [ -104.759750939159105, 38.756341242610446 ], [ -104.759739944846814, 38.756215297271225 ], [ -104.759739933904683, 38.75621524314834 ], [ -104.759728945143735, 38.756160296552906 ], [ -104.759648945437789, 38.756043296298984 ], [ -104.759499944327544, 38.755899297520244 ], [ -104.758867945634066, 38.755438296359166 ], [ -104.758865120139959, 38.755436069340369 ], [ -104.758626944410892, 38.755248296894713 ], [ -104.758444339483447, 38.755118951089933 ], [ -104.758434944688716, 38.755112296563873 ], [ -104.758434983944611, 38.755112283301486 ], [ -104.75853594539123, 38.755077296799506 ], [ -104.758741944603187, 38.755041296715085 ], [ -104.758834944978304, 38.755032296457863 ], [ -104.758915944266491, 38.755005297267296 ], [ -104.759064945872339, 38.754979297189436 ], [ -104.75914594448065, 38.754961296771604 ], [ -104.759212945255186, 38.754934296269411 ], [ -104.759237945341994, 38.754925296602792 ], [ -104.759306944895215, 38.754871297584323 ], [ -104.759457944165746, 38.754646296231606 ], [ -104.759549945595964, 38.754484296292738 ], [ -104.759596944960663, 38.754421297390167 ], [ -104.759642945429064, 38.754340296923367 ], [ -104.759723945302099, 38.754259296350249 ], [ -104.759780945462012, 38.754223296737543 ], [ -104.759809721531923, 38.754193697989969 ], [ -104.759815944480351, 38.754187297268565 ], [ -104.759818078488536, 38.754177694840877 ], [ -104.759827944684105, 38.754133296426964 ], [ -104.759839945049109, 38.754007296883188 ], [ -104.760138944394257, 38.7538272965473 ], [ -104.760346945288035, 38.753719296893067 ], [ -104.76042794591369, 38.75366629623489 ], [ -104.760531944374335, 38.753567296096456 ], [ -104.760589944646696, 38.753441296883722 ], [ -104.760623945241605, 38.753351296290184 ], [ -104.760635944723958, 38.753325296658517 ], [ -104.760645403586111, 38.753332646898599 ], [ -104.760645475481667, 38.753332703211662 ], [ -104.77066794817388, 38.761120296758463 ], [ -104.773924949284194, 38.764088297215352 ], [ -104.774681949592363, 38.764774297342534 ], [ -104.774774949540372, 38.764862296709858 ], [ -104.774900950203516, 38.764973297266536 ], [ -104.775785920908447, 38.765777975552005 ], [ -104.775925950075234, 38.765905297330882 ], [ -104.776669950724212, 38.766581296935847 ], [ -104.77725795023359, 38.767344297569416 ], [ -104.778529950891397, 38.768996297381165 ], [ -104.778698951621251, 38.769240297928008 ], [ -104.778703128791449, 38.769238259071081 ], [ -104.778833920763859, 38.769174425585646 ], [ -104.778991950734365, 38.769097297514783 ], [ -104.779121767462399, 38.769033922503006 ], [ -104.779121835698888, 38.769033888693407 ], [ -104.779157395815147, 38.769016528883647 ], [ -104.779245950834337, 38.768973296983816 ], [ -104.779605950906117, 38.768811298064492 ], [ -104.779611467550666, 38.768819590699607 ], [ -104.780090950597469, 38.769540297379393 ], [ -104.78050595158949, 38.770203297085686 ], [ -104.780976951562948, 38.771008297797032 ], [ -104.781379951566151, 38.77174829749211 ], [ -104.781647952409003, 38.772270297135918 ], [ -104.782045952457196, 38.773098297572368 ], [ -104.78238295263013, 38.773863298158865 ], [ -104.782610951874446, 38.774418297773408 ], [ -104.78286895265596, 38.775054298573345 ], [ -104.783250952931525, 38.775996297691485 ], [ -104.78326022258311, 38.776000912500933 ], [ -104.783951952508474, 38.776345297752187 ], [ -104.78494595226924, 38.776284298285844 ], [ -104.785048952481333, 38.77541529776088 ], [ -104.785085952994464, 38.775104298234872 ], [ -104.785119953533439, 38.774927298023009 ], [ -104.785194953843302, 38.774721297827355 ], [ -104.785290953074465, 38.774538297585671 ], [ -104.785454952383631, 38.774193297884253 ], [ -104.785530952903471, 38.773982298332989 ], [ -104.785594952427871, 38.773742297551152 ], [ -104.785636953614798, 38.773498297436788 ], [ -104.785832952956071, 38.771929297206007 ], [ -104.785842952778594, 38.77174129703458 ], [ -104.785815952559247, 38.771498297357859 ], [ -104.78574995215908, 38.771279297648107 ], [ -104.785693952195544, 38.771155297953754 ], [ -104.785162952800903, 38.770106297395174 ], [ -104.785045951747364, 38.769875296820047 ], [ -104.784929951949792, 38.769539296418365 ], [ -104.784912952762639, 38.769416296984794 ], [ -104.784907952410165, 38.769167296696367 ], [ -104.784967952473721, 38.769168297046427 ], [ -104.784966951525092, 38.768720296804119 ], [ -104.785229953135925, 38.768719296456176 ], [ -104.785438952064652, 38.768689296923867 ], [ -104.78566895254545, 38.768599296953248 ], [ -104.786493953025655, 38.768134296243346 ], [ -104.786858952217813, 38.767932296625233 ], [ -104.786629952643352, 38.767710296431879 ], [ -104.786678953135493, 38.767680297409882 ], [ -104.786793952773706, 38.767607295956694 ], [ -104.786791952998044, 38.767562297237639 ], [ -104.786680952372038, 38.767470296159701 ], [ -104.786514953034214, 38.767362296784725 ], [ -104.786585952023785, 38.767284297152258 ], [ -104.785864395153453, 38.766578597850142 ], [ -104.785857952354149, 38.766572297069402 ], [ -104.783565951428443, 38.766575296769176 ], [ -104.783561951803534, 38.767251297514107 ], [ -104.783571904206781, 38.767257591263494 ], [ -104.783629950402116, 38.767294298419635 ], [ -104.783252009985091, 38.767655241584073 ], [ -104.783251951889852, 38.767655297079919 ], [ -104.782790951936732, 38.767359297119938 ], [ -104.782879951420327, 38.767274297622954 ], [ -104.782662952666826, 38.767135297065472 ], [ -104.782796951754804, 38.767008296515769 ], [ -104.782133760422411, 38.766582593524802 ], [ -104.782123950955409, 38.766576296931149 ], [ -104.778210950432836, 38.766580296637351 ], [ -104.778030445512911, 38.766580297082918 ], [ -104.778025950870102, 38.766580297044669 ], [ -104.777837950076119, 38.766363297335666 ], [ -104.776980950662349, 38.76537629761377 ], [ -104.77666594980694, 38.765090297798878 ], [ -104.776404949847873, 38.764852296876121 ], [ -104.777358950113495, 38.764912296977123 ], [ -104.777486950524576, 38.764920296636348 ], [ -104.777727951211745, 38.764936296752644 ], [ -104.778186950788921, 38.764962296658872 ], [ -104.779100949987978, 38.765014296796792 ], [ -104.77956295029233, 38.765050297079078 ], [ -104.780021951468157, 38.765087296708444 ], [ -104.780237951538851, 38.765104296811039 ], [ -104.780888951015754, 38.76515529707445 ], [ -104.781105950530332, 38.765173296326665 ], [ -104.782319950859289, 38.76527029604091 ], [ -104.782783950815983, 38.765302296829923 ], [ -104.785471951883778, 38.765491296706891 ], [ -104.786699952398919, 38.765561295866625 ], [ -104.787823952984866, 38.765625296113647 ], [ -104.787943953518507, 38.765632296402693 ], [ -104.788720953247179, 38.765652296753785 ], [ -104.789506954035787, 38.765672296564922 ], [ -104.789664952819152, 38.765676296272538 ], [ -104.79014195369713, 38.765688296268735 ], [ -104.790300953633022, 38.765692296730208 ], [ -104.790728953859173, 38.765722296007183 ], [ -104.791057953351341, 38.765724295771854 ], [ -104.792374954054694, 38.765733296099235 ], [ -104.793332953487848, 38.765729295894154 ], [ -104.79409195337476, 38.765726296185179 ], [ -104.794694954551161, 38.765723295622998 ], [ -104.794984954786358, 38.765722295901348 ], [ -104.796504954531855, 38.765715295570153 ], [ -104.79710895464234, 38.765713296606641 ], [ -104.797446954482481, 38.765712295906297 ], [ -104.797718954385445, 38.7657112956771 ], [ -104.797968955935545, 38.765711295927119 ], [ -104.798546954672943, 38.765713296033972 ], [ -104.798546838846676, 38.765719556456013 ], [ -104.798546182328565, 38.76575497152038 ], [ -104.798542954476659, 38.765929295881634 ], [ -104.798537954345989, 38.766299296165549 ], [ -104.798546955180811, 38.766516296199427 ], [ -104.798556712996188, 38.766517824523149 ], [ -104.798878955512365, 38.766568296196702 ], [ -104.798914228987641, 38.766568538151922 ], [ -104.799898955690409, 38.766575295367282 ], [ -104.802014955834949, 38.766579295396468 ], [ -104.803721638100455, 38.766585295020107 ], [ -104.803721956834394, 38.766585296031778 ], [ -104.805187955865463, 38.766588295407978 ], [ -104.806146957096914, 38.766590296106294 ], [ -104.807432956701177, 38.766593295125389 ], [ -104.810918958172593, 38.766600294538833 ], [ -104.810999958195879, 38.766600295361705 ], [ -104.81229778101968, 38.766602112497317 ], [ -104.812297821291878, 38.766602112735995 ], [ -104.812297970882938, 38.766602112721728 ], [ -104.812428955518854, 38.766602295265876 ], [ -104.812429130431241, 38.76660408004431 ], [ -104.812429564496057, 38.766608577105622 ], [ -104.812439958800184, 38.766716294731282 ], [ -104.812461957620158, 38.766951295247139 ], [ -104.812517958966367, 38.767568294547182 ], [ -104.812519959573109, 38.76761929529107 ], [ -104.812566915632914, 38.768485397230805 ], [ -104.812582958633698, 38.768781295201407 ], [ -104.812660958849406, 38.769629295768823 ], [ -104.812723958693653, 38.770298295410463 ], [ -104.8127419588766, 38.770635294921334 ], [ -104.812748094136751, 38.77074336652845 ], [ -104.812752464191192, 38.770820351842133 ], [ -104.81278095846703, 38.771322296044453 ], [ -104.812841958666922, 38.771625295112571 ], [ -104.812843959018593, 38.771642295741984 ], [ -104.812869959521521, 38.771842295387117 ], [ -104.812900959316778, 38.771976295568486 ], [ -104.812927959470585, 38.772094294962734 ], [ -104.812987960184742, 38.772282296165017 ], [ -104.813047958687434, 38.772468295564764 ], [ -104.813182959537087, 38.77285829524282 ], [ -104.813268909204695, 38.773034687976555 ], [ -104.813335960090839, 38.773172295870353 ], [ -104.813371885654192, 38.773245627407988 ], [ -104.81343017156847, 38.773364604548647 ], [ -104.813432960272408, 38.773370295686021 ], [ -104.813434188495265, 38.773372409208264 ], [ -104.813482958969502, 38.773456296630954 ], [ -104.813525118749865, 38.773529749681046 ], [ -104.813547809751796, 38.773569283861157 ], [ -104.813676959627728, 38.773794295507209 ], [ -104.813813830597383, 38.774005053900972 ], [ -104.81398276786733, 38.774265187890222 ], [ -104.814128959738369, 38.774490296144492 ], [ -104.814170895682736, 38.7745524857338 ], [ -104.81461762734628, 38.7752149675621 ], [ -104.814656960180912, 38.775273295740966 ], [ -104.814959091562486, 38.775721376877172 ], [ -104.81536496016848, 38.776323296119337 ], [ -104.815401587260141, 38.776375064987967 ], [ -104.815426735432922, 38.776410607968231 ], [ -104.815434863822261, 38.776422097078502 ], [ -104.81576896029739, 38.776894296407448 ], [ -104.815898960252383, 38.777085295978317 ], [ -104.81590895409748, 38.777099922099787 ], [ -104.815916804148998, 38.777111409534037 ], [ -104.816379925982929, 38.777789168789653 ], [ -104.816387776186588, 38.777800656191502 ], [ -104.816623960767373, 38.778146296372157 ], [ -104.816858113478887, 38.778478455052387 ], [ -104.816866212414283, 38.778489943884431 ], [ -104.817065960499846, 38.778773296300628 ], [ -104.81733146866452, 38.779167711731432 ], [ -104.817339200637818, 38.779179198370493 ], [ -104.817479960807191, 38.779388295871136 ], [ -104.817575535798397, 38.7795303724088 ], [ -104.817795196981876, 38.779856908901991 ], [ -104.817802148331538, 38.779867243200854 ], [ -104.817999962198172, 38.780161296714191 ], [ -104.818268197548051, 38.780546159498122 ], [ -104.818276204878046, 38.78055764768925 ], [ -104.818551961313247, 38.780953296040366 ], [ -104.818708968018527, 38.781178872547713 ], [ -104.818748347294559, 38.781235449141086 ], [ -104.818756343270991, 38.781246937230897 ], [ -104.818954961758649, 38.781532296684162 ], [ -104.819156961827872, 38.781821297150074 ], [ -104.819199098446546, 38.781882068933129 ], [ -104.819228683576966, 38.781924738702514 ], [ -104.8192366486347, 38.781936226576406 ], [ -104.819714562555291, 38.782625498925967 ], [ -104.819814961246976, 38.782770297234237 ], [ -104.819930654971699, 38.782917315650835 ], [ -104.820003006850925, 38.783009257983302 ], [ -104.82002315592554, 38.783034862775828 ], [ -104.820028997442606, 38.783042286001859 ], [ -104.820032049545546, 38.78304616414583 ], [ -104.82009196128719, 38.783122296998705 ], [ -104.820453962582533, 38.783631297026965 ], [ -104.820880780770139, 38.784299618858341 ], [ -104.820886962351665, 38.784309297124985 ], [ -104.82102496231326, 38.78452429724738 ], [ -104.821174962925383, 38.784781296947067 ], [ -104.821344962840129, 38.785104296384809 ], [ -104.821492961853693, 38.785430297495715 ], [ -104.821614962740711, 38.785761297671634 ], [ -104.821648962398271, 38.785851296789261 ], [ -104.821755963236484, 38.786176296669261 ], [ -104.821877963098601, 38.786724297260932 ], [ -104.821937963538417, 38.787082297153489 ], [ -104.82196196277674, 38.78739029699323 ], [ -104.821977962867962, 38.787588297071451 ], [ -104.821978961998326, 38.787767297392563 ], [ -104.821990962716328, 38.788902296736033 ], [ -104.821992776819641, 38.789074178560085 ], [ -104.821994963962226, 38.789281297684099 ], [ -104.821994972859386, 38.789283140931587 ], [ -104.821995963677821, 38.789476297570104 ], [ -104.821999962485677, 38.790063297592127 ], [ -104.822001962981545, 38.790239297499177 ], [ -104.822001963335211, 38.790259297882578 ], [ -104.82201396306958, 38.790798297202848 ], [ -104.82202454328025, 38.791261531623036 ], [ -104.822029513914103, 38.7914791558837 ], [ -104.822050963825774, 38.792418298082637 ], [ -104.822060963607953, 38.792802298690539 ], [ -104.822060963305688, 38.792958298206841 ], [ -104.82206396377839, 38.793164297720359 ], [ -104.822074964158816, 38.793784297951937 ], [ -104.822078963559036, 38.793991298754456 ], [ -104.82208011145778, 38.794099201721586 ], [ -104.822080355407991, 38.794122148489059 ], [ -104.822110786237161, 38.796982617346011 ], [ -104.822111884567263, 38.797085829130701 ], [ -104.822112963828189, 38.797187298507076 ], [ -104.822114709799507, 38.797284162889127 ], [ -104.822114964116267, 38.797298298233294 ], [ -104.82211496434148, 38.797375298893243 ], [ -104.822103964339036, 38.798068298221629 ], [ -104.822099963474841, 38.798567298509788 ], [ -104.822096964197883, 38.799154298675134 ], [ -104.822104963925497, 38.799684299701646 ], [ -104.822106138699027, 38.799842879798888 ], [ -104.822106592620827, 38.799904173602826 ], [ -104.82210796440026, 38.800089299182211 ], [ -104.822106964014026, 38.800615299070301 ], [ -104.822106964007133, 38.800841299315806 ], [ -104.822096964426621, 38.801751299361641 ], [ -104.822099964541678, 38.802189298784498 ], [ -104.82210197265691, 38.802452932235596 ], [ -104.822103964410687, 38.802714298979879 ], [ -104.822105731729124, 38.802714288579331 ], [ -104.822113880949232, 38.802714242472177 ], [ -104.822215719773226, 38.802713660525136 ], [ -104.82227896433885, 38.802713299129969 ], [ -104.822279094858757, 38.802719654675279 ], [ -104.822284964754274, 38.803005299246564 ], [ -104.822290963877435, 38.803294300330066 ], [ -104.822335965258659, 38.805474300268806 ], [ -104.822383572819874, 38.806521647785161 ], [ -104.822386965714202, 38.806596299783052 ], [ -104.822391964522822, 38.806690299363211 ], [ -104.822391955735611, 38.806690738038697 ], [ -104.822375965279804, 38.807487300393767 ], [ -104.822376965523972, 38.808281300672554 ], [ -104.822381965493179, 38.808629300474365 ], [ -104.822395965092809, 38.809691299788334 ], [ -104.822409965377332, 38.811575300561998 ], [ -104.822425966641234, 38.812542300415529 ], [ -104.822427965656672, 38.812735300404356 ], [ -104.822438965252104, 38.814000301386287 ], [ -104.82243296578352, 38.814660301069154 ], [ -104.822430965969815, 38.814899300723347 ], [ -104.822440981195953, 38.814899699695893 ], [ -104.822656966431296, 38.814908301054189 ], [ -104.822731965997534, 38.814911301521349 ], [ -104.822928965980935, 38.814918300686848 ], [ -104.822968849245228, 38.814919810681985 ], [ -104.82343096648647, 38.814937300201763 ], [ -104.823519965509192, 38.814941300622451 ], [ -104.823717966199268, 38.81495230146335 ], [ -104.823783965882512, 38.814955301083522 ], [ -104.823982966142808, 38.814966300987109 ], [ -104.82404996618493, 38.814970300846596 ], [ -104.824078967090159, 38.814971301175966 ], [ -104.824166966413159, 38.814976300658024 ], [ -104.824196966516524, 38.814978300439329 ], [ -104.824261965593664, 38.814981301170938 ], [ -104.824459966794194, 38.814991301677267 ], [ -104.824525966244579, 38.814995301746663 ], [ -104.824859966444691, 38.815010301523202 ], [ -104.825341966536556, 38.815034301558001 ], [ -104.825813429229044, 38.81508153864997 ], [ -104.825860966784532, 38.815086301010851 ], [ -104.82587606311553, 38.815087838164033 ], [ -104.826194967158912, 38.815120300910003 ], [ -104.82622496710367, 38.81512330103827 ], [ -104.826866966815587, 38.815219301203534 ], [ -104.827084967482932, 38.815267301276563 ], [ -104.827517966366415, 38.815364300789575 ], [ -104.828102966910393, 38.815516301105532 ], [ -104.828645567495087, 38.81569608314954 ], [ -104.828682013327096, 38.815708158389278 ], [ -104.828769967780644, 38.815737300272176 ], [ -104.82924296773443, 38.815926301193301 ], [ -104.829539967881615, 38.816033300820663 ], [ -104.829657967552947, 38.816091300264958 ], [ -104.830534968389145, 38.816525300658213 ], [ -104.830614859941093, 38.81657199593981 ], [ -104.831191967937187, 38.816909300898665 ], [ -104.831195570919974, 38.816911881036198 ], [ -104.831506563187972, 38.817134573547172 ], [ -104.831542879221672, 38.817160578261358 ], [ -104.831832968067644, 38.817368301327441 ], [ -104.831920968782015, 38.817433300386625 ], [ -104.832658968787754, 38.817985301072007 ], [ -104.833047904362331, 38.81830216608941 ], [ -104.833083262523175, 38.818330971936277 ], [ -104.833284969132052, 38.81849530113228 ], [ -104.833997968417933, 38.819049300877232 ], [ -104.834396779033298, 38.819369335842786 ], [ -104.834726969269411, 38.81963430133365 ], [ -104.835165232108949, 38.82005907996259 ], [ -104.835303093450435, 38.820192698581053 ], [ -104.835311969860726, 38.820201301389318 ], [ -104.835768969312966, 38.820779301112431 ], [ -104.835811969599405, 38.82085330073641 ], [ -104.836048970049987, 38.821257300856864 ], [ -104.836184970044798, 38.821622301776891 ], [ -104.836216877872488, 38.821781265033721 ], [ -104.836295969601053, 38.822175300882087 ], [ -104.836302969622921, 38.822489300906938 ], [ -104.836309970758577, 38.82282230126296 ], [ -104.836307787652245, 38.822875780884097 ], [ -104.836303970730725, 38.822969301323724 ], [ -104.836302184619427, 38.823029101943355 ], [ -104.836301969975366, 38.823036301402581 ], [ -104.836301256410337, 38.823039214354495 ], [ -104.836298216651414, 38.823051615529877 ], [ -104.83629107640634, 38.823080743220203 ], [ -104.835974970346825, 38.824370302070257 ], [ -104.835968970003464, 38.824399301125702 ], [ -104.835852970332581, 38.824835301285702 ], [ -104.83562697056658, 38.825688301892015 ], [ -104.835167693421496, 38.827582023732752 ], [ -104.835123877938827, 38.827762680955679 ], [ -104.835058970659219, 38.828030302160059 ], [ -104.834926971322034, 38.827978301923942 ], [ -104.834889969578057, 38.828129302576613 ], [ -104.834900489116777, 38.828133366303653 ], [ -104.834933969860884, 38.828146301797489 ], [ -104.835021970472866, 38.828180301990855 ], [ -104.835021383039319, 38.828182524686241 ], [ -104.835007969719584, 38.828233302203493 ], [ -104.834967969712594, 38.828395301592927 ], [ -104.834954970697822, 38.82844930300017 ], [ -104.834852970639844, 38.828856302943159 ], [ -104.834606970195736, 38.829850302396714 ], [ -104.834542970729657, 38.83007530185094 ], [ -104.834429970836041, 38.830479303317368 ], [ -104.834411970314989, 38.830540301908904 ], [ -104.834359971079209, 38.830725302774823 ], [ -104.834342969977925, 38.830787302548231 ], [ -104.834303969870334, 38.830951301953718 ], [ -104.834253744277589, 38.831151242210531 ], [ -104.834251970089326, 38.831158302996741 ], [ -104.834226970524469, 38.831231302513039 ], [ -104.834209644554917, 38.831283082695847 ], [ -104.83419452252889, 38.831328275711279 ], [ -104.834138970590331, 38.831494302627846 ], [ -104.834029970765897, 38.831731302868455 ], [ -104.833799969702696, 38.832078302931265 ], [ -104.833518970953676, 38.832397302642541 ], [ -104.833498971046666, 38.832422303324705 ], [ -104.833199970633345, 38.832729302931106 ], [ -104.832746986690083, 38.833102574655776 ], [ -104.832608970223745, 38.833216302507665 ], [ -104.832073970411898, 38.83366730334739 ], [ -104.831993159582197, 38.833748955015729 ], [ -104.8315929702798, 38.83415330335098 ], [ -104.831345969591297, 38.834465303625755 ], [ -104.83101796967874, 38.83491530292315 ], [ -104.830844970779253, 38.835228303102703 ], [ -104.830748171597804, 38.83545795457875 ], [ -104.830648970713412, 38.835693303669721 ], [ -104.8305633311154, 38.835996335979296 ], [ -104.830479970227017, 38.836291303225181 ], [ -104.830472578177336, 38.836344924740814 ], [ -104.830420970523491, 38.836719304077342 ], [ -104.830400617695062, 38.836877207136439 ], [ -104.830391969729817, 38.83694430387466 ], [ -104.830389189024288, 38.836944322077201 ], [ -104.830302279776944, 38.836944902062882 ], [ -104.830241970422762, 38.836945303846647 ], [ -104.830130970218491, 38.836945303359386 ], [ -104.829974970046081, 38.836945303542848 ], [ -104.829911970110018, 38.836946304030135 ], [ -104.829819970316763, 38.836942303975754 ], [ -104.829543970326768, 38.836933304180562 ], [ -104.829452970139201, 38.836930304169456 ], [ -104.829406970389783, 38.836930304359676 ], [ -104.829271970782202, 38.836934304003144 ], [ -104.829226970378045, 38.836936303525768 ], [ -104.829159382561016, 38.836938291493361 ], [ -104.829158970089807, 38.836938303525045 ], [ -104.829155162108904, 38.836938182435652 ], [ -104.82909597083119, 38.836936303665262 ], [ -104.828782970493762, 38.836927303645865 ], [ -104.828705970679863, 38.836925303745652 ], [ -104.82858320245218, 38.836922470786718 ], [ -104.828575969345053, 38.836922303753887 ], [ -104.82856964575349, 38.836922060899568 ], [ -104.82854997032355, 38.836921303937608 ], [ -104.828472969607262, 38.836918303908121 ], [ -104.828447970151117, 38.836918303511403 ], [ -104.82837097059415, 38.836915303420987 ], [ -104.828312970108939, 38.836914303182382 ], [ -104.828139970695332, 38.836916303432616 ], [ -104.828063969733591, 38.8369183033574 ], [ -104.827924970457062, 38.836919303613215 ], [ -104.827508969993275, 38.83692730360022 ], [ -104.827372969209151, 38.836936303196623 ], [ -104.827327969096189, 38.836932303969462 ], [ -104.827193969755598, 38.836920303873562 ], [ -104.82714996947044, 38.836916303161793 ], [ -104.827127968736761, 38.836914304597947 ], [ -104.827062969840057, 38.836908303883753 ], [ -104.827041970070553, 38.836906303895837 ], [ -104.826778969176132, 38.836883303898318 ], [ -104.826656553936076, 38.836878484521726 ], [ -104.826651969036732, 38.836878303893073 ], [ -104.826339969793651, 38.836866304082413 ], [ -104.825988969425225, 38.836850304262313 ], [ -104.825735969737238, 38.836817304383224 ], [ -104.825482969487126, 38.836791303736987 ], [ -104.825422968633518, 38.836785304101973 ], [ -104.825298969254533, 38.836776303948433 ], [ -104.825265565901034, 38.836773045137321 ], [ -104.825104401976688, 38.83675732276707 ], [ -104.825093969119763, 38.836756304517763 ], [ -104.825080969079764, 38.83687530466581 ], [ -104.825076969364048, 38.837047304160137 ], [ -104.825065969354881, 38.837233303992001 ], [ -104.825059968650351, 38.837353304235073 ], [ -104.8250499688438, 38.837513304352662 ], [ -104.825021968782281, 38.837993303693992 ], [ -104.825013969282693, 38.838154304583291 ], [ -104.824847968563716, 38.838157304553278 ], [ -104.824669968383191, 38.838150304190385 ], [ -104.824178968797256, 38.838134304675769 ], [ -104.823640968529119, 38.838116304236614 ], [ -104.82329896849221, 38.838105303536018 ], [ -104.822913968911536, 38.838093304356704 ], [ -104.821761968844086, 38.838058304926093 ], [ -104.821578968304692, 38.838053303897482 ], [ -104.821377967734151, 38.838048303720321 ], [ -104.820512968499983, 38.838030303911111 ], [ -104.819619967272303, 38.83799530440875 ], [ -104.818743967481467, 38.837962304903506 ], [ -104.818572966991226, 38.83795830462514 ], [ -104.818062967345838, 38.837946304587895 ], [ -104.817892967880525, 38.837942304680645 ], [ -104.817720968063043, 38.837934304604559 ], [ -104.817557966932867, 38.837928304834492 ], [ -104.81668596721731, 38.837897304231966 ], [ -104.816554967377485, 38.837893304768521 ], [ -104.816220967696651, 38.837885304975892 ], [ -104.816172967327631, 38.837883305327018 ], [ -104.816029967127406, 38.837880304859532 ], [ -104.815982967319457, 38.8378793046883 ], [ -104.815553966879847, 38.837867304847528 ], [ -104.815412966345463, 38.837864304592898 ], [ -104.814701967536948, 38.837835304523836 ], [ -104.814267966303788, 38.83782830541319 ], [ -104.813992966267762, 38.837825305033029 ], [ -104.813839966747182, 38.837820305030121 ], [ -104.813688966862955, 38.837815304929379 ], [ -104.813238966746525, 38.837800304967878 ], [ -104.813144965438838, 38.837797305068477 ], [ -104.813088966297087, 38.837796304561323 ], [ -104.813065966565091, 38.837795304603254 ], [ -104.812997966730336, 38.837793304277263 ], [ -104.812975966348915, 38.837793304777641 ], [ -104.812958966613976, 38.837792305153087 ], [ -104.812910966390945, 38.837790305057027 ], [ -104.812894966013445, 38.83779030499926 ], [ -104.812877966280354, 38.837789305362854 ], [ -104.812826966636138, 38.837787305505891 ], [ -104.812810966259363, 38.837787305436585 ], [ -104.812635966517007, 38.837782305213508 ], [ -104.812528966612348, 38.837779304466387 ], [ -104.81211296537748, 38.83777330561081 ], [ -104.811938965257127, 38.837771305665292 ], [ -104.811844965867238, 38.837769305596325 ], [ -104.811565965722068, 38.837766305498086 ], [ -104.811472965676018, 38.837765305616706 ], [ -104.811260965514279, 38.837764305483908 ], [ -104.810625966665626, 38.837762305075984 ], [ -104.810414965827817, 38.83776230479662 ], [ -104.81018696595082, 38.837762304979435 ], [ -104.810146965585702, 38.837762305247566 ], [ -104.809503965591745, 38.837747305614045 ], [ -104.809276965278656, 38.837743305563919 ], [ -104.809034965446997, 38.837737305086776 ], [ -104.808308965113099, 38.837721305070495 ], [ -104.80806796585054, 38.83771630490385 ], [ -104.807843965006143, 38.837710305563867 ], [ -104.807490964307306, 38.837703305233447 ], [ -104.807412964930961, 38.837702305050499 ], [ -104.807174965408862, 38.837688305860944 ], [ -104.806951965469878, 38.837676304636283 ], [ -104.806899965616822, 38.837673306145902 ], [ -104.806712965164223, 38.837662304833714 ], [ -104.806667965750464, 38.837660304752383 ], [ -104.806346964762, 38.837647305640836 ], [ -104.805996964911429, 38.837634305346953 ], [ -104.805758964241377, 38.837625305805467 ], [ -104.804591964248317, 38.837600305502185 ], [ -104.803912431796149, 38.837580764403334 ], [ -104.803826964451559, 38.8375783062857 ], [ -104.803802171182042, 38.837576630698145 ], [ -104.803614928426086, 38.83756397884418 ], [ -104.803614085833999, 38.837563921541722 ], [ -104.803604964616639, 38.837563305610239 ], [ -104.803604964865826, 38.837508399065918 ], [ -104.80360496469487, 38.837502305544554 ], [ -104.803039963704023, 38.837490305219951 ], [ -104.80282896374689, 38.83748030585857 ], [ -104.802486881206249, 38.83746761186196 ], [ -104.802316963778338, 38.837461305919788 ], [ -104.802061963764785, 38.837458306423706 ], [ -104.801760962945778, 38.837441305910737 ], [ -104.801512627141832, 38.837427925743953 ], [ -104.801296963541859, 38.837416305506807 ], [ -104.800858963427473, 38.837401306313936 ], [ -104.800558963633506, 38.837392305780142 ], [ -104.800255962819165, 38.837382306239192 ], [ -104.799802963637248, 38.837369305434564 ], [ -104.799543317163398, 38.837360727507033 ], [ -104.799348963777859, 38.837354305890912 ], [ -104.799046962424029, 38.837345305591519 ], [ -104.798956963057989, 38.837343306614251 ], [ -104.798742962497798, 38.837331306093553 ], [ -104.798579596364078, 38.837323118971142 ], [ -104.798303962429415, 38.837309305832427 ], [ -104.797833962689054, 38.837284306682704 ], [ -104.797531962364573, 38.837269306218545 ], [ -104.797371962162813, 38.837260306244119 ], [ -104.79722896283036, 38.837255306101845 ], [ -104.796775962583865, 38.837242306089443 ], [ -104.79632196175578, 38.83722730641103 ], [ -104.796019962396784, 38.837218306355759 ], [ -104.795772961833762, 38.837210305633235 ], [ -104.795708962144175, 38.837208305919056 ], [ -104.795238962722621, 38.837201306572965 ], [ -104.794778961667447, 38.837192305727179 ], [ -104.794672004717313, 38.837190580637447 ], [ -104.794474151872123, 38.837187389878892 ], [ -104.794468961342474, 38.837187306099743 ], [ -104.794464533505476, 38.837401333644721 ], [ -104.794462961275002, 38.837477306677009 ], [ -104.794459962784416, 38.837677305449368 ], [ -104.794457962356731, 38.837786306495417 ], [ -104.794445961599408, 38.837977305782402 ], [ -104.794423961903746, 38.838346306054092 ], [ -104.794406962372037, 38.838636306447484 ], [ -104.79439893774078, 38.838767906295793 ], [ -104.794396961878604, 38.838800306905902 ], [ -104.794394961814746, 38.83884430704655 ], [ -104.794393404337129, 38.83888317668486 ], [ -104.794369962505968, 38.839468307186728 ], [ -104.79436296247728, 38.839677306586864 ], [ -104.794364962022399, 38.839727306530015 ], [ -104.794350962481303, 38.839932306756829 ], [ -104.794326358231146, 38.840317444730537 ], [ -104.794301962496164, 38.840699306567764 ], [ -104.794296962287575, 38.84078730706171 ], [ -104.794294961814401, 38.840955306424817 ], [ -104.794292961777089, 38.841132306436961 ], [ -104.79428696160538, 38.841663306455629 ], [ -104.794285962973944, 38.841841307106826 ], [ -104.794284963012899, 38.841931306613816 ], [ -104.794284963151682, 38.84220230621191 ], [ -104.794284963475604, 38.842293307260505 ], [ -104.794288489542296, 38.842528718461359 ], [ -104.794288962534679, 38.84256030693308 ], [ -104.794300962869883, 38.843222307144558 ], [ -104.794294962573431, 38.843363307255522 ], [ -104.794284962527669, 38.843631307408096 ], [ -104.794284947900536, 38.843632200086809 ], [ -104.794282962994416, 38.843751307187432 ], [ -104.794281531720557, 38.843880432682603 ], [ -104.794278962276664, 38.844112306915456 ], [ -104.794278962949434, 38.844233307101511 ], [ -104.79427796318781, 38.844374306948573 ], [ -104.794277962565388, 38.84450030788318 ], [ -104.794268962273847, 38.844800306868059 ], [ -104.794267962215486, 38.844874306803227 ], [ -104.794259962478094, 38.844942307624713 ], [ -104.794261962678732, 38.845073307053532 ], [ -104.794262963558282, 38.845131306984733 ], [ -104.794269962007334, 38.845243306686164 ], [ -104.794265963184174, 38.845468307535818 ], [ -104.794263963016107, 38.845600306949869 ], [ -104.794261962547765, 38.845734307204438 ], [ -104.79425496232929, 38.846136307295353 ], [ -104.794253963345582, 38.846271307292938 ], [ -104.79425296278761, 38.846413307079857 ], [ -104.794249962223688, 38.846839308237726 ], [ -104.794249963185337, 38.846982306866011 ], [ -104.79424796306175, 38.847109308206122 ], [ -104.79424396389021, 38.847493307172705 ], [ -104.794242963415883, 38.847622307315589 ], [ -104.794238963565874, 38.847885307921977 ], [ -104.794235962567839, 38.848204308481293 ], [ -104.794217963039671, 38.848674308169485 ], [ -104.794207963687583, 38.848938307405469 ], [ -104.794208962510524, 38.849095308062417 ], [ -104.794211963277775, 38.84936330777785 ], [ -104.794208962556951, 38.84956630803017 ], [ -104.794207964178213, 38.849724308226406 ], [ -104.794208051922752, 38.84973368146256 ], [ -104.794208963262079, 38.849831307610927 ], [ -104.794214963189674, 38.850153308656154 ], [ -104.794217963840651, 38.85026130845592 ], [ -104.794219963904325, 38.850341308388934 ], [ -104.794226963820108, 38.850583308794413 ], [ -104.794229963186254, 38.85066430755969 ], [ -104.794228963363949, 38.850800308366409 ], [ -104.794227963459306, 38.851207308538456 ], [ -104.794227962918356, 38.851344308172955 ], [ -104.794228963584345, 38.851638308438112 ], [ -104.794232963071025, 38.852522307977836 ], [ -104.794233963199559, 38.852610308792585 ], [ -104.794230962995869, 38.852817307968543 ], [ -104.794227963297814, 38.85299630885951 ], [ -104.794225963785593, 38.853077308768135 ], [ -104.794222963892906, 38.853346308832428 ], [ -104.794218963641327, 38.853593307958796 ], [ -104.794213963910153, 38.853860308531445 ], [ -104.794210963209565, 38.854122308775139 ], [ -104.794211094410329, 38.854133570504416 ], [ -104.794213963752398, 38.854381308621441 ], [ -104.794220964309616, 38.854839308015336 ], [ -104.794215963691826, 38.855160308769399 ], [ -104.794212963229086, 38.855420309040532 ], [ -104.79420896372676, 38.855709308690408 ], [ -104.794206964085618, 38.855907308742324 ], [ -104.79421196396288, 38.85657930853052 ], [ -104.794214964215129, 38.856869308299267 ], [ -104.794217964633631, 38.857170309537615 ], [ -104.794210963358125, 38.857602309199777 ], [ -104.794182964648485, 38.859424309414756 ], [ -104.794176964453143, 38.859790309821314 ], [ -104.794176963887224, 38.859802309460605 ], [ -104.79417996497088, 38.860536309414933 ], [ -104.794179965099701, 38.860703262989922 ], [ -104.794179964786238, 38.860722310166942 ], [ -104.794180964401335, 38.861280309469294 ], [ -104.794181964797104, 38.861467309949646 ], [ -104.794181965361901, 38.861497747780511 ], [ -104.794181965271108, 38.861532309808091 ], [ -104.794181964821846, 38.861728309339604 ], [ -104.794181964567684, 38.861794310062862 ], [ -104.794181964602217, 38.861796741521701 ], [ -104.794181964448811, 38.861831309854011 ], [ -104.794181964904723, 38.861874513066169 ], [ -104.794181964958071, 38.861944309172003 ], [ -104.794181965263192, 38.861982309836129 ], [ -104.794176964509262, 38.862243310365812 ], [ -104.794168965214908, 38.862679309036245 ], [ -104.794159964522578, 38.863251310122394 ], [ -104.794163965515182, 38.864512309887132 ], [ -104.794157964758227, 38.864774310552953 ], [ -104.794144965539132, 38.865472310436182 ], [ -104.794141964809711, 38.865573309863883 ], [ -104.794137964432352, 38.865814310678779 ], [ -104.794137965162534, 38.865877309670715 ], [ -104.794139964709998, 38.865979309709672 ], [ -104.79414307906562, 38.866233722696542 ], [ -104.794152964436236, 38.867041310405547 ], [ -104.794152965159768, 38.867765310828503 ], [ -104.794152989539697, 38.867803322427207 ], [ -104.794153965300112, 38.869292310650557 ], [ -104.794148966430114, 38.869924311299819 ], [ -104.794076964878997, 38.869932310606124 ], [ -104.794079964916307, 38.87031531072855 ], [ -104.794127965877792, 38.870661310567712 ], [ -104.794258965219925, 38.871098311663218 ], [ -104.794572965923564, 38.871818311269323 ], [ -104.794603965678618, 38.871889310761226 ], [ -104.794733966742825, 38.87225631095415 ], [ -104.79477096565904, 38.872464311014511 ], [ -104.794812965923711, 38.872679311460097 ], [ -104.794843966418796, 38.873024311356978 ], [ -104.79487396533996, 38.873566311618482 ], [ -104.794883563891119, 38.873565970771644 ], [ -104.795065799205972, 38.873559494600173 ], [ -104.795070966241482, 38.873559310634469 ], [ -104.795132965839784, 38.873556312032484 ], [ -104.795912965980392, 38.873527310833751 ], [ -104.796172966940546, 38.87351831135831 ], [ -104.798391967414574, 38.873433310870091 ], [ -104.798934966731665, 38.873440311179621 ], [ -104.799284966876613, 38.873444310315882 ], [ -104.799575966731084, 38.873454311166682 ], [ -104.799569447244437, 38.873460054572682 ], [ -104.799533966715828, 38.873491310895226 ], [ -104.79954992113781, 38.873492347570384 ], [ -104.79996496664802, 38.873519311652537 ], [ -104.800248967139311, 38.873547310423589 ], [ -104.800398967443144, 38.873575310870805 ], [ -104.800830967602579, 38.873656310948888 ], [ -104.801055967311186, 38.873705310639089 ], [ -104.801698966967521, 38.873847311356961 ], [ -104.802089967901836, 38.873918311129984 ], [ -104.802433968408806, 38.873928311390188 ], [ -104.80342396781333, 38.873891310493455 ], [ -104.803438832703591, 38.873890765378725 ], [ -104.803532967804813, 38.873887310784056 ], [ -104.803639968226321, 38.873891310446169 ], [ -104.804005967648123, 38.873907310656065 ], [ -104.804288969153291, 38.873916310376096 ], [ -104.804505968223083, 38.873923310869209 ], [ -104.804720968427191, 38.873929310741502 ], [ -104.805076968499279, 38.873941310940417 ], [ -104.80536896790791, 38.873949310516338 ], [ -104.805584968566635, 38.873955310264869 ], [ -104.805799968932362, 38.87396131084337 ], [ -104.806177968793705, 38.873972310289716 ], [ -104.80644496848933, 38.873978310214142 ], [ -104.806660969300793, 38.873984310665243 ], [ -104.806873969131743, 38.87398830999701 ], [ -104.807225968980077, 38.873997310476845 ], [ -104.80751396868402, 38.874005310545819 ], [ -104.807727968487697, 38.874012310569796 ], [ -104.809140970052013, 38.87406331057273 ], [ -104.809298969327145, 38.874066310031154 ], [ -104.809813968748628, 38.874075310100189 ], [ -104.80989897014463, 38.874078310306494 ], [ -104.810445970370836, 38.874090310119605 ], [ -104.811130969639407, 38.874112309835503 ], [ -104.811951970938196, 38.874142310568146 ], [ -104.8121249704039, 38.874148310211737 ], [ -104.812838970491597, 38.874173310154596 ], [ -104.812840691714726, 38.874173364474785 ], [ -104.813059970013356, 38.874180310212232 ], [ -104.81329997039613, 38.874191310287479 ], [ -104.814155970825325, 38.874213309719899 ], [ -104.814175971023275, 38.874214310605637 ], [ -104.814734970924533, 38.874234310323104 ], [ -104.815002970755899, 38.874244309854134 ], [ -104.815027970284433, 38.874245309431046 ], [ -104.81546297147311, 38.874267309760079 ], [ -104.815907970809207, 38.874274310154298 ], [ -104.815940970622279, 38.874275309783123 ], [ -104.816200971807788, 38.874293310552154 ], [ -104.816346970855818, 38.874303309759377 ], [ -104.816527971412512, 38.874303309571744 ], [ -104.816637971041132, 38.874303309624388 ], [ -104.817090971072474, 38.874330309528439 ], [ -104.817508971474169, 38.874331310189156 ], [ -104.817664971719992, 38.874332310017287 ], [ -104.81783697172078, 38.874341309598186 ], [ -104.817856971240147, 38.874341309879121 ], [ -104.817919971926031, 38.874344309303552 ], [ -104.817940972146559, 38.874346309971614 ], [ -104.818074972265563, 38.87435330965338 ], [ -104.818245971251287, 38.874358310094543 ], [ -104.818615972184332, 38.874369309520127 ], [ -104.819163972049722, 38.874395309706479 ], [ -104.819239972042041, 38.874399309764868 ], [ -104.819469971801283, 38.874404309874386 ], [ -104.819560426684149, 38.874406652984888 ], [ -104.819662971174608, 38.874409310035972 ], [ -104.8198479721664, 38.874412309977728 ], [ -104.820982972870084, 38.874436310550166 ], [ -104.821361972371292, 38.874445309729609 ], [ -104.821620973022334, 38.874452310003704 ], [ -104.82202497284797, 38.87446430961409 ], [ -104.822139971832087, 38.874468310066113 ], [ -104.822398972075817, 38.874466309806451 ], [ -104.822431972373792, 38.874466309429259 ], [ -104.82265797232813, 38.874482309265076 ], [ -104.822976972510816, 38.874509309595979 ], [ -104.823009973032384, 38.874512309855675 ], [ -104.823497972955821, 38.874569310163395 ], [ -104.823930972496314, 38.874624309244375 ], [ -104.824248972750169, 38.87466530969629 ], [ -104.824516972628771, 38.874700309847263 ], [ -104.8247089727261, 38.874725309551131 ], [ -104.824931973276378, 38.874736309317818 ], [ -104.825303972800185, 38.874752308782291 ], [ -104.825326973685648, 38.874751309020084 ], [ -104.825482973940368, 38.87474731022867 ], [ -104.825597973837304, 38.874750309095973 ], [ -104.825661973464406, 38.87475230924926 ], [ -104.82573697383863, 38.874756309163615 ], [ -104.825853973629322, 38.874766310134405 ], [ -104.825918972520327, 38.874772309500848 ], [ -104.825993880980377, 38.8747789545722 ], [ -104.826042973239495, 38.874783309414696 ], [ -104.826122973955648, 38.874792309080327 ], [ -104.826140265138889, 38.874794393960926 ], [ -104.826263974092768, 38.874809308930772 ], [ -104.826393973515749, 38.874824309777914 ], [ -104.826703973676459, 38.874886308663292 ], [ -104.826728973408592, 38.874892309155435 ], [ -104.826928973756864, 38.874940309308904 ], [ -104.827074973065194, 38.874973309554761 ], [ -104.827146764320446, 38.874997239746264 ], [ -104.827167972797696, 38.875004309146739 ], [ -104.827431912376682, 38.875085727918119 ], [ -104.827462973665632, 38.875095309156464 ], [ -104.827520752983943, 38.87511979223936 ], [ -104.827580973827182, 38.87514530920496 ], [ -104.827683974352212, 38.875188309080961 ], [ -104.827858973893683, 38.875277309331167 ], [ -104.82807997402341, 38.875391309575321 ], [ -104.828145855284959, 38.875425204632393 ], [ -104.828217974483223, 38.875462309475637 ], [ -104.828564974508552, 38.875640309671539 ], [ -104.828667974001675, 38.875693309218015 ], [ -104.829120973899819, 38.875889309501282 ], [ -104.829636974508688, 38.876014309910403 ], [ -104.830070974687274, 38.876060309226411 ], [ -104.830129974596161, 38.876064309551907 ], [ -104.830673974715822, 38.876102309366601 ], [ -104.830758974050369, 38.876108309495351 ], [ -104.830899974401873, 38.876125309103855 ], [ -104.831575973973486, 38.876210309836104 ], [ -104.831714974979775, 38.876228309531591 ], [ -104.831802975010206, 38.876231309137495 ], [ -104.831901975424671, 38.876240309548287 ], [ -104.832199974866967, 38.876267309703493 ], [ -104.832299974400158, 38.876277309175045 ], [ -104.832442975268805, 38.876286309669048 ], [ -104.832872975617576, 38.87631630941145 ], [ -104.833016974505455, 38.876326309487403 ], [ -104.8330869748266, 38.876332309212508 ], [ -104.833210975247468, 38.876333309006597 ], [ -104.833795975383879, 38.876339308912463 ], [ -104.833990976208327, 38.876341309432163 ], [ -104.834226975208381, 38.876343309372572 ], [ -104.834852974791247, 38.876349308201988 ], [ -104.834934975720046, 38.876349309040691 ], [ -104.835170975766601, 38.876352308836708 ], [ -104.835263975934964, 38.876352308403355 ], [ -104.835542976149384, 38.876354308387093 ], [ -104.835636975369752, 38.876355308827982 ], [ -104.835684975978822, 38.876355308453192 ], [ -104.835831975377957, 38.876355309025946 ], [ -104.835880976332902, 38.876355308881877 ], [ -104.836136975717594, 38.876355308496592 ], [ -104.836471976003835, 38.876356309054401 ], [ -104.836551976240642, 38.876356309040624 ], [ -104.836635975564377, 38.876356309276936 ], [ -104.83690497601664, 38.876356308438922 ], [ -104.836943975784962, 38.876356308438197 ], [ -104.837042975604561, 38.876357309245797 ], [ -104.837108976720444, 38.876357309167084 ], [ -104.83716097641792, 38.876357308471398 ], [ -104.837274975822609, 38.876357309082721 ], [ -104.837384976148684, 38.876357308402156 ], [ -104.837408976441282, 38.876357309207506 ], [ -104.837447976210171, 38.87635730903763 ], [ -104.838304976572743, 38.876356308974444 ], [ -104.838416976331743, 38.876357308756482 ], [ -104.8389759761249, 38.876373308987141 ], [ -104.83964297699869, 38.876374308190762 ], [ -104.840072976816913, 38.876378308311715 ], [ -104.841054976540377, 38.876346308730596 ], [ -104.842908977366008, 38.876288308517289 ], [ -104.843716637503704, 38.876253432205615 ], [ -104.843788977144413, 38.876250308384193 ], [ -104.843832689739315, 38.876248389508646 ], [ -104.845291978262267, 38.876184308677985 ], [ -104.846703978580734, 38.876123308467122 ], [ -104.846942978539133, 38.876098307630109 ], [ -104.846944001348845, 38.876098245812436 ], [ -104.847207978278547, 38.876082307886584 ], [ -104.847787978044479, 38.876039307428329 ], [ -104.848360979325818, 38.875997308043871 ], [ -104.849394979241481, 38.875927307553887 ], [ -104.849561979030057, 38.875914308606873 ], [ -104.850276979259121, 38.875857704004993 ], [ -104.850281978817947, 38.875857308547559 ], [ -104.850287136393263, 38.875855765366026 ], [ -104.850729979371138, 38.875723308194956 ], [ -104.851011979792872, 38.875630307455715 ], [ -104.851047979514846, 38.875619307988217 ], [ -104.851533979161687, 38.875403307985238 ], [ -104.852000979937671, 38.875175307663774 ], [ -104.852107980288849, 38.87512230707037 ], [ -104.852339980046992, 38.875010307921393 ], [ -104.852425978969123, 38.874959307936201 ], [ -104.852529979281783, 38.87489930760875 ], [ -104.852749157801682, 38.874788699225881 ], [ -104.852749279360921, 38.874788638643864 ], [ -104.852959980004727, 38.874682307717421 ], [ -104.853189979454399, 38.874567307564476 ], [ -104.853753979190387, 38.874249307301383 ], [ -104.854159978961036, 38.873999307653008 ], [ -104.854208980109021, 38.873959307542243 ], [ -104.854209467703527, 38.873958914770576 ], [ -104.854583979787719, 38.873657307194712 ], [ -104.854801979644719, 38.873471307358024 ], [ -104.855436980194682, 38.87293530644363 ], [ -104.855457980000381, 38.872914307463212 ], [ -104.855665979776575, 38.872716307740689 ], [ -104.855884979833419, 38.872506306893058 ], [ -104.856000979934478, 38.872396306933112 ], [ -104.856552980992987, 38.871890306443426 ], [ -104.856776980532629, 38.871686307067712 ], [ -104.857313981032476, 38.871178307413587 ], [ -104.857417980303225, 38.871081306773718 ], [ -104.857594980624725, 38.87092430729404 ], [ -104.857917162325052, 38.870638024413218 ], [ -104.857944979547952, 38.870613306934175 ], [ -104.858762364221974, 38.869843187781377 ], [ -104.85882698091882, 38.86978230599324 ], [ -104.858933981236135, 38.869666305934153 ], [ -104.859105688236085, 38.869482166935256 ], [ -104.859154980430901, 38.869429306461484 ], [ -104.859323161534277, 38.869188033540155 ], [ -104.859379505719019, 38.869107202950609 ], [ -104.859380074274725, 38.869106387195544 ], [ -104.859391980070001, 38.869089306600735 ], [ -104.859407018795523, 38.869059230230718 ], [ -104.859415981001803, 38.86904130640923 ], [ -104.859434816338393, 38.869011271684535 ], [ -104.859452980564186, 38.868982306191775 ], [ -104.85952098020077, 38.868892306779934 ], [ -104.859569228232672, 38.868834525237872 ], [ -104.859670210213793, 38.868713587908445 ], [ -104.859687980025413, 38.868692306415404 ], [ -104.8597269811372, 38.868663307051065 ], [ -104.859763045587755, 38.868636658075403 ], [ -104.859862735437872, 38.868562994641046 ], [ -104.859929980204925, 38.868513305597475 ], [ -104.860266519345871, 38.868341379500954 ], [ -104.860267967590843, 38.868340639753129 ], [ -104.860481980046728, 38.868231306420384 ], [ -104.861150981053399, 38.868071306622667 ], [ -104.861224981107057, 38.868057306741612 ], [ -104.861762980634907, 38.867964306018038 ], [ -104.862123980782002, 38.867884305605159 ], [ -104.862395980844028, 38.867795306162066 ], [ -104.862551980910354, 38.867745306210963 ], [ -104.863037980477827, 38.867448306386095 ], [ -104.863356981423081, 38.867111305538593 ], [ -104.86352598076337, 38.866800305659865 ], [ -104.863566980801764, 38.866641305343101 ], [ -104.863613981983619, 38.866460305338236 ], [ -104.863616980287603, 38.866393306158798 ], [ -104.863654981216428, 38.865738306356029 ], [ -104.863655981139786, 38.865679305848744 ], [ -104.863661760250309, 38.865509762520645 ], [ -104.863661984026564, 38.865503306320903 ], [ -104.863663280532506, 38.86546650483573 ], [ -104.863663291315447, 38.865465301334488 ], [ -104.863663569283219, 38.865434276946232 ], [ -104.863664134707946, 38.865434444901588 ], [ -104.863673558240976, 38.864767973623245 ], [ -104.863674981006028, 38.864667304850144 ], [ -104.863675980622403, 38.864607306172473 ], [ -104.863675980849365, 38.864323305555317 ], [ -104.863665707376583, 38.864124448316311 ], [ -104.86366432564563, 38.864097714680589 ], [ -104.863644980459583, 38.863723305031932 ], [ -104.863606894772062, 38.863437663420342 ], [ -104.863600294569892, 38.863388157870055 ], [ -104.86357298139508, 38.863183305683826 ], [ -104.863524919570764, 38.862750750665377 ], [ -104.863516833037849, 38.862677977434657 ], [ -104.863507981027269, 38.862598305661017 ], [ -104.863494980761942, 38.862344305668174 ], [ -104.863482502746649, 38.862064055409405 ], [ -104.863481980077864, 38.862052305217027 ], [ -104.863479302783603, 38.861998761827088 ], [ -104.863468980772168, 38.861792305425318 ], [ -104.863514980631734, 38.861573304859341 ], [ -104.863531980229297, 38.861495305262984 ], [ -104.863610475916659, 38.861378292545972 ], [ -104.863692980473786, 38.861255304646058 ], [ -104.863763981175197, 38.861199304464257 ], [ -104.863871980477867, 38.861115305106559 ], [ -104.864260519392346, 38.860938261439543 ], [ -104.864277979951936, 38.860930305007862 ], [ -104.864281166362346, 38.860929990021155 ], [ -104.864388821468083, 38.860919360466859 ], [ -104.864392308858854, 38.86091901739492 ], [ -104.864782347566319, 38.860880507696329 ], [ -104.864835186720072, 38.86087529044616 ], [ -104.864840096063688, 38.860874805589788 ], [ -104.86506798081659, 38.860852305100124 ], [ -104.86508598054543, 38.860851304399205 ], [ -104.865485237847281, 38.86086214366302 ], [ -104.865525941719696, 38.860863248789457 ], [ -104.86552776281674, 38.860863183060772 ], [ -104.865526009410161, 38.860859927655966 ], [ -104.86544098137729, 38.860714304532273 ], [ -104.865407981807394, 38.8606573047091 ], [ -104.865334980765468, 38.860502304282022 ], [ -104.865216981070077, 38.860251304623581 ], [ -104.865143980854185, 38.860096304971094 ], [ -104.864972981285447, 38.859721304524669 ], [ -104.864859980926227, 38.859473304661357 ], [ -104.864723981116526, 38.859174304154166 ], [ -104.864592979845199, 38.858711305083226 ], [ -104.864560980432429, 38.858368304367922 ], [ -104.864583980390748, 38.857974304441683 ], [ -104.86467898033753, 38.857631304548597 ], [ -104.864735980360365, 38.857496303876879 ], [ -104.864877980326256, 38.857166304479676 ], [ -104.865046980560123, 38.85693030411344 ], [ -104.865062563795632, 38.856908487344612 ], [ -104.865066979978508, 38.856902304490127 ], [ -104.865083263817951, 38.856879315913034 ], [ -104.86509439820783, 38.856863596234042 ], [ -104.865117979711755, 38.856830303751373 ], [ -104.865129980705134, 38.856814304129806 ], [ -104.865256979946821, 38.856607304445177 ], [ -104.865303980740464, 38.856533304369769 ], [ -104.865320980029026, 38.856506304493948 ], [ -104.865364981191803, 38.856463304032232 ], [ -104.865568980501379, 38.856272304213888 ], [ -104.865636980605274, 38.85620930387347 ], [ -104.865703980239573, 38.856145303471934 ], [ -104.865764979962151, 38.856087303399939 ], [ -104.865904980716309, 38.855957303706518 ], [ -104.865972980504168, 38.855895304034618 ], [ -104.866133980422987, 38.855745304053841 ], [ -104.866601674218487, 38.855311501647819 ], [ -104.866616981301235, 38.855297303618521 ], [ -104.866678979892058, 38.85524030397584 ], [ -104.866777980792889, 38.855147304550805 ], [ -104.867093980419199, 38.854819303783103 ], [ -104.867365197940629, 38.854539145816204 ], [ -104.86736698053997, 38.854537304236715 ], [ -104.867372529950813, 38.854540706407938 ], [ -104.867421681712301, 38.8545708423569 ], [ -104.868144981174822, 38.85501430334503 ], [ -104.868494981319969, 38.855223304387145 ], [ -104.868944980523182, 38.855494303940027 ], [ -104.868951332521178, 38.85549842208053 ], [ -104.86916237629778, 38.855635236347645 ], [ -104.86937998142254, 38.855776303707614 ], [ -104.869380080269337, 38.855776200644243 ], [ -104.869385300178635, 38.855770798538849 ], [ -104.869607981434626, 38.855540303498984 ], [ -104.869729981734565, 38.855425303730925 ], [ -104.870163981910409, 38.855000303093803 ], [ -104.87030398147698, 38.854863303788221 ], [ -104.87037798203572, 38.854787303948697 ], [ -104.87082398127761, 38.854335302883648 ], [ -104.870862981741226, 38.854294302932416 ], [ -104.870979982005792, 38.854175302852909 ], [ -104.870991980728974, 38.854164303342714 ], [ -104.871020982293146, 38.854137302759639 ], [ -104.871110981285852, 38.854050303875105 ], [ -104.871156982076982, 38.854007303052342 ], [ -104.871377980761949, 38.853787303270224 ], [ -104.871466981159244, 38.853700303212953 ], [ -104.871551981193974, 38.85361630296341 ], [ -104.871939982016386, 38.853174303350301 ], [ -104.871984981227754, 38.853096303431734 ], [ -104.872081981122236, 38.852923303248332 ], [ -104.872167981276917, 38.852661303444513 ], [ -104.87233998196902, 38.852146302419541 ], [ -104.872452980731737, 38.851828303392644 ], [ -104.872622982338015, 38.851320303496124 ], [ -104.872627086123416, 38.851306853159933 ], [ -104.872658981566715, 38.851202302966641 ], [ -104.872668052311681, 38.851211373251267 ], [ -104.872668102554599, 38.851211423971243 ], [ -104.872697981310992, 38.851241303179464 ], [ -104.872927981853394, 38.851475303314231 ], [ -104.873541980921459, 38.852030302603559 ], [ -104.874163982447755, 38.852573303364125 ], [ -104.874535981291459, 38.852857302964928 ], [ -104.874544864198839, 38.852862765909961 ], [ -104.874987982087589, 38.853135303170056 ], [ -104.875448982974817, 38.853399302726622 ], [ -104.875965982108781, 38.853613303024574 ], [ -104.87632598307097, 38.853742303666024 ], [ -104.87757698283778, 38.854075303529385 ], [ -104.878232982793136, 38.854194302969574 ], [ -104.88214998411469, 38.854885302430979 ], [ -104.882148482560794, 38.85488957987554 ], [ -104.882116984198433, 38.854979302789381 ], [ -104.882128535549711, 38.854981139833022 ], [ -104.883028983923154, 38.855124302911562 ], [ -104.883196984190945, 38.855151302094598 ], [ -104.883430983810527, 38.855188303206987 ], [ -104.884573985417987, 38.855396302877388 ], [ -104.885543985286574, 38.855583302397143 ], [ -104.885757985314044, 38.855620302038517 ], [ -104.886214985274606, 38.855700302677619 ], [ -104.886373984700526, 38.855728302814931 ], [ -104.886417556549418, 38.855736130853089 ], [ -104.886668985519066, 38.855781302757336 ], [ -104.886892099668557, 38.855821424879466 ], [ -104.886896985219494, 38.855822302881748 ], [ -104.886897960161647, 38.855887282212343 ], [ -104.886899985026872, 38.856022303243705 ], [ -104.886900985166974, 38.856207302610521 ], [ -104.886900984462571, 38.856253302714236 ], [ -104.886898985399583, 38.856658302463806 ], [ -104.886908032647085, 38.856707494339112 ], [ -104.886914985606353, 38.856745303509641 ], [ -104.886914985471805, 38.856788301922855 ], [ -104.886914986255732, 38.856809302053186 ], [ -104.886915986251381, 38.856860302745908 ], [ -104.886916985353565, 38.857283303213251 ], [ -104.88692798505673, 38.857568302077837 ], [ -104.886924984984319, 38.858099302640277 ], [ -104.886929986124812, 38.858395302753337 ], [ -104.886921984877873, 38.858803303066743 ], [ -104.886920984840415, 38.859039303448952 ], [ -104.886921148924316, 38.859077426323424 ], [ -104.886929315117129, 38.860980923814076 ], [ -104.886929986329662, 38.861137302602373 ], [ -104.886919985702406, 38.862528303234448 ], [ -104.886918353638265, 38.862763297530066 ], [ -104.886918050740988, 38.862806931233358 ], [ -104.886917985971962, 38.86281630351327 ], [ -104.886917518034124, 38.862911761429572 ], [ -104.886917477674302, 38.86291990775802 ], [ -104.886916986695184, 38.863020304105277 ], [ -104.886916970801749, 38.863025215548987 ], [ -104.886916964965309, 38.863026959596901 ], [ -104.886916613689095, 38.863138669769306 ], [ -104.886916592814515, 38.863145226169969 ], [ -104.886916256567503, 38.863252124889271 ], [ -104.886916234311471, 38.863259108293548 ], [ -104.886915899444787, 38.863365580007923 ], [ -104.886915876599062, 38.863372765203209 ], [ -104.886915543473108, 38.863479035131348 ], [ -104.88691554110693, 38.863479843196622 ], [ -104.886915187500321, 38.863592490253481 ], [ -104.88691516372549, 38.863600183532753 ], [ -104.886915035611366, 38.863641055195373 ], [ -104.886914913845558, 38.863679990027109 ], [ -104.88691470817956, 38.863745597287675 ], [ -104.886913681115857, 38.864072418321165 ], [ -104.886912997291788, 38.864290062381208 ], [ -104.88691298658911, 38.86429330454505 ], [ -104.886922992068833, 38.864293139326499 ], [ -104.888564570599598, 38.864265957034569 ], [ -104.888603986317634, 38.864265304108166 ], [ -104.888663609456174, 38.864264787214303 ], [ -104.892140892902177, 38.864234600225132 ], [ -104.892174987764676, 38.864234303823537 ], [ -104.892569987407228, 38.864236303630882 ], [ -104.892878142795425, 38.864237188936912 ], [ -104.892917987445216, 38.86423730342608 ], [ -104.893257986774643, 38.864239302704824 ], [ -104.896023788691409, 38.864251302089841 ], [ -104.896023989178175, 38.864251303131937 ], [ -104.896030351341352, 38.863781058705975 ], [ -104.896045987873066, 38.862625303047622 ], [ -104.896219709197212, 38.862481032144707 ], [ -104.896688988699736, 38.862091303602107 ], [ -104.896804631324329, 38.861493052044189 ], [ -104.896890453907716, 38.861049063113967 ], [ -104.896890987779457, 38.861046302927157 ], [ -104.896734257930277, 38.860993536313323 ], [ -104.896391988313454, 38.86087830269669 ], [ -104.896090781277735, 38.860778527765056 ], [ -104.896072587158812, 38.860772500991523 ], [ -104.896071987390087, 38.860772302386017 ], [ -104.896412988554872, 38.860769302421104 ], [ -104.897667465358623, 38.860757307677076 ], [ -104.897667988510875, 38.860757302281328 ], [ -104.897665247878479, 38.86074542366071 ], [ -104.897658988587651, 38.860718303054384 ], [ -104.897630988184375, 38.860694302046539 ], [ -104.897625987991802, 38.86058230290773 ], [ -104.897454988026695, 38.859746302944217 ], [ -104.897421987839166, 38.859589302620108 ], [ -104.897513987796231, 38.859577301807249 ], [ -104.897987987818652, 38.859516302566654 ], [ -104.898017988055983, 38.85951230230539 ], [ -104.898060988509442, 38.85953930244672 ], [ -104.8981009884928, 38.859558301746119 ], [ -104.898105452040724, 38.859561980585745 ], [ -104.898265988973392, 38.859694301702049 ], [ -104.898364988880019, 38.859775302302218 ], [ -104.898417988068132, 38.859820302048732 ], [ -104.898523987497811, 38.859905302564151 ], [ -104.898606988003934, 38.859970301815679 ], [ -104.898704988567857, 38.860051302352552 ], [ -104.898798987697859, 38.860135302706183 ], [ -104.898887988769062, 38.860219303249529 ], [ -104.898930988999012, 38.860263302413998 ], [ -104.899015988692213, 38.860353302648065 ], [ -104.899049988427876, 38.860393303110975 ], [ -104.899096988484885, 38.860445302775453 ], [ -104.899135988856145, 38.860491302720021 ], [ -104.8991729882529, 38.860539302137163 ], [ -104.899223989191299, 38.860611301854753 ], [ -104.899257989016206, 38.860669302468693 ], [ -104.899290988657967, 38.860742302733549 ], [ -104.899298096125676, 38.860742232275918 ], [ -104.900601988934241, 38.860729301907064 ], [ -104.900601881955154, 38.860733103912345 ], [ -104.900601809305044, 38.860735705239797 ], [ -104.900587778681626, 38.861236923566139 ], [ -104.90058524334529, 38.861327496203337 ], [ -104.900571629410038, 38.861813855057491 ], [ -104.900557428502893, 38.862321137082127 ], [ -104.900554988677882, 38.862408302224985 ], [ -104.900516989540904, 38.863830302759311 ], [ -104.900517988794576, 38.864100302899011 ], [ -104.900527954134432, 38.864099970542846 ], [ -104.903337989976905, 38.864006302031527 ], [ -104.903575990035421, 38.863999302601698 ], [ -104.904994990538484, 38.863952302150416 ], [ -104.909422992087713, 38.863941302500663 ], [ -104.909422967422771, 38.863941774428831 ], [ -104.909422658317837, 38.863947630285622 ], [ -104.909264991501473, 38.866930302338943 ], [ -104.909230919841789, 38.867585958135898 ], [ -104.909227992079337, 38.867642303181945 ], [ -104.909227802938332, 38.867644954367584 ], [ -104.909227000933939, 38.867656173269232 ], [ -104.909226991788941, 38.867656302947339 ], [ -104.909231991398755, 38.867854302506132 ], [ -104.909248760871634, 38.868152197578411 ], [ -104.909248991758716, 38.868156303093961 ], [ -104.909258796693507, 38.868382982690065 ], [ -104.909340992766658, 38.870283302428753 ], [ -104.909354991933654, 38.870600303283872 ], [ -104.909385991320576, 38.871313303537953 ], [ -104.909386222963121, 38.871313302012645 ], [ -104.909395707615758, 38.871313241212064 ], [ -104.910421440617299, 38.871306708776139 ], [ -104.910641992655997, 38.871305303304197 ], [ -104.910670378993245, 38.871305075206458 ], [ -104.910890992832648, 38.871303302923444 ], [ -104.913073992401792, 38.871287303186492 ], [ -104.913818993547864, 38.87128430253366 ], [ -104.913818996491827, 38.871284364708174 ], [ -104.913819349144404, 38.871290644612429 ], [ -104.914005993804579, 38.874613302837986 ], [ -104.914013813060379, 38.874743611744037 ], [ -104.9140179941177, 38.874813302965869 ], [ -104.914019310228312, 38.874841372424655 ], [ -104.914023994312856, 38.874941303690584 ], [ -104.914082994352157, 38.875998303158866 ], [ -104.914229994477282, 38.878599304391294 ], [ -104.914411994294184, 38.88185730428556 ], [ -104.914435994132077, 38.882256305064104 ], [ -104.914436312347576, 38.882256571521168 ], [ -104.915940775861955, 38.883502601585654 ], [ -104.917037994827297, 38.884411304671453 ], [ -104.91708699595911, 38.885873304398132 ], [ -104.914560994947564, 38.885938305655564 ], [ -104.914561000349067, 38.885938629092628 ], [ -104.914561265783348, 38.885955503596847 ], [ -104.914562995330229, 38.886065305007165 ], [ -104.914566995333118, 38.886167305566474 ], [ -104.914714995191545, 38.890596305709799 ], [ -104.914801996576259, 38.893177306959352 ], [ -104.913896994924841, 38.893197305894866 ], [ -104.913654996331942, 38.893203305904386 ], [ -104.912929995497308, 38.893219306219585 ], [ -104.912236994435361, 38.893235307068068 ], [ -104.912192228626665, 38.893236304984313 ], [ -104.912192149075821, 38.893236306383798 ], [ -104.905508161787111, 38.893385103490566 ], [ -104.90549899344775, 38.893385307041996 ], [ -104.900871918364544, 38.893332420790735 ], [ -104.9008619930229, 38.893332308376145 ], [ -104.898542992030755, 38.893306308223764 ], [ -104.898544985764019, 38.893365150331029 ], [ -104.89854499135231, 38.893365307110194 ], [ -104.898545991448529, 38.893538306901704 ], [ -104.898573991783266, 38.894389307376414 ], [ -104.898584991666624, 38.894506307163951 ], [ -104.898593653594986, 38.89468905427546 ], [ -104.89859499239715, 38.894717306871556 ], [ -104.898596044676353, 38.894762780690868 ], [ -104.898596045409334, 38.894762830242151 ], [ -104.898596046233962, 38.894762868983527 ], [ -104.898599992760296, 38.894933306620715 ], [ -104.898605992581935, 38.895106307923648 ], [ -104.898606991627375, 38.895130306685672 ], [ -104.898606732279674, 38.895130303542288 ], [ -104.898601880753375, 38.89513024421057 ], [ -104.898599758717808, 38.895130217917703 ], [ -104.898598559960973, 38.895130202707371 ], [ -104.897550991929151, 38.895117307590681 ], [ -104.896288991889051, 38.895101307717027 ], [ -104.896353992026093, 38.896923307227283 ], [ -104.892995990733311, 38.896878308619279 ], [ -104.889811990173854, 38.896835308368622 ], [ -104.887089990010665, 38.896798308827464 ], [ -104.88696812519683, 38.90403693918303 ], [ -104.886966991119237, 38.904104309662571 ], [ -104.886952991083447, 38.904921309713089 ], [ -104.886877541380045, 38.909612858863369 ], [ -104.88687751410724, 38.909614547837002 ], [ -104.886877464552128, 38.909617615012969 ], [ -104.886852990981225, 38.911139310379951 ], [ -104.886863084818955, 38.91113929153822 ], [ -104.889549992400305, 38.911134310095719 ], [ -104.890574991793173, 38.911133310616769 ], [ -104.890712991789584, 38.911153310481041 ], [ -104.891006992331498, 38.911197310135734 ], [ -104.891126993016542, 38.91116631021351 ], [ -104.891262992971704, 38.911133310236629 ], [ -104.89374899315294, 38.911148310390253 ], [ -104.893994993457056, 38.911150309856353 ], [ -104.894982993228439, 38.911156309895091 ], [ -104.895520199234696, 38.911159837234223 ], [ -104.895896993593297, 38.911162309873156 ], [ -104.89808646230847, 38.911146261335773 ], [ -104.901207994874596, 38.911123309123084 ], [ -104.903694994870335, 38.911106309471279 ], [ -104.904019995890607, 38.911106309171721 ], [ -104.904997995632854, 38.911106309148721 ], [ -104.90532399629798, 38.911106309418905 ], [ -104.90798599593046, 38.911092309187183 ], [ -104.909230996126936, 38.911083308829802 ], [ -104.911253997739109, 38.911069308670008 ], [ -104.920950998853954, 38.911009308383932 ], [ -104.92485872537361, 38.910985308902539 ], [ -104.924858799938363, 38.910985213780251 ], [ -104.924858999805679, 38.910985307557461 ], [ -104.927945000539268, 38.911002306871197 ], [ -104.931904001941604, 38.911025307217955 ], [ -104.932196002145275, 38.911024307500476 ], [ -104.93295900219178, 38.91102030790222 ], [ -104.935363002462054, 38.911008306970288 ], [ -104.93536299915489, 38.911014665219696 ], [ -104.935362002020057, 38.912851307961724 ], [ -104.935362002697971, 38.914607308462429 ], [ -104.935362002646983, 38.915939307677021 ], [ -104.935372006680524, 38.915939931001652 ], [ -104.935747003525904, 38.915963307907802 ], [ -104.935839003264988, 38.915963307468658 ], [ -104.935881002992403, 38.915963307634875 ], [ -104.936142003167134, 38.91597730716817 ], [ -104.936328002855959, 38.916018307966731 ], [ -104.936402003314143, 38.916050308420203 ], [ -104.936411352172996, 38.91605633363254 ], [ -104.936447003838481, 38.916079308057505 ], [ -104.936469003756045, 38.91613830741813 ], [ -104.936469003314699, 38.916196307406587 ], [ -104.936462003141045, 38.916234307739415 ], [ -104.936436003031545, 38.916254307818647 ], [ -104.936391003922978, 38.916272307788958 ], [ -104.936283003543707, 38.916266307953421 ], [ -104.936000003999823, 38.916231307523127 ], [ -104.935858003703785, 38.916184308251268 ], [ -104.935833002804785, 38.916182307766029 ], [ -104.935638002806868, 38.916169308032785 ], [ -104.935564002821351, 38.916178307882831 ], [ -104.935504002821304, 38.9162073080524 ], [ -104.935422002681122, 38.916277307566226 ], [ -104.935399003245337, 38.916302308237547 ], [ -104.93533300365425, 38.91637330785634 ], [ -104.935187003070197, 38.91654730774701 ], [ -104.935045002983358, 38.916751308372362 ], [ -104.934973002475047, 38.916818307646231 ], [ -104.934919002761305, 38.916870308570417 ], [ -104.934736003676321, 38.916984308368555 ], [ -104.934449002766229, 38.917059308414373 ], [ -104.934251002722675, 38.917129307717957 ], [ -104.934140002827732, 38.917179308507755 ], [ -104.934117002680395, 38.917216308362356 ], [ -104.934102002544577, 38.917249307693851 ], [ -104.934087002485981, 38.917283307877824 ], [ -104.934083002498639, 38.917356308422505 ], [ -104.934087002983574, 38.917394308098253 ], [ -104.934106002879574, 38.917438307518559 ], [ -104.934128003213232, 38.91747030858447 ], [ -104.934162002809316, 38.917499307817359 ], [ -104.934166803384485, 38.917501178838044 ], [ -104.934221002958182, 38.917522308247314 ], [ -104.934337002756777, 38.917546308422104 ], [ -104.934445002857117, 38.917543307772497 ], [ -104.934512003413403, 38.917531308062799 ], [ -104.934605002629439, 38.917487308302171 ], [ -104.934826002981666, 38.917325308278869 ], [ -104.935060003076416, 38.917156308261646 ], [ -104.935373003122081, 38.916990307487325 ], [ -104.935399003575284, 38.916978308172972 ], [ -104.935399022823319, 38.916989223972024 ], [ -104.935403002788576, 38.919285308546087 ], [ -104.935404003114073, 38.919804307887247 ], [ -104.935405003086316, 38.920221308402397 ], [ -104.935423003392089, 38.926206309632192 ], [ -104.935430004806264, 38.928513310353416 ], [ -104.935448004367046, 38.932202309405412 ], [ -104.935462005059094, 38.935031310599683 ], [ -104.935502005966086, 38.943268311956849 ], [ -104.935517006822366, 38.946119312126399 ], [ -104.935521006327988, 38.946958312712134 ], [ -104.935555007895204, 38.95188531250399 ], [ -104.935600007887004, 38.958296313670544 ], [ -104.935608007882479, 38.959519314196207 ], [ -104.935658008920413, 38.966666315041508 ], [ -104.935666009325018, 38.96779031587721 ], [ -104.935683009694458, 38.971594315241639 ], [ -104.935684009746538, 38.971839315966498 ], [ -104.935690009718286, 38.973984316219997 ], [ -104.935692010206893, 38.974543315584427 ], [ -104.935693009432313, 38.97492431606841 ], [ -104.935712011082714, 38.981155316649236 ], [ -104.935719010142023, 38.983302317138531 ], [ -104.935722010702875, 38.98346131750737 ], [ -104.935720010362132, 38.98354631753206 ], [ -104.935731011185439, 38.987727318155457 ], [ -104.935731011338433, 38.988033318200195 ], [ -104.935738011109777, 38.990385318671528 ], [ -104.935745011560741, 38.992986318727993 ], [ -104.935750011964387, 38.994637318861194 ], [ -104.935759012278282, 38.998288320188081 ], [ -104.935768012448449, 39.001494320097571 ], [ -104.935775013074235, 39.003965320929645 ], [ -104.935780013371811, 39.005982320578333 ], [ -104.935780012866104, 39.006082320146767 ], [ -104.935796013206385, 39.01061232106089 ], [ -104.935802014084445, 39.012276321123529 ], [ -104.935812004732199, 39.012276273140323 ], [ -104.936636013653185, 39.012272321771363 ], [ -104.937009014427602, 39.012270321532164 ], [ -104.942134015304688, 39.012247321368839 ], [ -104.944355015975205, 39.012237320485617 ], [ -104.946839015813509, 39.012226320753228 ], [ -104.948031016555291, 39.012220320337974 ], [ -104.95266201781412, 39.012199320104969 ], [ -104.953959017510286, 39.012184319751327 ], [ -104.958185018912801, 39.012592319729208 ], [ -104.958866018485466, 39.012657319652376 ], [ -104.960358019121841, 39.012802319114073 ], [ -104.961696019746526, 39.012931320067352 ], [ -104.967256021259033, 39.013468319551571 ], [ -104.967857020861757, 39.013526319194995 ], [ -104.972995023305089, 39.014022319125687 ], [ -104.977474023041822, 39.013731318849423 ], [ -104.978230023201192, 39.013683318332411 ], [ -104.981090024764598, 39.0134973189706 ], [ -104.981934436127133, 39.013502189603884 ], [ -104.981934448102763, 39.013508449626599 ], [ -104.981935690317471, 39.014129924422235 ], [ -104.986604638720124, 39.014189178025916 ], [ -104.987148512349393, 39.014196068052023 ], [ -104.988034521453315, 39.014207287128976 ], [ -104.989975521947983, 39.014231841620038 ], [ -104.990108900165936, 39.014233527465883 ], [ -104.991273594917303, 39.01424824442703 ], [ -104.991478760917971, 39.014251256658291 ], [ -104.991504774187703, 39.014251407190962 ], [ -104.991707697611943, 39.014253475050616 ], [ -104.991707728536582, 39.014254637274377 ], [ -104.991707736699681, 39.014254948101161 ], [ -104.991720026968977, 39.014720318285718 ], [ -104.991748026736033, 39.015740318271924 ], [ -104.991746026851331, 39.016205317890275 ], [ -104.991742026829812, 39.017601318013114 ], [ -104.99174102663342, 39.018067318201162 ], [ -104.99172302634463, 39.018289318273801 ], [ -104.991671026944744, 39.018956318999813 ], [ -104.991654027173198, 39.019179317933123 ], [ -104.991675027430134, 39.020104318919266 ], [ -104.991682026651489, 39.020388318671706 ], [ -104.991696028191413, 39.021015318871846 ], [ -104.991705910818411, 39.021015197152359 ], [ -104.993562027435644, 39.020992318114082 ], [ -104.994488028033132, 39.020982318837618 ], [ -104.997990029110127, 39.020990318505383 ], [ -104.999155028644495, 39.02099231772727 ], [ -104.99945602970584, 39.020993318179656 ], [ -105.004040030366582, 39.02100331854448 ], [ -105.004845031562809, 39.021005318031115 ], [ -105.010714031949504, 39.02101831776146 ], [ -105.010720030949471, 39.019269317325531 ], [ -105.010722031203727, 39.018572317881087 ], [ -105.010723032031279, 39.018557316754332 ], [ -105.010724031581105, 39.01835031727768 ], [ -105.010740031263822, 39.013905316654558 ], [ -105.010739031348336, 39.013675317320427 ], [ -105.010739031213035, 39.013530316722168 ], [ -105.01128303141769, 39.013548316371569 ], [ -105.011513031373838, 39.013556317039274 ], [ -105.01165303123345, 39.013565316330549 ], [ -105.012074031011025, 39.013593316419453 ], [ -105.012215032169649, 39.013603316463247 ], [ -105.012212551474676, 39.013608745361445 ], [ -105.01221243188904, 39.013609007906602 ], [ -105.012125031444469, 39.013800315909812 ], [ -105.012078031531672, 39.014057316846049 ], [ -105.012078032132649, 39.014361316193039 ], [ -105.012094154718312, 39.014594209287267 ], [ -105.012096031571957, 39.014621316305593 ], [ -105.012151032068033, 39.014839316486579 ], [ -105.012252032105224, 39.015205316894132 ], [ -105.012358031477575, 39.01553631696477 ], [ -105.012427031649935, 39.015955316667892 ], [ -105.012440031891202, 39.0160083172252 ], [ -105.01245055280009, 39.016050595480245 ], [ -105.012553818555361, 39.016465573935378 ], [ -105.012557189614284, 39.016479118701753 ], [ -105.012656031494785, 39.01687631660532 ], [ -105.012667031537148, 39.016919316612736 ], [ -105.012743032854047, 39.017363317582877 ], [ -105.012798032222079, 39.017805317216499 ], [ -105.012796814084851, 39.017850482158785 ], [ -105.012795406492316, 39.017902712515706 ], [ -105.012787031955753, 39.018213316748067 ], [ -105.012740032885802, 39.018474317531258 ], [ -105.012706031992195, 39.018610317753648 ], [ -105.012694031516233, 39.018741317567105 ], [ -105.012595031775817, 39.019247317121909 ], [ -105.012475031430768, 39.019604317636173 ], [ -105.01240203252722, 39.01982031772372 ], [ -105.012262032260196, 39.020270317367668 ], [ -105.012250032344539, 39.020312317516719 ], [ -105.01193803234608, 39.021194317499258 ] ] ] } },
{ "type": "Feature", "properties": { "OBJECTID": 50, "LANDBASE_EPC_SENATEDIST_AREA": null, "PERIMETER": null, "SENATE": 10, "Shape__Area": 1380683755.3051198, "Shape__Length": 185775.87177442497 }, "geometry": { "type": "Polygon", "coordinates": [ [ [ -104.677634945983101, 38.940870328976608 ], [ -104.678163946623187, 38.940895329232156 ], [ -104.678310335988712, 38.940907836058557 ], [ -104.679191222388127, 38.94098309022889 ], [ -104.679275947030689, 38.940990328397504 ], [ -104.680964947287819, 38.941154327852416 ], [ -104.681585947351834, 38.941204328937232 ], [ -104.681892947272914, 38.941228328419975 ], [ -104.682478947704908, 38.941278328109775 ], [ -104.683327947341652, 38.941334328226013 ], [ -104.684289948566771, 38.94135832816432 ], [ -104.685988948150353, 38.941380328742646 ], [ -104.687081948584378, 38.941388328115544 ], [ -104.68729194832207, 38.94138732800505 ], [ -104.687566949189716, 38.941385328409545 ], [ -104.687913948683786, 38.941383328142919 ], [ -104.688338948592857, 38.941380327929139 ], [ -104.689092949037146, 38.941375327480493 ], [ -104.690185950014623, 38.941369327828916 ], [ -104.690688949641839, 38.941371327655979 ], [ -104.691286949600823, 38.941373327279422 ], [ -104.692811950233306, 38.941370327170404 ], [ -104.694078950085981, 38.941357327297233 ], [ -104.694779950166435, 38.941323328130743 ], [ -104.695266950654727, 38.941300327882132 ], [ -104.695613950490525, 38.941275326959655 ], [ -104.695862949819698, 38.941257327520233 ], [ -104.696091950446458, 38.941241327113133 ], [ -104.696496950873467, 38.941210327283024 ], [ -104.696723950431377, 38.941197327036335 ], [ -104.696876950253184, 38.941190327874303 ], [ -104.697128951775284, 38.941178327359005 ], [ -104.697487950511743, 38.941163327698703 ], [ -104.698449951322729, 38.941127327631776 ], [ -104.698564951080769, 38.941121327421428 ], [ -104.698924950627784, 38.941102327643435 ], [ -104.699361951439343, 38.941098326605591 ], [ -104.700362952439121, 38.941092327809315 ], [ -104.700672952003444, 38.941085327174562 ], [ -104.701018951735989, 38.941080326993983 ], [ -104.701109951705078, 38.941078326861692 ], [ -104.701112931699029, 38.941078291473787 ], [ -104.701853277084908, 38.941069409268998 ], [ -104.702609951687748, 38.941060327093638 ], [ -104.703892953208751, 38.941011327565754 ], [ -104.704389868052758, 38.940975518665581 ], [ -104.704905952376095, 38.94093832610988 ], [ -104.704915985029558, 38.940937575791494 ], [ -104.70522695206671, 38.940914326896333 ], [ -104.706346952917912, 38.94085532732629 ], [ -104.707010135420376, 38.940833602417051 ], [ -104.70725821801993, 38.940825474762704 ], [ -104.708513953557755, 38.940784326532565 ], [ -104.709629581806411, 38.940764483335705 ], [ -104.709856306664477, 38.940760449035288 ], [ -104.710368954715889, 38.940751326072061 ], [ -104.711183954730075, 38.94072732598984 ], [ -104.712231954070532, 38.940647326307733 ], [ -104.712249570611348, 38.940645994305243 ], [ -104.712561747829668, 38.940622382681731 ], [ -104.713368954708756, 38.940561326523003 ], [ -104.713884953962577, 38.940527326838279 ], [ -104.713961954203342, 38.940524326579293 ], [ -104.714612955310358, 38.940493325883757 ], [ -104.714870021293137, 38.940484814749382 ], [ -104.715234328575917, 38.940472752863307 ], [ -104.717239955074291, 38.940406325864146 ], [ -104.717489614922599, 38.940400305872565 ], [ -104.718400955976051, 38.940378325805497 ], [ -104.719243062768683, 38.940331301730254 ], [ -104.719265589986364, 38.940330043968359 ], [ -104.71934581051876, 38.940325564513181 ], [ -104.719424433588316, 38.940321173378926 ], [ -104.719443412683461, 38.940320113387344 ], [ -104.719511654546906, 38.940316302061042 ], [ -104.719564955976665, 38.940313325561014 ], [ -104.719724437284768, 38.940316736826539 ], [ -104.719742265447991, 38.940317118569027 ], [ -104.71975195509502, 38.940317325902384 ], [ -104.719751987405502, 38.940316695508663 ], [ -104.719752644813227, 38.940317334132295 ], [ -104.719911956035276, 38.940319325126168 ], [ -104.7199529564286, 38.940318325346688 ], [ -104.72005295568087, 38.940316325710562 ], [ -104.720075956041811, 38.940127325624346 ], [ -104.720210955627905, 38.94013032613671 ], [ -104.720467956288743, 38.940139325068436 ], [ -104.722117956382334, 38.940138325373724 ], [ -104.722729957427404, 38.940135325678789 ], [ -104.724538611400263, 38.940129999604565 ], [ -104.724739699954483, 38.940129405828152 ], [ -104.724766957419831, 38.940129325337701 ], [ -104.727141958185427, 38.940121324883535 ], [ -104.728992981954391, 38.940106758217723 ], [ -104.729174957514971, 38.940105324704973 ], [ -104.729186279915368, 38.940105270910003 ], [ -104.729340279614163, 38.940104533703305 ], [ -104.72938395882818, 38.940104324900339 ], [ -104.729383688875373, 38.940110699478858 ], [ -104.729380972675472, 38.940174705505079 ], [ -104.729376958443325, 38.940269325347373 ], [ -104.729387184435069, 38.940269325528256 ], [ -104.730610958394848, 38.940269324889492 ], [ -104.731093958950467, 38.940248324822193 ], [ -104.731433958150589, 38.940237324475284 ], [ -104.731697958301254, 38.94022932467405 ], [ -104.733526959181631, 38.94023032544554 ], [ -104.734271959471286, 38.940231324994478 ], [ -104.734486959646432, 38.940232324812499 ], [ -104.737606960041745, 38.940233324518815 ], [ -104.73816896065, 38.940234324732742 ], [ -104.739416960105999, 38.940235324317513 ], [ -104.739590960940646, 38.940235324116266 ], [ -104.739624501287025, 38.940180169567654 ], [ -104.739680961074825, 38.940087324660595 ], [ -104.74000973882832, 38.940092147896706 ], [ -104.740089960491218, 38.940093324231739 ], [ -104.740672960630633, 38.940102324047828 ], [ -104.748161962352967, 38.940081323790849 ], [ -104.748162892865253, 38.940087672828902 ], [ -104.748167987514123, 38.940122438789871 ], [ -104.748178962175558, 38.940197323349324 ], [ -104.748187824509628, 38.940196141933164 ], [ -104.748358962719692, 38.940173324418119 ], [ -104.748727963229157, 38.940125323487941 ], [ -104.748872962236405, 38.940095324023666 ], [ -104.749167962292233, 38.940037324341617 ], [ -104.74960396334869, 38.939943323178369 ], [ -104.750014962825574, 38.939826323047356 ], [ -104.750267963246969, 38.939733323063173 ], [ -104.750755963734491, 38.939567323730103 ], [ -104.750888963136902, 38.939504323994584 ], [ -104.751524962717383, 38.939206323256464 ], [ -104.752466963172324, 38.938781322927674 ], [ -104.752528963062716, 38.938755323178853 ], [ -104.753109963870713, 38.938523322946942 ], [ -104.753574963841487, 38.938364322477341 ], [ -104.753934964087094, 38.938258323242366 ], [ -104.754385963033542, 38.938170322756875 ], [ -104.754950964792073, 38.938089323558742 ], [ -104.755374964127782, 38.938051322930022 ], [ -104.755729963908564, 38.938044323222208 ], [ -104.756376964299264, 38.938032322239266 ], [ -104.756579964800764, 38.938034322527947 ], [ -104.756703640984597, 38.938035801175751 ], [ -104.756830964042109, 38.938037322811461 ], [ -104.756828964661921, 38.937967323307213 ], [ -104.756828723459236, 38.937964141697655 ], [ -104.75682296470417, 38.937888322881399 ], [ -104.757064963964666, 38.937891322815794 ], [ -104.758185965001417, 38.93788632286126 ], [ -104.758659964972097, 38.937844322989832 ], [ -104.758714964804213, 38.937834323428497 ], [ -104.75888796503169, 38.937800322555383 ], [ -104.759062965156417, 38.937767322418601 ], [ -104.759351964870859, 38.937711322677202 ], [ -104.759962964926572, 38.937602321902581 ], [ -104.760362964770636, 38.937516322395958 ], [ -104.760685964370168, 38.937435322924792 ], [ -104.760860785026225, 38.937443849913116 ], [ -104.760931965566741, 38.937447321923116 ], [ -104.761094964899129, 38.937394322472095 ], [ -104.761406965279505, 38.937294322074656 ], [ -104.761582965209271, 38.93722132232385 ], [ -104.76165013913365, 38.937193799288572 ], [ -104.761680856692678, 38.937181213644735 ], [ -104.761726964865062, 38.937162322303351 ], [ -104.761842964687787, 38.937115322365088 ], [ -104.762471965311605, 38.936797322910699 ], [ -104.762951965105358, 38.936555321925951 ], [ -104.763046964675553, 38.936456321996282 ], [ -104.763980965022071, 38.935960322224958 ], [ -104.76446896587332, 38.935725322162689 ], [ -104.764886965811797, 38.935613321934433 ], [ -104.765115966023302, 38.935509322310388 ], [ -104.765697965639603, 38.935249321802708 ], [ -104.766016965966344, 38.935107321469388 ], [ -104.766615541040366, 38.934847509281795 ], [ -104.76664538620112, 38.93483455468531 ], [ -104.766850966320249, 38.934745321487135 ], [ -104.767360966621482, 38.934525321380001 ], [ -104.767449352890637, 38.934486748848151 ], [ -104.767706966054121, 38.934374321964931 ], [ -104.767926226921617, 38.934280468674004 ], [ -104.767977966134168, 38.934258321240627 ], [ -104.768017490133289, 38.934240800346934 ], [ -104.768841772591031, 38.933875387303722 ], [ -104.769165173583389, 38.933732017815991 ], [ -104.769353966950618, 38.933648321386777 ], [ -104.770018967093137, 38.933363321674307 ], [ -104.77014800750166, 38.933316056623234 ], [ -104.770190966519408, 38.933300321352306 ], [ -104.770480966421388, 38.933195321046874 ], [ -104.770846749511591, 38.933122563369174 ], [ -104.770847966531846, 38.933122321458143 ], [ -104.770937966735829, 38.933112321152599 ], [ -104.771080966197346, 38.933095321669583 ], [ -104.771148967291651, 38.933094321740946 ], [ -104.771222697302889, 38.933093325237856 ], [ -104.771573825833684, 38.933088580924945 ], [ -104.77173828934923, 38.933086357776503 ], [ -104.771740967924785, 38.933086321396821 ], [ -104.771851227962799, 38.933086164006845 ], [ -104.771852329475223, 38.933086162794943 ], [ -104.772442968167141, 38.933085321265935 ], [ -104.772638664534298, 38.933084795762049 ], [ -104.77263894943431, 38.933084794841115 ], [ -104.772639443105305, 38.93308479342403 ], [ -104.772814967059148, 38.933084320743397 ], [ -104.77339296714625, 38.933083321500128 ], [ -104.773776967712138, 38.933078320951601 ], [ -104.774106967035081, 38.933073321751969 ], [ -104.77470752772183, 38.933064966956707 ], [ -104.774753968007957, 38.933064320540851 ], [ -104.774918816112915, 38.933063833970138 ], [ -104.77509296783262, 38.93306332046987 ], [ -104.775220097086162, 38.933062747925291 ], [ -104.775314967642615, 38.933062321087924 ], [ -104.775418968623271, 38.933061320446051 ], [ -104.775581333459385, 38.933060492252764 ], [ -104.776005016365048, 38.933058328702423 ], [ -104.776059614356072, 38.933058049650107 ], [ -104.776397968697367, 38.933056321063731 ], [ -104.77648492179145, 38.933056054817882 ], [ -104.776540960429827, 38.933055883596815 ], [ -104.776724968416929, 38.933055320855658 ], [ -104.776964820871626, 38.933054398711263 ], [ -104.776980639251263, 38.93305433759091 ], [ -104.777244967847437, 38.933053321081012 ], [ -104.777444717709429, 38.933052958620898 ], [ -104.777471954651787, 38.93305290891184 ], [ -104.77779496856482, 38.93305232145994 ], [ -104.7779246076432, 38.933052193059694 ], [ -104.777947685139168, 38.933052170567692 ], [ -104.778404494579988, 38.933051719183055 ], [ -104.778410755308769, 38.933051712981602 ], [ -104.77880596899945, 38.933051321088954 ], [ -104.778884380723042, 38.933051320796238 ], [ -104.778907797086632, 38.933051320934581 ], [ -104.779326969852221, 38.933051320845877 ], [ -104.779364262789372, 38.933051321290471 ], [ -104.779387666466377, 38.933051321253657 ], [ -104.779593969686971, 38.933051320917968 ], [ -104.779716392902358, 38.933051321495697 ], [ -104.779844145990737, 38.933051321613611 ], [ -104.779867516221231, 38.933051321273155 ], [ -104.780324028029654, 38.933051320850502 ], [ -104.780343553966702, 38.933051320950874 ], [ -104.780396969155703, 38.93305132082196 ], [ -104.780664968963578, 38.933051321018901 ], [ -104.780716760164424, 38.933051320608875 ], [ -104.780803910041115, 38.933051320809895 ], [ -104.780838662029225, 38.933051321285554 ], [ -104.780920969927791, 38.933051321188742 ], [ -104.781283419472473, 38.93305132189235 ], [ -104.781283792025221, 38.933051321491874 ], [ -104.781688969333018, 38.933051320998551 ], [ -104.78176367104578, 38.933051612957684 ], [ -104.781791065557471, 38.933051719961263 ], [ -104.781944969386586, 38.933052320673951 ], [ -104.782046969303096, 38.933052320633891 ], [ -104.782218540098924, 38.933052320153514 ], [ -104.782243545842178, 38.93305232042016 ], [ -104.7822705861863, 38.933052320624554 ], [ -104.782351969042779, 38.933052321013747 ], [ -104.782454969227928, 38.933053320444792 ], [ -104.782723417670297, 38.933053320468204 ], [ -104.782754251552731, 38.933053320532089 ], [ -104.782869970020144, 38.933053320586751 ], [ -104.783203294171273, 38.933053857320864 ], [ -104.783240493071219, 38.933053917202137 ], [ -104.783683169441019, 38.933054629114288 ], [ -104.783726436291516, 38.933054698283755 ], [ -104.78411496942887, 38.933055321044975 ], [ -104.784163042540925, 38.933055500712463 ], [ -104.784203771076307, 38.933055652276629 ], [ -104.784382969465184, 38.933056320747269 ], [ -104.784530970512478, 38.933060320331457 ], [ -104.784642853813537, 38.933062503957764 ], [ -104.784649219341304, 38.933062627789958 ], [ -104.784940970235269, 38.933068320761308 ], [ -104.78512266810327, 38.933069215162377 ], [ -104.785143970374023, 38.933069319965874 ], [ -104.785172287835508, 38.933069633639946 ], [ -104.785594970378838, 38.933074320646689 ], [ -104.7856025008047, 38.933074104747874 ], [ -104.785676639789699, 38.93307197911497 ], [ -104.785873971084513, 38.9330663199529 ], [ -104.786047970749465, 38.933051320284484 ], [ -104.786082670360855, 38.933045519987942 ], [ -104.786250057716884, 38.933017540271578 ], [ -104.786388970365905, 38.932994320565534 ], [ -104.786563479764794, 38.932953259358413 ], [ -104.786721650479876, 38.932916042591749 ], [ -104.786728971118293, 38.932914319984093 ], [ -104.786962970098969, 38.932854320099807 ], [ -104.787044561362663, 38.93283378321204 ], [ -104.787166748696038, 38.932803028800762 ], [ -104.787218744968413, 38.932789941654505 ], [ -104.787403970048445, 38.93274332074499 ], [ -104.787525633733296, 38.932715062657024 ], [ -104.787558970796013, 38.932707319412721 ], [ -104.787681948545156, 38.932677290898859 ], [ -104.787816970623822, 38.932644320802773 ], [ -104.787966035800878, 38.932617147120276 ], [ -104.788006571008509, 38.932609757712733 ], [ -104.78800897099795, 38.932609320169007 ], [ -104.788162845875618, 38.93255660365709 ], [ -104.788174506389126, 38.932552608506263 ], [ -104.788224971207597, 38.932535319803549 ], [ -104.788410971323216, 38.932494319848786 ], [ -104.788487684801808, 38.932486590370438 ], [ -104.788579658053479, 38.932477323611423 ], [ -104.788807970654162, 38.932454319904195 ], [ -104.788967871326605, 38.932455787608831 ], [ -104.788978099810578, 38.932455881668673 ], [ -104.789243971266814, 38.932458320179997 ], [ -104.789445991640235, 38.93246173103406 ], [ -104.789447689147835, 38.93246175942182 ], [ -104.789921383031967, 38.932469754853628 ], [ -104.789927485747882, 38.93246985787453 ], [ -104.790405716418604, 38.932477927677319 ], [ -104.790407282457465, 38.932477954348073 ], [ -104.790428970633187, 38.932478319988817 ], [ -104.790887113639471, 38.932482610442008 ], [ -104.790918486409012, 38.932482904410421 ], [ -104.7913669465038, 38.932487102410242 ], [ -104.791392968046409, 38.932487345629845 ], [ -104.791827949761611, 38.932491416492951 ], [ -104.791846780582176, 38.93249159240596 ], [ -104.79189041392415, 38.932492000398867 ], [ -104.792326613567965, 38.932496080415163 ], [ -104.792341174929433, 38.932496216757805 ], [ -104.792806446605454, 38.932500567345642 ], [ -104.792837779024666, 38.932500860550917 ], [ -104.792993971758492, 38.932502319994107 ], [ -104.793206844582272, 38.93250469392715 ], [ -104.793286274445933, 38.932505580172744 ], [ -104.793325544223251, 38.932506017867901 ], [ -104.793531971476327, 38.93250831961209 ], [ -104.793746971866639, 38.932511319870606 ], [ -104.793766096158649, 38.932511213481746 ], [ -104.79385159143051, 38.93251073802503 ], [ -104.794246000513738, 38.932508543824042 ], [ -104.794272677625329, 38.932508395797491 ], [ -104.794465972520015, 38.932507319928035 ], [ -104.794700972131466, 38.932506320073024 ], [ -104.794725893685182, 38.932506993697793 ], [ -104.794747086175022, 38.932507566330273 ], [ -104.795205642623955, 38.932519959988127 ], [ -104.795210980242871, 38.932520104039746 ], [ -104.795403972754585, 38.932525320036227 ], [ -104.795685380784263, 38.932534144006944 ], [ -104.795690971841154, 38.932534319299776 ], [ -104.796086280864046, 38.932554302745935 ], [ -104.796118189603703, 38.932555915622416 ], [ -104.796118289898118, 38.932555920733698 ], [ -104.796145631193397, 38.932557302365304 ], [ -104.79614597242508, 38.93255731974503 ], [ -104.796353972182658, 38.932568320260231 ], [ -104.796358930509783, 38.932574262645282 ], [ -104.796359027398779, 38.932574378542377 ], [ -104.796474972850177, 38.932713319723078 ], [ -104.796479940798008, 38.932713640752759 ], [ -104.79648822838513, 38.932714177349631 ], [ -104.796644973371656, 38.93272431958178 ], [ -104.796926972685029, 38.932751319103126 ], [ -104.79725197277287, 38.932787318869352 ], [ -104.799299973046246, 38.933161318798589 ], [ -104.799684974097204, 38.93318431965865 ], [ -104.800782973516661, 38.933184319591348 ], [ -104.802310974120019, 38.933189319863835 ], [ -104.802602974591082, 38.933186319000342 ], [ -104.803034974580854, 38.933170319103453 ], [ -104.803141974471231, 38.933170319714044 ], [ -104.803319973940006, 38.933155319994142 ], [ -104.804038974485906, 38.933099318702304 ], [ -104.804366974962974, 38.933073318906807 ], [ -104.804392974892707, 38.9330713195342 ], [ -104.80480697485406, 38.933043318482085 ], [ -104.805323974838444, 38.933026319070983 ], [ -104.805543974532355, 38.933015318903415 ], [ -104.805779975407518, 38.933012318926444 ], [ -104.805987974225076, 38.933017319539374 ], [ -104.806372975725239, 38.933014319085579 ], [ -104.806919975921403, 38.933008318996599 ], [ -104.80782197459142, 38.933000317977616 ], [ -104.808014975526319, 38.932999319633247 ], [ -104.808237975095025, 38.932996319296699 ], [ -104.809171975399849, 38.932986318944138 ], [ -104.809484976003745, 38.93296431817862 ], [ -104.809588976251945, 38.932958318708877 ], [ -104.809771976124168, 38.932952318637078 ], [ -104.809900976557941, 38.932943318721485 ], [ -104.810062976634228, 38.932932319008543 ], [ -104.8100899763417, 38.932930318889056 ], [ -104.810453975303815, 38.932912318768871 ], [ -104.810658975741546, 38.932916318515957 ], [ -104.810848976267792, 38.932920319112611 ], [ -104.81093797647641, 38.932921319371474 ], [ -104.811204976166096, 38.932926318754582 ], [ -104.811293975908484, 38.93292831869897 ], [ -104.811433976550347, 38.932930318727252 ], [ -104.811853976419471, 38.932938318610901 ], [ -104.811993975474564, 38.932941317916203 ], [ -104.812166977138247, 38.932943318581785 ], [ -104.812460977520047, 38.932949318865276 ], [ -104.81248641837891, 38.932949993554089 ], [ -104.812491076901679, 38.932950117483394 ], [ -104.812686977125352, 38.932955318371974 ], [ -104.812860977006338, 38.932961318341071 ], [ -104.812867278083132, 38.932905214534117 ], [ -104.812868150336513, 38.932897443416856 ], [ -104.81288197697485, 38.932774318239368 ], [ -104.81288697742805, 38.932730317981665 ], [ -104.813007976222295, 38.932112318328983 ], [ -104.813018976490284, 38.932040318566784 ], [ -104.813108976558453, 38.931482317994302 ], [ -104.813199977210161, 38.930996317709052 ], [ -104.813427976822297, 38.92963231814133 ], [ -104.813471976826463, 38.929272318055247 ], [ -104.813515975747833, 38.928916317777464 ], [ -104.813620976223433, 38.928350318113452 ], [ -104.813648976310134, 38.928123318315855 ], [ -104.813680975867385, 38.927878317583065 ], [ -104.813753976166538, 38.927447317350328 ], [ -104.813792975495531, 38.927223318322454 ], [ -104.813797975704105, 38.927193317457856 ], [ -104.813811976365969, 38.927116317466975 ], [ -104.813855976659681, 38.926888317443201 ], [ -104.813865975862186, 38.926794317916737 ], [ -104.813878975907627, 38.926687317677427 ], [ -104.813902976431635, 38.926480317736065 ], [ -104.813963975654076, 38.926027317633434 ], [ -104.814006975898948, 38.925713317653859 ], [ -104.81409197626833, 38.924839317593687 ], [ -104.814191976721801, 38.924045317196047 ], [ -104.814193975796485, 38.924036316718535 ], [ -104.814288975918643, 38.923387316261127 ], [ -104.81430497629853, 38.923278316589681 ], [ -104.814348975909169, 38.922979316312947 ], [ -104.814352975990261, 38.922951317546996 ], [ -104.814370976604479, 38.922843317004741 ], [ -104.814438975936611, 38.922413316345967 ], [ -104.814646975052213, 38.921126316776125 ], [ -104.814715976219631, 38.920697316349248 ], [ -104.81472097584556, 38.920661316552639 ], [ -104.81473797650176, 38.920556317131329 ], [ -104.814743975509074, 38.920521315977396 ], [ -104.815208975878804, 38.91879931617671 ], [ -104.815622975847134, 38.917758316352867 ], [ -104.816129975046621, 38.916917315707948 ], [ -104.81662397568202, 38.916236316000621 ], [ -104.816942975666763, 38.915911316130661 ], [ -104.817220975449516, 38.915675315433262 ], [ -104.817427975824316, 38.915446315967984 ], [ -104.817696975271531, 38.915199315773833 ], [ -104.817903975733387, 38.915010315761087 ], [ -104.818237975136753, 38.914734315619263 ], [ -104.81831097689745, 38.914673315298359 ], [ -104.818582976399313, 38.914469315522886 ], [ -104.819100976562737, 38.91408331505589 ], [ -104.819625976427758, 38.913680315157599 ], [ -104.81997197628057, 38.913415315910484 ], [ -104.820065976643193, 38.9133433151963 ], [ -104.820074975799002, 38.913335314968812 ], [ -104.820387976250714, 38.913102314907746 ], [ -104.82049297666849, 38.913025315270602 ], [ -104.820576975718268, 38.912962314817626 ], [ -104.820659976515245, 38.912901314702914 ], [ -104.82082497645348, 38.912770315091286 ], [ -104.820906976174342, 38.912705314509964 ], [ -104.820947975902939, 38.912671315604797 ], [ -104.821073976791581, 38.912571314633695 ], [ -104.821116976589579, 38.912538315598646 ], [ -104.821129800846549, 38.912528081852123 ], [ -104.821314976532264, 38.912380315294044 ], [ -104.821377976542266, 38.912335315338041 ], [ -104.821387977100343, 38.912328314510376 ], [ -104.821480976055, 38.912249315187097 ], [ -104.821671976400694, 38.912112314982842 ], [ -104.821947976891096, 38.9119053146282 ], [ -104.822432976856788, 38.911536314436056 ], [ -104.822532976253015, 38.911460314418633 ], [ -104.822566976076232, 38.911435314361775 ], [ -104.822631976590671, 38.911403314987226 ], [ -104.82276797655264, 38.911336314247812 ], [ -104.822827977168885, 38.911308315220616 ], [ -104.822894977043958, 38.911279314618994 ], [ -104.82330797651349, 38.910892314679593 ], [ -104.824236977496142, 38.910045314583989 ], [ -104.8247229771967, 38.909499314670711 ], [ -104.825184976521484, 38.908839313757937 ], [ -104.825634976444405, 38.90808231351928 ], [ -104.826167977633432, 38.907133314222136 ], [ -104.826427977011846, 38.906509313560818 ], [ -104.826842976542707, 38.905516313736825 ], [ -104.82694141443352, 38.905279553757794 ], [ -104.826958976546251, 38.905237313760964 ], [ -104.827051976223444, 38.905014313581496 ], [ -104.827133977186065, 38.904819314391339 ], [ -104.827326976832595, 38.904345313772914 ], [ -104.827417977313857, 38.904122313436076 ], [ -104.827532977648332, 38.903839313541823 ], [ -104.827877976608761, 38.902990313142716 ], [ -104.827992976725511, 38.90270731367842 ], [ -104.828025976164923, 38.902627312798657 ], [ -104.828187976391476, 38.902239313013695 ], [ -104.828292977255259, 38.90199031365858 ], [ -104.828473976014649, 38.901560313078463 ], [ -104.828871168829508, 38.900563359838962 ], [ -104.828873976980887, 38.900556312346886 ], [ -104.829165976376402, 38.899827312906375 ], [ -104.829298977235268, 38.899498312273671 ], [ -104.829449976907199, 38.899104313195267 ], [ -104.829620976836935, 38.898657313183563 ], [ -104.829760976220527, 38.898294312171906 ], [ -104.830110976275691, 38.897355311844322 ], [ -104.830126976696604, 38.897315311821785 ], [ -104.83031297613681, 38.896875312246543 ], [ -104.830385975845587, 38.896703312047414 ], [ -104.830529977111667, 38.896350312041655 ], [ -104.831178977024166, 38.894774311852387 ], [ -104.83124497602725, 38.894615311785934 ], [ -104.831275031638711, 38.894550883441994 ], [ -104.831384953176666, 38.894315243266014 ], [ -104.831411976671177, 38.894257311622994 ], [ -104.831420976003329, 38.894235311933883 ], [ -104.831450977503934, 38.894172311108285 ], [ -104.831460977012426, 38.894152312590883 ], [ -104.831473977586782, 38.894124311804184 ], [ -104.831512976925808, 38.894040311223236 ], [ -104.831525976289413, 38.894012312225414 ], [ -104.831570977172618, 38.893914312413642 ], [ -104.831707976813675, 38.893620311740484 ], [ -104.831753976441846, 38.893523312156752 ], [ -104.832309976910366, 38.892329311875521 ], [ -104.832643976992642, 38.891716310754269 ], [ -104.832854976806189, 38.891332311583078 ], [ -104.834179716051295, 38.888759084399538 ], [ -104.834448896558044, 38.8882361926564 ], [ -104.834801977298525, 38.887550310674236 ], [ -104.835112637055772, 38.886866422714277 ], [ -104.835228976385793, 38.886610309991021 ], [ -104.835305310490071, 38.886392834551998 ], [ -104.835334977642006, 38.886308310849529 ], [ -104.835503977200673, 38.885832310472182 ], [ -104.835716977031609, 38.885005310835808 ], [ -104.83585197606763, 38.884363309809331 ], [ -104.83586500962754, 38.884301461271946 ], [ -104.83595797698888, 38.88386031003111 ], [ -104.83599997689825, 38.883522310698488 ], [ -104.836029976504534, 38.883275309812241 ], [ -104.836037976597325, 38.883169309743906 ], [ -104.836098976152982, 38.882447310037605 ], [ -104.836085976381355, 38.881548310049318 ], [ -104.836046976153341, 38.880715309552613 ], [ -104.836006975987942, 38.880291309531025 ], [ -104.835879976836495, 38.879558309739124 ], [ -104.835818975954112, 38.879203309675724 ], [ -104.835623975681045, 38.878377308797191 ], [ -104.835603975996563, 38.87829430908679 ], [ -104.835544976594448, 38.878044308472347 ], [ -104.835525976174907, 38.87796230901732 ], [ -104.835449976289723, 38.877641309120257 ], [ -104.835390975519999, 38.877392309262461 ], [ -104.835238975804259, 38.876674309124965 ], [ -104.835206312671531, 38.876519639387503 ], [ -104.835175090916039, 38.876371794762541 ], [ -104.835172284564308, 38.876358507999939 ], [ -104.835170975766601, 38.876352308836708 ], [ -104.834934975720046, 38.876349309040691 ], [ -104.834852974791247, 38.876349308201988 ], [ -104.834226975208381, 38.876343309372572 ], [ -104.833990976208327, 38.876341309432163 ], [ -104.833795975383879, 38.876339308912463 ], [ -104.833210975247468, 38.876333309006597 ], [ -104.8330869748266, 38.876332309212508 ], [ -104.833016974505455, 38.876326309487403 ], [ -104.832872975617576, 38.87631630941145 ], [ -104.832442975268805, 38.876286309669048 ], [ -104.832299974400158, 38.876277309175045 ], [ -104.832199974866967, 38.876267309703493 ], [ -104.831901975424671, 38.876240309548287 ], [ -104.831802975010206, 38.876231309137495 ], [ -104.831714974979775, 38.876228309531591 ], [ -104.831575973973486, 38.876210309836104 ], [ -104.830899974401873, 38.876125309103855 ], [ -104.830758974050369, 38.876108309495351 ], [ -104.830673974715822, 38.876102309366601 ], [ -104.830129974596161, 38.876064309551907 ], [ -104.830070974687274, 38.876060309226411 ], [ -104.829636974508688, 38.876014309910403 ], [ -104.829120973899819, 38.875889309501282 ], [ -104.828667974001675, 38.875693309218015 ], [ -104.828564974508552, 38.875640309671539 ], [ -104.828217974483223, 38.875462309475637 ], [ -104.828145855284959, 38.875425204632393 ], [ -104.82807997402341, 38.875391309575321 ], [ -104.827858973893683, 38.875277309331167 ], [ -104.827683974352212, 38.875188309080961 ], [ -104.827580973827182, 38.87514530920496 ], [ -104.827520752983943, 38.87511979223936 ], [ -104.827462973665632, 38.875095309156464 ], [ -104.827431912376682, 38.875085727918119 ], [ -104.827167972797696, 38.875004309146739 ], [ -104.827146764320446, 38.874997239746264 ], [ -104.827074973065194, 38.874973309554761 ], [ -104.826928973756864, 38.874940309308904 ], [ -104.826728973408592, 38.874892309155435 ], [ -104.826703973676459, 38.874886308663292 ], [ -104.826393973515749, 38.874824309777914 ], [ -104.826263974092768, 38.874809308930772 ], [ -104.826140265138889, 38.874794393960926 ], [ -104.826122973955648, 38.874792309080327 ], [ -104.826042973239495, 38.874783309414696 ], [ -104.825993880980377, 38.8747789545722 ], [ -104.825918972520327, 38.874772309500848 ], [ -104.825853973629322, 38.874766310134405 ], [ -104.82573697383863, 38.874756309163615 ], [ -104.825661973464406, 38.87475230924926 ], [ -104.825597973837304, 38.874750309095973 ], [ -104.825482973940368, 38.87474731022867 ], [ -104.825326973685648, 38.874751309020084 ], [ -104.825303972800185, 38.874752308782291 ], [ -104.824931973276378, 38.874736309317818 ], [ -104.8247089727261, 38.874725309551131 ], [ -104.824516972628771, 38.874700309847263 ], [ -104.824248972750169, 38.87466530969629 ], [ -104.823930972496314, 38.874624309244375 ], [ -104.823497972955821, 38.874569310163395 ], [ -104.823009973032384, 38.874512309855675 ], [ -104.822976972510816, 38.874509309595979 ], [ -104.82265797232813, 38.874482309265076 ], [ -104.822431972373792, 38.874466309429259 ], [ -104.822398972075817, 38.874466309806451 ], [ -104.822139971832087, 38.874468310066113 ], [ -104.82202497284797, 38.87446430961409 ], [ -104.821620973022334, 38.874452310003704 ], [ -104.821361972371292, 38.874445309729609 ], [ -104.820982972870084, 38.874436310550166 ], [ -104.8198479721664, 38.874412309977728 ], [ -104.819662971174608, 38.874409310035972 ], [ -104.819560426684149, 38.874406652984888 ], [ -104.819469971801283, 38.874404309874386 ], [ -104.819239972042041, 38.874399309764868 ], [ -104.819163972049722, 38.874395309706479 ], [ -104.818615972184332, 38.874369309520127 ], [ -104.818245971251287, 38.874358310094543 ], [ -104.818074972265563, 38.87435330965338 ], [ -104.817940972146559, 38.874346309971614 ], [ -104.817919971926031, 38.874344309303552 ], [ -104.817856971240147, 38.874341309879121 ], [ -104.81783697172078, 38.874341309598186 ], [ -104.817664971719992, 38.874332310017287 ], [ -104.817508971474169, 38.874331310189156 ], [ -104.817090971072474, 38.874330309528439 ], [ -104.816637971041132, 38.874303309624388 ], [ -104.816527971412512, 38.874303309571744 ], [ -104.816346970855818, 38.874303309759377 ], [ -104.816200971807788, 38.874293310552154 ], [ -104.815940970622279, 38.874275309783123 ], [ -104.815907970809207, 38.874274310154298 ], [ -104.81546297147311, 38.874267309760079 ], [ -104.815027970284433, 38.874245309431046 ], [ -104.815002970755899, 38.874244309854134 ], [ -104.814734970924533, 38.874234310323104 ], [ -104.814175971023275, 38.874214310605637 ], [ -104.814155970825325, 38.874213309719899 ], [ -104.81329997039613, 38.874191310287479 ], [ -104.813059970013356, 38.874180310212232 ], [ -104.812840691714726, 38.874173364474785 ], [ -104.812838970491597, 38.874173310154596 ], [ -104.8121249704039, 38.874148310211737 ], [ -104.811951970938196, 38.874142310568146 ], [ -104.811130969639407, 38.874112309835503 ], [ -104.810445970370836, 38.874090310119605 ], [ -104.80989897014463, 38.874078310306494 ], [ -104.809813968748628, 38.874075310100189 ], [ -104.809298969327145, 38.874066310031154 ], [ -104.809140970052013, 38.87406331057273 ], [ -104.807727968487697, 38.874012310569796 ], [ -104.80751396868402, 38.874005310545819 ], [ -104.807225968980077, 38.873997310476845 ], [ -104.806873969131743, 38.87398830999701 ], [ -104.806660969300793, 38.873984310665243 ], [ -104.80644496848933, 38.873978310214142 ], [ -104.806177968793705, 38.873972310289716 ], [ -104.805799968932362, 38.87396131084337 ], [ -104.805584968566635, 38.873955310264869 ], [ -104.80536896790791, 38.873949310516338 ], [ -104.805076968499279, 38.873941310940417 ], [ -104.804720968427191, 38.873929310741502 ], [ -104.804505968223083, 38.873923310869209 ], [ -104.804288969153291, 38.873916310376096 ], [ -104.804005967648123, 38.873907310656065 ], [ -104.803639968226321, 38.873891310446169 ], [ -104.803532967804813, 38.873887310784056 ], [ -104.803438832703591, 38.873890765378725 ], [ -104.80342396781333, 38.873891310493455 ], [ -104.802433968408806, 38.873928311390188 ], [ -104.802089967901836, 38.873918311129984 ], [ -104.801698966967521, 38.873847311356961 ], [ -104.801055967311186, 38.873705310639089 ], [ -104.800830967602579, 38.873656310948888 ], [ -104.800398967443144, 38.873575310870805 ], [ -104.800248967139311, 38.873547310423589 ], [ -104.79996496664802, 38.873519311652537 ], [ -104.79954992113781, 38.873492347570384 ], [ -104.799533966715828, 38.873491310895226 ], [ -104.799569447244437, 38.873460054572682 ], [ -104.799575966731084, 38.873454311166682 ], [ -104.799284966876613, 38.873444310315882 ], [ -104.798934966731665, 38.873440311179621 ], [ -104.798391967414574, 38.873433310870091 ], [ -104.796172966940546, 38.87351831135831 ], [ -104.795912965980392, 38.873527310833751 ], [ -104.795132965839784, 38.873556312032484 ], [ -104.795070966241482, 38.873559310634469 ], [ -104.795065799205972, 38.873559494600173 ], [ -104.794883563891119, 38.873565970771644 ], [ -104.79487396533996, 38.873566311618482 ], [ -104.794843966418796, 38.873024311356978 ], [ -104.794812965923711, 38.872679311460097 ], [ -104.79477096565904, 38.872464311014511 ], [ -104.794733966742825, 38.87225631095415 ], [ -104.794603965678618, 38.871889310761226 ], [ -104.794572965923564, 38.871818311269323 ], [ -104.794258965219925, 38.871098311663218 ], [ -104.794127965877792, 38.870661310567712 ], [ -104.794079964916307, 38.87031531072855 ], [ -104.794076964878997, 38.869932310606124 ], [ -104.794148966430114, 38.869924311299819 ], [ -104.794153965300112, 38.869292310650557 ], [ -104.794152989539697, 38.867803322427207 ], [ -104.794152965159768, 38.867765310828503 ], [ -104.794152964436236, 38.867041310405547 ], [ -104.79414307906562, 38.866233722696542 ], [ -104.794139964709998, 38.865979309709672 ], [ -104.794137965162534, 38.865877309670715 ], [ -104.794137964432352, 38.865814310678779 ], [ -104.794141964809711, 38.865573309863883 ], [ -104.794144965539132, 38.865472310436182 ], [ -104.794157964758227, 38.864774310552953 ], [ -104.794163965515182, 38.864512309887132 ], [ -104.794159964522578, 38.863251310122394 ], [ -104.794168965214908, 38.862679309036245 ], [ -104.794176964509262, 38.862243310365812 ], [ -104.794181965263192, 38.861982309836129 ], [ -104.794181964958071, 38.861944309172003 ], [ -104.794181964904723, 38.861874513066169 ], [ -104.794181964448811, 38.861831309854011 ], [ -104.794181964602217, 38.861796741521701 ], [ -104.794181964567684, 38.861794310062862 ], [ -104.79417682699831, 38.861792310444713 ], [ -104.792192964614799, 38.861020309064237 ], [ -104.788784963021627, 38.859694309657151 ], [ -104.787632963067963, 38.859339310219049 ], [ -104.787046963371026, 38.859158310241028 ], [ -104.786123962459797, 38.859125310305913 ], [ -104.784502747459854, 38.859068281693517 ], [ -104.784059004810899, 38.859052668418023 ], [ -104.784020401378271, 38.859051309851246 ], [ -104.78400081401648, 38.859050620694902 ], [ -104.783991961347468, 38.859050309391186 ], [ -104.783564961930537, 38.859045392597196 ], [ -104.782688897762455, 38.859035300062558 ], [ -104.782602961735648, 38.859034310038517 ], [ -104.782558678083674, 38.85903396903624 ], [ -104.782342961600804, 38.859032309800781 ], [ -104.780996997353952, 38.859018454297306 ], [ -104.77803897371281, 38.858987950596898 ], [ -104.777395960791608, 38.858981310121763 ], [ -104.775899557420701, 38.858965885075385 ], [ -104.775835584833516, 38.85896522511549 ], [ -104.775779573107087, 38.858964647173892 ], [ -104.775746960085456, 38.858964310556011 ], [ -104.775741733857274, 38.858964522115542 ], [ -104.773657737611771, 38.859048874911196 ], [ -104.773646960073989, 38.859049311124821 ], [ -104.772438959898338, 38.859099310822657 ], [ -104.771028958481025, 38.859118310877662 ], [ -104.770736958605596, 38.859122310750287 ], [ -104.766854571648437, 38.859177507060622 ], [ -104.766797957894298, 38.859178311043152 ], [ -104.766441877083508, 38.859183366855838 ], [ -104.76607353843329, 38.859188595493244 ], [ -104.765388957444131, 38.859198311124409 ], [ -104.765172957278608, 38.859201311784631 ], [ -104.764523957726993, 38.859211311311647 ], [ -104.764460891191575, 38.859212485009678 ], [ -104.7643089576016, 38.859215311264116 ], [ -104.762920956762116, 38.85921931122261 ], [ -104.762809767224411, 38.85921959496099 ], [ -104.76251786343451, 38.85922033884448 ], [ -104.760892180541916, 38.859224468697562 ], [ -104.760609564883509, 38.859225183990894 ], [ -104.760163956307821, 38.859226311250822 ], [ -104.758974579597918, 38.85923054219613 ], [ -104.758757955836415, 38.859231311699588 ], [ -104.7583798408277, 38.859232676204563 ], [ -104.757615783529545, 38.859235430788132 ], [ -104.757494185557675, 38.859235869054835 ], [ -104.757436272382989, 38.859236077305376 ], [ -104.757370956010334, 38.859236312080732 ], [ -104.757311955031255, 38.859236311520043 ], [ -104.757135955281427, 38.859240312362857 ], [ -104.75707795538591, 38.859242311724813 ], [ -104.757083955709973, 38.85934931122457 ], [ -104.757084223244391, 38.859353806509972 ], [ -104.757094956565922, 38.859534311802072 ], [ -104.757094956645844, 38.859601282100229 ], [ -104.75709495564881, 38.859673312617282 ], [ -104.757095956492478, 38.859781311649073 ], [ -104.756997956701639, 38.859812311191028 ], [ -104.756424955776097, 38.860032311710995 ], [ -104.756025955227031, 38.860186311959907 ], [ -104.755716177993961, 38.860303665392031 ], [ -104.755716054214091, 38.860303712345598 ], [ -104.75530795553658, 38.860458312206518 ], [ -104.754966955288168, 38.860576312158727 ], [ -104.754586954948266, 38.860708311894584 ], [ -104.754405955323946, 38.86075731229873 ], [ -104.75427395563861, 38.86079431193054 ], [ -104.753873954904051, 38.860890311654998 ], [ -104.75371095485508, 38.86092831244413 ], [ -104.753635954658961, 38.860946312191004 ], [ -104.753568954481167, 38.860955312170489 ], [ -104.753140954877097, 38.861019312326903 ], [ -104.752998954829152, 38.861041312393304 ], [ -104.752780955132337, 38.861058312867819 ], [ -104.752126954254067, 38.861109312730527 ], [ -104.7519099541082, 38.861127312575697 ], [ -104.751723954299692, 38.86114131177429 ], [ -104.751420954709204, 38.861164312544922 ], [ -104.751171954319346, 38.861215312083473 ], [ -104.751045626256158, 38.861242532258373 ], [ -104.7510455789036, 38.861242542763691 ], [ -104.750990955054903, 38.861254311956763 ], [ -104.75082595415779, 38.861288313035566 ], [ -104.750095953652249, 38.861486312998977 ], [ -104.749863954234016, 38.861534312343615 ], [ -104.749173954121559, 38.861619312767722 ], [ -104.749012953981776, 38.861621312740844 ], [ -104.748846954035102, 38.861624312574108 ], [ -104.748491825681683, 38.861644194009386 ], [ -104.748328953772216, 38.86165331227577 ], [ -104.748020953656038, 38.861686312131255 ], [ -104.747896363219056, 38.861720513833291 ], [ -104.747867953799386, 38.861728312613444 ], [ -104.747810757475193, 38.861744518504281 ], [ -104.747747953601802, 38.861762312345043 ], [ -104.747377954257601, 38.861925312924676 ], [ -104.747243954434467, 38.862001312261107 ], [ -104.74636295365022, 38.862498313584524 ], [ -104.745829953460898, 38.862784312685562 ], [ -104.745612952728649, 38.862901312669344 ], [ -104.745274953785767, 38.863086313800025 ], [ -104.744963953579131, 38.863256313212048 ], [ -104.744748953233028, 38.863375313731929 ], [ -104.744314952942815, 38.863618312672287 ], [ -104.743909953249883, 38.863846313522338 ], [ -104.743007953621344, 38.864340313408739 ], [ -104.742656953450563, 38.864533313068797 ], [ -104.742569953062272, 38.86457631333657 ], [ -104.74249595307387, 38.864614313737938 ], [ -104.74227395380511, 38.864728312864372 ], [ -104.742200952240211, 38.864767313258348 ], [ -104.741759952737169, 38.865048313769201 ], [ -104.741717952309827, 38.865075313765011 ], [ -104.740699953025427, 38.865976313968908 ], [ -104.740582952363255, 38.866084314149226 ], [ -104.7401999527127, 38.866440314754719 ], [ -104.739897952245002, 38.866730314154665 ], [ -104.739698953439671, 38.866922314520245 ], [ -104.739152953025922, 38.867421314356463 ], [ -104.738966952576533, 38.867575313980062 ], [ -104.738910952876566, 38.867623314438319 ], [ -104.73864314744327, 38.867769148184472 ], [ -104.738607953297546, 38.867788313485363 ], [ -104.738533045391833, 38.86781009774483 ], [ -104.738411952531607, 38.867845314051976 ], [ -104.738386952454391, 38.867848314081414 ], [ -104.738107951989363, 38.867893314546549 ], [ -104.737839602734056, 38.867903915717022 ], [ -104.737702952359697, 38.867909313790022 ], [ -104.737543952245815, 38.867916314562194 ], [ -104.737474951936278, 38.867916314038631 ], [ -104.737110951576454, 38.867916314902502 ], [ -104.736018951224565, 38.867917314235669 ], [ -104.73565595181779, 38.867918314394757 ], [ -104.734813951872951, 38.867914314304421 ], [ -104.733174951157238, 38.867909314333801 ], [ -104.73229095039774, 38.867913314975013 ], [ -104.731449951231667, 38.867918314912721 ], [ -104.731045950358833, 38.867923314061741 ], [ -104.730934951013879, 38.867924314574026 ], [ -104.730425950497079, 38.867931314727144 ], [ -104.729932950134355, 38.867926314481238 ], [ -104.729834949736642, 38.867926314527253 ], [ -104.729495666797291, 38.867924631078132 ], [ -104.729431949918066, 38.867924314874408 ], [ -104.728962949778705, 38.867921315562661 ], [ -104.72875595030095, 38.867920314833725 ], [ -104.728301950149628, 38.86792931481822 ], [ -104.728115068385648, 38.867954288252662 ], [ -104.727852949695787, 38.86798931526608 ], [ -104.727734950177506, 38.868005314485046 ], [ -104.727495949874665, 38.868040314159501 ], [ -104.727172950202032, 38.868117315833601 ], [ -104.727083949399031, 38.868135315315726 ], [ -104.726897663156947, 38.868196317801704 ], [ -104.726799950093252, 38.868228315515012 ], [ -104.726689950227694, 38.868265315039231 ], [ -104.726275926737358, 38.868448367089144 ], [ -104.726257949787424, 38.868456314759605 ], [ -104.725917948813432, 38.868626314591438 ], [ -104.725746949422714, 38.868729315148059 ], [ -104.725597949969355, 38.86882031461947 ], [ -104.725424950113918, 38.868947315200536 ], [ -104.725336949264772, 38.869010315311591 ], [ -104.725183949639145, 38.869123314978019 ], [ -104.725082948863871, 38.869213314941121 ], [ -104.725002949790422, 38.869286315665875 ], [ -104.724796949118655, 38.869473315370371 ], [ -104.724776949672602, 38.869492315716911 ], [ -104.72417494940656, 38.870089314906387 ], [ -104.724122948553045, 38.870138315158982 ], [ -104.723904889846551, 38.87035139701208 ], [ -104.723903949826052, 38.870352315936572 ], [ -104.723649949231287, 38.870597315038005 ], [ -104.722959949103497, 38.871264315620891 ], [ -104.722880948633758, 38.871324315589597 ], [ -104.722680200580413, 38.871479733967348 ], [ -104.722601949238566, 38.871540316222514 ], [ -104.722482949166249, 38.871610315645995 ], [ -104.72213994962371, 38.871768315392082 ], [ -104.722096948952668, 38.871789315318303 ], [ -104.721910949399458, 38.87186831586299 ], [ -104.72164094984916, 38.87194931561384 ], [ -104.721512948404367, 38.871973316146097 ], [ -104.721380949211536, 38.871993315975551 ], [ -104.720705949719431, 38.872101315674179 ], [ -104.720638949282275, 38.872101315889473 ], [ -104.720123948476612, 38.872105315636659 ], [ -104.720023949611104, 38.872107316508909 ], [ -104.720009948955195, 38.872105316277782 ], [ -104.719897949037417, 38.872101315913568 ], [ -104.719846536026523, 38.872100807710694 ], [ -104.719391948364787, 38.872096315396348 ], [ -104.718854948204253, 38.872092315986016 ], [ -104.718494948724228, 38.872085316373713 ], [ -104.718266188760452, 38.872065249353412 ], [ -104.71820994861352, 38.87206031616828 ], [ -104.718206114970485, 38.87205964714979 ], [ -104.717894948621193, 38.872005315882348 ], [ -104.717881947316485, 38.8720013158622 ], [ -104.717658168286974, 38.871942774885618 ], [ -104.717644947841706, 38.871939316593625 ], [ -104.717608967289053, 38.871926539521425 ], [ -104.717460029918342, 38.871873651444702 ], [ -104.717399947652538, 38.871852315810806 ], [ -104.717087948088178, 38.871710315802574 ], [ -104.716999269205019, 38.871670145401168 ], [ -104.716556133132315, 38.871469410321708 ], [ -104.716340657749925, 38.871371801180189 ], [ -104.716332281288629, 38.871368006943733 ], [ -104.716151947424095, 38.871286316033213 ], [ -104.715919947460534, 38.871181315532823 ], [ -104.715871947704002, 38.871253316057221 ], [ -104.715722947309644, 38.871195316419843 ], [ -104.715680920760946, 38.871175970168146 ], [ -104.715672543882164, 38.871172114621061 ], [ -104.715533947234874, 38.871108315727497 ], [ -104.715465861655659, 38.871077064930716 ], [ -104.715451310309248, 38.871070385766579 ], [ -104.715022364931073, 38.870873501748548 ], [ -104.715013989156603, 38.870869656971394 ], [ -104.714585471577962, 38.870672966998377 ], [ -104.714533946806682, 38.870649316590494 ], [ -104.714387947750041, 38.870582315902048 ], [ -104.714200946846617, 38.870495316619987 ], [ -104.714193265734949, 38.870491708907259 ], [ -104.714134946646155, 38.870464316066453 ], [ -104.714088189266647, 38.870442676030358 ], [ -104.714013947563615, 38.870408316143248 ], [ -104.713452946672149, 38.870147315566285 ], [ -104.713340947119406, 38.870095316295014 ], [ -104.71326694716295, 38.87006031613469 ], [ -104.71294594613731, 38.869910316186782 ], [ -104.712448946169616, 38.869679315538356 ], [ -104.711988946816405, 38.869457316602706 ], [ -104.711671946335983, 38.869304316865303 ], [ -104.71147094655872, 38.869207316592423 ], [ -104.710203945625267, 38.868649315818445 ], [ -104.709872945317812, 38.868504316671341 ], [ -104.709745946106509, 38.868455316332273 ], [ -104.709443445227961, 38.868341288331209 ], [ -104.709233945408798, 38.868262315987451 ], [ -104.708860945900383, 38.86814831658392 ], [ -104.708313945431229, 38.868064316407228 ], [ -104.708299945892236, 38.868062315665334 ], [ -104.7078179449544, 38.868043315769341 ], [ -104.707029945148832, 38.868028316069264 ], [ -104.706222944809312, 38.868014316341451 ], [ -104.704687293962323, 38.868001494566812 ], [ -104.704665945159675, 38.868001316016922 ], [ -104.703877944459407, 38.867995316348619 ], [ -104.703359944274453, 38.867991316731569 ], [ -104.703087944500879, 38.867989316543536 ], [ -104.701806944055406, 38.868011316491412 ], [ -104.701387882417265, 38.86801942163369 ], [ -104.70128994329032, 38.868021316004061 ], [ -104.701078727301962, 38.868023967538136 ], [ -104.700811943840193, 38.868027316688128 ], [ -104.700241943411029, 38.868036317302412 ], [ -104.699377943290884, 38.868034317082405 ], [ -104.698899943200416, 38.868034317237353 ], [ -104.698409943620618, 38.868034317334093 ], [ -104.698369274563063, 38.868036781766506 ], [ -104.698244942627767, 38.868044316592702 ], [ -104.69755194314709, 38.868091317514057 ], [ -104.696663942099534, 38.868176317772416 ], [ -104.69628594266031, 38.86818831714352 ], [ -104.695669221879868, 38.868209063819918 ], [ -104.695631942738103, 38.868210317453347 ], [ -104.695288942124947, 38.868221317133397 ], [ -104.695063942295704, 38.868229317122761 ], [ -104.694816611842214, 38.868228082862593 ], [ -104.694806810439786, 38.868228033865194 ], [ -104.694262942056241, 38.868225317125798 ], [ -104.693920941578668, 38.868224317259276 ], [ -104.693557942659211, 38.868222317524157 ], [ -104.692415941151765, 38.868225317728125 ], [ -104.69165394115565, 38.86822831748804 ], [ -104.691266390744204, 38.868203184432403 ], [ -104.691221266616594, 38.868200257815147 ], [ -104.690697941210146, 38.868166317579146 ], [ -104.689687941433462, 38.868117317651901 ], [ -104.689217941090789, 38.868095318014355 ], [ -104.68873314312161, 38.868097168519611 ], [ -104.688064301134688, 38.868099717625441 ], [ -104.687906939961891, 38.868100317055323 ], [ -104.687479940061664, 38.868102317604745 ], [ -104.68723584898062, 38.868098994404441 ], [ -104.686818940551689, 38.868093318224012 ], [ -104.686742940246617, 38.868092317890074 ], [ -104.686487728758522, 38.868089315281146 ], [ -104.686402940551361, 38.868088318065098 ], [ -104.685668939734398, 38.868084317996747 ], [ -104.685391970492333, 38.86808293614164 ], [ -104.685337131818528, 38.868082662502552 ], [ -104.684342106867774, 38.868077691332282 ], [ -104.684186523428608, 38.868076913546126 ], [ -104.683467940037787, 38.868073317716679 ], [ -104.683057375748888, 38.868071638301942 ], [ -104.682758093940564, 38.868070414014745 ], [ -104.682756153466372, 38.86807040577272 ], [ -104.682753976767785, 38.868070396770271 ], [ -104.682752036293621, 38.868070388528182 ], [ -104.682744762956716, 38.868070358995752 ], [ -104.682736880051607, 38.868070326977374 ], [ -104.682734939587803, 38.868070317834253 ], [ -104.682733055945832, 38.867967636401268 ], [ -104.68273293960074, 38.867961323999396 ], [ -104.682176879830976, 38.867961324333457 ], [ -104.682174939328775, 38.867961318784189 ], [ -104.679293939104696, 38.867996323548851 ], [ -104.679078879486198, 38.867996324221899 ], [ -104.679077950679726, 38.867996324867313 ], [ -104.67907693891037, 38.867996324926565 ], [ -104.678475998450494, 38.867998365206141 ], [ -104.678475069612688, 38.867998368549152 ], [ -104.678378658530562, 38.867998697690787 ], [ -104.678377729692741, 38.867998701033009 ], [ -104.677897878931617, 38.868000327802463 ], [ -104.677896950093739, 38.868000331140834 ], [ -104.677227932449981, 38.868003204910025 ], [ -104.677227003601658, 38.868003209143879 ], [ -104.677225795874577, 38.868003214105748 ], [ -104.677224867026268, 38.86800321833951 ], [ -104.677200878379878, 38.868003321451113 ], [ -104.677199949594183, 38.868003320279882 ], [ -104.677198937814239, 38.868003321223625 ], [ -104.676171445642737, 38.868000475357896 ], [ -104.676170516877974, 38.868000472376785 ], [ -104.675757878193821, 38.867999328125599 ], [ -104.675755937732859, 38.867999318865948 ], [ -104.675763937891858, 38.868133318930298 ], [ -104.675759937711618, 38.870503318526517 ], [ -104.675757938284207, 38.870909318791874 ], [ -104.675759879221971, 38.87090929382078 ], [ -104.67576790921909, 38.870909190419241 ], [ -104.67660993878637, 38.870898318632847 ], [ -104.676609939583614, 38.870898349268501 ], [ -104.67661008071218, 38.870904763653748 ], [ -104.67662493895412, 38.871581319346163 ], [ -104.676626401436039, 38.871581313492499 ], [ -104.676634737210406, 38.871581282465975 ], [ -104.679791939956104, 38.871569319004784 ], [ -104.680055782246356, 38.87156837198674 ], [ -104.680056711130788, 38.871568368631102 ], [ -104.680063099231475, 38.87156834523735 ], [ -104.680064028115893, 38.87156834188167 ], [ -104.68006693925085, 38.871568329990197 ], [ -104.680066823374119, 38.871574673187276 ], [ -104.6800379394858, 38.873158318921725 ], [ -104.68005293928961, 38.87507031947893 ], [ -104.680070939526772, 38.87673131995281 ], [ -104.679978888693313, 38.87673159208051 ], [ -104.679977959751795, 38.876731594534718 ], [ -104.679446796267456, 38.87673311648566 ], [ -104.679445867325853, 38.876733118935611 ], [ -104.679403463222968, 38.876733240241755 ], [ -104.679402534281365, 38.876733242691344 ], [ -104.679374880328922, 38.876733322193566 ], [ -104.679373951387305, 38.876733324642942 ], [ -104.67937293949349, 38.876733324704809 ], [ -104.678870861787445, 38.876733031425111 ], [ -104.67886993287712, 38.87673303116803 ], [ -104.678828058303424, 38.876733006459233 ], [ -104.678827129393056, 38.87673300620181 ], [ -104.678265741089405, 38.876732675885798 ], [ -104.678264812179094, 38.876732675623899 ], [ -104.678252654565654, 38.876732668036503 ], [ -104.678251725655343, 38.876732667774469 ], [ -104.677709217462208, 38.876732344846566 ], [ -104.677708288551869, 38.876732344580184 ], [ -104.677677250843828, 38.876732325864104 ], [ -104.677676879738598, 38.876732325940914 ], [ -104.677676321933532, 38.876732325597523 ], [ -104.677675950828259, 38.876732325674261 ], [ -104.677674938944875, 38.876732324820566 ], [ -104.677536880045082, 38.876732325314464 ], [ -104.677535951113853, 38.876732326848348 ], [ -104.677534939303484, 38.87673231968774 ], [ -104.676260939531076, 38.876741319615817 ], [ -104.676023131665161, 38.876743521999472 ], [ -104.675828939017904, 38.876745319712647 ], [ -104.67565878202106, 38.8767383544428 ], [ -104.675657938796334, 38.876738319633446 ], [ -104.675583938162234, 38.876750319678138 ], [ -104.674130873298495, 38.876755896180292 ], [ -104.673507853052755, 38.876758281402012 ], [ -104.673497937666809, 38.876758318992415 ], [ -104.673467938147098, 38.868884318907199 ], [ -104.673468937133407, 38.868523318622501 ], [ -104.673434936648633, 38.868232319360708 ], [ -104.673412938112889, 38.868122318163167 ], [ -104.6733911820251, 38.868010699796869 ], [ -104.67338994017517, 38.868004329824863 ], [ -104.673176015918614, 38.868005876268889 ], [ -104.673138727126329, 38.868006145161246 ], [ -104.672697936660128, 38.868009318461297 ], [ -104.671150936917016, 38.868013319175184 ], [ -104.671124312157758, 38.868013378806438 ], [ -104.671123383319454, 38.868013382090709 ], [ -104.671108933536885, 38.868013414150774 ], [ -104.671108004709112, 38.868013416534069 ], [ -104.670678474905785, 38.86801431569711 ], [ -104.670676936468595, 38.868014319131532 ], [ -104.669924936330133, 38.867982318699816 ], [ -104.669644937127885, 38.867938319012275 ], [ -104.66917793694472, 38.86786431924984 ], [ -104.668615937115007, 38.867730318347661 ], [ -104.667844936378572, 38.867447319137661 ], [ -104.666994935760016, 38.867047318198367 ], [ -104.666551184007815, 38.866770098068237 ], [ -104.666541935175331, 38.866764319223435 ], [ -104.665911935054822, 38.866268318639264 ], [ -104.6654959356256, 38.86585331955785 ], [ -104.665127935031137, 38.865438318775283 ], [ -104.664805935536592, 38.865086318363637 ], [ -104.663974935109152, 38.864237317976212 ], [ -104.663717925197375, 38.86393066048273 ], [ -104.663711651545597, 38.863923174022041 ], [ -104.663710934513404, 38.863922319327088 ], [ -104.663615386494811, 38.863987974550973 ], [ -104.663614222479737, 38.863988774265806 ], [ -104.663533710097781, 38.864044098198832 ], [ -104.663531933865968, 38.864045318723207 ], [ -104.663531643196251, 38.864045049968844 ], [ -104.663502491644152, 38.864018117165237 ], [ -104.663422400823038, 38.86394411935391 ], [ -104.663405058584857, 38.863928096579698 ], [ -104.663356146082165, 38.86388290556814 ], [ -104.663347984505435, 38.863875364953927 ], [ -104.663347934350142, 38.863875318647679 ], [ -104.662835934004121, 38.864252318670957 ], [ -104.662319934370402, 38.864650318786175 ], [ -104.661875934511727, 38.864994318949677 ], [ -104.661021934725085, 38.865770319428336 ], [ -104.660225934622943, 38.866540318585088 ], [ -104.660130934109233, 38.866642319326473 ], [ -104.659516933407346, 38.867302319285763 ], [ -104.659486934442896, 38.867335319721185 ], [ -104.658815934033797, 38.868139319141861 ], [ -104.658697933829316, 38.868295318825574 ], [ -104.657494933572565, 38.86988632022269 ], [ -104.657029934585807, 38.870534320056848 ], [ -104.656580934535114, 38.871112320115671 ], [ -104.655392934289551, 38.872732320943129 ], [ -104.654885934272869, 38.873399321082651 ], [ -104.653665933121403, 38.875008320559246 ], [ -104.645565933205731, 38.88590132324331 ], [ -104.643538931941819, 38.888776323776781 ], [ -104.643522932309594, 38.88880032345719 ], [ -104.642559932760662, 38.890202323743146 ], [ -104.641511932532751, 38.891691324589537 ], [ -104.640444931849174, 38.893256323704023 ], [ -104.639916932134255, 38.894017323783636 ], [ -104.637459931986314, 38.897555325376423 ], [ -104.63440593261123, 38.901954325516002 ], [ -104.632465931440564, 38.904861325907603 ], [ -104.632266930912763, 38.905159326087677 ], [ -104.63139893183282, 38.906505326747535 ], [ -104.630989931414888, 38.90715232733595 ], [ -104.628788932380473, 38.910428327525921 ], [ -104.628393931936444, 38.911069327662275 ], [ -104.627854063327902, 38.911851787607013 ], [ -104.627850931133011, 38.911856327988296 ], [ -104.627840418051392, 38.911850457351548 ], [ -104.627629962186333, 38.911732928543422 ], [ -104.627622613361538, 38.911728824836651 ], [ -104.627619931273642, 38.911727327264551 ], [ -104.627549531567936, 38.911699001386225 ], [ -104.627450931234762, 38.911659328021933 ], [ -104.627286931719951, 38.911619327684981 ], [ -104.627203458616222, 38.911609484191189 ], [ -104.627074931242831, 38.911594327720806 ], [ -104.626847930565845, 38.911590327832478 ], [ -104.626744991040155, 38.911588762887149 ], [ -104.626584931058517, 38.911586328258082 ], [ -104.626556931461721, 38.911584327873086 ], [ -104.62652988574429, 38.911582866168409 ], [ -104.626519930991734, 38.911582328331505 ], [ -104.626474930532453, 38.91158032813523 ], [ -104.626449493877899, 38.911579385697657 ], [ -104.626447931025083, 38.911579328011044 ], [ -104.626448038200834, 38.911585890852166 ], [ -104.626454932332138, 38.912008328203918 ], [ -104.626461931453079, 38.912434327515363 ], [ -104.626459931550926, 38.91285932768497 ], [ -104.626470931424322, 38.912934327789209 ], [ -104.62648393114155, 38.913013327522712 ], [ -104.626522931424944, 38.913118328381351 ], [ -104.626601931303711, 38.913210328142554 ], [ -104.626602931489842, 38.913260328377021 ], [ -104.62658493170747, 38.913309328252168 ], [ -104.626533930767764, 38.913387328304168 ], [ -104.626493932273164, 38.913458328243429 ], [ -104.626453781850955, 38.913509249940788 ], [ -104.626452931427821, 38.913510328215423 ], [ -104.626372931457738, 38.913965328209429 ], [ -104.626253932084779, 38.914145327837737 ], [ -104.625993931746649, 38.914519327748089 ], [ -104.625104931451517, 38.915777329203394 ], [ -104.624827931900057, 38.916157328233126 ], [ -104.624484931686084, 38.916648328404378 ], [ -104.624345931317109, 38.916833328551988 ], [ -104.62415193157176, 38.917119329413985 ], [ -104.624113931688655, 38.917170328669059 ], [ -104.624013932074106, 38.917309328500565 ], [ -104.623929931326288, 38.917425328516146 ], [ -104.623768930767, 38.917663328752198 ], [ -104.623529931851834, 38.918004328945273 ], [ -104.622989930858893, 38.918757329126016 ], [ -104.6226759314481, 38.919188329492684 ], [ -104.622619931476379, 38.919282329446879 ], [ -104.622528930825283, 38.919434328986824 ], [ -104.6223409302916, 38.919701329251005 ], [ -104.622039931771752, 38.920153329226046 ], [ -104.621732931248232, 38.920578328675212 ], [ -104.621489930882291, 38.920935329304328 ], [ -104.621260930776813, 38.921247329810257 ], [ -104.621173931223183, 38.921373330217023 ], [ -104.621097931005593, 38.921484329305578 ], [ -104.62087193161004, 38.921831329415348 ], [ -104.620707931275533, 38.922059329991171 ], [ -104.620665930913816, 38.922120329212866 ], [ -104.620375930336749, 38.922539330349906 ], [ -104.620331931106833, 38.922605330449009 ], [ -104.620210931230957, 38.922786329505023 ], [ -104.620140930952559, 38.922890330260913 ], [ -104.620117930983369, 38.922920329515804 ], [ -104.619985930802571, 38.923103329752138 ], [ -104.619834930662321, 38.923317329563716 ], [ -104.619741931303977, 38.923451330183639 ], [ -104.619671931157768, 38.92355232981906 ], [ -104.619464931152393, 38.923858329511731 ], [ -104.61939693025181, 38.923960329686345 ], [ -104.619341930913038, 38.924036329700265 ], [ -104.619213931690624, 38.92421833055672 ], [ -104.619178930751559, 38.924268330225296 ], [ -104.619126931160821, 38.924346330296721 ], [ -104.618910930644617, 38.924664329963782 ], [ -104.618823931551489, 38.924780330629943 ], [ -104.618674931033624, 38.924981330844197 ], [ -104.618213930669157, 38.925652330054923 ], [ -104.617990930862248, 38.925993330349307 ], [ -104.617920931333117, 38.926089330844853 ], [ -104.617759930635913, 38.92631133034709 ], [ -104.617087549503765, 38.926311330276064 ], [ -104.617084775796286, 38.926311329938777 ], [ -104.617075929899855, 38.92631133034773 ], [ -104.617090243643844, 38.926257660810059 ], [ -104.61709193126309, 38.92625133140637 ], [ -104.617026930748551, 38.926251330699131 ], [ -104.616935930683738, 38.926249330773921 ], [ -104.6163899622494, 38.926234679571458 ], [ -104.616227930312917, 38.926230331308219 ], [ -104.615542365496893, 38.926227809546312 ], [ -104.615140930801374, 38.926226330628161 ], [ -104.614651930674171, 38.926224330582897 ], [ -104.614247807665038, 38.926217303900259 ], [ -104.613731930289347, 38.926208331446922 ], [ -104.613405930531599, 38.926198330569427 ], [ -104.611323928796324, 38.92618733154692 ], [ -104.611034928732764, 38.926170331209264 ], [ -104.609648928931847, 38.926176330874625 ], [ -104.608866928870484, 38.926168331514774 ], [ -104.608753928666516, 38.926167331357995 ], [ -104.608354929334183, 38.926163331508072 ], [ -104.608288928919507, 38.926163330862735 ], [ -104.608000928928931, 38.926161331263977 ], [ -104.607899928801899, 38.926159331346902 ], [ -104.607907928814527, 38.926205331482471 ], [ -104.607868929527129, 38.926204331432693 ], [ -104.607751929477956, 38.926202331169179 ], [ -104.607712929153365, 38.926202331040123 ], [ -104.607713452317611, 38.926207777293364 ], [ -104.607732928974826, 38.926410330997584 ], [ -104.607743928278722, 38.926473331310341 ], [ -104.607800928945451, 38.926976331133673 ], [ -104.607810640152252, 38.927061528337063 ], [ -104.607866929292669, 38.927555331811845 ], [ -104.607882928963036, 38.927833331209079 ], [ -104.608067928191204, 38.929298330982071 ], [ -104.608072928985052, 38.929336331661972 ], [ -104.608129928395684, 38.929701331983679 ], [ -104.608164928405998, 38.930071331931963 ], [ -104.608227928903474, 38.930534332127401 ], [ -104.608236283066901, 38.930529082773432 ], [ -104.608236424897768, 38.930528993772555 ], [ -104.60860992966559, 38.930294331932153 ], [ -104.609220929612007, 38.929896331913028 ], [ -104.609229011260751, 38.929903866637872 ], [ -104.609229802440055, 38.929904604214727 ], [ -104.609506199509937, 38.930162295091478 ], [ -104.611074664694272, 38.931624558546183 ], [ -104.611081930439909, 38.931631331961874 ], [ -104.611083240371642, 38.931630437487094 ], [ -104.611083741783204, 38.931630094479388 ], [ -104.611182930457844, 38.931562331371147 ], [ -104.611519929346869, 38.931343331393428 ], [ -104.611542930289104, 38.931329331706827 ], [ -104.61165592978891, 38.93125633146353 ], [ -104.6119989306261, 38.931039331771899 ], [ -104.6121129305034, 38.930967331500135 ], [ -104.612196930277918, 38.930913331484071 ], [ -104.612282929365051, 38.930856331413054 ], [ -104.612608930655028, 38.93064233075593 ], [ -104.612792929839813, 38.930524331487952 ], [ -104.612963930370512, 38.930415331710698 ], [ -104.613448929739306, 38.930107331465663 ], [ -104.613674930438478, 38.929958330881675 ], [ -104.613771930268072, 38.929895331694837 ], [ -104.614407930405136, 38.929890331411499 ], [ -104.615287930605376, 38.929908331320703 ], [ -104.615797930355868, 38.929574330987364 ], [ -104.617016930340583, 38.92878033097427 ], [ -104.617051931467515, 38.928739330873057 ], [ -104.617220931093783, 38.92860033103323 ], [ -104.617480931350997, 38.928438330108158 ], [ -104.617841931275692, 38.928196330620594 ], [ -104.618350931411911, 38.927873330321859 ], [ -104.618715931250478, 38.927619329887243 ], [ -104.618727931287069, 38.927609330934011 ], [ -104.619609931666091, 38.926976330359153 ], [ -104.61992193241332, 38.926768330324037 ], [ -104.620326931336223, 38.926513330299116 ], [ -104.620369932009837, 38.926491329874835 ], [ -104.620547931045479, 38.926401330163429 ], [ -104.620735932335279, 38.926358330074443 ], [ -104.62093893183382, 38.926337329992954 ], [ -104.620940727024049, 38.926337371489623 ], [ -104.621893931570156, 38.92635932993619 ], [ -104.62441498289806, 38.9263739181077 ], [ -104.625005932908479, 38.9263773297548 ], [ -104.626533931940557, 38.926392329437526 ], [ -104.626764932737899, 38.926394329924889 ], [ -104.627557932618174, 38.926402330162723 ], [ -104.62755792231151, 38.926407952489356 ], [ -104.627557921777097, 38.926408558778881 ], [ -104.627539933976465, 38.936269331727779 ], [ -104.627579934685599, 38.937748331123657 ], [ -104.627551934433555, 38.938905331979967 ], [ -104.62756202164698, 38.93890535358603 ], [ -104.629453935010929, 38.938909331303975 ], [ -104.631450934691358, 38.938940331741165 ], [ -104.631458935710043, 38.936146330975255 ], [ -104.637580936751803, 38.93621933039168 ], [ -104.639629937184964, 38.936244330710579 ], [ -104.645106938352015, 38.936309330514973 ], [ -104.645409939171913, 38.936308330185106 ], [ -104.654606940250119, 38.936291329651695 ], [ -104.659005940955836, 38.93628232925105 ], [ -104.659005971811084, 38.936288678861523 ], [ -104.659010941824619, 38.937323329748423 ], [ -104.659020853721017, 38.937323329342881 ], [ -104.659362941436015, 38.937323329267912 ], [ -104.659363189416325, 38.937329658825433 ], [ -104.659364941739426, 38.937374328900354 ], [ -104.659374634691645, 38.937374310666513 ], [ -104.664118772535929, 38.937365330126951 ], [ -104.664118843085589, 38.93737167821547 ], [ -104.66411901266531, 38.937371676731466 ], [ -104.664145943064426, 38.939796329815174 ], [ -104.664155817544284, 38.939796498966537 ], [ -104.664262943372037, 38.939798329026203 ], [ -104.664263354055649, 38.939804495777459 ], [ -104.664265943061025, 38.939843329566258 ], [ -104.664265943732019, 38.939878329544079 ], [ -104.664567943268707, 38.940129329277291 ], [ -104.66457033734774, 38.94012938430874 ], [ -104.664870943779917, 38.940136330173921 ], [ -104.66530163240941, 38.940145550189165 ], [ -104.665303740533716, 38.940145595045621 ], [ -104.665524943346725, 38.94015032981072 ], [ -104.66590979456825, 38.940175226410659 ], [ -104.66590983952031, 38.940175229435596 ], [ -104.666399595228384, 38.940206910666952 ], [ -104.666677390773231, 38.940224879077299 ], [ -104.6668389434559, 38.94023532887249 ], [ -104.667019011698329, 38.940242029157751 ], [ -104.667268944207365, 38.940251329280869 ], [ -104.667645308395166, 38.940266726292606 ], [ -104.667928944461522, 38.940278329170752 ], [ -104.668067944628646, 38.940292329344622 ], [ -104.668121943958852, 38.940297328926619 ], [ -104.668283944103777, 38.940313328411257 ], [ -104.66833894453417, 38.94031932871723 ], [ -104.668867943992112, 38.940370329149872 ], [ -104.66922017996599, 38.940404894979658 ], [ -104.669220332061442, 38.940404909579065 ], [ -104.669220670813246, 38.940404942628255 ], [ -104.669509944594907, 38.940433329204239 ], [ -104.670066443956657, 38.940467341696952 ], [ -104.670458944190784, 38.940491329173128 ], [ -104.670901944529462, 38.940519329235542 ], [ -104.670990945071779, 38.940522329267722 ], [ -104.671177862130222, 38.940527811591458 ], [ -104.671177909410687, 38.940527812829224 ], [ -104.672200869531054, 38.940557812800776 ], [ -104.672695945327249, 38.940572328336742 ], [ -104.673132587052649, 38.940581562571893 ], [ -104.67313262510568, 38.940581563743265 ], [ -104.673357067474939, 38.940586309331927 ], [ -104.673357945096043, 38.940586328181055 ], [ -104.673357874961482, 38.940592446433193 ], [ -104.673354945396241, 38.940848328478346 ], [ -104.673364964763536, 38.940848154642566 ], [ -104.673816945981528, 38.940840328210271 ], [ -104.676809945336828, 38.940859327895907 ], [ -104.677634945983101, 38.940870328976608 ] ] ] } },
{ "type": "Feature", "properties": { "OBJECTID": 51, "LANDBASE_EPC_SENATEDIST_AREA": null, "PERIMETER": null, "SENATE": 11, "Shape__Area": 2439679797.6080217, "Shape__Length": 349706.33516638266 }, "geometry": { "type": "Polygon", "coordinates": [ [ [ -104.626462862051227, 38.893486650049304 ], [ -104.626450426058142, 38.894654339115981 ], [ -104.626442928985838, 38.895358325493262 ], [ -104.626418929610509, 38.895560325402165 ], [ -104.626418309353539, 38.895712656821459 ], [ -104.626418065591835, 38.895772374667487 ], [ -104.626414930212192, 38.896542325913785 ], [ -104.626411801866141, 38.896846007880832 ], [ -104.626411229762681, 38.896901491794992 ], [ -104.626401929465331, 38.897804325799903 ], [ -104.62640396914361, 38.897960280710578 ], [ -104.626404218662358, 38.897979350716525 ], [ -104.626418929721723, 38.899104326862378 ], [ -104.626418969054185, 38.899108718971561 ], [ -104.62641900568245, 38.899112862416175 ], [ -104.626429111749246, 38.900246337893442 ], [ -104.626429646561945, 38.900306305699893 ], [ -104.626430930526212, 38.900450326272939 ], [ -104.6264349309089, 38.901312326376448 ], [ -104.626435825455232, 38.901379787734264 ], [ -104.626435997519337, 38.901392786990293 ], [ -104.626450837435513, 38.902511980887731 ], [ -104.62645085463798, 38.902513299911909 ], [ -104.626453931051898, 38.902745326906938 ], [ -104.626463375721812, 38.903646793996508 ], [ -104.626463427430039, 38.903651773572989 ], [ -104.626469930451975, 38.904272327246638 ], [ -104.626476663863812, 38.904780292795294 ], [ -104.626476910000932, 38.904798891598404 ], [ -104.626485931158641, 38.905479326962812 ], [ -104.626484053187667, 38.905913747126021 ], [ -104.626483777330819, 38.905977573595834 ], [ -104.626482930600218, 38.906173326652734 ], [ -104.626491059977084, 38.907047199336709 ], [ -104.626491505480544, 38.907095132416678 ], [ -104.6264929315968, 38.907248327647544 ], [ -104.626504459876926, 38.908180698529591 ], [ -104.626505343346054, 38.908252164179444 ], [ -104.626508931538126, 38.908542328000564 ], [ -104.626515245367329, 38.909314177931144 ], [ -104.626516347792546, 38.909448898068732 ], [ -104.626524517385519, 38.910447645813235 ], [ -104.626524931416114, 38.910498327233846 ], [ -104.626521931081456, 38.911079327798411 ], [ -104.626520344354688, 38.911478470372074 ], [ -104.626519930991734, 38.911582328331505 ], [ -104.62652988574429, 38.911582866168409 ], [ -104.626556931461721, 38.911584327873086 ], [ -104.626584931058517, 38.911586328258082 ], [ -104.626744991040155, 38.911588762887149 ], [ -104.626847930565845, 38.911590327832478 ], [ -104.627074931242831, 38.911594327720806 ], [ -104.627203458616222, 38.911609484191189 ], [ -104.627286931719951, 38.911619327684981 ], [ -104.627450931234762, 38.911659328021933 ], [ -104.627549531567936, 38.911699001386225 ], [ -104.627619931273642, 38.911727327264551 ], [ -104.627622613361538, 38.911728824836651 ], [ -104.627629962186333, 38.911732928543422 ], [ -104.627840418051392, 38.911850457351548 ], [ -104.627850931133011, 38.911856327988296 ], [ -104.627854063327902, 38.911851787607013 ], [ -104.628393931936444, 38.911069327662275 ], [ -104.628788932380473, 38.910428327525921 ], [ -104.630989931414888, 38.90715232733595 ], [ -104.63139893183282, 38.906505326747535 ], [ -104.632266930912763, 38.905159326087677 ], [ -104.632465931440564, 38.904861325907603 ], [ -104.63440593261123, 38.901954325516002 ], [ -104.637459931986314, 38.897555325376423 ], [ -104.639916932134255, 38.894017323783636 ], [ -104.640444931849174, 38.893256323704023 ], [ -104.641511932532751, 38.891691324589537 ], [ -104.642559932760662, 38.890202323743146 ], [ -104.643522932309594, 38.88880032345719 ], [ -104.643538931941819, 38.888776323776781 ], [ -104.645565933205731, 38.88590132324331 ], [ -104.653665933121403, 38.875008320559246 ], [ -104.654885934272869, 38.873399321082651 ], [ -104.655392934289551, 38.872732320943129 ], [ -104.656580934535114, 38.871112320115671 ], [ -104.657029934585807, 38.870534320056848 ], [ -104.657494933572565, 38.86988632022269 ], [ -104.658697933829316, 38.868295318825574 ], [ -104.658815934033797, 38.868139319141861 ], [ -104.659486934442896, 38.867335319721185 ], [ -104.659516933407346, 38.867302319285763 ], [ -104.660130934109233, 38.866642319326473 ], [ -104.660225934622943, 38.866540318585088 ], [ -104.661021934725085, 38.865770319428336 ], [ -104.661875934511727, 38.864994318949677 ], [ -104.662319934370402, 38.864650318786175 ], [ -104.662835934004121, 38.864252318670957 ], [ -104.663347934350142, 38.863875318647679 ], [ -104.663347984505435, 38.863875364953927 ], [ -104.663356146082165, 38.86388290556814 ], [ -104.663405058584857, 38.863928096579698 ], [ -104.663422400823038, 38.86394411935391 ], [ -104.663502491644152, 38.864018117165237 ], [ -104.663531643196251, 38.864045049968844 ], [ -104.663531933865968, 38.864045318723207 ], [ -104.663533710097781, 38.864044098198832 ], [ -104.663614222479737, 38.863988774265806 ], [ -104.663615386494811, 38.863987974550973 ], [ -104.663710934513404, 38.863922319327088 ], [ -104.663711651545597, 38.863923174022041 ], [ -104.663717925197375, 38.86393066048273 ], [ -104.663974935109152, 38.864237317976212 ], [ -104.664805935536592, 38.865086318363637 ], [ -104.665127935031137, 38.865438318775283 ], [ -104.6654959356256, 38.86585331955785 ], [ -104.665911935054822, 38.866268318639264 ], [ -104.666541935175331, 38.866764319223435 ], [ -104.666551184007815, 38.866770098068237 ], [ -104.666994935760016, 38.867047318198367 ], [ -104.667844936378572, 38.867447319137661 ], [ -104.668615937115007, 38.867730318347661 ], [ -104.66917793694472, 38.86786431924984 ], [ -104.669644937127885, 38.867938319012275 ], [ -104.669924936330133, 38.867982318699816 ], [ -104.670676936468595, 38.868014319131532 ], [ -104.670678474905785, 38.86801431569711 ], [ -104.671108004709112, 38.868013416534069 ], [ -104.671108933536885, 38.868013414150774 ], [ -104.671123383319454, 38.868013382090709 ], [ -104.671124312157758, 38.868013378806438 ], [ -104.671150936917016, 38.868013319175184 ], [ -104.672697936660128, 38.868009318461297 ], [ -104.673138727126329, 38.868006145161246 ], [ -104.673176015918614, 38.868005876268889 ], [ -104.67338994017517, 38.868004329824863 ], [ -104.6733911820251, 38.868010699796869 ], [ -104.673412938112889, 38.868122318163167 ], [ -104.673434936648633, 38.868232319360708 ], [ -104.673468937133407, 38.868523318622501 ], [ -104.673467938147098, 38.868884318907199 ], [ -104.673497937666809, 38.876758318992415 ], [ -104.673507853052755, 38.876758281402012 ], [ -104.674130873298495, 38.876755896180292 ], [ -104.675583938162234, 38.876750319678138 ], [ -104.675657938796334, 38.876738319633446 ], [ -104.67565878202106, 38.8767383544428 ], [ -104.675828939017904, 38.876745319712647 ], [ -104.676023131665161, 38.876743521999472 ], [ -104.676260939531076, 38.876741319615817 ], [ -104.677534939303484, 38.87673231968774 ], [ -104.677535951113853, 38.876732326848348 ], [ -104.677536880045082, 38.876732325314464 ], [ -104.677674938944875, 38.876732324820566 ], [ -104.677675950828259, 38.876732325674261 ], [ -104.677676321933532, 38.876732325597523 ], [ -104.677676879738598, 38.876732325940914 ], [ -104.677677250843828, 38.876732325864104 ], [ -104.677708288551869, 38.876732344580184 ], [ -104.677709217462208, 38.876732344846566 ], [ -104.678251725655343, 38.876732667774469 ], [ -104.678252654565654, 38.876732668036503 ], [ -104.678264812179094, 38.876732675623899 ], [ -104.678265741089405, 38.876732675885798 ], [ -104.678827129393056, 38.87673300620181 ], [ -104.678828058303424, 38.876733006459233 ], [ -104.67886993287712, 38.87673303116803 ], [ -104.678870861787445, 38.876733031425111 ], [ -104.67937293949349, 38.876733324704809 ], [ -104.679373951387305, 38.876733324642942 ], [ -104.679374880328922, 38.876733322193566 ], [ -104.679402534281365, 38.876733242691344 ], [ -104.679403463222968, 38.876733240241755 ], [ -104.679445867325853, 38.876733118935611 ], [ -104.679446796267456, 38.87673311648566 ], [ -104.679977959751795, 38.876731594534718 ], [ -104.679978888693313, 38.87673159208051 ], [ -104.680070939526772, 38.87673131995281 ], [ -104.68005293928961, 38.87507031947893 ], [ -104.6800379394858, 38.873158318921725 ], [ -104.680066823374119, 38.871574673187276 ], [ -104.68006693925085, 38.871568329990197 ], [ -104.680064028115893, 38.87156834188167 ], [ -104.680063099231475, 38.87156834523735 ], [ -104.680056711130788, 38.871568368631102 ], [ -104.680055782246356, 38.87156837198674 ], [ -104.679791939956104, 38.871569319004784 ], [ -104.676634737210406, 38.871581282465975 ], [ -104.676626401436039, 38.871581313492499 ], [ -104.67662493895412, 38.871581319346163 ], [ -104.67661008071218, 38.870904763653748 ], [ -104.676609939583614, 38.870898349268501 ], [ -104.67660993878637, 38.870898318632847 ], [ -104.67576790921909, 38.870909190419241 ], [ -104.675759879221971, 38.87090929382078 ], [ -104.675757938284207, 38.870909318791874 ], [ -104.675759937711618, 38.870503318526517 ], [ -104.675763937891858, 38.868133318930298 ], [ -104.675755937732859, 38.867999318865948 ], [ -104.675757878193821, 38.867999328125599 ], [ -104.676170516877974, 38.868000472376785 ], [ -104.676171445642737, 38.868000475357896 ], [ -104.677198937814239, 38.868003321223625 ], [ -104.677199949594183, 38.868003320279882 ], [ -104.677200878379878, 38.868003321451113 ], [ -104.677224867026268, 38.86800321833951 ], [ -104.677225795874577, 38.868003214105748 ], [ -104.677227003601658, 38.868003209143879 ], [ -104.677227932449981, 38.868003204910025 ], [ -104.677896950093739, 38.868000331140834 ], [ -104.677897878931617, 38.868000327802463 ], [ -104.678377729692741, 38.867998701033009 ], [ -104.678378658530562, 38.867998697690787 ], [ -104.678475069612688, 38.867998368549152 ], [ -104.678475998450494, 38.867998365206141 ], [ -104.67907693891037, 38.867996324926565 ], [ -104.679077950679726, 38.867996324867313 ], [ -104.679078879486198, 38.867996324221899 ], [ -104.679293939104696, 38.867996323548851 ], [ -104.682174939328775, 38.867961318784189 ], [ -104.682176879830976, 38.867961324333457 ], [ -104.68273293960074, 38.867961323999396 ], [ -104.682733055945832, 38.867967636401268 ], [ -104.682734939587803, 38.868070317834253 ], [ -104.682736880051607, 38.868070326977374 ], [ -104.682744762956716, 38.868070358995752 ], [ -104.682752036293621, 38.868070388528182 ], [ -104.682753976767785, 38.868070396770271 ], [ -104.682756153466372, 38.86807040577272 ], [ -104.682758093940564, 38.868070414014745 ], [ -104.683057375748888, 38.868071638301942 ], [ -104.683467940037787, 38.868073317716679 ], [ -104.684186523428608, 38.868076913546126 ], [ -104.684342106867774, 38.868077691332282 ], [ -104.685337131818528, 38.868082662502552 ], [ -104.685391970492333, 38.86808293614164 ], [ -104.685668939734398, 38.868084317996747 ], [ -104.686402940551361, 38.868088318065098 ], [ -104.686487728758522, 38.868089315281146 ], [ -104.686742940246617, 38.868092317890074 ], [ -104.686818940551689, 38.868093318224012 ], [ -104.68723584898062, 38.868098994404441 ], [ -104.687479940061664, 38.868102317604745 ], [ -104.687906939961891, 38.868100317055323 ], [ -104.688064301134688, 38.868099717625441 ], [ -104.68873314312161, 38.868097168519611 ], [ -104.689217941090789, 38.868095318014355 ], [ -104.689687941433462, 38.868117317651901 ], [ -104.690697941210146, 38.868166317579146 ], [ -104.691221266616594, 38.868200257815147 ], [ -104.691266390744204, 38.868203184432403 ], [ -104.69165394115565, 38.86822831748804 ], [ -104.692415941151765, 38.868225317728125 ], [ -104.693557942659211, 38.868222317524157 ], [ -104.693920941578668, 38.868224317259276 ], [ -104.694262942056241, 38.868225317125798 ], [ -104.694806810439786, 38.868228033865194 ], [ -104.694816611842214, 38.868228082862593 ], [ -104.695063942295704, 38.868229317122761 ], [ -104.695288942124947, 38.868221317133397 ], [ -104.695631942738103, 38.868210317453347 ], [ -104.695669221879868, 38.868209063819918 ], [ -104.69628594266031, 38.86818831714352 ], [ -104.696663942099534, 38.868176317772416 ], [ -104.69755194314709, 38.868091317514057 ], [ -104.698244942627767, 38.868044316592702 ], [ -104.698369274563063, 38.868036781766506 ], [ -104.698409943620618, 38.868034317334093 ], [ -104.698899943200416, 38.868034317237353 ], [ -104.699377943290884, 38.868034317082405 ], [ -104.700241943411029, 38.868036317302412 ], [ -104.700811943840193, 38.868027316688128 ], [ -104.701078727301962, 38.868023967538136 ], [ -104.70128994329032, 38.868021316004061 ], [ -104.701387882417265, 38.86801942163369 ], [ -104.701806944055406, 38.868011316491412 ], [ -104.703087944500879, 38.867989316543536 ], [ -104.703359944274453, 38.867991316731569 ], [ -104.703877944459407, 38.867995316348619 ], [ -104.704665945159675, 38.868001316016922 ], [ -104.704687293962323, 38.868001494566812 ], [ -104.706222944809312, 38.868014316341451 ], [ -104.707029945148832, 38.868028316069264 ], [ -104.7078179449544, 38.868043315769341 ], [ -104.708299945892236, 38.868062315665334 ], [ -104.708313945431229, 38.868064316407228 ], [ -104.708860945900383, 38.86814831658392 ], [ -104.709233945408798, 38.868262315987451 ], [ -104.709443445227961, 38.868341288331209 ], [ -104.709745946106509, 38.868455316332273 ], [ -104.709872945317812, 38.868504316671341 ], [ -104.710203945625267, 38.868649315818445 ], [ -104.71147094655872, 38.869207316592423 ], [ -104.711671946335983, 38.869304316865303 ], [ -104.711988946816405, 38.869457316602706 ], [ -104.712448946169616, 38.869679315538356 ], [ -104.71294594613731, 38.869910316186782 ], [ -104.71326694716295, 38.87006031613469 ], [ -104.713340947119406, 38.870095316295014 ], [ -104.713452946672149, 38.870147315566285 ], [ -104.714013947563615, 38.870408316143248 ], [ -104.714088189266647, 38.870442676030358 ], [ -104.714134946646155, 38.870464316066453 ], [ -104.714193265734949, 38.870491708907259 ], [ -104.714200946846617, 38.870495316619987 ], [ -104.714387947750041, 38.870582315902048 ], [ -104.714533946806682, 38.870649316590494 ], [ -104.714585471577962, 38.870672966998377 ], [ -104.715013989156603, 38.870869656971394 ], [ -104.715022364931073, 38.870873501748548 ], [ -104.715451310309248, 38.871070385766579 ], [ -104.715465861655659, 38.871077064930716 ], [ -104.715533947234874, 38.871108315727497 ], [ -104.715672543882164, 38.871172114621061 ], [ -104.715680920760946, 38.871175970168146 ], [ -104.715722947309644, 38.871195316419843 ], [ -104.715871947704002, 38.871253316057221 ], [ -104.715919947460534, 38.871181315532823 ], [ -104.716151947424095, 38.871286316033213 ], [ -104.716332281288629, 38.871368006943733 ], [ -104.716340657749925, 38.871371801180189 ], [ -104.716556133132315, 38.871469410321708 ], [ -104.716999269205019, 38.871670145401168 ], [ -104.717087948088178, 38.871710315802574 ], [ -104.717399947652538, 38.871852315810806 ], [ -104.717460029918342, 38.871873651444702 ], [ -104.717608967289053, 38.871926539521425 ], [ -104.717644947841706, 38.871939316593625 ], [ -104.717658168286974, 38.871942774885618 ], [ -104.717881947316485, 38.8720013158622 ], [ -104.717894948621193, 38.872005315882348 ], [ -104.718206114970485, 38.87205964714979 ], [ -104.71820994861352, 38.87206031616828 ], [ -104.718266188760452, 38.872065249353412 ], [ -104.718494948724228, 38.872085316373713 ], [ -104.718854948204253, 38.872092315986016 ], [ -104.719391948364787, 38.872096315396348 ], [ -104.719846536026523, 38.872100807710694 ], [ -104.719897949037417, 38.872101315913568 ], [ -104.720009948955195, 38.872105316277782 ], [ -104.720023949611104, 38.872107316508909 ], [ -104.720123948476612, 38.872105315636659 ], [ -104.720638949282275, 38.872101315889473 ], [ -104.720705949719431, 38.872101315674179 ], [ -104.721380949211536, 38.871993315975551 ], [ -104.721512948404367, 38.871973316146097 ], [ -104.72164094984916, 38.87194931561384 ], [ -104.721910949399458, 38.87186831586299 ], [ -104.722096948952668, 38.871789315318303 ], [ -104.72213994962371, 38.871768315392082 ], [ -104.722482949166249, 38.871610315645995 ], [ -104.722601949238566, 38.871540316222514 ], [ -104.722680200580413, 38.871479733967348 ], [ -104.722880948633758, 38.871324315589597 ], [ -104.722959949103497, 38.871264315620891 ], [ -104.723649949231287, 38.870597315038005 ], [ -104.723903949826052, 38.870352315936572 ], [ -104.723904889846551, 38.87035139701208 ], [ -104.724122948553045, 38.870138315158982 ], [ -104.72417494940656, 38.870089314906387 ], [ -104.724776949672602, 38.869492315716911 ], [ -104.724796949118655, 38.869473315370371 ], [ -104.725002949790422, 38.869286315665875 ], [ -104.725082948863871, 38.869213314941121 ], [ -104.725183949639145, 38.869123314978019 ], [ -104.725336949264772, 38.869010315311591 ], [ -104.725424950113918, 38.868947315200536 ], [ -104.725597949969355, 38.86882031461947 ], [ -104.725746949422714, 38.868729315148059 ], [ -104.725917948813432, 38.868626314591438 ], [ -104.726257949787424, 38.868456314759605 ], [ -104.726275926737358, 38.868448367089144 ], [ -104.726689950227694, 38.868265315039231 ], [ -104.726799950093252, 38.868228315515012 ], [ -104.726897663156947, 38.868196317801704 ], [ -104.727083949399031, 38.868135315315726 ], [ -104.727172950202032, 38.868117315833601 ], [ -104.727495949874665, 38.868040314159501 ], [ -104.727734950177506, 38.868005314485046 ], [ -104.727852949695787, 38.86798931526608 ], [ -104.728115068385648, 38.867954288252662 ], [ -104.728301950149628, 38.86792931481822 ], [ -104.72875595030095, 38.867920314833725 ], [ -104.728962949778705, 38.867921315562661 ], [ -104.729431949918066, 38.867924314874408 ], [ -104.729495666797291, 38.867924631078132 ], [ -104.729834949736642, 38.867926314527253 ], [ -104.729932950134355, 38.867926314481238 ], [ -104.730425950497079, 38.867931314727144 ], [ -104.730934951013879, 38.867924314574026 ], [ -104.731045950358833, 38.867923314061741 ], [ -104.731449951231667, 38.867918314912721 ], [ -104.73229095039774, 38.867913314975013 ], [ -104.733174951157238, 38.867909314333801 ], [ -104.734813951872951, 38.867914314304421 ], [ -104.73565595181779, 38.867918314394757 ], [ -104.736018951224565, 38.867917314235669 ], [ -104.737110951576454, 38.867916314902502 ], [ -104.737474951936278, 38.867916314038631 ], [ -104.737543952245815, 38.867916314562194 ], [ -104.737702952359697, 38.867909313790022 ], [ -104.737839602734056, 38.867903915717022 ], [ -104.738107951989363, 38.867893314546549 ], [ -104.738386952454391, 38.867848314081414 ], [ -104.738411952531607, 38.867845314051976 ], [ -104.738533045391833, 38.86781009774483 ], [ -104.738607953297546, 38.867788313485363 ], [ -104.73864314744327, 38.867769148184472 ], [ -104.738910952876566, 38.867623314438319 ], [ -104.738966952576533, 38.867575313980062 ], [ -104.739152953025922, 38.867421314356463 ], [ -104.739698953439671, 38.866922314520245 ], [ -104.739897952245002, 38.866730314154665 ], [ -104.7401999527127, 38.866440314754719 ], [ -104.740582952363255, 38.866084314149226 ], [ -104.740699953025427, 38.865976313968908 ], [ -104.741717952309827, 38.865075313765011 ], [ -104.741759952737169, 38.865048313769201 ], [ -104.742200952240211, 38.864767313258348 ], [ -104.74227395380511, 38.864728312864372 ], [ -104.74249595307387, 38.864614313737938 ], [ -104.742569953062272, 38.86457631333657 ], [ -104.742656953450563, 38.864533313068797 ], [ -104.743007953621344, 38.864340313408739 ], [ -104.743909953249883, 38.863846313522338 ], [ -104.744314952942815, 38.863618312672287 ], [ -104.744748953233028, 38.863375313731929 ], [ -104.744963953579131, 38.863256313212048 ], [ -104.745274953785767, 38.863086313800025 ], [ -104.745612952728649, 38.862901312669344 ], [ -104.745829953460898, 38.862784312685562 ], [ -104.74636295365022, 38.862498313584524 ], [ -104.747243954434467, 38.862001312261107 ], [ -104.747377954257601, 38.861925312924676 ], [ -104.747747953601802, 38.861762312345043 ], [ -104.747810757475193, 38.861744518504281 ], [ -104.747867953799386, 38.861728312613444 ], [ -104.747896363219056, 38.861720513833291 ], [ -104.748020953656038, 38.861686312131255 ], [ -104.748328953772216, 38.86165331227577 ], [ -104.748491825681683, 38.861644194009386 ], [ -104.748846954035102, 38.861624312574108 ], [ -104.749012953981776, 38.861621312740844 ], [ -104.749173954121559, 38.861619312767722 ], [ -104.749863954234016, 38.861534312343615 ], [ -104.750095953652249, 38.861486312998977 ], [ -104.75082595415779, 38.861288313035566 ], [ -104.750990955054903, 38.861254311956763 ], [ -104.7510455789036, 38.861242542763691 ], [ -104.751045626256158, 38.861242532258373 ], [ -104.751171954319346, 38.861215312083473 ], [ -104.751420954709204, 38.861164312544922 ], [ -104.751723954299692, 38.86114131177429 ], [ -104.7519099541082, 38.861127312575697 ], [ -104.752126954254067, 38.861109312730527 ], [ -104.752780955132337, 38.861058312867819 ], [ -104.752998954829152, 38.861041312393304 ], [ -104.753140954877097, 38.861019312326903 ], [ -104.753568954481167, 38.860955312170489 ], [ -104.753635954658961, 38.860946312191004 ], [ -104.75371095485508, 38.86092831244413 ], [ -104.753873954904051, 38.860890311654998 ], [ -104.75427395563861, 38.86079431193054 ], [ -104.754405955323946, 38.86075731229873 ], [ -104.754586954948266, 38.860708311894584 ], [ -104.754966955288168, 38.860576312158727 ], [ -104.75530795553658, 38.860458312206518 ], [ -104.755716054214091, 38.860303712345598 ], [ -104.755716177993961, 38.860303665392031 ], [ -104.756025955227031, 38.860186311959907 ], [ -104.756424955776097, 38.860032311710995 ], [ -104.756997956701639, 38.859812311191028 ], [ -104.757095956492478, 38.859781311649073 ], [ -104.75709495564881, 38.859673312617282 ], [ -104.757094956645844, 38.859601282100229 ], [ -104.757094956565922, 38.859534311802072 ], [ -104.757084223244391, 38.859353806509972 ], [ -104.757083955709973, 38.85934931122457 ], [ -104.75707795538591, 38.859242311724813 ], [ -104.757135955281427, 38.859240312362857 ], [ -104.757311955031255, 38.859236311520043 ], [ -104.757370956010334, 38.859236312080732 ], [ -104.757436272382989, 38.859236077305376 ], [ -104.757494185557675, 38.859235869054835 ], [ -104.757615783529545, 38.859235430788132 ], [ -104.7583798408277, 38.859232676204563 ], [ -104.758757955836415, 38.859231311699588 ], [ -104.758974579597918, 38.85923054219613 ], [ -104.760163956307821, 38.859226311250822 ], [ -104.760609564883509, 38.859225183990894 ], [ -104.760892180541916, 38.859224468697562 ], [ -104.76251786343451, 38.85922033884448 ], [ -104.762809767224411, 38.85921959496099 ], [ -104.762920956762116, 38.85921931122261 ], [ -104.7643089576016, 38.859215311264116 ], [ -104.764460891191575, 38.859212485009678 ], [ -104.764523957726993, 38.859211311311647 ], [ -104.765172957278608, 38.859201311784631 ], [ -104.765388957444131, 38.859198311124409 ], [ -104.76607353843329, 38.859188595493244 ], [ -104.766441877083508, 38.859183366855838 ], [ -104.766797957894298, 38.859178311043152 ], [ -104.766854571648437, 38.859177507060622 ], [ -104.770736958605596, 38.859122310750287 ], [ -104.771028958481025, 38.859118310877662 ], [ -104.772438959898338, 38.859099310822657 ], [ -104.773646960073989, 38.859049311124821 ], [ -104.773657737611771, 38.859048874911196 ], [ -104.775741733857274, 38.858964522115542 ], [ -104.775746960085456, 38.858964310556011 ], [ -104.775779573107087, 38.858964647173892 ], [ -104.775835584833516, 38.85896522511549 ], [ -104.775899557420701, 38.858965885075385 ], [ -104.777395960791608, 38.858981310121763 ], [ -104.77803897371281, 38.858987950596898 ], [ -104.780996997353952, 38.859018454297306 ], [ -104.782342961600804, 38.859032309800781 ], [ -104.782558678083674, 38.85903396903624 ], [ -104.782602961735648, 38.859034310038517 ], [ -104.782688897762455, 38.859035300062558 ], [ -104.783564961930537, 38.859045392597196 ], [ -104.783991961347468, 38.859050309391186 ], [ -104.78400081401648, 38.859050620694902 ], [ -104.784020401378271, 38.859051309851246 ], [ -104.784059004810899, 38.859052668418023 ], [ -104.784502747459854, 38.859068281693517 ], [ -104.786123962459797, 38.859125310305913 ], [ -104.787046963371026, 38.859158310241028 ], [ -104.787632963067963, 38.859339310219049 ], [ -104.788784963021627, 38.859694309657151 ], [ -104.792192964614799, 38.861020309064237 ], [ -104.79417682699831, 38.861792310444713 ], [ -104.794181964567684, 38.861794310062862 ], [ -104.794181964821846, 38.861728309339604 ], [ -104.794181965271108, 38.861532309808091 ], [ -104.794181965361901, 38.861497747780511 ], [ -104.794181964797104, 38.861467309949646 ], [ -104.794180964401335, 38.861280309469294 ], [ -104.794179964786238, 38.860722310166942 ], [ -104.794179965099701, 38.860703262989922 ], [ -104.79417996497088, 38.860536309414933 ], [ -104.794176963887224, 38.859802309460605 ], [ -104.794176964453143, 38.859790309821314 ], [ -104.794182964648485, 38.859424309414756 ], [ -104.794210963358125, 38.857602309199777 ], [ -104.794217964633631, 38.857170309537615 ], [ -104.794214964215129, 38.856869308299267 ], [ -104.79421196396288, 38.85657930853052 ], [ -104.794206964085618, 38.855907308742324 ], [ -104.79420896372676, 38.855709308690408 ], [ -104.794212963229086, 38.855420309040532 ], [ -104.794215963691826, 38.855160308769399 ], [ -104.794220964309616, 38.854839308015336 ], [ -104.794213963752398, 38.854381308621441 ], [ -104.794211094410329, 38.854133570504416 ], [ -104.794210963209565, 38.854122308775139 ], [ -104.794213963910153, 38.853860308531445 ], [ -104.794218963641327, 38.853593307958796 ], [ -104.794222963892906, 38.853346308832428 ], [ -104.794225963785593, 38.853077308768135 ], [ -104.794227963297814, 38.85299630885951 ], [ -104.794230962995869, 38.852817307968543 ], [ -104.794233963199559, 38.852610308792585 ], [ -104.794232963071025, 38.852522307977836 ], [ -104.794228963584345, 38.851638308438112 ], [ -104.794227962918356, 38.851344308172955 ], [ -104.794227963459306, 38.851207308538456 ], [ -104.794228963363949, 38.850800308366409 ], [ -104.794229963186254, 38.85066430755969 ], [ -104.794226963820108, 38.850583308794413 ], [ -104.794219963904325, 38.850341308388934 ], [ -104.794217963840651, 38.85026130845592 ], [ -104.794214963189674, 38.850153308656154 ], [ -104.794208963262079, 38.849831307610927 ], [ -104.794208051922752, 38.84973368146256 ], [ -104.794207964178213, 38.849724308226406 ], [ -104.794208962556951, 38.84956630803017 ], [ -104.794211963277775, 38.84936330777785 ], [ -104.794208962510524, 38.849095308062417 ], [ -104.794207963687583, 38.848938307405469 ], [ -104.794217963039671, 38.848674308169485 ], [ -104.794235962567839, 38.848204308481293 ], [ -104.794238963565874, 38.847885307921977 ], [ -104.794242963415883, 38.847622307315589 ], [ -104.79424396389021, 38.847493307172705 ], [ -104.79424796306175, 38.847109308206122 ], [ -104.794249963185337, 38.846982306866011 ], [ -104.794249962223688, 38.846839308237726 ], [ -104.79425296278761, 38.846413307079857 ], [ -104.794253963345582, 38.846271307292938 ], [ -104.79425496232929, 38.846136307295353 ], [ -104.794261962547765, 38.845734307204438 ], [ -104.794263963016107, 38.845600306949869 ], [ -104.794265963184174, 38.845468307535818 ], [ -104.794269962007334, 38.845243306686164 ], [ -104.794262963558282, 38.845131306984733 ], [ -104.794261962678732, 38.845073307053532 ], [ -104.794259962478094, 38.844942307624713 ], [ -104.794267962215486, 38.844874306803227 ], [ -104.794268962273847, 38.844800306868059 ], [ -104.794277962565388, 38.84450030788318 ], [ -104.79427796318781, 38.844374306948573 ], [ -104.794278962949434, 38.844233307101511 ], [ -104.794278962276664, 38.844112306915456 ], [ -104.794281531720557, 38.843880432682603 ], [ -104.794282962994416, 38.843751307187432 ], [ -104.794284947900536, 38.843632200086809 ], [ -104.794284962527669, 38.843631307408096 ], [ -104.794294962573431, 38.843363307255522 ], [ -104.794300962869883, 38.843222307144558 ], [ -104.794288962534679, 38.84256030693308 ], [ -104.794288489542296, 38.842528718461359 ], [ -104.794284963475604, 38.842293307260505 ], [ -104.794284963151682, 38.84220230621191 ], [ -104.794284963012899, 38.841931306613816 ], [ -104.794285962973944, 38.841841307106826 ], [ -104.79428696160538, 38.841663306455629 ], [ -104.794292961777089, 38.841132306436961 ], [ -104.794294961814401, 38.840955306424817 ], [ -104.794296962287575, 38.84078730706171 ], [ -104.794301962496164, 38.840699306567764 ], [ -104.794326358231146, 38.840317444730537 ], [ -104.794350962481303, 38.839932306756829 ], [ -104.794364962022399, 38.839727306530015 ], [ -104.79436296247728, 38.839677306586864 ], [ -104.794369962505968, 38.839468307186728 ], [ -104.794393404337129, 38.83888317668486 ], [ -104.794394961814746, 38.83884430704655 ], [ -104.794396961878604, 38.838800306905902 ], [ -104.79439893774078, 38.838767906295793 ], [ -104.794406962372037, 38.838636306447484 ], [ -104.794423961903746, 38.838346306054092 ], [ -104.794445961599408, 38.837977305782402 ], [ -104.794457962356731, 38.837786306495417 ], [ -104.794459962784416, 38.837677305449368 ], [ -104.794462961275002, 38.837477306677009 ], [ -104.794464533505476, 38.837401333644721 ], [ -104.794468961342474, 38.837187306099743 ], [ -104.794474151872123, 38.837187389878892 ], [ -104.794672004717313, 38.837190580637447 ], [ -104.794778961667447, 38.837192305727179 ], [ -104.795238962722621, 38.837201306572965 ], [ -104.795708962144175, 38.837208305919056 ], [ -104.795772961833762, 38.837210305633235 ], [ -104.796019962396784, 38.837218306355759 ], [ -104.79632196175578, 38.83722730641103 ], [ -104.796775962583865, 38.837242306089443 ], [ -104.79722896283036, 38.837255306101845 ], [ -104.797371962162813, 38.837260306244119 ], [ -104.797531962364573, 38.837269306218545 ], [ -104.797833962689054, 38.837284306682704 ], [ -104.798303962429415, 38.837309305832427 ], [ -104.798579596364078, 38.837323118971142 ], [ -104.798742962497798, 38.837331306093553 ], [ -104.798956963057989, 38.837343306614251 ], [ -104.799046962424029, 38.837345305591519 ], [ -104.799348963777859, 38.837354305890912 ], [ -104.799543317163398, 38.837360727507033 ], [ -104.799802963637248, 38.837369305434564 ], [ -104.800255962819165, 38.837382306239192 ], [ -104.800558963633506, 38.837392305780142 ], [ -104.800858963427473, 38.837401306313936 ], [ -104.801296963541859, 38.837416305506807 ], [ -104.801512627141832, 38.837427925743953 ], [ -104.801760962945778, 38.837441305910737 ], [ -104.802061963764785, 38.837458306423706 ], [ -104.802316963778338, 38.837461305919788 ], [ -104.802486881206249, 38.83746761186196 ], [ -104.80282896374689, 38.83748030585857 ], [ -104.803039963704023, 38.837490305219951 ], [ -104.80360496469487, 38.837502305544554 ], [ -104.803604964865826, 38.837508399065918 ], [ -104.803604964616639, 38.837563305610239 ], [ -104.803614085833999, 38.837563921541722 ], [ -104.803614928426086, 38.83756397884418 ], [ -104.803802171182042, 38.837576630698145 ], [ -104.803826964451559, 38.8375783062857 ], [ -104.803912431796149, 38.837580764403334 ], [ -104.804591964248317, 38.837600305502185 ], [ -104.805758964241377, 38.837625305805467 ], [ -104.805996964911429, 38.837634305346953 ], [ -104.806346964762, 38.837647305640836 ], [ -104.806667965750464, 38.837660304752383 ], [ -104.806712965164223, 38.837662304833714 ], [ -104.806899965616822, 38.837673306145902 ], [ -104.806951965469878, 38.837676304636283 ], [ -104.807174965408862, 38.837688305860944 ], [ -104.807412964930961, 38.837702305050499 ], [ -104.807490964307306, 38.837703305233447 ], [ -104.807843965006143, 38.837710305563867 ], [ -104.80806796585054, 38.83771630490385 ], [ -104.808308965113099, 38.837721305070495 ], [ -104.809034965446997, 38.837737305086776 ], [ -104.809276965278656, 38.837743305563919 ], [ -104.809503965591745, 38.837747305614045 ], [ -104.810146965585702, 38.837762305247566 ], [ -104.81018696595082, 38.837762304979435 ], [ -104.810414965827817, 38.83776230479662 ], [ -104.810625966665626, 38.837762305075984 ], [ -104.811260965514279, 38.837764305483908 ], [ -104.811472965676018, 38.837765305616706 ], [ -104.811565965722068, 38.837766305498086 ], [ -104.811844965867238, 38.837769305596325 ], [ -104.811938965257127, 38.837771305665292 ], [ -104.81211296537748, 38.83777330561081 ], [ -104.812528966612348, 38.837779304466387 ], [ -104.812635966517007, 38.837782305213508 ], [ -104.812810966259363, 38.837787305436585 ], [ -104.812826966636138, 38.837787305505891 ], [ -104.812877966280354, 38.837789305362854 ], [ -104.812894966013445, 38.83779030499926 ], [ -104.812910966390945, 38.837790305057027 ], [ -104.812958966613976, 38.837792305153087 ], [ -104.812975966348915, 38.837793304777641 ], [ -104.812997966730336, 38.837793304277263 ], [ -104.813065966565091, 38.837795304603254 ], [ -104.813088966297087, 38.837796304561323 ], [ -104.813144965438838, 38.837797305068477 ], [ -104.813238966746525, 38.837800304967878 ], [ -104.813688966862955, 38.837815304929379 ], [ -104.813839966747182, 38.837820305030121 ], [ -104.813992966267762, 38.837825305033029 ], [ -104.814267966303788, 38.83782830541319 ], [ -104.814701967536948, 38.837835304523836 ], [ -104.815412966345463, 38.837864304592898 ], [ -104.815553966879847, 38.837867304847528 ], [ -104.815982967319457, 38.8378793046883 ], [ -104.816029967127406, 38.837880304859532 ], [ -104.816172967327631, 38.837883305327018 ], [ -104.816220967696651, 38.837885304975892 ], [ -104.816554967377485, 38.837893304768521 ], [ -104.81668596721731, 38.837897304231966 ], [ -104.817557966932867, 38.837928304834492 ], [ -104.817720968063043, 38.837934304604559 ], [ -104.817892967880525, 38.837942304680645 ], [ -104.818062967345838, 38.837946304587895 ], [ -104.818572966991226, 38.83795830462514 ], [ -104.818743967481467, 38.837962304903506 ], [ -104.819619967272303, 38.83799530440875 ], [ -104.820512968499983, 38.838030303911111 ], [ -104.821377967734151, 38.838048303720321 ], [ -104.821578968304692, 38.838053303897482 ], [ -104.821761968844086, 38.838058304926093 ], [ -104.822913968911536, 38.838093304356704 ], [ -104.82329896849221, 38.838105303536018 ], [ -104.823640968529119, 38.838116304236614 ], [ -104.824178968797256, 38.838134304675769 ], [ -104.824669968383191, 38.838150304190385 ], [ -104.824847968563716, 38.838157304553278 ], [ -104.825013969282693, 38.838154304583291 ], [ -104.825021968782281, 38.837993303693992 ], [ -104.8250499688438, 38.837513304352662 ], [ -104.825059968650351, 38.837353304235073 ], [ -104.825065969354881, 38.837233303992001 ], [ -104.825076969364048, 38.837047304160137 ], [ -104.825080969079764, 38.83687530466581 ], [ -104.825093969119763, 38.836756304517763 ], [ -104.825104401976688, 38.83675732276707 ], [ -104.825265565901034, 38.836773045137321 ], [ -104.825298969254533, 38.836776303948433 ], [ -104.825422968633518, 38.836785304101973 ], [ -104.825482969487126, 38.836791303736987 ], [ -104.825735969737238, 38.836817304383224 ], [ -104.825988969425225, 38.836850304262313 ], [ -104.826339969793651, 38.836866304082413 ], [ -104.826651969036732, 38.836878303893073 ], [ -104.826656553936076, 38.836878484521726 ], [ -104.826778969176132, 38.836883303898318 ], [ -104.827041970070553, 38.836906303895837 ], [ -104.827062969840057, 38.836908303883753 ], [ -104.827127968736761, 38.836914304597947 ], [ -104.82714996947044, 38.836916303161793 ], [ -104.827193969755598, 38.836920303873562 ], [ -104.827327969096189, 38.836932303969462 ], [ -104.827372969209151, 38.836936303196623 ], [ -104.827508969993275, 38.83692730360022 ], [ -104.827924970457062, 38.836919303613215 ], [ -104.828063969733591, 38.8369183033574 ], [ -104.828139970695332, 38.836916303432616 ], [ -104.828312970108939, 38.836914303182382 ], [ -104.82837097059415, 38.836915303420987 ], [ -104.828447970151117, 38.836918303511403 ], [ -104.828472969607262, 38.836918303908121 ], [ -104.82854997032355, 38.836921303937608 ], [ -104.82856964575349, 38.836922060899568 ], [ -104.828575969345053, 38.836922303753887 ], [ -104.82858320245218, 38.836922470786718 ], [ -104.828705970679863, 38.836925303745652 ], [ -104.828782970493762, 38.836927303645865 ], [ -104.82909597083119, 38.836936303665262 ], [ -104.829155162108904, 38.836938182435652 ], [ -104.829158970089807, 38.836938303525045 ], [ -104.829159382561016, 38.836938291493361 ], [ -104.829226970378045, 38.836936303525768 ], [ -104.829271970782202, 38.836934304003144 ], [ -104.829406970389783, 38.836930304359676 ], [ -104.829452970139201, 38.836930304169456 ], [ -104.829543970326768, 38.836933304180562 ], [ -104.829819970316763, 38.836942303975754 ], [ -104.829911970110018, 38.836946304030135 ], [ -104.829974970046081, 38.836945303542848 ], [ -104.830130970218491, 38.836945303359386 ], [ -104.830241970422762, 38.836945303846647 ], [ -104.830302279776944, 38.836944902062882 ], [ -104.830389189024288, 38.836944322077201 ], [ -104.830391969729817, 38.83694430387466 ], [ -104.830400617695062, 38.836877207136439 ], [ -104.830420970523491, 38.836719304077342 ], [ -104.830472578177336, 38.836344924740814 ], [ -104.830479970227017, 38.836291303225181 ], [ -104.8305633311154, 38.835996335979296 ], [ -104.830648970713412, 38.835693303669721 ], [ -104.830748171597804, 38.83545795457875 ], [ -104.830844970779253, 38.835228303102703 ], [ -104.83101796967874, 38.83491530292315 ], [ -104.831345969591297, 38.834465303625755 ], [ -104.8315929702798, 38.83415330335098 ], [ -104.831993159582197, 38.833748955015729 ], [ -104.832073970411898, 38.83366730334739 ], [ -104.832608970223745, 38.833216302507665 ], [ -104.832746986690083, 38.833102574655776 ], [ -104.833199970633345, 38.832729302931106 ], [ -104.833498971046666, 38.832422303324705 ], [ -104.833518970953676, 38.832397302642541 ], [ -104.833799969702696, 38.832078302931265 ], [ -104.834029970765897, 38.831731302868455 ], [ -104.834138970590331, 38.831494302627846 ], [ -104.83419452252889, 38.831328275711279 ], [ -104.834209644554917, 38.831283082695847 ], [ -104.834226970524469, 38.831231302513039 ], [ -104.834251970089326, 38.831158302996741 ], [ -104.834253744277589, 38.831151242210531 ], [ -104.834303969870334, 38.830951301953718 ], [ -104.834342969977925, 38.830787302548231 ], [ -104.834359971079209, 38.830725302774823 ], [ -104.834411970314989, 38.830540301908904 ], [ -104.834429970836041, 38.830479303317368 ], [ -104.834542970729657, 38.83007530185094 ], [ -104.834606970195736, 38.829850302396714 ], [ -104.834852970639844, 38.828856302943159 ], [ -104.834954970697822, 38.82844930300017 ], [ -104.834967969712594, 38.828395301592927 ], [ -104.835007969719584, 38.828233302203493 ], [ -104.835021383039319, 38.828182524686241 ], [ -104.835021970472866, 38.828180301990855 ], [ -104.834933969860884, 38.828146301797489 ], [ -104.834900489116777, 38.828133366303653 ], [ -104.834889969578057, 38.828129302576613 ], [ -104.834926971322034, 38.827978301923942 ], [ -104.835058970659219, 38.828030302160059 ], [ -104.835123877938827, 38.827762680955679 ], [ -104.835167693421496, 38.827582023732752 ], [ -104.83562697056658, 38.825688301892015 ], [ -104.835852970332581, 38.824835301285702 ], [ -104.835968970003464, 38.824399301125702 ], [ -104.835974970346825, 38.824370302070257 ], [ -104.83629107640634, 38.823080743220203 ], [ -104.836298216651414, 38.823051615529877 ], [ -104.836301256410337, 38.823039214354495 ], [ -104.836301969975366, 38.823036301402581 ], [ -104.836302184619427, 38.823029101943355 ], [ -104.836303970730725, 38.822969301323724 ], [ -104.836307787652245, 38.822875780884097 ], [ -104.836309970758577, 38.82282230126296 ], [ -104.836302969622921, 38.822489300906938 ], [ -104.836295969601053, 38.822175300882087 ], [ -104.836216877872488, 38.821781265033721 ], [ -104.836184970044798, 38.821622301776891 ], [ -104.836048970049987, 38.821257300856864 ], [ -104.835811969599405, 38.82085330073641 ], [ -104.835768969312966, 38.820779301112431 ], [ -104.835311969860726, 38.820201301389318 ], [ -104.835303093450435, 38.820192698581053 ], [ -104.835165232108949, 38.82005907996259 ], [ -104.834726969269411, 38.81963430133365 ], [ -104.834396779033298, 38.819369335842786 ], [ -104.833997968417933, 38.819049300877232 ], [ -104.833284969132052, 38.81849530113228 ], [ -104.833083262523175, 38.818330971936277 ], [ -104.833047904362331, 38.81830216608941 ], [ -104.832658968787754, 38.817985301072007 ], [ -104.831920968782015, 38.817433300386625 ], [ -104.831832968067644, 38.817368301327441 ], [ -104.831542879221672, 38.817160578261358 ], [ -104.831506563187972, 38.817134573547172 ], [ -104.831195570919974, 38.816911881036198 ], [ -104.831191967937187, 38.816909300898665 ], [ -104.830614859941093, 38.81657199593981 ], [ -104.830534968389145, 38.816525300658213 ], [ -104.829657967552947, 38.816091300264958 ], [ -104.829539967881615, 38.816033300820663 ], [ -104.82924296773443, 38.815926301193301 ], [ -104.828769967780644, 38.815737300272176 ], [ -104.828682013327096, 38.815708158389278 ], [ -104.828645567495087, 38.81569608314954 ], [ -104.828102966910393, 38.815516301105532 ], [ -104.827517966366415, 38.815364300789575 ], [ -104.827084967482932, 38.815267301276563 ], [ -104.826866966815587, 38.815219301203534 ], [ -104.82622496710367, 38.81512330103827 ], [ -104.826194967158912, 38.815120300910003 ], [ -104.82587606311553, 38.815087838164033 ], [ -104.825860966784532, 38.815086301010851 ], [ -104.825813429229044, 38.81508153864997 ], [ -104.825341966536556, 38.815034301558001 ], [ -104.824859966444691, 38.815010301523202 ], [ -104.824525966244579, 38.814995301746663 ], [ -104.824459966794194, 38.814991301677267 ], [ -104.824261965593664, 38.814981301170938 ], [ -104.824196966516524, 38.814978300439329 ], [ -104.824166966413159, 38.814976300658024 ], [ -104.824078967090159, 38.814971301175966 ], [ -104.82404996618493, 38.814970300846596 ], [ -104.823982966142808, 38.814966300987109 ], [ -104.823783965882512, 38.814955301083522 ], [ -104.823717966199268, 38.81495230146335 ], [ -104.823519965509192, 38.814941300622451 ], [ -104.82343096648647, 38.814937300201763 ], [ -104.822968849245228, 38.814919810681985 ], [ -104.822928965980935, 38.814918300686848 ], [ -104.822731965997534, 38.814911301521349 ], [ -104.822656966431296, 38.814908301054189 ], [ -104.822440981195953, 38.814899699695893 ], [ -104.822430965969815, 38.814899300723347 ], [ -104.82243296578352, 38.814660301069154 ], [ -104.822438965252104, 38.814000301386287 ], [ -104.822427965656672, 38.812735300404356 ], [ -104.822425966641234, 38.812542300415529 ], [ -104.822409965377332, 38.811575300561998 ], [ -104.822395965092809, 38.809691299788334 ], [ -104.822381965493179, 38.808629300474365 ], [ -104.822376965523972, 38.808281300672554 ], [ -104.822375965279804, 38.807487300393767 ], [ -104.822391955735611, 38.806690738038697 ], [ -104.822391964522822, 38.806690299363211 ], [ -104.822386965714202, 38.806596299783052 ], [ -104.822383572819874, 38.806521647785161 ], [ -104.822335965258659, 38.805474300268806 ], [ -104.822290963877435, 38.803294300330066 ], [ -104.822284964754274, 38.803005299246564 ], [ -104.822279094858757, 38.802719654675279 ], [ -104.82227896433885, 38.802713299129969 ], [ -104.822215719773226, 38.802713660525136 ], [ -104.822113880949232, 38.802714242472177 ], [ -104.822105731729124, 38.802714288579331 ], [ -104.822103964410687, 38.802714298979879 ], [ -104.82210197265691, 38.802452932235596 ], [ -104.822099964541678, 38.802189298784498 ], [ -104.822096964426621, 38.801751299361641 ], [ -104.822106964007133, 38.800841299315806 ], [ -104.822106964014026, 38.800615299070301 ], [ -104.82210796440026, 38.800089299182211 ], [ -104.822106592620827, 38.799904173602826 ], [ -104.822106138699027, 38.799842879798888 ], [ -104.822104963925497, 38.799684299701646 ], [ -104.822096964197883, 38.799154298675134 ], [ -104.822099963474841, 38.798567298509788 ], [ -104.822103964339036, 38.798068298221629 ], [ -104.82211496434148, 38.797375298893243 ], [ -104.822114964116267, 38.797298298233294 ], [ -104.822114709799507, 38.797284162889127 ], [ -104.822112963828189, 38.797187298507076 ], [ -104.822111884567263, 38.797085829130701 ], [ -104.822110786237161, 38.796982617346011 ], [ -104.822080355407991, 38.794122148489059 ], [ -104.82208011145778, 38.794099201721586 ], [ -104.822078963559036, 38.793991298754456 ], [ -104.822074964158816, 38.793784297951937 ], [ -104.82206396377839, 38.793164297720359 ], [ -104.822060963305688, 38.792958298206841 ], [ -104.822060963607953, 38.792802298690539 ], [ -104.822050963825774, 38.792418298082637 ], [ -104.822029513914103, 38.7914791558837 ], [ -104.82202454328025, 38.791261531623036 ], [ -104.82201396306958, 38.790798297202848 ], [ -104.822001963335211, 38.790259297882578 ], [ -104.822001962981545, 38.790239297499177 ], [ -104.821999962485677, 38.790063297592127 ], [ -104.821995963677821, 38.789476297570104 ], [ -104.821994972859386, 38.789283140931587 ], [ -104.821994963962226, 38.789281297684099 ], [ -104.821992776819641, 38.789074178560085 ], [ -104.821990962716328, 38.788902296736033 ], [ -104.821978961998326, 38.787767297392563 ], [ -104.821977962867962, 38.787588297071451 ], [ -104.82196196277674, 38.78739029699323 ], [ -104.821937963538417, 38.787082297153489 ], [ -104.821877963098601, 38.786724297260932 ], [ -104.821755963236484, 38.786176296669261 ], [ -104.821648962398271, 38.785851296789261 ], [ -104.821614962740711, 38.785761297671634 ], [ -104.821492961853693, 38.785430297495715 ], [ -104.821344962840129, 38.785104296384809 ], [ -104.821174962925383, 38.784781296947067 ], [ -104.82102496231326, 38.78452429724738 ], [ -104.820886962351665, 38.784309297124985 ], [ -104.820880780770139, 38.784299618858341 ], [ -104.820453962582533, 38.783631297026965 ], [ -104.82009196128719, 38.783122296998705 ], [ -104.820032049545546, 38.78304616414583 ], [ -104.820028997442606, 38.783042286001859 ], [ -104.82002315592554, 38.783034862775828 ], [ -104.820003006850925, 38.783009257983302 ], [ -104.819930654971699, 38.782917315650835 ], [ -104.819814961246976, 38.782770297234237 ], [ -104.819714562555291, 38.782625498925967 ], [ -104.8192366486347, 38.781936226576406 ], [ -104.819228683576966, 38.781924738702514 ], [ -104.819199098446546, 38.781882068933129 ], [ -104.819156961827872, 38.781821297150074 ], [ -104.818954961758649, 38.781532296684162 ], [ -104.818756343270991, 38.781246937230897 ], [ -104.818748347294559, 38.781235449141086 ], [ -104.818708968018527, 38.781178872547713 ], [ -104.818551961313247, 38.780953296040366 ], [ -104.818276204878046, 38.78055764768925 ], [ -104.818268197548051, 38.780546159498122 ], [ -104.817999962198172, 38.780161296714191 ], [ -104.817802148331538, 38.779867243200854 ], [ -104.817795196981876, 38.779856908901991 ], [ -104.817575535798397, 38.7795303724088 ], [ -104.817479960807191, 38.779388295871136 ], [ -104.817339200637818, 38.779179198370493 ], [ -104.81733146866452, 38.779167711731432 ], [ -104.817065960499846, 38.778773296300628 ], [ -104.816866212414283, 38.778489943884431 ], [ -104.816858113478887, 38.778478455052387 ], [ -104.816623960767373, 38.778146296372157 ], [ -104.816387776186588, 38.777800656191502 ], [ -104.816379925982929, 38.777789168789653 ], [ -104.815916804148998, 38.777111409534037 ], [ -104.81590895409748, 38.777099922099787 ], [ -104.815898960252383, 38.777085295978317 ], [ -104.81576896029739, 38.776894296407448 ], [ -104.815434863822261, 38.776422097078502 ], [ -104.815426735432922, 38.776410607968231 ], [ -104.815401587260141, 38.776375064987967 ], [ -104.81536496016848, 38.776323296119337 ], [ -104.814959091562486, 38.775721376877172 ], [ -104.814656960180912, 38.775273295740966 ], [ -104.81461762734628, 38.7752149675621 ], [ -104.814170895682736, 38.7745524857338 ], [ -104.814128959738369, 38.774490296144492 ], [ -104.81398276786733, 38.774265187890222 ], [ -104.813813830597383, 38.774005053900972 ], [ -104.813676959627728, 38.773794295507209 ], [ -104.813547809751796, 38.773569283861157 ], [ -104.813525118749865, 38.773529749681046 ], [ -104.813482958969502, 38.773456296630954 ], [ -104.813434188495265, 38.773372409208264 ], [ -104.813432960272408, 38.773370295686021 ], [ -104.81343017156847, 38.773364604548647 ], [ -104.813371885654192, 38.773245627407988 ], [ -104.813335960090839, 38.773172295870353 ], [ -104.813268909204695, 38.773034687976555 ], [ -104.813182959537087, 38.77285829524282 ], [ -104.813047958687434, 38.772468295564764 ], [ -104.812987960184742, 38.772282296165017 ], [ -104.812927959470585, 38.772094294962734 ], [ -104.812900959316778, 38.771976295568486 ], [ -104.812869959521521, 38.771842295387117 ], [ -104.812843959018593, 38.771642295741984 ], [ -104.812841958666922, 38.771625295112571 ], [ -104.81278095846703, 38.771322296044453 ], [ -104.812752464191192, 38.770820351842133 ], [ -104.812748094136751, 38.77074336652845 ], [ -104.8127419588766, 38.770635294921334 ], [ -104.812723958693653, 38.770298295410463 ], [ -104.812660958849406, 38.769629295768823 ], [ -104.812582958633698, 38.768781295201407 ], [ -104.812566915632914, 38.768485397230805 ], [ -104.812519959573109, 38.76761929529107 ], [ -104.812517958966367, 38.767568294547182 ], [ -104.812461957620158, 38.766951295247139 ], [ -104.812439958800184, 38.766716294731282 ], [ -104.812429564496057, 38.766608577105622 ], [ -104.812429130431241, 38.76660408004431 ], [ -104.812428955518854, 38.766602295265876 ], [ -104.812297970882938, 38.766602112721728 ], [ -104.812297821291878, 38.766602112735995 ], [ -104.81229778101968, 38.766602112497317 ], [ -104.810999958195879, 38.766600295361705 ], [ -104.810918958172593, 38.766600294538833 ], [ -104.807432956701177, 38.766593295125389 ], [ -104.806146957096914, 38.766590296106294 ], [ -104.805187955865463, 38.766588295407978 ], [ -104.803721956834394, 38.766585296031778 ], [ -104.803721638100455, 38.766585295020107 ], [ -104.802014955834949, 38.766579295396468 ], [ -104.799898955690409, 38.766575295367282 ], [ -104.798914228987641, 38.766568538151922 ], [ -104.798878955512365, 38.766568296196702 ], [ -104.798556712996188, 38.766517824523149 ], [ -104.798546955180811, 38.766516296199427 ], [ -104.798537954345989, 38.766299296165549 ], [ -104.798542954476659, 38.765929295881634 ], [ -104.798546182328565, 38.76575497152038 ], [ -104.798546838846676, 38.765719556456013 ], [ -104.798546954672943, 38.765713296033972 ], [ -104.797968955935545, 38.765711295927119 ], [ -104.797718954385445, 38.7657112956771 ], [ -104.797446954482481, 38.765712295906297 ], [ -104.79710895464234, 38.765713296606641 ], [ -104.796504954531855, 38.765715295570153 ], [ -104.794984954786358, 38.765722295901348 ], [ -104.794694954551161, 38.765723295622998 ], [ -104.79409195337476, 38.765726296185179 ], [ -104.793332953487848, 38.765729295894154 ], [ -104.792374954054694, 38.765733296099235 ], [ -104.791057953351341, 38.765724295771854 ], [ -104.790728953859173, 38.765722296007183 ], [ -104.790300953633022, 38.765692296730208 ], [ -104.79014195369713, 38.765688296268735 ], [ -104.789664952819152, 38.765676296272538 ], [ -104.789506954035787, 38.765672296564922 ], [ -104.788720953247179, 38.765652296753785 ], [ -104.787943953518507, 38.765632296402693 ], [ -104.787823952984866, 38.765625296113647 ], [ -104.786699952398919, 38.765561295866625 ], [ -104.785471951883778, 38.765491296706891 ], [ -104.782783950815983, 38.765302296829923 ], [ -104.782319950859289, 38.76527029604091 ], [ -104.781105950530332, 38.765173296326665 ], [ -104.780888951015754, 38.76515529707445 ], [ -104.780237951538851, 38.765104296811039 ], [ -104.780021951468157, 38.765087296708444 ], [ -104.77956295029233, 38.765050297079078 ], [ -104.779100949987978, 38.765014296796792 ], [ -104.778186950788921, 38.764962296658872 ], [ -104.777727951211745, 38.764936296752644 ], [ -104.777486950524576, 38.764920296636348 ], [ -104.777358950113495, 38.764912296977123 ], [ -104.776404949847873, 38.764852296876121 ], [ -104.77666594980694, 38.765090297798878 ], [ -104.776980950662349, 38.76537629761377 ], [ -104.777837950076119, 38.766363297335666 ], [ -104.778025950870102, 38.766580297044669 ], [ -104.778030445512911, 38.766580297082918 ], [ -104.778210950432836, 38.766580296637351 ], [ -104.782123950955409, 38.766576296931149 ], [ -104.782133760422411, 38.766582593524802 ], [ -104.782796951754804, 38.767008296515769 ], [ -104.782662952666826, 38.767135297065472 ], [ -104.782879951420327, 38.767274297622954 ], [ -104.782790951936732, 38.767359297119938 ], [ -104.783251951889852, 38.767655297079919 ], [ -104.783252009985091, 38.767655241584073 ], [ -104.783629950402116, 38.767294298419635 ], [ -104.783571904206781, 38.767257591263494 ], [ -104.783561951803534, 38.767251297514107 ], [ -104.783565951428443, 38.766575296769176 ], [ -104.785857952354149, 38.766572297069402 ], [ -104.785864395153453, 38.766578597850142 ], [ -104.786585952023785, 38.767284297152258 ], [ -104.786514953034214, 38.767362296784725 ], [ -104.786680952372038, 38.767470296159701 ], [ -104.786791952998044, 38.767562297237639 ], [ -104.786793952773706, 38.767607295956694 ], [ -104.786678953135493, 38.767680297409882 ], [ -104.786629952643352, 38.767710296431879 ], [ -104.786858952217813, 38.767932296625233 ], [ -104.786493953025655, 38.768134296243346 ], [ -104.78566895254545, 38.768599296953248 ], [ -104.785438952064652, 38.768689296923867 ], [ -104.785229953135925, 38.768719296456176 ], [ -104.784966951525092, 38.768720296804119 ], [ -104.784967952473721, 38.769168297046427 ], [ -104.784907952410165, 38.769167296696367 ], [ -104.784912952762639, 38.769416296984794 ], [ -104.784929951949792, 38.769539296418365 ], [ -104.785045951747364, 38.769875296820047 ], [ -104.785162952800903, 38.770106297395174 ], [ -104.785693952195544, 38.771155297953754 ], [ -104.78574995215908, 38.771279297648107 ], [ -104.785815952559247, 38.771498297357859 ], [ -104.785842952778594, 38.77174129703458 ], [ -104.785832952956071, 38.771929297206007 ], [ -104.785636953614798, 38.773498297436788 ], [ -104.785594952427871, 38.773742297551152 ], [ -104.785530952903471, 38.773982298332989 ], [ -104.785454952383631, 38.774193297884253 ], [ -104.785290953074465, 38.774538297585671 ], [ -104.785194953843302, 38.774721297827355 ], [ -104.785119953533439, 38.774927298023009 ], [ -104.785085952994464, 38.775104298234872 ], [ -104.785048952481333, 38.77541529776088 ], [ -104.78494595226924, 38.776284298285844 ], [ -104.783951952508474, 38.776345297752187 ], [ -104.78326022258311, 38.776000912500933 ], [ -104.783250952931525, 38.775996297691485 ], [ -104.78286895265596, 38.775054298573345 ], [ -104.782610951874446, 38.774418297773408 ], [ -104.78238295263013, 38.773863298158865 ], [ -104.782045952457196, 38.773098297572368 ], [ -104.781647952409003, 38.772270297135918 ], [ -104.781379951566151, 38.77174829749211 ], [ -104.780976951562948, 38.771008297797032 ], [ -104.78050595158949, 38.770203297085686 ], [ -104.780090950597469, 38.769540297379393 ], [ -104.779611467550666, 38.768819590699607 ], [ -104.779605950906117, 38.768811298064492 ], [ -104.779245950834337, 38.768973296983816 ], [ -104.779157395815147, 38.769016528883647 ], [ -104.779121835698888, 38.769033888693407 ], [ -104.779121767462399, 38.769033922503006 ], [ -104.778991950734365, 38.769097297514783 ], [ -104.778833920763859, 38.769174425585646 ], [ -104.778703128791449, 38.769238259071081 ], [ -104.778698951621251, 38.769240297928008 ], [ -104.778529950891397, 38.768996297381165 ], [ -104.77725795023359, 38.767344297569416 ], [ -104.776669950724212, 38.766581296935847 ], [ -104.775925950075234, 38.765905297330882 ], [ -104.775785920908447, 38.765777975552005 ], [ -104.774900950203516, 38.764973297266536 ], [ -104.774774949540372, 38.764862296709858 ], [ -104.774681949592363, 38.764774297342534 ], [ -104.773924949284194, 38.764088297215352 ], [ -104.77066794817388, 38.761120296758463 ], [ -104.760645475481667, 38.753332703211662 ], [ -104.760645403586111, 38.753332646898599 ], [ -104.760635944723958, 38.753325296658517 ], [ -104.760623945241605, 38.753351296290184 ], [ -104.760589944646696, 38.753441296883722 ], [ -104.760531944374335, 38.753567296096456 ], [ -104.76042794591369, 38.75366629623489 ], [ -104.760346945288035, 38.753719296893067 ], [ -104.760138944394257, 38.7538272965473 ], [ -104.759839945049109, 38.754007296883188 ], [ -104.759827944684105, 38.754133296426964 ], [ -104.759818078488536, 38.754177694840877 ], [ -104.759815944480351, 38.754187297268565 ], [ -104.759809721531923, 38.754193697989969 ], [ -104.759780945462012, 38.754223296737543 ], [ -104.759723945302099, 38.754259296350249 ], [ -104.759642945429064, 38.754340296923367 ], [ -104.759596944960663, 38.754421297390167 ], [ -104.759549945595964, 38.754484296292738 ], [ -104.759457944165746, 38.754646296231606 ], [ -104.759306944895215, 38.754871297584323 ], [ -104.759237945341994, 38.754925296602792 ], [ -104.759212945255186, 38.754934296269411 ], [ -104.75914594448065, 38.754961296771604 ], [ -104.759064945872339, 38.754979297189436 ], [ -104.758915944266491, 38.755005297267296 ], [ -104.758834944978304, 38.755032296457863 ], [ -104.758741944603187, 38.755041296715085 ], [ -104.75853594539123, 38.755077296799506 ], [ -104.758434983944611, 38.755112283301486 ], [ -104.758434944688716, 38.755112296563873 ], [ -104.758444339483447, 38.755118951089933 ], [ -104.758626944410892, 38.755248296894713 ], [ -104.758865120139959, 38.755436069340369 ], [ -104.758867945634066, 38.755438296359166 ], [ -104.759499944327544, 38.755899297520244 ], [ -104.759648945437789, 38.756043296298984 ], [ -104.759728945143735, 38.756160296552906 ], [ -104.759739933904683, 38.75621524314834 ], [ -104.759739944846814, 38.756215297271225 ], [ -104.759750939159105, 38.756341242610446 ], [ -104.759750944348909, 38.756341296696633 ], [ -104.759749945228691, 38.756638296632325 ], [ -104.7597259457457, 38.756908297144435 ], [ -104.759689344437518, 38.757073795717211 ], [ -104.759681321485246, 38.757110070888523 ], [ -104.759679945055481, 38.75711629712707 ], [ -104.759667945309445, 38.757215297129278 ], [ -104.759650945906301, 38.75725829687704 ], [ -104.759632945278653, 38.757305297367303 ], [ -104.759620944892106, 38.757350296542725 ], [ -104.759283884748498, 38.757918028428271 ], [ -104.759266161248547, 38.757947879592876 ], [ -104.759262945384435, 38.75795329679994 ], [ -104.759134945497621, 38.758250296606185 ], [ -104.759099945368774, 38.758322297913402 ], [ -104.759076945060514, 38.758385296728726 ], [ -104.759064945318414, 38.758448297324094 ], [ -104.759063965538914, 38.758703951262319 ], [ -104.759063946066135, 38.758709244734938 ], [ -104.759063945512494, 38.758709297883584 ], [ -104.759085319646104, 38.759156223504753 ], [ -104.759085322534617, 38.759156277576267 ], [ -104.759085942258878, 38.759169243458608 ], [ -104.759085945147405, 38.759169297530136 ], [ -104.759085944787159, 38.759250297846506 ], [ -104.759119927628177, 38.75934924457534 ], [ -104.759119945482752, 38.759349297841531 ], [ -104.75917693082387, 38.759566244228274 ], [ -104.759176945227011, 38.759566297472411 ], [ -104.759233924235218, 38.759701246191653 ], [ -104.759233945560283, 38.759701297678198 ], [ -104.759359945062229, 38.759855297447281 ], [ -104.759473945789352, 38.759963297013584 ], [ -104.759482615489063, 38.759968385588238 ], [ -104.759565945739666, 38.760017297597003 ], [ -104.759575014384865, 38.760023080589725 ], [ -104.759990945081512, 38.760288297775055 ], [ -104.759991422170458, 38.760288558470833 ], [ -104.760289946049298, 38.760451296934576 ], [ -104.760392945117019, 38.760496297774345 ], [ -104.760473945432679, 38.760524298259725 ], [ -104.76058894585745, 38.760533297708029 ], [ -104.76070394596681, 38.76055129687326 ], [ -104.760830946123903, 38.760560297767526 ], [ -104.761031823068137, 38.760619270850803 ], [ -104.761048945961974, 38.760624297831917 ], [ -104.761427945373569, 38.760760297706284 ], [ -104.761818945543709, 38.76091429757448 ], [ -104.762014945937509, 38.76100429769685 ], [ -104.762209946093037, 38.761077296847581 ], [ -104.762381945823492, 38.761149298113509 ], [ -104.76254294622828, 38.761204297997658 ], [ -104.762764559415388, 38.761272035727799 ], [ -104.762781439583719, 38.76127719514065 ], [ -104.762807946389046, 38.761285297643418 ], [ -104.762979946250113, 38.761331297603739 ], [ -104.763117946626664, 38.7613852983458 ], [ -104.763623947208515, 38.761611297614365 ], [ -104.763738946453131, 38.761657297724106 ], [ -104.763864945929654, 38.761720296919776 ], [ -104.764014946744112, 38.76181029726569 ], [ -104.76425593601337, 38.761940354749683 ], [ -104.764266947041364, 38.761946297432715 ], [ -104.764277554715434, 38.761952524038172 ], [ -104.764277593601349, 38.761952546806818 ], [ -104.764404947639591, 38.762027297918834 ], [ -104.764634947060301, 38.762163297428991 ], [ -104.765259792483306, 38.762506330509225 ], [ -104.765271117267872, 38.762512548050246 ], [ -104.765277946693033, 38.76251629753154 ], [ -104.765542946588937, 38.762670297583185 ], [ -104.765668947128717, 38.76273329750331 ], [ -104.765672150234849, 38.762736222224142 ], [ -104.76573794737547, 38.762796296940614 ], [ -104.76600194723332, 38.762986297016894 ], [ -104.766231947709798, 38.763140298379504 ], [ -104.766311947900618, 38.763203297662599 ], [ -104.766380946862441, 38.763266297601746 ], [ -104.766686948217568, 38.763590296902954 ], [ -104.766699944259273, 38.763841243564784 ], [ -104.766699947153782, 38.763841297636056 ], [ -104.766738945088548, 38.764594243949304 ], [ -104.766738947983129, 38.764594298020612 ], [ -104.766751936728852, 38.764846099549004 ], [ -104.766751939623433, 38.764846153620304 ], [ -104.766751944447691, 38.764846243739122 ], [ -104.766751947342286, 38.764846297810436 ], [ -104.766140947645439, 38.764991297985446 ], [ -104.765680947073221, 38.76514229830795 ], [ -104.764877946689012, 38.765406297730578 ], [ -104.763814946676334, 38.765886298521117 ], [ -104.763554946826474, 38.766060298434525 ], [ -104.763057947052204, 38.766391297890323 ], [ -104.762715947202153, 38.766623298333556 ], [ -104.761797946608951, 38.767250298343562 ], [ -104.761587946663639, 38.767392298176858 ], [ -104.761340947141733, 38.767561298528079 ], [ -104.760963946103843, 38.767822298418345 ], [ -104.760756947217573, 38.767967298702857 ], [ -104.760745403836566, 38.767975090778563 ], [ -104.760716946924759, 38.767994299201938 ], [ -104.760599946989359, 38.768075298118283 ], [ -104.760560946518439, 38.768103298609823 ], [ -104.760399946726977, 38.768215298320065 ], [ -104.759916946632828, 38.768550298841674 ], [ -104.759755945904985, 38.768663298543615 ], [ -104.759488947173068, 38.768848298636392 ], [ -104.759400946491837, 38.768910298895236 ], [ -104.758889946223405, 38.769244298474931 ], [ -104.758765082698247, 38.769359617658338 ], [ -104.758764886319227, 38.769359800184247 ], [ -104.758576142480436, 38.769534117177052 ], [ -104.758575948401827, 38.769534299717279 ], [ -104.758382128312846, 38.769741107671294 ], [ -104.758381947937963, 38.769741300208558 ], [ -104.758228125457606, 38.769908104831956 ], [ -104.758227946223187, 38.769908298277102 ], [ -104.758098203770444, 38.770070476566069 ], [ -104.758095949886965, 38.77007330084087 ], [ -104.758082053781308, 38.770090793644286 ], [ -104.757960945649586, 38.770243299242274 ], [ -104.757870945982432, 38.77037029965301 ], [ -104.757714946271335, 38.77059429850496 ], [ -104.757562946116039, 38.770854299533454 ], [ -104.75739994657394, 38.771375298890135 ], [ -104.757358946731344, 38.771507298861714 ], [ -104.75732194630794, 38.771739299990237 ], [ -104.757375943110361, 38.772925245461231 ], [ -104.757375945998135, 38.772925299532716 ], [ -104.757387943547187, 38.773184245230986 ], [ -104.757387946434974, 38.773184299302471 ], [ -104.757432945088183, 38.774271245686947 ], [ -104.757432946825318, 38.774271299751078 ], [ -104.757448946344638, 38.77642724700199 ], [ -104.757448946940428, 38.776427300157941 ], [ -104.757519852031464, 38.776981034072378 ], [ -104.757519859522688, 38.776981088173329 ], [ -104.757527750901275, 38.777042719445888 ], [ -104.757527758392513, 38.77704277354681 ], [ -104.757532939420713, 38.777083246448079 ], [ -104.757532946911965, 38.777083300549002 ], [ -104.757534946678959, 38.777349211775658 ], [ -104.757534947274806, 38.777349264931587 ], [ -104.757534946908024, 38.777349300063669 ], [ -104.757443946850955, 38.777350299794627 ], [ -104.757183393754431, 38.777350732334973 ], [ -104.756840947305363, 38.777351300253777 ], [ -104.756905942009155, 38.777971245844803 ], [ -104.756905947198376, 38.777971299931039 ], [ -104.756826946686132, 38.778219300042402 ], [ -104.756741947203267, 38.778442300003348 ], [ -104.756665947726503, 38.778563300975733 ], [ -104.756481946404435, 38.77886030028067 ], [ -104.756163946400761, 38.77922830040179 ], [ -104.755789947725518, 38.779563299780698 ], [ -104.755236946452598, 38.77993729998213 ], [ -104.754899947080105, 38.780114300990405 ], [ -104.754248946540528, 38.780373301073674 ], [ -104.753866945921004, 38.780481300454063 ], [ -104.753846943811524, 38.780485916812921 ], [ -104.753710946281686, 38.780517300322799 ], [ -104.753150293649696, 38.780517841475614 ], [ -104.752541169085191, 38.780518426304567 ], [ -104.752384119586338, 38.780518576880873 ], [ -104.751623143164636, 38.78051930200634 ], [ -104.751617945507178, 38.780519307228261 ], [ -104.750950356512917, 38.780519939120026 ], [ -104.750851771412371, 38.780520032517835 ], [ -104.750566945467227, 38.780520300803992 ], [ -104.750405397018213, 38.780520225961261 ], [ -104.750398460394223, 38.780520222599613 ], [ -104.750382231199481, 38.780520215072208 ], [ -104.750372924818564, 38.780520210816974 ], [ -104.750105317479793, 38.780520085590872 ], [ -104.750071304194037, 38.780520069413491 ], [ -104.749820231045703, 38.780519951269937 ], [ -104.749818006305674, 38.780519950402827 ], [ -104.749533122432197, 38.780519815785091 ], [ -104.749530695132691, 38.780519814503549 ], [ -104.749243383960774, 38.780519677893004 ], [ -104.749224194584158, 38.780519669072568 ], [ -104.74895607278998, 38.780519540571241 ], [ -104.748922256309967, 38.780519524429856 ], [ -104.748668761620294, 38.780519402538239 ], [ -104.748590176456602, 38.780519364934023 ], [ -104.748381450451731, 38.780519263793984 ], [ -104.748342682691927, 38.780519245147183 ], [ -104.748094139284291, 38.78051912433849 ], [ -104.748052188067717, 38.780519103888587 ], [ -104.747806829268853, 38.780518984179203 ], [ -104.747770831791314, 38.780518966179216 ], [ -104.747519518103672, 38.780518843301245 ], [ -104.747470256208189, 38.780518819384199 ], [ -104.747232206939657, 38.780518701712019 ], [ -104.747230007518425, 38.780518700959554 ], [ -104.74694489577675, 38.780518559411554 ], [ -104.74690571598407, 38.780518540313921 ], [ -104.746657584615022, 38.780518416399815 ], [ -104.746619370454084, 38.780518397167327 ], [ -104.746370273454431, 38.780518272676879 ], [ -104.746345716171149, 38.780518260054549 ], [ -104.74608296229502, 38.780518128242697 ], [ -104.746017830301213, 38.780518095208436 ], [ -104.745795651136774, 38.780517983097262 ], [ -104.745777998253402, 38.78051797378216 ], [ -104.745508341130602, 38.780517837248063 ], [ -104.745502531257884, 38.780517834612596 ], [ -104.745221029974715, 38.780517690680163 ], [ -104.745184667649781, 38.780517672207964 ], [ -104.744933718820008, 38.780517543401004 ], [ -104.744888098460365, 38.78051751955735 ], [ -104.744646407666494, 38.780517395410612 ], [ -104.744586342039042, 38.780517364817655 ], [ -104.74446394462332, 38.780517301398248 ], [ -104.744359091316156, 38.780517735855284 ], [ -104.744322417574296, 38.780517888055087 ], [ -104.744071765932475, 38.780518925063703 ], [ -104.744021049058375, 38.780519135246386 ], [ -104.743784440539201, 38.780520113560804 ], [ -104.743713774850946, 38.780520405332318 ], [ -104.743497115136307, 38.780521301346624 ], [ -104.743446141590141, 38.780521512307693 ], [ -104.743209790874715, 38.780522488428602 ], [ -104.743132728019589, 38.780522806598874 ], [ -104.743012944161038, 38.780523301025845 ], [ -104.742922548606643, 38.780515864666832 ], [ -104.742813476012856, 38.780506891096856 ], [ -104.742635487375722, 38.780492247993109 ], [ -104.742498691358406, 38.780480993246393 ], [ -104.742348426335468, 38.780468630609391 ], [ -104.742250623121336, 38.780460584116128 ], [ -104.742061365476289, 38.780445013416369 ], [ -104.741991943546864, 38.780439301560655 ], [ -104.741774115972561, 38.78043910476719 ], [ -104.741731210856003, 38.780439065890448 ], [ -104.741486806257399, 38.780438844459844 ], [ -104.741437850757023, 38.780438800165051 ], [ -104.741199496544354, 38.780438583441239 ], [ -104.741143375428877, 38.780438531811356 ], [ -104.740912187993899, 38.780438320818128 ], [ -104.740890943174151, 38.780438301680334 ], [ -104.740870238455472, 38.78043706717461 ], [ -104.740625044962869, 38.780422450741902 ], [ -104.740551634740058, 38.78041807406553 ], [ -104.740370943303688, 38.780407301619398 ], [ -104.740337895294516, 38.78040721323282 ], [ -104.740308859310304, 38.780407135783697 ], [ -104.740050591124103, 38.780406443108362 ], [ -104.740010155505246, 38.780406335082368 ], [ -104.739763286959914, 38.780405672272742 ], [ -104.739714627035184, 38.780405541801244 ], [ -104.739475982801935, 38.780404900725891 ], [ -104.739433727624586, 38.780404786881739 ], [ -104.739339869676954, 38.780404534818551 ], [ -104.739258553055365, 38.78040431623868 ], [ -104.739253667497636, 38.780404303133146 ], [ -104.739252942433708, 38.780404301083053 ], [ -104.739252890304172, 38.780404225067052 ], [ -104.739208158673321, 38.780339320398888 ], [ -104.739208106543913, 38.780339244382851 ], [ -104.739161077707337, 38.78027100848027 ], [ -104.739161025578014, 38.780270932464205 ], [ -104.739160285506244, 38.78026985916329 ], [ -104.739160233376893, 38.780269783147247 ], [ -104.739150942311028, 38.780256302659176 ], [ -104.739150941728838, 38.780256249503132 ], [ -104.739150106227243, 38.780207408868556 ], [ -104.739150105645038, 38.780207355712541 ], [ -104.739150029830753, 38.780202931871649 ], [ -104.73915002924862, 38.780202878715663 ], [ -104.73914888797988, 38.780136147208907 ], [ -104.73914888739769, 38.780136094052871 ], [ -104.739148867733348, 38.780134920071248 ], [ -104.739148867151229, 38.780134866915219 ], [ -104.739147704477659, 38.780066909163651 ], [ -104.739147703895512, 38.780066856007672 ], [ -104.739147699708568, 38.78006660193072 ], [ -104.73914769912642, 38.780066548774698 ], [ -104.739146561264405, 38.780000037105431 ], [ -104.739146560682272, 38.779999983949416 ], [ -104.739146542384702, 38.779998897362503 ], [ -104.739146541802555, 38.779998844206524 ], [ -104.739145426899469, 38.779933629060459 ], [ -104.739145426317279, 38.779933575904472 ], [ -104.739145380293962, 38.779930885560972 ], [ -104.739145379711829, 38.779930832405007 ], [ -104.739144942766941, 38.779905302071285 ], [ -104.739144939892725, 38.779905247999366 ], [ -104.739142990130517, 38.779865781871791 ], [ -104.739142987256329, 38.77986572779988 ], [ -104.739142845252672, 38.779862864758201 ], [ -104.739142842378499, 38.779862810686282 ], [ -104.739139690914755, 38.77979904882833 ], [ -104.739139688040623, 38.779798994756419 ], [ -104.739139482753089, 38.779794839431133 ], [ -104.739139479878887, 38.779794785359208 ], [ -104.739136266066296, 38.779729751943705 ], [ -104.739136263192094, 38.779729697871772 ], [ -104.739136120269507, 38.779726813202757 ], [ -104.739136117395319, 38.779726759130845 ], [ -104.739132757792419, 38.779658786973997 ], [ -104.739132754918231, 38.779658732902064 ], [ -104.73913274914095, 38.779658627460655 ], [ -104.73913274626679, 38.779658573388758 ], [ -104.739129887150042, 38.779600727754357 ], [ -104.739129884275854, 38.779600673682424 ], [ -104.739129394170902, 38.779590760737214 ], [ -104.7391293912967, 38.779590706665289 ], [ -104.739129370431499, 38.779590290319774 ], [ -104.739129367557297, 38.779590236247834 ], [ -104.739126030555795, 38.779522734500006 ], [ -104.739126027681621, 38.77952268042808 ], [ -104.739125997380512, 38.779522070330458 ], [ -104.739125994506338, 38.779522016258539 ], [ -104.739122943161448, 38.779460301864837 ], [ -104.739122940287288, 38.779460247792905 ], [ -104.739122622767965, 38.77945518003628 ], [ -104.739122619893806, 38.779455125964375 ], [ -104.739122593284151, 38.779454708680269 ], [ -104.739122590409977, 38.779454654608323 ], [ -104.739118408819465, 38.779387782446108 ], [ -104.739118405945291, 38.779387728374182 ], [ -104.739118340088254, 38.779386676609896 ], [ -104.739118337214094, 38.77938662253797 ], [ -104.739117546145181, 38.779373967127967 ], [ -104.739117543271036, 38.779373913056027 ], [ -104.739114088051267, 38.779318644546542 ], [ -104.739114085177135, 38.779318590474603 ], [ -104.739114017433053, 38.77931749995993 ], [ -104.739114014558893, 38.779317445888012 ], [ -104.739113942789842, 38.779316301293818 ], [ -104.739113941056843, 38.779316248130264 ], [ -104.739111880891016, 38.77925246909949 ], [ -104.739111879158045, 38.779252415935971 ], [ -104.739110104946263, 38.77919751519719 ], [ -104.739110103213335, 38.779197462033601 ], [ -104.739108554056301, 38.779149494177496 ], [ -104.739108552323358, 38.779149441013914 ], [ -104.739108480487914, 38.779147227069039 ], [ -104.739108478754943, 38.779147173905521 ], [ -104.739101360548631, 38.778926881629857 ], [ -104.73910135881566, 38.778926828466275 ], [ -104.739101153775763, 38.778920499307283 ], [ -104.739101152042849, 38.778920446143708 ], [ -104.739094943435632, 38.77872830166654 ], [ -104.739094942853541, 38.778728248510532 ], [ -104.73909484525214, 38.778709620275713 ], [ -104.739094844670078, 38.77870956711967 ], [ -104.73909476042671, 38.778693777660415 ], [ -104.739094759844605, 38.778693724504372 ], [ -104.739093614679575, 38.778477754188316 ], [ -104.739093614097484, 38.778477701032287 ], [ -104.739093356080971, 38.778428998408515 ], [ -104.739093355498881, 38.7784289452525 ], [ -104.739093002686275, 38.778362427910643 ], [ -104.739093002104141, 38.778362374754593 ], [ -104.73909297719959, 38.778357603505292 ], [ -104.739092976617485, 38.778357550349305 ], [ -104.739092943354137, 38.778351301594078 ], [ -104.73909288466254, 38.778351301209291 ], [ -104.738972942790724, 38.778351302127327 ], [ -104.738799942631857, 38.778350301783924 ], [ -104.738713943019221, 38.778350301636429 ], [ -104.73872294311326, 38.779545301494188 ], [ -104.738703943719258, 38.779833302334787 ], [ -104.738428483577025, 38.779889710255027 ], [ -104.738121502569939, 38.779952572647154 ], [ -104.738085411002558, 38.779959963503671 ], [ -104.737872153418436, 38.780003632740126 ], [ -104.737660637295903, 38.780046944563495 ], [ -104.737614941950056, 38.78005630188369 ], [ -104.737041687158111, 38.780173648800883 ], [ -104.736892788102537, 38.780204128749027 ], [ -104.736593942270048, 38.780265301899654 ], [ -104.736350373356089, 38.780315807578837 ], [ -104.736124922102206, 38.780362556390941 ], [ -104.735983515744834, 38.780391877306968 ], [ -104.735614942083927, 38.780468302139013 ], [ -104.735611281016318, 38.780469047382091 ], [ -104.735357054336831, 38.780520824910262 ], [ -104.735184929404511, 38.780555881099495 ], [ -104.734620319240136, 38.780670869511184 ], [ -104.734589203409584, 38.780677206532246 ], [ -104.734303941255163, 38.780735302188759 ], [ -104.733990095242007, 38.780799582253337 ], [ -104.733821343058068, 38.78083414428378 ], [ -104.733649214454985, 38.780869398176947 ], [ -104.73330524280999, 38.780939845826616 ], [ -104.733097941544528, 38.780982302452458 ], [ -104.73268205081682, 38.781067386258044 ], [ -104.732486941682765, 38.781107301728873 ], [ -104.732281941085461, 38.781145301925378 ], [ -104.732113603721757, 38.781171990490051 ], [ -104.732035942064556, 38.781184302531756 ], [ -104.73146994125932, 38.781251302444929 ], [ -104.731180104482775, 38.781296345070871 ], [ -104.730729941474053, 38.781366302334767 ], [ -104.730489000302882, 38.781358300676146 ], [ -104.730458940331488, 38.781357302280036 ], [ -104.730364918765162, 38.78135248069956 ], [ -104.729912941100693, 38.781329302750585 ], [ -104.729218940949593, 38.78129430261928 ], [ -104.728277940923874, 38.781249302290611 ], [ -104.727732940783966, 38.781224302690099 ], [ -104.727153940828472, 38.781197302984772 ], [ -104.72541893976765, 38.781117303446834 ], [ -104.724840939925826, 38.781091302452303 ], [ -104.72398593942755, 38.781051302835074 ], [ -104.723875939768533, 38.781046302490033 ], [ -104.723151939911673, 38.781011302353143 ], [ -104.722641939233228, 38.780985302297061 ], [ -104.721840938591669, 38.780945303498278 ], [ -104.72122893910516, 38.780915302536442 ], [ -104.721039938894464, 38.780901302840554 ], [ -104.720808938519156, 38.780893302744111 ], [ -104.720618864702814, 38.780885700454526 ], [ -104.720609290781979, 38.780885317247673 ], [ -104.720608938748668, 38.780885303172077 ], [ -104.720608540888122, 38.780714742020329 ], [ -104.720608539977491, 38.780714405082755 ], [ -104.720608539556153, 38.78071412850786 ], [ -104.720607939187218, 38.780456303451032 ], [ -104.720605938595526, 38.780103302965642 ], [ -104.720600938685237, 38.778984302845295 ], [ -104.720579938953065, 38.776632302341319 ], [ -104.720570937460707, 38.775476302668416 ], [ -104.720558271130812, 38.773954254337951 ], [ -104.720547416764376, 38.772649858733196 ], [ -104.720535937745979, 38.771270302321319 ], [ -104.720490937748593, 38.770797302006031 ], [ -104.720384937844685, 38.770323301765224 ], [ -104.720091937606014, 38.769618301427698 ], [ -104.719818937235658, 38.769129300796003 ], [ -104.719477938087877, 38.76866730115173 ], [ -104.719087937102415, 38.768227301889183 ], [ -104.71888193688082, 38.768029301241889 ], [ -104.718648936496535, 38.76782130054368 ], [ -104.71855293700051, 38.767748301123014 ], [ -104.718408936606082, 38.767640301358909 ], [ -104.718176936816619, 38.767484301139099 ], [ -104.718157397766575, 38.76747287056039 ], [ -104.718158593422487, 38.767472028178958 ], [ -104.718037937031141, 38.76739130193954 ], [ -104.717604538246249, 38.767114435057138 ], [ -104.717594936249711, 38.767108301035286 ], [ -104.717188936937049, 38.766906300884173 ], [ -104.716718936224368, 38.766704301507026 ], [ -104.716335937111793, 38.766565301305377 ], [ -104.715926936450771, 38.766444301341089 ], [ -104.715379936381396, 38.766308301305244 ], [ -104.714762935859355, 38.766210300995759 ], [ -104.714211936780529, 38.766155301410215 ], [ -104.712809934896683, 38.76613930135079 ], [ -104.711448553711548, 38.766149515889261 ], [ -104.709920502003044, 38.766160962566481 ], [ -104.708537933786417, 38.766171301396447 ], [ -104.705442933931394, 38.766145301685881 ], [ -104.705053933205562, 38.766149302086539 ], [ -104.703820261636764, 38.766161574954495 ], [ -104.702423574311254, 38.766175453017766 ], [ -104.701128931892441, 38.766188302483009 ], [ -104.699251932593299, 38.766186302277845 ], [ -104.699073932866057, 38.766183301725249 ], [ -104.698750932412565, 38.766178302436799 ], [ -104.697401932670587, 38.766161302910767 ], [ -104.696607931974327, 38.766167302618079 ], [ -104.695145986877336, 38.7661782286673 ], [ -104.693795930368523, 38.766188302963229 ], [ -104.692033391476542, 38.766201923358409 ], [ -104.69016892955247, 38.766216302965653 ], [ -104.689700929321461, 38.766215303280134 ], [ -104.689279930024213, 38.766196303304092 ], [ -104.68888192969662, 38.766162303296902 ], [ -104.688620930031249, 38.766125302381361 ], [ -104.687981930291599, 38.766013303034171 ], [ -104.687706930111375, 38.765952302365683 ], [ -104.687507929909913, 38.76590930329359 ], [ -104.687057929263503, 38.765752303723282 ], [ -104.686384928409495, 38.765516303835867 ], [ -104.685697928987182, 38.765176302997894 ], [ -104.685611929267495, 38.765124303641272 ], [ -104.685534929489336, 38.765077303371271 ], [ -104.685304929552572, 38.764936302960187 ], [ -104.685228929018336, 38.764890303181602 ], [ -104.685001341144485, 38.764752400140736 ], [ -104.68499292937463, 38.764747303278057 ], [ -104.684484929166715, 38.764343303506593 ], [ -104.684174929223389, 38.764096302800532 ], [ -104.683714928484648, 38.76363330260299 ], [ -104.683361928314739, 38.763107303043071 ], [ -104.683179928933981, 38.762741302685953 ], [ -104.683038928263883, 38.762458302376302 ], [ -104.682918927927616, 38.762114302715069 ], [ -104.682844927634306, 38.761899302915793 ], [ -104.682733927857328, 38.76145730266493 ], [ -104.682706928062416, 38.761218302553843 ], [ -104.682700927990368, 38.761172302246706 ], [ -104.682685927469038, 38.76103430353411 ], [ -104.682682534447778, 38.760996138619305 ], [ -104.682681927226341, 38.760989302886955 ], [ -104.682670928253913, 38.760824302030457 ], [ -104.682651928522887, 38.760544302851905 ], [ -104.682647927735175, 38.760303302586358 ], [ -104.682631928223273, 38.759334302463159 ], [ -104.682644091669388, 38.758819401067711 ], [ -104.682685927535971, 38.757048302677511 ], [ -104.682692927326187, 38.756286301755523 ], [ -104.682697926812295, 38.755863301940643 ], [ -104.682683881748915, 38.754604269782668 ], [ -104.682672134775444, 38.753551303749852 ], [ -104.682658926644336, 38.752367301712496 ], [ -104.682674927764182, 38.751240301166582 ], [ -104.6826709274292, 38.750008301260898 ], [ -104.682689926881181, 38.749399300952554 ], [ -104.682699926376884, 38.748502300565498 ], [ -104.682695584730951, 38.748102861507377 ], [ -104.68269292651722, 38.747858300265484 ], [ -104.682697926280596, 38.747566300671537 ], [ -104.682697925680273, 38.746783300624351 ], [ -104.682686925762198, 38.746416300762661 ], [ -104.682686925750616, 38.745664301245533 ], [ -104.682672926294259, 38.745170300431113 ], [ -104.682668925898639, 38.744673299812803 ], [ -104.682694926860208, 38.743218300403583 ], [ -104.682689925834097, 38.742884300049894 ], [ -104.682694925735944, 38.742175300029871 ], [ -104.682695926312135, 38.742162300002597 ], [ -104.68269192569521, 38.741800299746856 ], [ -104.68270792634145, 38.740977299943523 ], [ -104.68270292594373, 38.740677299210851 ], [ -104.682708925715858, 38.739931300197355 ], [ -104.682701925956593, 38.739541299753895 ], [ -104.682701114700961, 38.73889555621998 ], [ -104.682701114150944, 38.738895503964372 ], [ -104.682700925529232, 38.738745299598612 ], [ -104.682698925357883, 38.738605299484114 ], [ -104.68271185654433, 38.737478168230695 ], [ -104.682711923295997, 38.737472357045661 ], [ -104.682711923958237, 38.737472299393239 ], [ -104.682529210051413, 38.737464416349816 ], [ -104.682317925701014, 38.737455300085522 ], [ -104.681840273462868, 38.737453653374416 ], [ -104.681737925581402, 38.737453299844866 ], [ -104.681250925922029, 38.737455300042285 ], [ -104.68092392484985, 38.737457299361687 ], [ -104.680761924813851, 38.737455300293639 ], [ -104.680177925347763, 38.737449299176447 ], [ -104.679686924329857, 38.737435299809832 ], [ -104.679238470004933, 38.737435837149704 ], [ -104.678850925254295, 38.737436300391472 ], [ -104.678468618661427, 38.73744254353101 ], [ -104.677870924240779, 38.737452300315368 ], [ -104.676867923122046, 38.737458299098513 ], [ -104.676074923856277, 38.737463299206134 ], [ -104.675407923914875, 38.737459299731391 ], [ -104.674914924449055, 38.737457299176647 ], [ -104.674898923419704, 38.737457299764237 ], [ -104.674399923370387, 38.737464300199491 ], [ -104.673881923385636, 38.737472300090332 ], [ -104.673740847104142, 38.737470431233461 ], [ -104.673730923181111, 38.737470300178082 ], [ -104.673730923528993, 38.737436098679566 ], [ -104.673730923372915, 38.737402237714946 ], [ -104.673730922923767, 38.737398611617486 ], [ -104.673730923082445, 38.73739830081054 ], [ -104.673695502722381, 38.737389866567462 ], [ -104.673689324605604, 38.737388395539206 ], [ -104.673688923131934, 38.737388299887058 ], [ -104.67368892287837, 38.737411299683174 ], [ -104.673688923575753, 38.737453729044901 ], [ -104.673688923941256, 38.737453796614489 ], [ -104.673688923328456, 38.737469300077436 ], [ -104.673650538588973, 38.737468407698707 ], [ -104.673642996183347, 38.737468232342152 ], [ -104.67355992279154, 38.7374662999229 ], [ -104.673469733942099, 38.737465560872479 ], [ -104.673469662632925, 38.737465560364328 ], [ -104.673437923559646, 38.737465299951893 ], [ -104.673151922954375, 38.737462300214283 ], [ -104.672945923321976, 38.737465299933326 ], [ -104.672391922779198, 38.737473300423076 ], [ -104.671615922823122, 38.737473300396324 ], [ -104.671392421380133, 38.737473301210692 ], [ -104.671121922161603, 38.737473300876502 ], [ -104.670418922195239, 38.737481300019887 ], [ -104.669278091767765, 38.737477805923 ], [ -104.669112922726924, 38.737477299404929 ], [ -104.669020922448894, 38.737479299751612 ], [ -104.668999507295752, 38.737479686858904 ], [ -104.668522921718434, 38.737488300069671 ], [ -104.667668921910575, 38.737489300927919 ], [ -104.667627921673144, 38.73748830040001 ], [ -104.666829921399724, 38.737478299738441 ], [ -104.666691332801221, 38.737479605015174 ], [ -104.666606657463447, 38.737480402930167 ], [ -104.666298921798074, 38.73748330034153 ], [ -104.666167921461579, 38.737484300079686 ], [ -104.66609092182982, 38.737484300553298 ], [ -104.66546792190131, 38.737490300716409 ], [ -104.665260921212536, 38.737492301216484 ], [ -104.665050920685587, 38.737494300473124 ], [ -104.664943921989547, 38.737492300459579 ], [ -104.664410430534474, 38.737483302516473 ], [ -104.664213821464571, 38.737479985962516 ], [ -104.664113920718151, 38.73747830029145 ], [ -104.663564921230687, 38.737476301054109 ], [ -104.663455920903118, 38.737475301441037 ], [ -104.662077921204585, 38.737472301382766 ], [ -104.661977904018045, 38.737473376072344 ], [ -104.661821036863884, 38.737475061478271 ], [ -104.660867920306501, 38.737485300384328 ], [ -104.65996492015303, 38.737472300919514 ], [ -104.659671073964816, 38.737474748012296 ], [ -104.659428173651676, 38.737476769894727 ], [ -104.658041919960098, 38.737488300701919 ], [ -104.657317476542744, 38.737494385522673 ], [ -104.656731919368369, 38.737499300896204 ], [ -104.656237919199754, 38.737495301982342 ], [ -104.656010919024524, 38.737493301774428 ], [ -104.655615919005484, 38.737490301629919 ], [ -104.655332919247513, 38.737494301369928 ], [ -104.65523568183599, 38.737495293193625 ], [ -104.655234919118186, 38.737495302052878 ], [ -104.655145141462242, 38.737497421097331 ], [ -104.655107918282042, 38.737498300398734 ], [ -104.654850918964115, 38.737501300977641 ], [ -104.654738918805535, 38.737503301022699 ], [ -104.654661485092376, 38.737502361022344 ], [ -104.654646551303756, 38.737502180109232 ], [ -104.654108701634385, 38.737495651642178 ], [ -104.654079918596736, 38.737495302085925 ], [ -104.654072351830749, 38.737495243295989 ], [ -104.653822918886533, 38.737493301319283 ], [ -104.653533918915585, 38.737495301558283 ], [ -104.653499231442595, 38.737495551105603 ], [ -104.653498064991254, 38.737495559709537 ], [ -104.652930386210812, 38.737499649442505 ], [ -104.652923732620664, 38.737499697246051 ], [ -104.652700918979292, 38.737501301290969 ], [ -104.652420918025385, 38.737504301426561 ], [ -104.652352590698456, 38.737504433629923 ], [ -104.652349392939271, 38.737504439989813 ], [ -104.651901918631566, 38.737505301324845 ], [ -104.651803441142249, 38.737505619046395 ], [ -104.651775095688038, 38.737505710853974 ], [ -104.651209181699997, 38.737507533013215 ], [ -104.651200790334684, 38.737507559892819 ], [ -104.650654150575875, 38.737509317691007 ], [ -104.650626484940759, 38.737509406988899 ], [ -104.650347918000094, 38.737510301825154 ], [ -104.650209917927668, 38.737511301635145 ], [ -104.650082918110201, 38.737498300896895 ], [ -104.650073398366629, 38.737496689707221 ], [ -104.649952917871246, 38.737476302411338 ], [ -104.649851607742661, 38.737437406073354 ], [ -104.649849297149018, 38.737436518872684 ], [ -104.649840918098135, 38.737433301620605 ], [ -104.646169917300924, 38.737401301685338 ], [ -104.644345536625195, 38.737386387913851 ], [ -104.644334916303819, 38.737386301457455 ], [ -104.644391916300862, 38.736883301436379 ], [ -104.644391916139668, 38.736131301252541 ], [ -104.644391916918281, 38.735232301875186 ], [ -104.644503916305297, 38.734323301651699 ], [ -104.644941916940851, 38.732931301586191 ], [ -104.645311916548565, 38.732021300590127 ], [ -104.646117018853147, 38.730596201103268 ], [ -104.646120916650958, 38.730589301010866 ], [ -104.642963329752632, 38.730726285814619 ], [ -104.642939915679037, 38.730727301069479 ], [ -104.643284916111199, 38.730540300652919 ], [ -104.643590915268163, 38.730460300748568 ], [ -104.643845915385299, 38.73035930025371 ], [ -104.643986970954188, 38.730283483320591 ], [ -104.643994245400151, 38.73027957397111 ], [ -104.644005916476047, 38.730273300688445 ], [ -104.644002539745131, 38.730273296485926 ], [ -104.643510074357806, 38.730272664207199 ], [ -104.643382906453908, 38.730272500659822 ], [ -104.641925350921142, 38.730270616635615 ], [ -104.641851663236864, 38.730270520960715 ], [ -104.641682915343253, 38.730270301026195 ], [ -104.641177915580656, 38.730267301225048 ], [ -104.640828914323336, 38.73026530094954 ], [ -104.640784914941094, 38.730265301107998 ], [ -104.640443626444551, 38.730265301848959 ], [ -104.640320458990701, 38.730265302430205 ], [ -104.639705914493405, 38.730265301252416 ], [ -104.639140914713252, 38.73026430063144 ], [ -104.638863837944882, 38.730264301266025 ], [ -104.638559845833939, 38.730264300418206 ], [ -104.63854991445632, 38.730264300523032 ], [ -104.638551914497171, 38.729475301100841 ], [ -104.638553914417642, 38.72903630090407 ], [ -104.638554914439965, 38.728573300587918 ], [ -104.638549273770266, 38.728469888900207 ], [ -104.638548914177335, 38.72846330157509 ], [ -104.638734915030312, 38.728458301103345 ], [ -104.638968914481339, 38.728416301026805 ], [ -104.639066914956501, 38.728398300746711 ], [ -104.639142914817114, 38.728367301100853 ], [ -104.639275914529762, 38.728315300239522 ], [ -104.639346914093409, 38.728287301173154 ], [ -104.639465914444898, 38.728239300687733 ], [ -104.639638913906481, 38.728156300865855 ], [ -104.640518914399863, 38.727730300161042 ], [ -104.640831914291269, 38.727580301253624 ], [ -104.641177883764854, 38.727341464123143 ], [ -104.641183914443133, 38.72733730069573 ], [ -104.641330915198992, 38.727155300916692 ], [ -104.641419915095938, 38.726972300392852 ], [ -104.641488915547768, 38.726759300543769 ], [ -104.641495413306075, 38.726457692452804 ], [ -104.64150091527307, 38.726202301085877 ], [ -104.641489915196956, 38.72577530098971 ], [ -104.641467915410999, 38.72486630012272 ], [ -104.641467915005038, 38.724726299883429 ], [ -104.641464914439851, 38.724302300395678 ], [ -104.641463914830538, 38.724021299724143 ], [ -104.64146888301569, 38.723011600684181 ], [ -104.641468914176002, 38.723005300043241 ], [ -104.641030914543023, 38.723005300627051 ], [ -104.640560913493431, 38.723005300225601 ], [ -104.639719914205813, 38.72300629937817 ], [ -104.639556914214126, 38.723007299939219 ], [ -104.63928291440476, 38.723007299871973 ], [ -104.638757913913182, 38.723005301050534 ], [ -104.638295913396348, 38.723005300437556 ], [ -104.637477913687675, 38.723016300139378 ], [ -104.637183913173928, 38.723019300389019 ], [ -104.636839912855251, 38.723023300703488 ], [ -104.636659913356581, 38.723022300395463 ], [ -104.636650913243685, 38.723095300654521 ], [ -104.635230729408505, 38.723092316837956 ], [ -104.635222912961794, 38.723092299989723 ], [ -104.635202360782543, 38.723092132309191 ], [ -104.635202158398272, 38.723092130799913 ], [ -104.631426911859023, 38.723061301005785 ], [ -104.630110911235789, 38.723084301354909 ], [ -104.63009591222928, 38.723099301400545 ], [ -104.630006911793046, 38.723100301287687 ], [ -104.629853894136033, 38.723099362209197 ], [ -104.62985382399151, 38.723099361682856 ], [ -104.629843911600489, 38.723099300816983 ], [ -104.629843912442624, 38.723033301049711 ], [ -104.629844626760772, 38.723017581238409 ], [ -104.629844628307183, 38.723017548817694 ], [ -104.629844911709853, 38.723011300515239 ], [ -104.628855911217968, 38.723009300325671 ], [ -104.62851791157847, 38.723006300337993 ], [ -104.628293851282393, 38.72300438564254 ], [ -104.628283911594949, 38.723004301014711 ], [ -104.628130873436433, 38.723002423473829 ], [ -104.628120911214864, 38.723002300824866 ], [ -104.628146910776948, 38.720379300120683 ], [ -104.628149910761067, 38.7194563011886 ], [ -104.628149911216624, 38.719440587726368 ], [ -104.628149911193162, 38.719434300357996 ], [ -104.627402910415398, 38.719433300372309 ], [ -104.627315840281952, 38.719433300977229 ], [ -104.627305910404743, 38.719433301020054 ], [ -104.627336719080219, 38.712214005962146 ], [ -104.627336906560217, 38.712170017395806 ], [ -104.627336909614144, 38.712169299402618 ], [ -104.627203029926747, 38.712143361113235 ], [ -104.627199777857214, 38.712142731228901 ], [ -104.627199690676335, 38.712142714356432 ], [ -104.625429247374086, 38.712142091490939 ], [ -104.613508969499875, 38.712137201389254 ], [ -104.608921434505476, 38.712134993024769 ], [ -104.60887588375931, 38.712134976276097 ], [ -104.608875557202055, 38.71213497646896 ], [ -104.608865376552203, 38.712134972997482 ], [ -104.60886536476896, 38.712135546780438 ], [ -104.60883920541724, 38.713394287288153 ], [ -104.608833905877304, 38.713649300442867 ], [ -104.608822905697494, 38.71419530021069 ], [ -104.608822644003212, 38.714199486484716 ], [ -104.608821906190272, 38.714211300625536 ], [ -104.608821869586379, 38.714213121964555 ], [ -104.608820906414834, 38.714261301014723 ], [ -104.608820906281025, 38.714278301001848 ], [ -104.608815905505992, 38.715651301198889 ], [ -104.608810060487059, 38.717503302501584 ], [ -104.608808134588187, 38.718113604274166 ], [ -104.608804332252234, 38.719318311756872 ], [ -104.608802906410332, 38.719770301253931 ], [ -104.60880006703087, 38.720745656810138 ], [ -104.608798906661534, 38.721144301522081 ], [ -104.608822907396103, 38.722592302373386 ], [ -104.608825905812864, 38.722757301800748 ], [ -104.608837684402047, 38.723460475265021 ], [ -104.608895906846755, 38.726936302785397 ], [ -104.60892090422449, 38.728384105355445 ], [ -104.608920907492816, 38.728384303578437 ], [ -104.60887790716464, 38.728373302919707 ], [ -104.608816907217886, 38.728358302673087 ], [ -104.608805484726432, 38.728356623007151 ], [ -104.608748907237285, 38.728348303546163 ], [ -104.608713123298017, 38.728344142057878 ], [ -104.608706407282, 38.728343360713922 ], [ -104.608705907712277, 38.728343302820569 ], [ -104.608699907702743, 38.728673303062962 ], [ -104.608682907953565, 38.72966330333194 ], [ -104.608677907319517, 38.729994303120208 ], [ -104.608620564923683, 38.732302611774259 ], [ -104.608618902490392, 38.732369303387784 ], [ -104.608618764695265, 38.732374794211218 ], [ -104.6084419080522, 38.739494304101562 ], [ -104.608392908433075, 38.741485305090819 ], [ -104.608392515699961, 38.741486536303405 ], [ -104.608337901618938, 38.741657849435526 ], [ -104.608276753096391, 38.741849657306346 ], [ -104.608275908935866, 38.741852304864793 ], [ -104.608278408870063, 38.742572005326714 ], [ -104.608282908592813, 38.743867305353049 ], [ -104.608299139987182, 38.748390880848149 ], [ -104.608299909289371, 38.748605306006276 ], [ -104.608304909908583, 38.749914306633684 ], [ -104.608312909926482, 38.75193030563991 ], [ -104.608351910091784, 38.754833306575954 ], [ -104.608363909867393, 38.755677306966497 ], [ -104.60840591096688, 38.758822307749639 ], [ -104.608468911246419, 38.763542308459314 ], [ -104.608508760513402, 38.766435317115331 ], [ -104.608508911570752, 38.766446308322934 ], [ -104.608521911204221, 38.767118309152572 ], [ -104.608526911301468, 38.767362308759452 ], [ -104.608520911472198, 38.769137308633894 ], [ -104.608519911661247, 38.769811308076491 ], [ -104.608510912428571, 38.772792310013038 ], [ -104.608510057770474, 38.773075577881961 ], [ -104.608508912188967, 38.77345530975095 ], [ -104.608506912271253, 38.773541309322056 ], [ -104.608504123928071, 38.77366064052589 ], [ -104.608473912551474, 38.774953309849707 ], [ -104.608475912190997, 38.775324310014938 ], [ -104.608486912257291, 38.77675031047773 ], [ -104.608500911910241, 38.777707310829648 ], [ -104.608491913088969, 38.779291309796079 ], [ -104.608472912805553, 38.780759310703338 ], [ -104.608472913094189, 38.780921310803272 ], [ -104.608472913168086, 38.781053310147989 ], [ -104.608472912797751, 38.781097310827114 ], [ -104.608475912686387, 38.782190311269311 ], [ -104.608472913679662, 38.783433310714436 ], [ -104.608464913598866, 38.784029310141655 ], [ -104.608459913235166, 38.78435531147462 ], [ -104.608457912571012, 38.78453231139742 ], [ -104.608452914214666, 38.78533631111241 ], [ -104.608451913760135, 38.785579311147643 ], [ -104.608451913788741, 38.785664311596854 ], [ -104.608448913236714, 38.786221310798901 ], [ -104.608448913643301, 38.786375310876359 ], [ -104.608435913510149, 38.786967311426459 ], [ -104.608418913444865, 38.787712311919606 ], [ -104.608419913784203, 38.787892311410218 ], [ -104.608423913507821, 38.788334311773333 ], [ -104.608424914120135, 38.788450311611328 ], [ -104.608424913925958, 38.788524312101302 ], [ -104.608426914319736, 38.788749310904251 ], [ -104.608427913393712, 38.78882431095451 ], [ -104.608428914302195, 38.789084311789424 ], [ -104.608429913626992, 38.789161311828458 ], [ -104.608425913973434, 38.789570311247843 ], [ -104.608423913524405, 38.789713312195111 ], [ -104.608421913200544, 38.78985731223522 ], [ -104.608419906015214, 38.790036648057445 ], [ -104.608418913857605, 38.790125312007049 ], [ -104.608417913437137, 38.790247312640687 ], [ -104.608419913518645, 38.791622312028544 ], [ -104.608419913820711, 38.791719312371214 ], [ -104.608408914524361, 38.793117312518383 ], [ -104.608407914831062, 38.793217312358372 ], [ -104.60838291387293, 38.795113312606915 ], [ -104.608377914246518, 38.795464312618655 ], [ -104.608235915001984, 38.795637312674621 ], [ -104.608250200306884, 38.795638308897196 ], [ -104.608407914858702, 38.795649313096128 ], [ -104.608407757016053, 38.795654922660418 ], [ -104.608400914804079, 38.795898312766489 ], [ -104.608397914431251, 38.796293313428215 ], [ -104.608394915523917, 38.796776312644752 ], [ -104.608391915068182, 38.797313312396149 ], [ -104.608387914756577, 38.797950313728457 ], [ -104.608383915185499, 38.798546312590879 ], [ -104.60838091420014, 38.799099313062385 ], [ -104.608356915136412, 38.802810313586143 ], [ -104.608330915901746, 38.806960314398225 ], [ -104.608311916060984, 38.809966314641116 ], [ -104.608321872785467, 38.809966285703453 ], [ -104.60854778240008, 38.809965621362259 ], [ -104.608651915252963, 38.809965314543277 ], [ -104.609488915818517, 38.809979314637999 ], [ -104.610824916456025, 38.80999531416979 ], [ -104.612490710290501, 38.810012358473507 ], [ -104.616404918511492, 38.810052314311505 ], [ -104.617554917858854, 38.810064313530695 ], [ -104.617554887961589, 38.810070524063022 ], [ -104.617543895051185, 38.812326381157497 ], [ -104.617489919999031, 38.82340031648878 ], [ -104.617485918930825, 38.824013316352051 ], [ -104.617482920886175, 38.82449917726295 ], [ -104.617482920314899, 38.824499315996029 ], [ -104.617425921166912, 38.835312317556166 ], [ -104.617435874472221, 38.8353123850803 ], [ -104.617826632128072, 38.835315035641756 ], [ -104.6220079229318, 38.835343317630382 ], [ -104.622001405319708, 38.832431890787142 ], [ -104.621999922140361, 38.831769316350943 ], [ -104.626311872156322, 38.831811752320867 ], [ -104.62657292165639, 38.831814316694128 ], [ -104.626572983420374, 38.831820536008557 ], [ -104.626577692890834, 38.832298980521195 ], [ -104.626607812352844, 38.83535808873394 ], [ -104.626607923122734, 38.835369317366592 ], [ -104.626617782534467, 38.835369246462385 ], [ -104.627161923377074, 38.835365317177299 ], [ -104.631312923293592, 38.835364317034021 ], [ -104.631312994618568, 38.83537063641112 ], [ -104.631315973522803, 38.835633558257157 ], [ -104.631349925410916, 38.838630317418193 ], [ -104.631332924077199, 38.838937317146062 ], [ -104.630564956569287, 38.83897937789822 ], [ -104.630450808266815, 38.83898562963644 ], [ -104.630280664674117, 38.838994947545153 ], [ -104.629683487504039, 38.839027649770962 ], [ -104.629565456871902, 38.839034112989189 ], [ -104.628916165844728, 38.839069663935618 ], [ -104.628860180818066, 38.839072729611246 ], [ -104.628774232216315, 38.839077435360558 ], [ -104.628739858538026, 38.839079317145192 ], [ -104.628655051062424, 38.839083960195595 ], [ -104.628538924454304, 38.839090317737913 ], [ -104.627884923181952, 38.839282317616529 ], [ -104.627258549515702, 38.839282317395991 ], [ -104.627253923494592, 38.839282317772245 ], [ -104.627254908359149, 38.839627214774033 ], [ -104.627254922854576, 38.839632317525044 ], [ -104.626501923217958, 38.839378316990434 ], [ -104.625975923462718, 38.839430318097804 ], [ -104.624052923156398, 38.839325317930196 ], [ -104.621617922812078, 38.839066317737171 ], [ -104.620213922643771, 38.839032318239965 ], [ -104.61736892057165, 38.8390223180429 ], [ -104.617346921885144, 38.842504319115726 ], [ -104.617356882358223, 38.84250453984486 ], [ -104.618036900710649, 38.842519631932745 ], [ -104.618718031830099, 38.842534744695911 ], [ -104.618743921706283, 38.842535318588681 ], [ -104.618743954332473, 38.842541417866705 ], [ -104.618752921735151, 38.844241318896387 ], [ -104.618763921959399, 38.846149319149191 ], [ -104.614273921519327, 38.846128319462572 ], [ -104.61275545923894, 38.846121592002987 ], [ -104.612698512812059, 38.846121339925226 ], [ -104.612693921161366, 38.846121319267098 ], [ -104.612692808658451, 38.846282793687131 ], [ -104.612691681139182, 38.846446392291035 ], [ -104.612691625324445, 38.846454550333824 ], [ -104.61269050933879, 38.846616394988381 ], [ -104.612690443708914, 38.846625984471899 ], [ -104.61268933754404, 38.846786396782221 ], [ -104.612689323061417, 38.846788478630693 ], [ -104.61268816574362, 38.846956398573298 ], [ -104.612688131192186, 38.846961378434735 ], [ -104.612686993926403, 38.847126401262443 ], [ -104.612686967668168, 38.847130255974299 ], [ -104.612685822114798, 38.847296403048027 ], [ -104.612685797783186, 38.847299919039536 ], [ -104.612684650286354, 38.84746640573163 ], [ -104.61268461412277, 38.847471699090505 ], [ -104.61268347846358, 38.847636407511679 ], [ -104.61268343489516, 38.847642754856309 ], [ -104.612682306623867, 38.847806410189776 ], [ -104.612682257599872, 38.847813470998268 ], [ -104.612681921643471, 38.847862319241422 ], [ -104.612681198775675, 38.847975624173557 ], [ -104.612681193538236, 38.847976412413054 ], [ -104.612680109245616, 38.848146414853574 ], [ -104.612680064307, 38.848153425243098 ], [ -104.612679024936511, 38.848316418192063 ], [ -104.612679020954985, 38.848317013650494 ], [ -104.612677940633461, 38.848486420627033 ], [ -104.612677902273617, 38.848492350898503 ], [ -104.612676856314039, 38.848656423960051 ], [ -104.612676809357978, 38.848663780275935 ], [ -104.6126757720006, 38.848826426389493 ], [ -104.612675670849242, 38.848842364177251 ], [ -104.612674688822722, 38.848996429725801 ], [ -104.61267461703288, 38.849007711033003 ], [ -104.612673605650897, 38.849166432158469 ], [ -104.612673579025682, 38.849170685060571 ], [ -104.612672522462589, 38.849336435489242 ], [ -104.612672339141014, 38.849365131063735 ], [ -104.612672002831658, 38.849417880154128 ], [ -104.612671870594696, 38.849438612244278 ], [ -104.612671745697838, 38.849458111070945 ], [ -104.612671572869132, 38.849485136473803 ], [ -104.612671446754135, 38.849504917269897 ], [ -104.612671077803924, 38.84956276965643 ], [ -104.612670684953287, 38.849624472267102 ], [ -104.612670651683558, 38.849629626008969 ], [ -104.612670251442623, 38.849692473594992 ], [ -104.612670176468583, 38.849704286402691 ], [ -104.612669943259348, 38.84974075718317 ], [ -104.612669920644862, 38.849744320033338 ], [ -104.607965894792926, 38.84972136944603 ], [ -104.607955919645704, 38.849721320777775 ], [ -104.607961866305104, 38.849037572879368 ], [ -104.607961920627972, 38.849031320210251 ], [ -104.602657918688635, 38.84899532056685 ], [ -104.599210918715798, 38.848951320150334 ], [ -104.598761072835359, 38.848945323054103 ], [ -104.598760918486377, 38.848945320955778 ], [ -104.598757917763194, 38.849081320681286 ], [ -104.598748918005214, 38.849637321125535 ], [ -104.598735452546876, 38.850445042981598 ], [ -104.598734603958064, 38.850495945807388 ], [ -104.598734277344306, 38.850515514252116 ], [ -104.598732402278443, 38.850627980579866 ], [ -104.598730040480319, 38.850769638337944 ], [ -104.598728019420818, 38.850890886326511 ], [ -104.598720720301941, 38.851328702843965 ], [ -104.598720460576544, 38.851344270043938 ], [ -104.598713162370302, 38.851782007271126 ], [ -104.598712902687296, 38.851797570867234 ], [ -104.598705604330775, 38.85223531257887 ], [ -104.598704932288115, 38.852275657411916 ], [ -104.598699919220579, 38.852576320912412 ], [ -104.598697982845934, 38.852688616473955 ], [ -104.598697005025898, 38.852745341651243 ], [ -104.598696011509475, 38.852802940571515 ], [ -104.598691918837446, 38.853040321745397 ], [ -104.598692919869777, 38.853141941099508 ], [ -104.598693199346741, 38.853170309648185 ], [ -104.598693425609312, 38.853193247208075 ], [ -104.598693918185234, 38.853243320794277 ], [ -104.598703776564378, 38.853243440518568 ], [ -104.599189918920189, 38.853249321770747 ], [ -104.599239768240651, 38.853249846117642 ], [ -104.600000505778752, 38.853257850886052 ], [ -104.600022523435925, 38.8532580827112 ], [ -104.600767366224261, 38.853265915181574 ], [ -104.600799071979466, 38.853266248873837 ], [ -104.601376919102606, 38.853272321721242 ], [ -104.601534225510804, 38.853274079809403 ], [ -104.601581475614907, 38.85327460737399 ], [ -104.601913919721312, 38.853278320986213 ], [ -104.602301083846527, 38.853282328555068 ], [ -104.602328822273037, 38.853282615858959 ], [ -104.603067946284398, 38.853290261461815 ], [ -104.603363920099, 38.853293321789103 ], [ -104.603363937236509, 38.853299539873433 ], [ -104.603364455527739, 38.853489585999057 ], [ -104.603365651980553, 38.85392820767796 ], [ -104.603365711587955, 38.853949863762729 ], [ -104.60336688921447, 38.854381580846116 ], [ -104.603366913975094, 38.854390480941838 ], [ -104.603368125323541, 38.854834953084598 ], [ -104.60336816511311, 38.854849508190007 ], [ -104.60336863246674, 38.855020864005191 ], [ -104.603368646177657, 38.855026075766567 ], [ -104.603369889799083, 38.855482231788059 ], [ -104.603371077086265, 38.855917842532698 ], [ -104.603371090877104, 38.855923047987993 ], [ -104.603372327039807, 38.856376420158412 ], [ -104.603372353031702, 38.856386135568307 ], [ -104.603372653507776, 38.856496141190632 ], [ -104.603373564358975, 38.856829793218509 ], [ -104.603373910632513, 38.856956708012973 ], [ -104.603373920322838, 38.856960321561651 ], [ -104.598738516520584, 38.856886395100922 ], [ -104.598733919080672, 38.856886321599745 ], [ -104.598716919457118, 38.859877321980122 ], [ -104.598694920230912, 38.864216323583641 ], [ -104.59870487097092, 38.864216549416554 ], [ -104.599003919820206, 38.864223322685483 ], [ -104.605955921336047, 38.864368322487557 ], [ -104.607963922333738, 38.864415321645794 ], [ -104.607964009440167, 38.864421414132096 ], [ -104.608016922778219, 38.868105322426146 ], [ -104.608026754521831, 38.868105342040899 ], [ -104.612614922753323, 38.868114323295679 ], [ -104.612614933684981, 38.868110773876026 ], [ -104.612622274450914, 38.86563494218602 ], [ -104.612622581644573, 38.865531317932913 ], [ -104.612624196100057, 38.864986808398612 ], [ -104.61262588470656, 38.864417455572543 ], [ -104.612625895074416, 38.86441395119175 ], [ -104.612625923202174, 38.864404321799185 ], [ -104.612630530243806, 38.864404311938287 ], [ -104.612827907015273, 38.864403893012351 ], [ -104.61306047959998, 38.864403398272856 ], [ -104.613062635617183, 38.864403394009621 ], [ -104.613300198966272, 38.864402888237571 ], [ -104.613312248951914, 38.864402862175304 ], [ -104.613539918340408, 38.864402376806964 ], [ -104.61354041384088, 38.864402376082694 ], [ -104.613779637699807, 38.864401865782575 ], [ -104.613783501484889, 38.864401857414222 ], [ -104.614019357067036, 38.864401353362844 ], [ -104.614030152153418, 38.86440133027007 ], [ -104.614259076430784, 38.864400840448582 ], [ -104.614262979390375, 38.864400832362918 ], [ -104.614498795779824, 38.864400327940601 ], [ -104.614516760705428, 38.86440028917297 ], [ -104.614738515136679, 38.86439981403727 ], [ -104.614750332343959, 38.864399788755094 ], [ -104.61497823447877, 38.864399300540178 ], [ -104.614985836436475, 38.864399284568698 ], [ -104.615013297765174, 38.864399225262723 ], [ -104.615015492968013, 38.864399220360873 ], [ -104.615033724084043, 38.864399180838063 ], [ -104.615117624528224, 38.864399000902047 ], [ -104.616205118711974, 38.864396662424021 ], [ -104.617288924196004, 38.864394321782129 ], [ -104.617288926009323, 38.864400665856309 ], [ -104.617289111210468, 38.865093635565572 ], [ -104.617289400373764, 38.866171811679344 ], [ -104.61728941037984, 38.866207906767741 ], [ -104.617289704857313, 38.867305218578757 ], [ -104.617289715764926, 38.867347174851972 ], [ -104.617289923620589, 38.868122321790551 ], [ -104.617299847473149, 38.868122162043562 ], [ -104.617911925298785, 38.868112322765477 ], [ -104.618060489910448, 38.868113300881205 ], [ -104.618671925325046, 38.86811732280551 ], [ -104.619422924285459, 38.86812232173542 ], [ -104.619905818353502, 38.86812473688849 ], [ -104.619914086066018, 38.868124777885406 ], [ -104.62182692524172, 38.868134322635228 ], [ -104.62183177078515, 38.868134334930545 ], [ -104.621873426369319, 38.868134437116815 ], [ -104.623749516844924, 38.868139023919674 ], [ -104.623875030970154, 38.868139329795675 ], [ -104.625667261993769, 38.868143682152287 ], [ -104.626487419412271, 38.868145664827622 ], [ -104.628313418649981, 38.868150058138923 ], [ -104.628866686042215, 38.86815138377905 ], [ -104.629360701766046, 38.868152564654544 ], [ -104.629409065089092, 38.868152680163163 ], [ -104.629936025962095, 38.868153937850487 ], [ -104.629978852341466, 38.868154039591268 ], [ -104.630511350191426, 38.868155307297251 ], [ -104.630550511005325, 38.868155400317981 ], [ -104.63108667327964, 38.868156674787826 ], [ -104.631131967955284, 38.868156781948194 ], [ -104.631661997553195, 38.868158038537878 ], [ -104.631686463848467, 38.868158096140931 ], [ -104.632237321848891, 38.86815939943952 ], [ -104.632264519164337, 38.868159463802016 ], [ -104.632812646155585, 38.868160758393572 ], [ -104.632837936362066, 38.86816081829928 ], [ -104.63338796933202, 38.868162114490637 ], [ -104.633413277975578, 38.868162174408631 ], [ -104.633963293682612, 38.868163467747912 ], [ -104.634008650588967, 38.868163574250673 ], [ -104.634538618055146, 38.86816481815675 ], [ -104.634549260982695, 38.868164843370835 ], [ -104.63511394244955, 38.868166165717263 ], [ -104.63514468203563, 38.868166237752909 ], [ -104.635689265713523, 38.868167510420797 ], [ -104.635813670247458, 38.868167800553181 ], [ -104.636036928674073, 38.868168321079843 ], [ -104.63603683131123, 38.868174619356978 ], [ -104.636036719839922, 38.868181793191269 ], [ -104.636036531241615, 38.868193980788384 ], [ -104.636025187861819, 38.868924833690194 ], [ -104.636009946736309, 38.869906807661955 ], [ -104.636009690873948, 38.869923291986524 ], [ -104.63600898431315, 38.869968770701668 ], [ -104.636008929600166, 38.869972320689428 ], [ -104.62662750318583, 38.869953330924744 ], [ -104.626622927141725, 38.869953321756725 ], [ -104.626603927331416, 38.871605322904045 ], [ -104.626595926945342, 38.872379322362043 ], [ -104.626590927266463, 38.872805322528059 ], [ -104.626582927763735, 38.873576322844976 ], [ -104.62656492731503, 38.875151323065744 ], [ -104.626562926926113, 38.875387323339595 ], [ -104.62652192755084, 38.879009323031156 ], [ -104.626481927881002, 38.882631323477234 ], [ -104.62647992782091, 38.882765323409451 ], [ -104.626471928843472, 38.883372323785586 ], [ -104.626499927810059, 38.883558324007552 ], [ -104.626499928695722, 38.884292323837307 ], [ -104.626501924385281, 38.886249781625565 ], [ -104.626501928053202, 38.886253324838087 ], [ -104.623106927505432, 38.886251324838845 ], [ -104.621810914493665, 38.88625132452961 ], [ -104.621800927851709, 38.886251324749345 ], [ -104.621833926508145, 38.882740324010349 ], [ -104.621835823988008, 38.882638812000096 ], [ -104.62183592644449, 38.882633323670461 ], [ -104.621715927264333, 38.882623324279187 ], [ -104.621288926762759, 38.882634323571637 ], [ -104.620342926359385, 38.882634324218927 ], [ -104.618987926092572, 38.882632323872272 ], [ -104.618209925909809, 38.882635324631487 ], [ -104.617333926109154, 38.882635324655432 ], [ -104.617196445895189, 38.88262273832072 ], [ -104.61719192592669, 38.882622324715101 ], [ -104.617191426304373, 38.882642299898329 ], [ -104.617190616425077, 38.882674713978815 ], [ -104.617190198745732, 38.882691435779378 ], [ -104.617188926340447, 38.882742324446227 ], [ -104.61718867485591, 38.882776920212393 ], [ -104.617188014523592, 38.882867575090003 ], [ -104.61718800712724, 38.882868540784976 ], [ -104.617187402618626, 38.882951461067421 ], [ -104.617187352880308, 38.882958242569174 ], [ -104.617187332202136, 38.882961110837286 ], [ -104.617186692399073, 38.883048909155455 ], [ -104.617186642704283, 38.883055779845293 ], [ -104.617186031904893, 38.883139576641661 ], [ -104.617186023353767, 38.88314072791065 ], [ -104.617185371409036, 38.883230244126985 ], [ -104.617185353208129, 38.883232727734928 ], [ -104.617185337865351, 38.883234796055589 ], [ -104.617184710922743, 38.883320910710609 ], [ -104.617184674307921, 38.88332589504175 ], [ -104.617184050423518, 38.883411578194213 ], [ -104.617184031045383, 38.883414249177719 ], [ -104.617183389922644, 38.883502245676908 ], [ -104.617183369356127, 38.883505104936845 ], [ -104.617182729420037, 38.883592913158736 ], [ -104.617182701624969, 38.883596724601553 ], [ -104.617182068926937, 38.883683579738928 ], [ -104.617182055454421, 38.883685497625493 ], [ -104.617181408421004, 38.883774247219009 ], [ -104.617181387887939, 38.883777103776438 ], [ -104.617180747913338, 38.883864914698215 ], [ -104.617180740763246, 38.883865860575511 ], [ -104.617180087415235, 38.883955581275764 ], [ -104.617180068092765, 38.88395824775511 ], [ -104.617179426904201, 38.884046248753243 ], [ -104.617179396765735, 38.884050434046209 ], [ -104.617178766391518, 38.884136916229835 ], [ -104.617178765091154, 38.884137113514271 ], [ -104.6171781058883, 38.884227582804741 ], [ -104.617177445372207, 38.884318250279584 ], [ -104.617177421354455, 38.884321479777597 ], [ -104.617176784854465, 38.884408917753547 ], [ -104.617176746332277, 38.884414240803153 ], [ -104.617176124334989, 38.884499585226628 ], [ -104.617176095507716, 38.884503572334147 ], [ -104.617175463825077, 38.884590251797995 ], [ -104.617175451842954, 38.884591957086386 ], [ -104.61717480330222, 38.88468091926935 ], [ -104.617174763445831, 38.8846864423056 ], [ -104.617174142777699, 38.884771586739809 ], [ -104.61717410797705, 38.884776332348842 ], [ -104.617173482262729, 38.884862253308576 ], [ -104.617173463186234, 38.88486489997004 ], [ -104.617172821734798, 38.88495292077728 ], [ -104.617172805023756, 38.884955191786744 ], [ -104.617172161205275, 38.885043588245104 ], [ -104.617172155456075, 38.885044328730622 ], [ -104.617171500685188, 38.885134254811248 ], [ -104.617171473202532, 38.885138041030949 ], [ -104.617170840152255, 38.885224922277331 ], [ -104.617170802862333, 38.885230053446868 ], [ -104.617170179617617, 38.885315589742532 ], [ -104.617170151922011, 38.88531939307736 ], [ -104.617169519081273, 38.885406257206824 ], [ -104.617169508578542, 38.885407750797818 ], [ -104.617168858554479, 38.885496923769445 ], [ -104.617168818450708, 38.885502466622874 ], [ -104.617168198014767, 38.885587591231982 ], [ -104.617168181516234, 38.885589845126049 ], [ -104.617167537473406, 38.885678258693659 ], [ -104.617167507669535, 38.885682416961863 ], [ -104.617166876941525, 38.885768925253664 ], [ -104.617166838653077, 38.885774229385646 ], [ -104.617166216396811, 38.885859592713572 ], [ -104.617166189059191, 38.885863367222548 ], [ -104.617165555850335, 38.885950260172621 ], [ -104.617165506577095, 38.885957096629873 ], [ -104.617164896465965, 38.886040926738737 ], [ -104.617164872794234, 38.886044128311333 ], [ -104.617164235916135, 38.886131594196023 ], [ -104.61716421208753, 38.886134808379786 ], [ -104.617163575364586, 38.886222261652406 ], [ -104.617163520084048, 38.886229859313332 ], [ -104.617162914811431, 38.88631292910793 ], [ -104.617162900846196, 38.886314793837855 ], [ -104.61716225426774, 38.886403595661768 ], [ -104.617162236703649, 38.886406027923151 ], [ -104.617161593711216, 38.886494263115516 ], [ -104.617161584642957, 38.886495548612302 ], [ -104.617160933152945, 38.886584930568411 ], [ -104.617160896264849, 38.886590029308294 ], [ -104.617160272604238, 38.886675597119556 ], [ -104.617160266002372, 38.886676498857234 ], [ -104.617159619887758, 38.88676526284398 ], [ -104.61715961204257, 38.886766264570646 ], [ -104.61715895147924, 38.886856932020876 ], [ -104.61715891588014, 38.886861834377136 ], [ -104.617158290925474, 38.886947598569435 ], [ -104.61715824687505, 38.886953644086951 ], [ -104.617157630358776, 38.887038266017896 ], [ -104.617157582328474, 38.887044909694026 ], [ -104.617156969790443, 38.887128933465462 ], [ -104.617156910081704, 38.887137072525086 ], [ -104.617156309220334, 38.887219600912182 ], [ -104.617156277354241, 38.887223924927191 ], [ -104.617155648659832, 38.887310267457188 ], [ -104.61715562839349, 38.887313102394266 ], [ -104.617154988086384, 38.887400934902139 ], [ -104.617154929644073, 38.887408879379564 ], [ -104.617154327511244, 38.887491602346167 ], [ -104.617154302918948, 38.887494970575347 ], [ -104.617153666945669, 38.887582268888515 ], [ -104.617153632702284, 38.887586969456038 ], [ -104.617153006367147, 38.887672936330787 ], [ -104.617152984162843, 38.88767592710645 ], [ -104.617152345786991, 38.887763603772171 ], [ -104.617152321104854, 38.887766979207719 ], [ -104.617151685216314, 38.887854270311877 ], [ -104.617151648562114, 38.887859350134335 ], [ -104.617151024632733, 38.887944937751499 ], [ -104.617150983226864, 38.887950585096462 ], [ -104.617150367174929, 38.888035168283906 ], [ -104.617150364047518, 38.888035605190275 ], [ -104.617149705578754, 38.888126009585271 ], [ -104.617149703460555, 38.888126272628114 ], [ -104.617149047668391, 38.888216368939268 ], [ -104.617149044035742, 38.888216939173034 ], [ -104.617148383445425, 38.888307606609104 ], [ -104.617148361475941, 38.888310578467738 ], [ -104.61714772285346, 38.888398274044299 ], [ -104.617147697980471, 38.888401664793186 ], [ -104.617147062270959, 38.888488940577808 ], [ -104.617147030280492, 38.888493274501087 ], [ -104.617146401675626, 38.888579608011241 ], [ -104.617146327604004, 38.888589828909794 ], [ -104.617145747567605, 38.888669475505637 ], [ -104.617145742231131, 38.888670275452519 ], [ -104.617145083044917, 38.88876073659187 ], [ -104.617145081643613, 38.888760941983378 ], [ -104.617144424484351, 38.888851147285365 ], [ -104.617144421043179, 38.888851609414147 ], [ -104.617143760441095, 38.88894227684402 ], [ -104.617143728909426, 38.888946573834183 ], [ -104.617143099837278, 38.889032944272991 ], [ -104.61714307309208, 38.889036578246895 ], [ -104.617142439242969, 38.889123610800311 ], [ -104.617142385784859, 38.889130968836895 ], [ -104.617141778635826, 38.889214278227541 ], [ -104.617141751710093, 38.889218019405483 ], [ -104.61714111802695, 38.889304945653855 ], [ -104.617140992155598, 38.889322205686774 ], [ -104.617140906503138, 38.889334006651779 ], [ -104.61714007104581, 38.889448653451367 ], [ -104.617139938213114, 38.889466844047021 ], [ -104.617139825680368, 38.889482289795225 ], [ -104.617139520780057, 38.88952414357496 ], [ -104.6171392955561, 38.889555140473576 ], [ -104.61713927881938, 38.889557506074844 ], [ -104.617138634940943, 38.889645807896549 ], [ -104.617138606301026, 38.889649686896966 ], [ -104.617137974335236, 38.889736474417852 ], [ -104.617137912973234, 38.889744931475654 ], [ -104.617137313716682, 38.889827141839064 ], [ -104.617137030368198, 38.889866149880092 ], [ -104.617136926712902, 38.889880325444885 ], [ -104.617137082337663, 38.889880324825143 ], [ -104.617140605329325, 38.889880302034626 ], [ -104.617146899665485, 38.889880262455968 ], [ -104.617245027845371, 38.889879650088119 ], [ -104.617456926672617, 38.889878325857339 ], [ -104.617525180583129, 38.88987820983774 ], [ -104.617544533988863, 38.889878176590109 ], [ -104.617812945578663, 38.889877719464629 ], [ -104.617836424644878, 38.889877679642957 ], [ -104.618100710570161, 38.889877228379135 ], [ -104.618121403464684, 38.889877192585821 ], [ -104.618388475557666, 38.889876736581272 ], [ -104.618410925230776, 38.889876697844905 ], [ -104.61867624054122, 38.889876244071004 ], [ -104.618692675202084, 38.889876215528517 ], [ -104.618964004368181, 38.8898757508396 ], [ -104.618983154890827, 38.889875717616469 ], [ -104.619251769343734, 38.889875256904574 ], [ -104.619259040845677, 38.88987524443516 ], [ -104.619539534315294, 38.889874762257151 ], [ -104.619571302758942, 38.889874707397915 ], [ -104.619792926803058, 38.889874325530542 ], [ -104.619827298992476, 38.889874290318168 ], [ -104.619837732371565, 38.889874280133668 ], [ -104.620115061388375, 38.889874001430414 ], [ -104.620146253180124, 38.889873969976421 ], [ -104.620402823781902, 38.889873711830255 ], [ -104.620434432862936, 38.889873679853153 ], [ -104.620690586173112, 38.88987342151772 ], [ -104.620693944083513, 38.889873418091163 ], [ -104.620978348561962, 38.889873130492845 ], [ -104.621023591012843, 38.889873084339222 ], [ -104.621266109795883, 38.889872838746889 ], [ -104.621308559170814, 38.889872795691034 ], [ -104.62138176575769, 38.889872721152699 ], [ -104.621482014292326, 38.889872619425859 ], [ -104.62155387218003, 38.889872546297234 ], [ -104.621647054466692, 38.889872451385123 ], [ -104.621770928254946, 38.88987232523273 ], [ -104.621770927107235, 38.889872418015329 ], [ -104.621770871775382, 38.889878661639472 ], [ -104.621770579980179, 38.889911662499372 ], [ -104.621769146980853, 38.890073634610552 ], [ -104.621769134029989, 38.890075054309328 ], [ -104.621767629391712, 38.890245053672949 ], [ -104.621767589701946, 38.890249566812692 ], [ -104.621766124757343, 38.890415052132639 ], [ -104.621766085591105, 38.890419522934621 ], [ -104.621764621268355, 38.890585050597913 ], [ -104.621764587547432, 38.890588801632923 ], [ -104.621763116608449, 38.890755049952105 ], [ -104.621763077553268, 38.890759511745919 ], [ -104.621761613105107, 38.890925048411091 ], [ -104.621761561065142, 38.890930932605862 ], [ -104.621760108430792, 38.891095047759052 ], [ -104.621760084478467, 38.891097729515892 ], [ -104.621758603760384, 38.891265046202982 ], [ -104.621758548314986, 38.891271298834191 ], [ -104.621757099071658, 38.891435045544661 ], [ -104.621757098118195, 38.891435215804883 ], [ -104.621755605961283, 38.891603828774528 ], [ -104.621755595539511, 38.891605043991078 ], [ -104.621754090836333, 38.89177504332639 ], [ -104.621754069697943, 38.89177740438889 ], [ -104.621752586137148, 38.891945041757765 ], [ -104.621752533215343, 38.891950997115217 ], [ -104.621751081430673, 38.89211504018602 ], [ -104.621751056853654, 38.892117772387458 ], [ -104.621749576705938, 38.892285039511897 ], [ -104.621749524753142, 38.892290916499334 ], [ -104.621748071985124, 38.892455037933814 ], [ -104.621747953716977, 38.892468418799972 ], [ -104.621746567245921, 38.89262503725336 ], [ -104.621746477289165, 38.89263519766606 ], [ -104.621745062510698, 38.892795035668975 ], [ -104.621745051475585, 38.892796300429431 ], [ -104.621743558909785, 38.892965034990986 ], [ -104.621743482037786, 38.892973764895324 ], [ -104.621742066035935, 38.893133793871002 ], [ -104.621742055312794, 38.893135033408925 ], [ -104.621741928070179, 38.893149325902854 ], [ -104.621739951169587, 38.893305027286459 ], [ -104.621739392131971, 38.893349005211071 ], [ -104.621738689691171, 38.893404295376421 ], [ -104.621737927457488, 38.893464325551008 ], [ -104.62173759772034, 38.893467404089286 ], [ -104.621736783091961, 38.893475014023366 ], [ -104.621736085776945, 38.893481527564809 ], [ -104.621734940213599, 38.893492219631618 ], [ -104.621734928535773, 38.893492324947033 ], [ -104.621744919966275, 38.893492299536717 ], [ -104.621745536722173, 38.893492297890255 ], [ -104.622162871258638, 38.893491228683828 ], [ -104.62314774377252, 38.893488700002372 ], [ -104.625055945668166, 38.893483776912142 ], [ -104.625114804842156, 38.893483624435241 ], [ -104.625229928208839, 38.893483325989571 ], [ -104.626357928895274, 38.893480325516727 ], [ -104.626462929497421, 38.893480325439846 ], [ -104.626462862051227, 38.893486650049304 ] ] ] } },
{ "type": "Feature", "properties": { "OBJECTID": 52, "LANDBASE_EPC_SENATEDIST_AREA": null, "PERIMETER": null, "SENATE": 9, "Shape__Area": 5484890417.5786581, "Shape__Length": 443500.21029010002 }, "geometry": { "type": "Polygon", "coordinates": [ [ [ -104.766580987280307, 39.129680349403451 ], [ -104.766590898946191, 39.129680282907948 ], [ -104.767471987070309, 39.129674348536078 ], [ -104.767770987737507, 39.129676348524548 ], [ -104.768368987588858, 39.12967534922111 ], [ -104.768958987753507, 39.129667349418277 ], [ -104.769879988771507, 39.129667349343798 ], [ -104.770281988043038, 39.129661348525516 ], [ -104.770749988149944, 39.129669349102386 ], [ -104.771198987876488, 39.129669349414364 ], [ -104.771663989719045, 39.129663349224742 ], [ -104.771978989138205, 39.129670349718715 ], [ -104.772502988287314, 39.12966434867748 ], [ -104.772744989377145, 39.129669349525059 ], [ -104.77341798922798, 39.129661349200582 ], [ -104.773888989071764, 39.129664348988868 ], [ -104.774144989015923, 39.12965634845277 ], [ -104.774512989327832, 39.129658348853418 ], [ -104.774754989550857, 39.129657348621727 ], [ -104.775707989295455, 39.129654348547511 ], [ -104.776057989406681, 39.129650348897762 ], [ -104.776719989671918, 39.129657348544555 ], [ -104.777397989346838, 39.129658348462968 ], [ -104.777895989816457, 39.129665348639946 ], [ -104.778420989869531, 39.129654348262065 ], [ -104.778837990813884, 39.129666348320633 ], [ -104.779201990728964, 39.129664348192577 ], [ -104.779663990111345, 39.129668348245005 ], [ -104.780262991649082, 39.129666348266532 ], [ -104.780880990702954, 39.129670348438495 ], [ -104.781479991257712, 39.12966934844362 ], [ -104.782056991111958, 39.129678348017158 ], [ -104.782603992318457, 39.129679348133187 ], [ -104.782796992008898, 39.129684348317255 ], [ -104.783058991650151, 39.12969434770244 ], [ -104.783718991109424, 39.129699347702015 ], [ -104.784160991618407, 39.129706348353722 ], [ -104.784428991679448, 39.1297153482219 ], [ -104.784581991471583, 39.129720347773883 ], [ -104.784814991986778, 39.129719348038812 ], [ -104.785069991327561, 39.129711348924928 ], [ -104.785515991994131, 39.129712348640801 ], [ -104.787941992590916, 39.129690348166186 ], [ -104.789252992934493, 39.129696347204849 ], [ -104.790555993070427, 39.129708348203984 ], [ -104.790897993073358, 39.129704348152721 ], [ -104.791488993473877, 39.129710347640511 ], [ -104.791576992703199, 39.129710347962117 ], [ -104.792134993922062, 39.129710347735703 ], [ -104.792333993391537, 39.129709348231451 ], [ -104.793320994405789, 39.129719347506693 ], [ -104.793506993537719, 39.129726347770045 ], [ -104.793776993781677, 39.129720347386481 ], [ -104.793843994093976, 39.129721347602022 ], [ -104.794161993573368, 39.129726347909738 ], [ -104.797888994880537, 39.129719347384238 ], [ -104.799246995396615, 39.129716346450572 ], [ -104.799338994555782, 39.129726347152491 ], [ -104.799930995227086, 39.12971534705779 ], [ -104.800346995525672, 39.129716346912659 ], [ -104.802323996040798, 39.12968234651445 ], [ -104.802800996398958, 39.129691347005057 ], [ -104.802944995296286, 39.129698346895211 ], [ -104.803216655819028, 39.129695465005106 ], [ -104.803698996535957, 39.129690346943384 ], [ -104.804395996609429, 39.129690347561031 ], [ -104.804439996181031, 39.129704346858873 ], [ -104.805009997246032, 39.129721346428092 ], [ -104.806476996627509, 39.129730346901013 ], [ -104.807145997462769, 39.129750346995678 ], [ -104.807878996981955, 39.129744346468136 ], [ -104.808076997491938, 39.129746346401731 ], [ -104.808790998182502, 39.129736346621016 ], [ -104.809166997583915, 39.129725346332464 ], [ -104.809529997994403, 39.129725346398672 ], [ -104.810110997186129, 39.129749346920356 ], [ -104.810571997367447, 39.129755346405972 ], [ -104.812323998076607, 39.129726346817286 ], [ -104.812519999054913, 39.129725346543907 ], [ -104.813000998772523, 39.129737345793494 ], [ -104.813713997972357, 39.129745346573692 ], [ -104.814138998032334, 39.129761346450415 ], [ -104.815201999037953, 39.12974734604245 ], [ -104.816038998880686, 39.129753345448023 ], [ -104.816787999881981, 39.129770346041184 ], [ -104.817884999067061, 39.129743345566418 ], [ -104.818557000069063, 39.129752345345857 ], [ -104.818950999524901, 39.129743345581829 ], [ -104.820798999748021, 39.129729345774479 ], [ -104.820919000046786, 39.129728345519851 ], [ -104.821536000576145, 39.129749345776695 ], [ -104.822482000892009, 39.129756345521379 ], [ -104.823720000952804, 39.129733344950324 ], [ -104.825267000803805, 39.129721345569486 ], [ -104.82633200131778, 39.129737345091279 ], [ -104.827003002021982, 39.129743345588665 ], [ -104.82717600212986, 39.129743345546864 ], [ -104.827674000998428, 39.129747345058419 ], [ -104.827839001367465, 39.129745345805176 ], [ -104.828216001819783, 39.12974134525583 ], [ -104.828962002106422, 39.129759344891859 ], [ -104.829380002288843, 39.129758344727172 ], [ -104.829950002741597, 39.129770345242889 ], [ -104.830386001788199, 39.129770345707747 ], [ -104.830475704489643, 39.129770345378809 ], [ -104.830595002356617, 39.129770345480487 ], [ -104.831299003435674, 39.129795344457662 ], [ -104.831679002148604, 39.129801344694137 ], [ -104.831914003030789, 39.129796344596585 ], [ -104.834000003516337, 39.129819344755852 ], [ -104.834132002780393, 39.129822345088009 ], [ -104.834385904756942, 39.129841071465314 ], [ -104.83459300378918, 39.129856344930758 ], [ -104.834853002951689, 39.129870344149857 ], [ -104.835376109140412, 39.129816607598215 ], [ -104.835476003082903, 39.129806345109529 ], [ -104.835517003108933, 39.12980934516515 ], [ -104.835643003650105, 39.129808345028415 ], [ -104.835686003861312, 39.129808344919439 ], [ -104.835849003125361, 39.129806344558247 ], [ -104.835990003641385, 39.129805344779534 ], [ -104.836341003792398, 39.129815344617207 ], [ -104.836505003786542, 39.129820344933073 ], [ -104.837471003389155, 39.129824345181888 ], [ -104.837503038762108, 39.129825235204621 ], [ -104.837651003933644, 39.129829344688353 ], [ -104.838592004841317, 39.129857344221996 ], [ -104.839053004562473, 39.129852344507889 ], [ -104.840307005491013, 39.12987834426513 ], [ -104.841091004126639, 39.129875343981013 ], [ -104.842238005195796, 39.12987134397946 ], [ -104.842484005587551, 39.129872343652252 ], [ -104.843224005370246, 39.129875344505599 ], [ -104.843471005051526, 39.129877344048609 ], [ -104.844359006283426, 39.129877343926793 ], [ -104.844989006115725, 39.129881343909808 ], [ -104.845075005400389, 39.12988234391306 ], [ -104.84579400589304, 39.129876343614761 ], [ -104.847151006778418, 39.129895343480676 ], [ -104.847712006477607, 39.129876344147043 ], [ -104.847913748490441, 39.129866902695753 ], [ -104.848588006894985, 39.129835344054754 ], [ -104.849544007330408, 39.129834343769645 ], [ -104.849632006360451, 39.129835343457472 ], [ -104.850479006712035, 39.129826344422654 ], [ -104.851063007116437, 39.12984734427377 ], [ -104.851176006477814, 39.129852343772299 ], [ -104.852438910314689, 39.12986309612652 ], [ -104.852468007019539, 39.129863344145988 ], [ -104.852492639402101, 39.129862942194656 ], [ -104.853019008232764, 39.129854343238989 ], [ -104.853230990180364, 39.129860819418241 ], [ -104.853510007511005, 39.129869343246547 ], [ -104.854940064999326, 39.129855886796001 ], [ -104.855104007831628, 39.129854343091225 ], [ -104.855173504798316, 39.129855211073462 ], [ -104.855985008697516, 39.129865343775521 ], [ -104.857798009042142, 39.129860343101974 ], [ -104.857913469338854, 39.129859307717318 ], [ -104.858244009246462, 39.129856343432181 ], [ -104.859701009194964, 39.12984634327654 ], [ -104.860757009601414, 39.129839342824262 ], [ -104.861273010159493, 39.12983934286099 ], [ -104.861329046942032, 39.129837228270574 ], [ -104.861697009731742, 39.129823342806581 ], [ -104.861850009133263, 39.129821343273917 ], [ -104.863199010606237, 39.129805343120303 ], [ -104.863674009294584, 39.129796342646962 ], [ -104.863772009882226, 39.129794342308678 ], [ -104.863825009960181, 39.129794342231577 ], [ -104.863932010202063, 39.129797342735429 ], [ -104.864499009882451, 39.129807342833629 ], [ -104.865314009858466, 39.129815342440196 ], [ -104.866592011371495, 39.12980834301392 ], [ -104.867108876020168, 39.129820046291677 ], [ -104.867387011167679, 39.129826343100831 ], [ -104.867692010332064, 39.129826343014358 ], [ -104.868947010780772, 39.129824342261152 ], [ -104.869968011384401, 39.129823342467475 ], [ -104.870402011587558, 39.12982234207491 ], [ -104.870412777108456, 39.129822225423894 ], [ -104.870863012317116, 39.129817341871856 ], [ -104.871430323392204, 39.129823760661672 ], [ -104.871747011637879, 39.129827342434332 ], [ -104.87199771055667, 39.129824612647106 ], [ -104.872298011593031, 39.129821342125858 ], [ -104.872712011730599, 39.129820342611474 ], [ -104.873333012097333, 39.129819342350423 ], [ -104.873638918920378, 39.129827062550412 ], [ -104.8739670125548, 39.129835341542233 ], [ -104.874070012525365, 39.12983834190063 ], [ -104.874137012903333, 39.129840341856031 ], [ -104.874380012312827, 39.129837342226679 ], [ -104.874484012276639, 39.129836341573231 ], [ -104.875006012931323, 39.129831341330551 ], [ -104.875073601734073, 39.129829184749305 ], [ -104.875100013203252, 39.129828342544457 ], [ -104.875287012247199, 39.129825341861434 ], [ -104.87564701300056, 39.129808342055568 ], [ -104.876126012662098, 39.129799342026025 ], [ -104.876949013411775, 39.129802342229453 ], [ -104.876965013106073, 39.129803342041946 ], [ -104.8774630133437, 39.129825342029058 ], [ -104.877565013703233, 39.129822341616972 ], [ -104.877956013018405, 39.129810341189476 ], [ -104.878568014145728, 39.129808342608925 ], [ -104.879035013555253, 39.129811341476575 ], [ -104.879130013267897, 39.129816341467567 ], [ -104.879323013227577, 39.129829342548064 ], [ -104.879500646628287, 39.129835621514331 ], [ -104.879521013825681, 39.129836341530378 ], [ -104.879756013903986, 39.129845342206167 ], [ -104.880447013532049, 39.129890341353587 ], [ -104.880744014201696, 39.129875341436374 ], [ -104.88085101394843, 39.129871341346778 ], [ -104.881427014470987, 39.12985234150927 ], [ -104.88217901476736, 39.129858341499933 ], [ -104.88332201420566, 39.129866341506542 ], [ -104.884461015336726, 39.129855341258704 ], [ -104.884849015315126, 39.129855341541557 ], [ -104.886182014676933, 39.129858341107102 ], [ -104.887665015765805, 39.129861341015271 ], [ -104.887953014909471, 39.129861341029724 ], [ -104.887970016373643, 39.129862340985092 ], [ -104.889732015320646, 39.129877341431126 ], [ -104.89090601584661, 39.129862340958447 ], [ -104.893268017549133, 39.129862340908588 ], [ -104.895040017461199, 39.129863341269555 ], [ -104.895229017344562, 39.129863341291042 ], [ -104.895797017439406, 39.129863341097064 ], [ -104.895987018492065, 39.129864340496745 ], [ -104.89602502549441, 39.129864340930354 ], [ -104.896290017403118, 39.129864340849608 ], [ -104.896796017963169, 39.129864340968872 ], [ -104.897198017114974, 39.129864341041056 ], [ -104.898132018161348, 39.129853340352085 ], [ -104.899225017808774, 39.129862340798972 ], [ -104.899317019074275, 39.129863340728356 ], [ -104.899554470969335, 39.129853684009746 ], [ -104.899735018180834, 39.129846340975917 ], [ -104.900035019026674, 39.129843340721344 ], [ -104.900506019044116, 39.12983834056422 ], [ -104.900647019174855, 39.129837340098796 ], [ -104.900726019464415, 39.129837340648507 ], [ -104.901172019502965, 39.129832339972481 ], [ -104.90248501903686, 39.129821339868194 ], [ -104.902725019576124, 39.129819340523589 ], [ -104.903098019471443, 39.129814339695301 ], [ -104.90311101874606, 39.129820340002262 ], [ -104.903916018940535, 39.129820339991205 ], [ -104.904261018689127, 39.129822340448037 ], [ -104.904646018548519, 39.129823340552548 ], [ -104.905707019365209, 39.129829340555105 ], [ -104.908143019991741, 39.129842339639126 ], [ -104.90849402029238, 39.12984434000635 ], [ -104.909796020349859, 39.12985133917492 ], [ -104.910287020843924, 39.129854339759831 ], [ -104.91070502131069, 39.129848340409296 ], [ -104.911065020425525, 39.129843339404182 ], [ -104.911390021762116, 39.129839339866209 ], [ -104.912211021975764, 39.129823339352662 ], [ -104.912220948409313, 39.129829681685933 ], [ -104.912247021998084, 39.129846339736957 ], [ -104.912293021471797, 39.129877339434387 ], [ -104.91229429839575, 39.129878170129551 ], [ -104.912356020891906, 39.129918339317996 ], [ -104.912392020593828, 39.129943339501452 ], [ -104.912634021360901, 39.129916339871357 ], [ -104.912962311343634, 39.129879413600982 ], [ -104.913363021791909, 39.129834339617112 ], [ -104.913422021175919, 39.129827339607552 ], [ -104.913595021499589, 39.12982734020796 ], [ -104.914853021891446, 39.129828339623472 ], [ -104.914877021455297, 39.129827339387596 ], [ -104.915309022001068, 39.129827339260743 ], [ -104.917718022468407, 39.129827339123608 ], [ -104.919179022724123, 39.129827339514627 ], [ -104.919809023228609, 39.129827339241537 ], [ -104.923679023840293, 39.129828338748219 ], [ -104.92379702326447, 39.129828338901525 ], [ -104.923807421065092, 39.129828338920092 ], [ -104.925799024249443, 39.129828338737234 ], [ -104.928362024901361, 39.129829338925667 ], [ -104.929103024684267, 39.129829338750397 ], [ -104.930136597140091, 39.129829597100475 ], [ -104.930198163769376, 39.129829612321068 ], [ -104.938406027103412, 39.129831337378164 ], [ -104.939017027415076, 39.12983133735267 ], [ -104.942215027887414, 39.129832337089226 ], [ -104.942322029108453, 39.129832337070852 ], [ -104.942913028270539, 39.129832337210715 ], [ -104.944191773456978, 39.129833061621476 ], [ -104.944200385422263, 39.129833066626205 ], [ -104.944685028880741, 39.129833337358683 ], [ -104.944953029478242, 39.129834337356002 ], [ -104.945277028668329, 39.129834337411999 ], [ -104.945301029167013, 39.129834337149425 ], [ -104.945373028342942, 39.129834337221958 ], [ -104.945398029294111, 39.129834337192591 ], [ -104.954655031413608, 39.12984733720149 ], [ -104.962462033472519, 39.129859336637146 ], [ -104.972503035469927, 39.129874335159876 ], [ -104.981983038020573, 39.129889334672768 ], [ -104.982427037813579, 39.129889334728617 ], [ -104.991685039008416, 39.12990333416613 ], [ -104.992129039778064, 39.129903334228189 ], [ -104.99346303994686, 39.129906334505073 ], [ -104.993908039768158, 39.129907334754051 ], [ -105.000550041800309, 39.129923333899569 ], [ -105.001411041626483, 39.129920333437433 ], [ -105.00529504179886, 39.129909333338155 ], [ -105.00773504272172, 39.129902332982986 ], [ -105.013495696023298, 39.129885244568918 ], [ -105.013499278061119, 39.129885233385799 ], [ -105.017125046024915, 39.129874332131244 ], [ -105.021018046119693, 39.129862332278492 ], [ -105.02122004647326, 39.129860332139984 ], [ -105.022944046331688, 39.129855332290262 ], [ -105.026065047251805, 39.129846332214477 ], [ -105.027461048008078, 39.129842332181127 ], [ -105.029559047839399, 39.129837331261783 ], [ -105.032892049063406, 39.129826331549523 ], [ -105.033554048617106, 39.129825331586076 ], [ -105.033590049740255, 39.129825331420449 ], [ -105.033585539353453, 39.129755102199731 ], [ -105.033583049194192, 39.129716330651917 ], [ -105.03291904738046, 39.118689330473885 ], [ -105.032907048110488, 39.118462329054005 ], [ -105.032901047525101, 39.118373329470238 ], [ -105.032859047766763, 39.117645329280705 ], [ -105.032817047994357, 39.11657132946393 ], [ -105.032788047747189, 39.116249329783642 ], [ -105.032777047327031, 39.116122329456665 ], [ -105.032766047276908, 39.115996329945951 ], [ -105.032567046593954, 39.112366328786294 ], [ -105.032445046848764, 39.110076328121345 ], [ -105.032361047259002, 39.108510328566645 ], [ -105.032342046897, 39.108153327983715 ], [ -105.032331046917392, 39.107944328627809 ], [ -105.032120045883858, 39.104009328270564 ], [ -105.032107046018709, 39.103765328009992 ], [ -105.032064046147539, 39.102964327408188 ], [ -105.031910045765883, 39.1001403271569 ], [ -105.031401044453077, 39.092586325729542 ], [ -105.031299044956143, 39.091070326265388 ], [ -105.030933044354583, 39.08564632544482 ], [ -105.030909043273567, 39.085293325271699 ], [ -105.029956042087008, 39.071142323660609 ], [ -105.029934993256006, 39.070820100496753 ], [ -105.029011040326324, 39.056673321767825 ], [ -105.028090038663663, 39.042232319596494 ], [ -105.028073037745486, 39.041866319396689 ], [ -105.027601038047024, 39.034853319068851 ], [ -105.02756403777299, 39.034299318553778 ], [ -105.02720503623263, 39.028893317772962 ], [ -105.027414036166689, 39.022392316723163 ], [ -105.027425779644872, 39.022026582379766 ], [ -105.027428035894786, 39.021956316924083 ], [ -105.027492035269049, 39.020391316433034 ], [ -105.02752103625248, 39.019660316688892 ], [ -105.02752366741818, 39.019587486231558 ], [ -105.027524035466655, 39.019577316324764 ], [ -105.027499457438978, 39.019586419600252 ], [ -105.02736203524087, 39.019637316201745 ], [ -105.027349035525233, 39.019645316962738 ], [ -105.027279035668485, 39.019690316329189 ], [ -105.027098035640364, 39.019806316088363 ], [ -105.026874035460708, 39.019983316112125 ], [ -105.026636034960049, 39.020171316625216 ], [ -105.026627035950554, 39.020177316583826 ], [ -105.02624003557905, 39.020459316888953 ], [ -105.026001036233083, 39.020584316207589 ], [ -105.02563903557855, 39.020760316079716 ], [ -105.025226035059504, 39.020909316802552 ], [ -105.02487303571634, 39.020996316344316 ], [ -105.024743035176925, 39.021028317069671 ], [ -105.024405035781186, 39.021142316970412 ], [ -105.023634035157386, 39.021405316625994 ], [ -105.023459034334337, 39.02146431652934 ], [ -105.023181034057615, 39.021491317307415 ], [ -105.023015133439714, 39.021511937425053 ], [ -105.023004034405417, 39.021513317096328 ], [ -105.022897034610608, 39.021555317425104 ], [ -105.022858034596922, 39.021570317001789 ], [ -105.022615034031872, 39.021735316477454 ], [ -105.022455034893028, 39.021854316551291 ], [ -105.022302034847115, 39.021968316618803 ], [ -105.022108034463528, 39.022120317793728 ], [ -105.02209671174856, 39.022125908794976 ], [ -105.022077139163329, 39.022135572875129 ], [ -105.021948035522314, 39.022199317115174 ], [ -105.021868854003259, 39.022217524163061 ], [ -105.02176103433375, 39.022242316718135 ], [ -105.021583034121676, 39.022242317105338 ], [ -105.021379034835036, 39.022194317142443 ], [ -105.021111034363543, 39.022088316933818 ], [ -105.020672033882121, 39.021908316352693 ], [ -105.020395033693148, 39.021795316639029 ], [ -105.020009015751583, 39.02163744198748 ], [ -105.019972034517906, 39.021622316673515 ], [ -105.019840034110885, 39.021565316767521 ], [ -105.019824444002978, 39.02156122752789 ], [ -105.019723776944787, 39.02153482403881 ], [ -105.019718033832646, 39.02153331756864 ], [ -105.019670137001114, 39.021524887236936 ], [ -105.019593033791054, 39.021511316918833 ], [ -105.019475033129552, 39.021473317242659 ], [ -105.019457769396467, 39.021466041077296 ], [ -105.019358269259328, 39.02142410166821 ], [ -105.019354033937759, 39.021422316737024 ], [ -105.019273872163396, 39.021359662040574 ], [ -105.019267033785226, 39.02135431704513 ], [ -105.019152034205177, 39.021319317518902 ], [ -105.01904103453073, 39.021313317174332 ], [ -105.018911682244138, 39.021321474207291 ], [ -105.018819034222716, 39.021327317154721 ], [ -105.018148032761033, 39.021238316899684 ], [ -105.017484310047038, 39.021039664550848 ], [ -105.017433033424567, 39.021024317043242 ], [ -105.017336426398458, 39.021012100347278 ], [ -105.01700603381336, 39.020970317879566 ], [ -105.016911033999634, 39.020957317457523 ], [ -105.016554033365225, 39.02090731755132 ], [ -105.016075033148596, 39.020764317521461 ], [ -105.015767603908145, 39.020703547120931 ], [ -105.015731033176635, 39.020696318038119 ], [ -105.015463085807937, 39.020631049148157 ], [ -105.015419032845088, 39.020620317891819 ], [ -105.015120033718219, 39.020501318002857 ], [ -105.014991032112661, 39.020480317290264 ], [ -105.014859032383384, 39.02046931680259 ], [ -105.014696032337369, 39.020477317261303 ], [ -105.014088032612065, 39.020547316861006 ], [ -105.01386303281943, 39.020585316725949 ], [ -105.013672033112613, 39.020648317783369 ], [ -105.013536032193286, 39.020732317195289 ], [ -105.013460032444669, 39.020832317462265 ], [ -105.013442545908589, 39.020864499951116 ], [ -105.013433209057396, 39.020881685039114 ], [ -105.013384509562997, 39.020971313515652 ], [ -105.013366033475293, 39.021005317864365 ], [ -105.013328032970378, 39.021152316999512 ], [ -105.013324840258818, 39.021216164340053 ], [ -105.01332035156392, 39.021305946907077 ], [ -105.013318032957088, 39.021352317963029 ], [ -105.013297032235045, 39.021498317022527 ], [ -105.013238032471548, 39.021653317916609 ], [ -105.013222973341669, 39.021680249599314 ], [ -105.013082031888302, 39.021932317707169 ], [ -105.013022031886479, 39.022119317609103 ], [ -105.013005032357583, 39.022376317040546 ], [ -105.013016033463472, 39.022642317651659 ], [ -105.012939032758212, 39.022921317830679 ], [ -105.012933032535358, 39.022948317987137 ], [ -105.012873033140892, 39.023232318620821 ], [ -105.012808033032513, 39.02362831794931 ], [ -105.012728032210092, 39.02403431776073 ], [ -105.01271403258518, 39.024246318186634 ], [ -105.012717033007661, 39.024335317668189 ], [ -105.012745032779847, 39.024422318278525 ], [ -105.012787032797107, 39.024460318523609 ], [ -105.012791908849636, 39.024461970346138 ], [ -105.012849033132809, 39.024481318856232 ], [ -105.0130680325139, 39.0244843174492 ], [ -105.013148033291429, 39.024514318418298 ], [ -105.013155634470792, 39.024519723712885 ], [ -105.013193032427466, 39.024546317935844 ], [ -105.013211033825328, 39.024611317724251 ], [ -105.01318603256685, 39.024679317736286 ], [ -105.013110033012268, 39.024804317888488 ], [ -105.012891033130572, 39.024977317668913 ], [ -105.012738033223982, 39.025077317846609 ], [ -105.012516032853156, 39.025237318739777 ], [ -105.012313847794488, 39.025369515740969 ], [ -105.012308033342549, 39.025373318167404 ], [ -105.012283091004036, 39.025313457304833 ], [ -105.012258032822771, 39.025253318491913 ], [ -105.012261032772884, 39.025069317977582 ], [ -105.012225032101014, 39.024876317766839 ], [ -105.011887032647266, 39.024188318069392 ], [ -105.011691031718286, 39.02384031747463 ], [ -105.011596031592134, 39.023616318500075 ], [ -105.011575032371212, 39.023477317942906 ], [ -105.011587641159792, 39.023372246199045 ], [ -105.011591634198112, 39.023338966033698 ], [ -105.011593032160434, 39.023327318608011 ], [ -105.011629033157163, 39.023225317734287 ], [ -105.011728032660258, 39.0231063181634 ], [ -105.01186103246242, 39.02295031751715 ], [ -105.011967032163753, 39.022811317766823 ], [ -105.012028031997531, 39.022647318390973 ], [ -105.012090032549295, 39.022451318065386 ], [ -105.012098903042201, 39.022296473495167 ], [ -105.012101032002491, 39.022259317283961 ], [ -105.012083032048082, 39.022111317336318 ], [ -105.012045324283079, 39.02198790886802 ], [ -105.012039032516881, 39.021967317186608 ], [ -105.012024195293264, 39.021944002487032 ], [ -105.011977361071061, 39.021870405639127 ], [ -105.01192703215537, 39.021791317006162 ], [ -105.011879032120888, 39.021658317317581 ], [ -105.011872031677001, 39.021519316892601 ], [ -105.011890032525244, 39.021366317673738 ], [ -105.011895502804677, 39.021346715759165 ], [ -105.011933467884177, 39.021210672974512 ], [ -105.01193803234608, 39.021194317499258 ], [ -105.012250032344539, 39.020312317516719 ], [ -105.012262032260196, 39.020270317367668 ], [ -105.01240203252722, 39.01982031772372 ], [ -105.012475031430768, 39.019604317636173 ], [ -105.012595031775817, 39.019247317121909 ], [ -105.012694031516233, 39.018741317567105 ], [ -105.012706031992195, 39.018610317753648 ], [ -105.012740032885802, 39.018474317531258 ], [ -105.012787031955753, 39.018213316748067 ], [ -105.012795406492316, 39.017902712515706 ], [ -105.012796814084851, 39.017850482158785 ], [ -105.012798032222079, 39.017805317216499 ], [ -105.012743032854047, 39.017363317582877 ], [ -105.012667031537148, 39.016919316612736 ], [ -105.012656031494785, 39.01687631660532 ], [ -105.012557189614284, 39.016479118701753 ], [ -105.012553818555361, 39.016465573935378 ], [ -105.01245055280009, 39.016050595480245 ], [ -105.012440031891202, 39.0160083172252 ], [ -105.012427031649935, 39.015955316667892 ], [ -105.012358031477575, 39.01553631696477 ], [ -105.012252032105224, 39.015205316894132 ], [ -105.012151032068033, 39.014839316486579 ], [ -105.012096031571957, 39.014621316305593 ], [ -105.012094154718312, 39.014594209287267 ], [ -105.012078032132649, 39.014361316193039 ], [ -105.012078031531672, 39.014057316846049 ], [ -105.012125031444469, 39.013800315909812 ], [ -105.01221243188904, 39.013609007906602 ], [ -105.012212551474676, 39.013608745361445 ], [ -105.012215032169649, 39.013603316463247 ], [ -105.012074031011025, 39.013593316419453 ], [ -105.01165303123345, 39.013565316330549 ], [ -105.011513031373838, 39.013556317039274 ], [ -105.01128303141769, 39.013548316371569 ], [ -105.010739031213035, 39.013530316722168 ], [ -105.010739031348336, 39.013675317320427 ], [ -105.010740031263822, 39.013905316654558 ], [ -105.010724031581105, 39.01835031727768 ], [ -105.010723032031279, 39.018557316754332 ], [ -105.010722031203727, 39.018572317881087 ], [ -105.010720030949471, 39.019269317325531 ], [ -105.010714031949504, 39.02101831776146 ], [ -105.004845031562809, 39.021005318031115 ], [ -105.004040030366582, 39.02100331854448 ], [ -104.99945602970584, 39.020993318179656 ], [ -104.999155028644495, 39.02099231772727 ], [ -104.997990029110127, 39.020990318505383 ], [ -104.994488028033132, 39.020982318837618 ], [ -104.993562027435644, 39.020992318114082 ], [ -104.991705910818411, 39.021015197152359 ], [ -104.991696028191413, 39.021015318871846 ], [ -104.991682026651489, 39.020388318671706 ], [ -104.991675027430134, 39.020104318919266 ], [ -104.991654027173198, 39.019179317933123 ], [ -104.991671026944744, 39.018956318999813 ], [ -104.99172302634463, 39.018289318273801 ], [ -104.99174102663342, 39.018067318201162 ], [ -104.991742026829812, 39.017601318013114 ], [ -104.991746026851331, 39.016205317890275 ], [ -104.991748026736033, 39.015740318271924 ], [ -104.991720026968977, 39.014720318285718 ], [ -104.991707736699681, 39.014254948101161 ], [ -104.991707728536582, 39.014254637274377 ], [ -104.991707697611943, 39.014253475050616 ], [ -104.991504774187703, 39.014251407190962 ], [ -104.991478760917971, 39.014251256658291 ], [ -104.991273594917303, 39.01424824442703 ], [ -104.990108900165936, 39.014233527465883 ], [ -104.989975521947983, 39.014231841620038 ], [ -104.988034521453315, 39.014207287128976 ], [ -104.987148512349393, 39.014196068052023 ], [ -104.986604638720124, 39.014189178025916 ], [ -104.981935690317471, 39.014129924422235 ], [ -104.981934448102763, 39.013508449626599 ], [ -104.981934436127133, 39.013502189603884 ], [ -104.981090024764598, 39.0134973189706 ], [ -104.978230023201192, 39.013683318332411 ], [ -104.977474023041822, 39.013731318849423 ], [ -104.972995023305089, 39.014022319125687 ], [ -104.967857020861757, 39.013526319194995 ], [ -104.967256021259033, 39.013468319551571 ], [ -104.961696019746526, 39.012931320067352 ], [ -104.960358019121841, 39.012802319114073 ], [ -104.958866018485466, 39.012657319652376 ], [ -104.958185018912801, 39.012592319729208 ], [ -104.953959017510286, 39.012184319751327 ], [ -104.95266201781412, 39.012199320104969 ], [ -104.948031016555291, 39.012220320337974 ], [ -104.946839015813509, 39.012226320753228 ], [ -104.944355015975205, 39.012237320485617 ], [ -104.942134015304688, 39.012247321368839 ], [ -104.937009014427602, 39.012270321532164 ], [ -104.936636013653185, 39.012272321771363 ], [ -104.935812004732199, 39.012276273140323 ], [ -104.935802014084445, 39.012276321123529 ], [ -104.935796013206385, 39.01061232106089 ], [ -104.935780012866104, 39.006082320146767 ], [ -104.935780013371811, 39.005982320578333 ], [ -104.935775013074235, 39.003965320929645 ], [ -104.935768012448449, 39.001494320097571 ], [ -104.935759012278282, 38.998288320188081 ], [ -104.935750011964387, 38.994637318861194 ], [ -104.935745011560741, 38.992986318727993 ], [ -104.935738011109777, 38.990385318671528 ], [ -104.935731011338433, 38.988033318200195 ], [ -104.935731011185439, 38.987727318155457 ], [ -104.935720010362132, 38.98354631753206 ], [ -104.935722010702875, 38.98346131750737 ], [ -104.935719010142023, 38.983302317138531 ], [ -104.935712011082714, 38.981155316649236 ], [ -104.935693009432313, 38.97492431606841 ], [ -104.935692010206893, 38.974543315584427 ], [ -104.935690009718286, 38.973984316219997 ], [ -104.935684009746538, 38.971839315966498 ], [ -104.935683009694458, 38.971594315241639 ], [ -104.935666009325018, 38.96779031587721 ], [ -104.935658008920413, 38.966666315041508 ], [ -104.935608007882479, 38.959519314196207 ], [ -104.935600007887004, 38.958296313670544 ], [ -104.935555007895204, 38.95188531250399 ], [ -104.935521006327988, 38.946958312712134 ], [ -104.935517006822366, 38.946119312126399 ], [ -104.935502005966086, 38.943268311956849 ], [ -104.935462005059094, 38.935031310599683 ], [ -104.935448004367046, 38.932202309405412 ], [ -104.935430004806264, 38.928513310353416 ], [ -104.935423003392089, 38.926206309632192 ], [ -104.935405003086316, 38.920221308402397 ], [ -104.935404003114073, 38.919804307887247 ], [ -104.935403002788576, 38.919285308546087 ], [ -104.935399022823319, 38.916989223972024 ], [ -104.935399003575284, 38.916978308172972 ], [ -104.935373003122081, 38.916990307487325 ], [ -104.935060003076416, 38.917156308261646 ], [ -104.934826002981666, 38.917325308278869 ], [ -104.934605002629439, 38.917487308302171 ], [ -104.934512003413403, 38.917531308062799 ], [ -104.934445002857117, 38.917543307772497 ], [ -104.934337002756777, 38.917546308422104 ], [ -104.934221002958182, 38.917522308247314 ], [ -104.934166803384485, 38.917501178838044 ], [ -104.934162002809316, 38.917499307817359 ], [ -104.934128003213232, 38.91747030858447 ], [ -104.934106002879574, 38.917438307518559 ], [ -104.934087002983574, 38.917394308098253 ], [ -104.934083002498639, 38.917356308422505 ], [ -104.934087002485981, 38.917283307877824 ], [ -104.934102002544577, 38.917249307693851 ], [ -104.934117002680395, 38.917216308362356 ], [ -104.934140002827732, 38.917179308507755 ], [ -104.934251002722675, 38.917129307717957 ], [ -104.934449002766229, 38.917059308414373 ], [ -104.934736003676321, 38.916984308368555 ], [ -104.934919002761305, 38.916870308570417 ], [ -104.934973002475047, 38.916818307646231 ], [ -104.935045002983358, 38.916751308372362 ], [ -104.935187003070197, 38.91654730774701 ], [ -104.93533300365425, 38.91637330785634 ], [ -104.935399003245337, 38.916302308237547 ], [ -104.935422002681122, 38.916277307566226 ], [ -104.935504002821304, 38.9162073080524 ], [ -104.935564002821351, 38.916178307882831 ], [ -104.935638002806868, 38.916169308032785 ], [ -104.935833002804785, 38.916182307766029 ], [ -104.935858003703785, 38.916184308251268 ], [ -104.936000003999823, 38.916231307523127 ], [ -104.936283003543707, 38.916266307953421 ], [ -104.936391003922978, 38.916272307788958 ], [ -104.936436003031545, 38.916254307818647 ], [ -104.936462003141045, 38.916234307739415 ], [ -104.936469003314699, 38.916196307406587 ], [ -104.936469003756045, 38.91613830741813 ], [ -104.936447003838481, 38.916079308057505 ], [ -104.936411352172996, 38.91605633363254 ], [ -104.936402003314143, 38.916050308420203 ], [ -104.936328002855959, 38.916018307966731 ], [ -104.936142003167134, 38.91597730716817 ], [ -104.935881002992403, 38.915963307634875 ], [ -104.935839003264988, 38.915963307468658 ], [ -104.935747003525904, 38.915963307907802 ], [ -104.935372006680524, 38.915939931001652 ], [ -104.935362002646983, 38.915939307677021 ], [ -104.935362002697971, 38.914607308462429 ], [ -104.935362002020057, 38.912851307961724 ], [ -104.93536299915489, 38.911014665219696 ], [ -104.935363002462054, 38.911008306970288 ], [ -104.93295900219178, 38.91102030790222 ], [ -104.932196002145275, 38.911024307500476 ], [ -104.931904001941604, 38.911025307217955 ], [ -104.927945000539268, 38.911002306871197 ], [ -104.924858999805679, 38.910985307557461 ], [ -104.924858799938363, 38.910985213780251 ], [ -104.92485872537361, 38.910985308902539 ], [ -104.920950998853954, 38.911009308383932 ], [ -104.911253997739109, 38.911069308670008 ], [ -104.909230996126936, 38.911083308829802 ], [ -104.90798599593046, 38.911092309187183 ], [ -104.90532399629798, 38.911106309418905 ], [ -104.904997995632854, 38.911106309148721 ], [ -104.904019995890607, 38.911106309171721 ], [ -104.903694994870335, 38.911106309471279 ], [ -104.901207994874596, 38.911123309123084 ], [ -104.89808646230847, 38.911146261335773 ], [ -104.895896993593297, 38.911162309873156 ], [ -104.895520199234696, 38.911159837234223 ], [ -104.894982993228439, 38.911156309895091 ], [ -104.893994993457056, 38.911150309856353 ], [ -104.89374899315294, 38.911148310390253 ], [ -104.891262992971704, 38.911133310236629 ], [ -104.891126993016542, 38.91116631021351 ], [ -104.891006992331498, 38.911197310135734 ], [ -104.890712991789584, 38.911153310481041 ], [ -104.890574991793173, 38.911133310616769 ], [ -104.889549992400305, 38.911134310095719 ], [ -104.886863084818955, 38.91113929153822 ], [ -104.886852990981225, 38.911139310379951 ], [ -104.886877464552128, 38.909617615012969 ], [ -104.88687751410724, 38.909614547837002 ], [ -104.886877541380045, 38.909612858863369 ], [ -104.886952991083447, 38.904921309713089 ], [ -104.886966991119237, 38.904104309662571 ], [ -104.88696812519683, 38.90403693918303 ], [ -104.887089990010665, 38.896798308827464 ], [ -104.889811990173854, 38.896835308368622 ], [ -104.892995990733311, 38.896878308619279 ], [ -104.896353992026093, 38.896923307227283 ], [ -104.896288991889051, 38.895101307717027 ], [ -104.897550991929151, 38.895117307590681 ], [ -104.898598559960973, 38.895130202707371 ], [ -104.898599758717808, 38.895130217917703 ], [ -104.898601880753375, 38.89513024421057 ], [ -104.898606732279674, 38.895130303542288 ], [ -104.898606991627375, 38.895130306685672 ], [ -104.898605992581935, 38.895106307923648 ], [ -104.898599992760296, 38.894933306620715 ], [ -104.898596046233962, 38.894762868983527 ], [ -104.898596045409334, 38.894762830242151 ], [ -104.898596044676353, 38.894762780690868 ], [ -104.89859499239715, 38.894717306871556 ], [ -104.898593653594986, 38.89468905427546 ], [ -104.898584991666624, 38.894506307163951 ], [ -104.898573991783266, 38.894389307376414 ], [ -104.898545991448529, 38.893538306901704 ], [ -104.89854499135231, 38.893365307110194 ], [ -104.898544985764019, 38.893365150331029 ], [ -104.898542992030755, 38.893306308223764 ], [ -104.9008619930229, 38.893332308376145 ], [ -104.900871918364544, 38.893332420790735 ], [ -104.90549899344775, 38.893385307041996 ], [ -104.905508161787111, 38.893385103490566 ], [ -104.912192149075821, 38.893236306383798 ], [ -104.912192228626665, 38.893236304984313 ], [ -104.912236994435361, 38.893235307068068 ], [ -104.912929995497308, 38.893219306219585 ], [ -104.913654996331942, 38.893203305904386 ], [ -104.913896994924841, 38.893197305894866 ], [ -104.914801996576259, 38.893177306959352 ], [ -104.914714995191545, 38.890596305709799 ], [ -104.914566995333118, 38.886167305566474 ], [ -104.914562995330229, 38.886065305007165 ], [ -104.914561265783348, 38.885955503596847 ], [ -104.914561000349067, 38.885938629092628 ], [ -104.914560994947564, 38.885938305655564 ], [ -104.91708699595911, 38.885873304398132 ], [ -104.917037994827297, 38.884411304671453 ], [ -104.915940775861955, 38.883502601585654 ], [ -104.914436312347576, 38.882256571521168 ], [ -104.914435994132077, 38.882256305064104 ], [ -104.914411994294184, 38.88185730428556 ], [ -104.914229994477282, 38.878599304391294 ], [ -104.914082994352157, 38.875998303158866 ], [ -104.914023994312856, 38.874941303690584 ], [ -104.914019310228312, 38.874841372424655 ], [ -104.9140179941177, 38.874813302965869 ], [ -104.914013813060379, 38.874743611744037 ], [ -104.914005993804579, 38.874613302837986 ], [ -104.913819349144404, 38.871290644612429 ], [ -104.913818996491827, 38.871284364708174 ], [ -104.913818993547864, 38.87128430253366 ], [ -104.913073992401792, 38.871287303186492 ], [ -104.910890992832648, 38.871303302923444 ], [ -104.910670378993245, 38.871305075206458 ], [ -104.910641992655997, 38.871305303304197 ], [ -104.910421440617299, 38.871306708776139 ], [ -104.909395707615758, 38.871313241212064 ], [ -104.909386222963121, 38.871313302012645 ], [ -104.909385991320576, 38.871313303537953 ], [ -104.909354991933654, 38.870600303283872 ], [ -104.909340992766658, 38.870283302428753 ], [ -104.909258796693507, 38.868382982690065 ], [ -104.909248991758716, 38.868156303093961 ], [ -104.909248760871634, 38.868152197578411 ], [ -104.909231991398755, 38.867854302506132 ], [ -104.909226991788941, 38.867656302947339 ], [ -104.909227000933939, 38.867656173269232 ], [ -104.909227802938332, 38.867644954367584 ], [ -104.909227992079337, 38.867642303181945 ], [ -104.909230919841789, 38.867585958135898 ], [ -104.909264991501473, 38.866930302338943 ], [ -104.909422658317837, 38.863947630285622 ], [ -104.909422967422771, 38.863941774428831 ], [ -104.909422992087713, 38.863941302500663 ], [ -104.904994990538484, 38.863952302150416 ], [ -104.903575990035421, 38.863999302601698 ], [ -104.903337989976905, 38.864006302031527 ], [ -104.900527954134432, 38.864099970542846 ], [ -104.900517988794576, 38.864100302899011 ], [ -104.900516989540904, 38.863830302759311 ], [ -104.900554988677882, 38.862408302224985 ], [ -104.900557428502893, 38.862321137082127 ], [ -104.900571629410038, 38.861813855057491 ], [ -104.90058524334529, 38.861327496203337 ], [ -104.900587778681626, 38.861236923566139 ], [ -104.900601809305044, 38.860735705239797 ], [ -104.900601881955154, 38.860733103912345 ], [ -104.900601988934241, 38.860729301907064 ], [ -104.899298096125676, 38.860742232275918 ], [ -104.899290988657967, 38.860742302733549 ], [ -104.899257989016206, 38.860669302468693 ], [ -104.899223989191299, 38.860611301854753 ], [ -104.8991729882529, 38.860539302137163 ], [ -104.899135988856145, 38.860491302720021 ], [ -104.899096988484885, 38.860445302775453 ], [ -104.899049988427876, 38.860393303110975 ], [ -104.899015988692213, 38.860353302648065 ], [ -104.898930988999012, 38.860263302413998 ], [ -104.898887988769062, 38.860219303249529 ], [ -104.898798987697859, 38.860135302706183 ], [ -104.898704988567857, 38.860051302352552 ], [ -104.898606988003934, 38.859970301815679 ], [ -104.898523987497811, 38.859905302564151 ], [ -104.898417988068132, 38.859820302048732 ], [ -104.898364988880019, 38.859775302302218 ], [ -104.898265988973392, 38.859694301702049 ], [ -104.898105452040724, 38.859561980585745 ], [ -104.8981009884928, 38.859558301746119 ], [ -104.898060988509442, 38.85953930244672 ], [ -104.898017988055983, 38.85951230230539 ], [ -104.897987987818652, 38.859516302566654 ], [ -104.897513987796231, 38.859577301807249 ], [ -104.897421987839166, 38.859589302620108 ], [ -104.897454988026695, 38.859746302944217 ], [ -104.897625987991802, 38.86058230290773 ], [ -104.897630988184375, 38.860694302046539 ], [ -104.897658988587651, 38.860718303054384 ], [ -104.897665247878479, 38.86074542366071 ], [ -104.897667988510875, 38.860757302281328 ], [ -104.897667465358623, 38.860757307677076 ], [ -104.896412988554872, 38.860769302421104 ], [ -104.896071987390087, 38.860772302386017 ], [ -104.896072587158812, 38.860772500991523 ], [ -104.896090781277735, 38.860778527765056 ], [ -104.896391988313454, 38.86087830269669 ], [ -104.896734257930277, 38.860993536313323 ], [ -104.896890987779457, 38.861046302927157 ], [ -104.896890453907716, 38.861049063113967 ], [ -104.896804631324329, 38.861493052044189 ], [ -104.896688988699736, 38.862091303602107 ], [ -104.896219709197212, 38.862481032144707 ], [ -104.896045987873066, 38.862625303047622 ], [ -104.896030351341352, 38.863781058705975 ], [ -104.896023989178175, 38.864251303131937 ], [ -104.896023788691409, 38.864251302089841 ], [ -104.893257986774643, 38.864239302704824 ], [ -104.892917987445216, 38.86423730342608 ], [ -104.892878142795425, 38.864237188936912 ], [ -104.892569987407228, 38.864236303630882 ], [ -104.892174987764676, 38.864234303823537 ], [ -104.892140892902177, 38.864234600225132 ], [ -104.888663609456174, 38.864264787214303 ], [ -104.888603986317634, 38.864265304108166 ], [ -104.888564570599598, 38.864265957034569 ], [ -104.886922992068833, 38.864293139326499 ], [ -104.88691298658911, 38.86429330454505 ], [ -104.886912997291788, 38.864290062381208 ], [ -104.886913681115857, 38.864072418321165 ], [ -104.88691470817956, 38.863745597287675 ], [ -104.886914913845558, 38.863679990027109 ], [ -104.886915035611366, 38.863641055195373 ], [ -104.88691516372549, 38.863600183532753 ], [ -104.886915187500321, 38.863592490253481 ], [ -104.88691554110693, 38.863479843196622 ], [ -104.886915543473108, 38.863479035131348 ], [ -104.886915876599062, 38.863372765203209 ], [ -104.886915899444787, 38.863365580007923 ], [ -104.886916234311471, 38.863259108293548 ], [ -104.886916256567503, 38.863252124889271 ], [ -104.886916592814515, 38.863145226169969 ], [ -104.886916613689095, 38.863138669769306 ], [ -104.886916964965309, 38.863026959596901 ], [ -104.886916970801749, 38.863025215548987 ], [ -104.886916986695184, 38.863020304105277 ], [ -104.886917477674302, 38.86291990775802 ], [ -104.886917518034124, 38.862911761429572 ], [ -104.886917985971962, 38.86281630351327 ], [ -104.886918050740988, 38.862806931233358 ], [ -104.886918353638265, 38.862763297530066 ], [ -104.886919985702406, 38.862528303234448 ], [ -104.886929986329662, 38.861137302602373 ], [ -104.886929315117129, 38.860980923814076 ], [ -104.886921148924316, 38.859077426323424 ], [ -104.886920984840415, 38.859039303448952 ], [ -104.886921984877873, 38.858803303066743 ], [ -104.886929986124812, 38.858395302753337 ], [ -104.886924984984319, 38.858099302640277 ], [ -104.88692798505673, 38.857568302077837 ], [ -104.886916985353565, 38.857283303213251 ], [ -104.886915986251381, 38.856860302745908 ], [ -104.886914986255732, 38.856809302053186 ], [ -104.886914985471805, 38.856788301922855 ], [ -104.886914985606353, 38.856745303509641 ], [ -104.886908032647085, 38.856707494339112 ], [ -104.886898985399583, 38.856658302463806 ], [ -104.886900984462571, 38.856253302714236 ], [ -104.886900985166974, 38.856207302610521 ], [ -104.886899985026872, 38.856022303243705 ], [ -104.886897960161647, 38.855887282212343 ], [ -104.886896985219494, 38.855822302881748 ], [ -104.886892099668557, 38.855821424879466 ], [ -104.886668985519066, 38.855781302757336 ], [ -104.886417556549418, 38.855736130853089 ], [ -104.886373984700526, 38.855728302814931 ], [ -104.886214985274606, 38.855700302677619 ], [ -104.885757985314044, 38.855620302038517 ], [ -104.885543985286574, 38.855583302397143 ], [ -104.884573985417987, 38.855396302877388 ], [ -104.883430983810527, 38.855188303206987 ], [ -104.883196984190945, 38.855151302094598 ], [ -104.883028983923154, 38.855124302911562 ], [ -104.882128535549711, 38.854981139833022 ], [ -104.882116984198433, 38.854979302789381 ], [ -104.882148482560794, 38.85488957987554 ], [ -104.88214998411469, 38.854885302430979 ], [ -104.878232982793136, 38.854194302969574 ], [ -104.87757698283778, 38.854075303529385 ], [ -104.87632598307097, 38.853742303666024 ], [ -104.875965982108781, 38.853613303024574 ], [ -104.875448982974817, 38.853399302726622 ], [ -104.874987982087589, 38.853135303170056 ], [ -104.874544864198839, 38.852862765909961 ], [ -104.874535981291459, 38.852857302964928 ], [ -104.874163982447755, 38.852573303364125 ], [ -104.873541980921459, 38.852030302603559 ], [ -104.872927981853394, 38.851475303314231 ], [ -104.872697981310992, 38.851241303179464 ], [ -104.872668102554599, 38.851211423971243 ], [ -104.872668052311681, 38.851211373251267 ], [ -104.872658981566715, 38.851202302966641 ], [ -104.872627086123416, 38.851306853159933 ], [ -104.872622982338015, 38.851320303496124 ], [ -104.872452980731737, 38.851828303392644 ], [ -104.87233998196902, 38.852146302419541 ], [ -104.872167981276917, 38.852661303444513 ], [ -104.872081981122236, 38.852923303248332 ], [ -104.871984981227754, 38.853096303431734 ], [ -104.871939982016386, 38.853174303350301 ], [ -104.871551981193974, 38.85361630296341 ], [ -104.871466981159244, 38.853700303212953 ], [ -104.871377980761949, 38.853787303270224 ], [ -104.871156982076982, 38.854007303052342 ], [ -104.871110981285852, 38.854050303875105 ], [ -104.871020982293146, 38.854137302759639 ], [ -104.870991980728974, 38.854164303342714 ], [ -104.870979982005792, 38.854175302852909 ], [ -104.870862981741226, 38.854294302932416 ], [ -104.87082398127761, 38.854335302883648 ], [ -104.87037798203572, 38.854787303948697 ], [ -104.87030398147698, 38.854863303788221 ], [ -104.870163981910409, 38.855000303093803 ], [ -104.869729981734565, 38.855425303730925 ], [ -104.869607981434626, 38.855540303498984 ], [ -104.869385300178635, 38.855770798538849 ], [ -104.869380080269337, 38.855776200644243 ], [ -104.86937998142254, 38.855776303707614 ], [ -104.86916237629778, 38.855635236347645 ], [ -104.868951332521178, 38.85549842208053 ], [ -104.868944980523182, 38.855494303940027 ], [ -104.868494981319969, 38.855223304387145 ], [ -104.868144981174822, 38.85501430334503 ], [ -104.867421681712301, 38.8545708423569 ], [ -104.867372529950813, 38.854540706407938 ], [ -104.86736698053997, 38.854537304236715 ], [ -104.867365197940629, 38.854539145816204 ], [ -104.867093980419199, 38.854819303783103 ], [ -104.866777980792889, 38.855147304550805 ], [ -104.866678979892058, 38.85524030397584 ], [ -104.866616981301235, 38.855297303618521 ], [ -104.866601674218487, 38.855311501647819 ], [ -104.866133980422987, 38.855745304053841 ], [ -104.865972980504168, 38.855895304034618 ], [ -104.865904980716309, 38.855957303706518 ], [ -104.865764979962151, 38.856087303399939 ], [ -104.865703980239573, 38.856145303471934 ], [ -104.865636980605274, 38.85620930387347 ], [ -104.865568980501379, 38.856272304213888 ], [ -104.865364981191803, 38.856463304032232 ], [ -104.865320980029026, 38.856506304493948 ], [ -104.865303980740464, 38.856533304369769 ], [ -104.865256979946821, 38.856607304445177 ], [ -104.865129980705134, 38.856814304129806 ], [ -104.865117979711755, 38.856830303751373 ], [ -104.86509439820783, 38.856863596234042 ], [ -104.865083263817951, 38.856879315913034 ], [ -104.865066979978508, 38.856902304490127 ], [ -104.865062563795632, 38.856908487344612 ], [ -104.865046980560123, 38.85693030411344 ], [ -104.864877980326256, 38.857166304479676 ], [ -104.864735980360365, 38.857496303876879 ], [ -104.86467898033753, 38.857631304548597 ], [ -104.864583980390748, 38.857974304441683 ], [ -104.864560980432429, 38.858368304367922 ], [ -104.864592979845199, 38.858711305083226 ], [ -104.864723981116526, 38.859174304154166 ], [ -104.864859980926227, 38.859473304661357 ], [ -104.864972981285447, 38.859721304524669 ], [ -104.865143980854185, 38.860096304971094 ], [ -104.865216981070077, 38.860251304623581 ], [ -104.865334980765468, 38.860502304282022 ], [ -104.865407981807394, 38.8606573047091 ], [ -104.86544098137729, 38.860714304532273 ], [ -104.865526009410161, 38.860859927655966 ], [ -104.86552776281674, 38.860863183060772 ], [ -104.865525941719696, 38.860863248789457 ], [ -104.865485237847281, 38.86086214366302 ], [ -104.86508598054543, 38.860851304399205 ], [ -104.86506798081659, 38.860852305100124 ], [ -104.864840096063688, 38.860874805589788 ], [ -104.864835186720072, 38.86087529044616 ], [ -104.864782347566319, 38.860880507696329 ], [ -104.864392308858854, 38.86091901739492 ], [ -104.864388821468083, 38.860919360466859 ], [ -104.864281166362346, 38.860929990021155 ], [ -104.864277979951936, 38.860930305007862 ], [ -104.864260519392346, 38.860938261439543 ], [ -104.863871980477867, 38.861115305106559 ], [ -104.863763981175197, 38.861199304464257 ], [ -104.863692980473786, 38.861255304646058 ], [ -104.863610475916659, 38.861378292545972 ], [ -104.863531980229297, 38.861495305262984 ], [ -104.863514980631734, 38.861573304859341 ], [ -104.863468980772168, 38.861792305425318 ], [ -104.863479302783603, 38.861998761827088 ], [ -104.863481980077864, 38.862052305217027 ], [ -104.863482502746649, 38.862064055409405 ], [ -104.863494980761942, 38.862344305668174 ], [ -104.863507981027269, 38.862598305661017 ], [ -104.863516833037849, 38.862677977434657 ], [ -104.863524919570764, 38.862750750665377 ], [ -104.86357298139508, 38.863183305683826 ], [ -104.863600294569892, 38.863388157870055 ], [ -104.863606894772062, 38.863437663420342 ], [ -104.863644980459583, 38.863723305031932 ], [ -104.86366432564563, 38.864097714680589 ], [ -104.863665707376583, 38.864124448316311 ], [ -104.863675980849365, 38.864323305555317 ], [ -104.863675980622403, 38.864607306172473 ], [ -104.863674981006028, 38.864667304850144 ], [ -104.863673558240976, 38.864767973623245 ], [ -104.863664134707946, 38.865434444901588 ], [ -104.863663569283219, 38.865434276946232 ], [ -104.863663291315447, 38.865465301334488 ], [ -104.863663280532506, 38.86546650483573 ], [ -104.863661984026564, 38.865503306320903 ], [ -104.863661760250309, 38.865509762520645 ], [ -104.863655981139786, 38.865679305848744 ], [ -104.863654981216428, 38.865738306356029 ], [ -104.863616980287603, 38.866393306158798 ], [ -104.863613981983619, 38.866460305338236 ], [ -104.863566980801764, 38.866641305343101 ], [ -104.86352598076337, 38.866800305659865 ], [ -104.863356981423081, 38.867111305538593 ], [ -104.863037980477827, 38.867448306386095 ], [ -104.862551980910354, 38.867745306210963 ], [ -104.862395980844028, 38.867795306162066 ], [ -104.862123980782002, 38.867884305605159 ], [ -104.861762980634907, 38.867964306018038 ], [ -104.861224981107057, 38.868057306741612 ], [ -104.861150981053399, 38.868071306622667 ], [ -104.860481980046728, 38.868231306420384 ], [ -104.860267967590843, 38.868340639753129 ], [ -104.860266519345871, 38.868341379500954 ], [ -104.859929980204925, 38.868513305597475 ], [ -104.859862735437872, 38.868562994641046 ], [ -104.859763045587755, 38.868636658075403 ], [ -104.8597269811372, 38.868663307051065 ], [ -104.859687980025413, 38.868692306415404 ], [ -104.859670210213793, 38.868713587908445 ], [ -104.859569228232672, 38.868834525237872 ], [ -104.85952098020077, 38.868892306779934 ], [ -104.859452980564186, 38.868982306191775 ], [ -104.859434816338393, 38.869011271684535 ], [ -104.859415981001803, 38.86904130640923 ], [ -104.859407018795523, 38.869059230230718 ], [ -104.859391980070001, 38.869089306600735 ], [ -104.859380074274725, 38.869106387195544 ], [ -104.859379505719019, 38.869107202950609 ], [ -104.859323161534277, 38.869188033540155 ], [ -104.859154980430901, 38.869429306461484 ], [ -104.859105688236085, 38.869482166935256 ], [ -104.858933981236135, 38.869666305934153 ], [ -104.85882698091882, 38.86978230599324 ], [ -104.858762364221974, 38.869843187781377 ], [ -104.857944979547952, 38.870613306934175 ], [ -104.857917162325052, 38.870638024413218 ], [ -104.857594980624725, 38.87092430729404 ], [ -104.857417980303225, 38.871081306773718 ], [ -104.857313981032476, 38.871178307413587 ], [ -104.856776980532629, 38.871686307067712 ], [ -104.856552980992987, 38.871890306443426 ], [ -104.856000979934478, 38.872396306933112 ], [ -104.855884979833419, 38.872506306893058 ], [ -104.855665979776575, 38.872716307740689 ], [ -104.855457980000381, 38.872914307463212 ], [ -104.855436980194682, 38.87293530644363 ], [ -104.854801979644719, 38.873471307358024 ], [ -104.854583979787719, 38.873657307194712 ], [ -104.854209467703527, 38.873958914770576 ], [ -104.854208980109021, 38.873959307542243 ], [ -104.854159978961036, 38.873999307653008 ], [ -104.853753979190387, 38.874249307301383 ], [ -104.853189979454399, 38.874567307564476 ], [ -104.852959980004727, 38.874682307717421 ], [ -104.852749279360921, 38.874788638643864 ], [ -104.852749157801682, 38.874788699225881 ], [ -104.852529979281783, 38.87489930760875 ], [ -104.852425978969123, 38.874959307936201 ], [ -104.852339980046992, 38.875010307921393 ], [ -104.852107980288849, 38.87512230707037 ], [ -104.852000979937671, 38.875175307663774 ], [ -104.851533979161687, 38.875403307985238 ], [ -104.851047979514846, 38.875619307988217 ], [ -104.851011979792872, 38.875630307455715 ], [ -104.850729979371138, 38.875723308194956 ], [ -104.850287136393263, 38.875855765366026 ], [ -104.850281978817947, 38.875857308547559 ], [ -104.850276979259121, 38.875857704004993 ], [ -104.849561979030057, 38.875914308606873 ], [ -104.849394979241481, 38.875927307553887 ], [ -104.848360979325818, 38.875997308043871 ], [ -104.847787978044479, 38.876039307428329 ], [ -104.847207978278547, 38.876082307886584 ], [ -104.846944001348845, 38.876098245812436 ], [ -104.846942978539133, 38.876098307630109 ], [ -104.846703978580734, 38.876123308467122 ], [ -104.845291978262267, 38.876184308677985 ], [ -104.843832689739315, 38.876248389508646 ], [ -104.843788977144413, 38.876250308384193 ], [ -104.843716637503704, 38.876253432205615 ], [ -104.842908977366008, 38.876288308517289 ], [ -104.841054976540377, 38.876346308730596 ], [ -104.840072976816913, 38.876378308311715 ], [ -104.83964297699869, 38.876374308190762 ], [ -104.8389759761249, 38.876373308987141 ], [ -104.838416976331743, 38.876357308756482 ], [ -104.838304976572743, 38.876356308974444 ], [ -104.837447976210171, 38.87635730903763 ], [ -104.837408976441282, 38.876357309207506 ], [ -104.837384976148684, 38.876357308402156 ], [ -104.837274975822609, 38.876357309082721 ], [ -104.83716097641792, 38.876357308471398 ], [ -104.837108976720444, 38.876357309167084 ], [ -104.837042975604561, 38.876357309245797 ], [ -104.836943975784962, 38.876356308438197 ], [ -104.83690497601664, 38.876356308438922 ], [ -104.836635975564377, 38.876356309276936 ], [ -104.836551976240642, 38.876356309040624 ], [ -104.836471976003835, 38.876356309054401 ], [ -104.836136975717594, 38.876355308496592 ], [ -104.835880976332902, 38.876355308881877 ], [ -104.835831975377957, 38.876355309025946 ], [ -104.835684975978822, 38.876355308453192 ], [ -104.835636975369752, 38.876355308827982 ], [ -104.835542976149384, 38.876354308387093 ], [ -104.835263975934964, 38.876352308403355 ], [ -104.835170975766601, 38.876352308836708 ], [ -104.835172284564308, 38.876358507999939 ], [ -104.835175090916039, 38.876371794762541 ], [ -104.835206312671531, 38.876519639387503 ], [ -104.835238975804259, 38.876674309124965 ], [ -104.835390975519999, 38.877392309262461 ], [ -104.835449976289723, 38.877641309120257 ], [ -104.835525976174907, 38.87796230901732 ], [ -104.835544976594448, 38.878044308472347 ], [ -104.835603975996563, 38.87829430908679 ], [ -104.835623975681045, 38.878377308797191 ], [ -104.835818975954112, 38.879203309675724 ], [ -104.835879976836495, 38.879558309739124 ], [ -104.836006975987942, 38.880291309531025 ], [ -104.836046976153341, 38.880715309552613 ], [ -104.836085976381355, 38.881548310049318 ], [ -104.836098976152982, 38.882447310037605 ], [ -104.836037976597325, 38.883169309743906 ], [ -104.836029976504534, 38.883275309812241 ], [ -104.83599997689825, 38.883522310698488 ], [ -104.83595797698888, 38.88386031003111 ], [ -104.83586500962754, 38.884301461271946 ], [ -104.83585197606763, 38.884363309809331 ], [ -104.835716977031609, 38.885005310835808 ], [ -104.835503977200673, 38.885832310472182 ], [ -104.835334977642006, 38.886308310849529 ], [ -104.835305310490071, 38.886392834551998 ], [ -104.835228976385793, 38.886610309991021 ], [ -104.835112637055772, 38.886866422714277 ], [ -104.834801977298525, 38.887550310674236 ], [ -104.834448896558044, 38.8882361926564 ], [ -104.834179716051295, 38.888759084399538 ], [ -104.832854976806189, 38.891332311583078 ], [ -104.832643976992642, 38.891716310754269 ], [ -104.832309976910366, 38.892329311875521 ], [ -104.831753976441846, 38.893523312156752 ], [ -104.831707976813675, 38.893620311740484 ], [ -104.831570977172618, 38.893914312413642 ], [ -104.831525976289413, 38.894012312225414 ], [ -104.831512976925808, 38.894040311223236 ], [ -104.831473977586782, 38.894124311804184 ], [ -104.831460977012426, 38.894152312590883 ], [ -104.831450977503934, 38.894172311108285 ], [ -104.831420976003329, 38.894235311933883 ], [ -104.831411976671177, 38.894257311622994 ], [ -104.831384953176666, 38.894315243266014 ], [ -104.831275031638711, 38.894550883441994 ], [ -104.83124497602725, 38.894615311785934 ], [ -104.831178977024166, 38.894774311852387 ], [ -104.830529977111667, 38.896350312041655 ], [ -104.830385975845587, 38.896703312047414 ], [ -104.83031297613681, 38.896875312246543 ], [ -104.830126976696604, 38.897315311821785 ], [ -104.830110976275691, 38.897355311844322 ], [ -104.829760976220527, 38.898294312171906 ], [ -104.829620976836935, 38.898657313183563 ], [ -104.829449976907199, 38.899104313195267 ], [ -104.829298977235268, 38.899498312273671 ], [ -104.829165976376402, 38.899827312906375 ], [ -104.828873976980887, 38.900556312346886 ], [ -104.828871168829508, 38.900563359838962 ], [ -104.828473976014649, 38.901560313078463 ], [ -104.828292977255259, 38.90199031365858 ], [ -104.828187976391476, 38.902239313013695 ], [ -104.828025976164923, 38.902627312798657 ], [ -104.827992976725511, 38.90270731367842 ], [ -104.827877976608761, 38.902990313142716 ], [ -104.827532977648332, 38.903839313541823 ], [ -104.827417977313857, 38.904122313436076 ], [ -104.827326976832595, 38.904345313772914 ], [ -104.827133977186065, 38.904819314391339 ], [ -104.827051976223444, 38.905014313581496 ], [ -104.826958976546251, 38.905237313760964 ], [ -104.82694141443352, 38.905279553757794 ], [ -104.826842976542707, 38.905516313736825 ], [ -104.826427977011846, 38.906509313560818 ], [ -104.826167977633432, 38.907133314222136 ], [ -104.825634976444405, 38.90808231351928 ], [ -104.825184976521484, 38.908839313757937 ], [ -104.8247229771967, 38.909499314670711 ], [ -104.824236977496142, 38.910045314583989 ], [ -104.82330797651349, 38.910892314679593 ], [ -104.822894977043958, 38.911279314618994 ], [ -104.822827977168885, 38.911308315220616 ], [ -104.82276797655264, 38.911336314247812 ], [ -104.822631976590671, 38.911403314987226 ], [ -104.822566976076232, 38.911435314361775 ], [ -104.822532976253015, 38.911460314418633 ], [ -104.822432976856788, 38.911536314436056 ], [ -104.821947976891096, 38.9119053146282 ], [ -104.821671976400694, 38.912112314982842 ], [ -104.821480976055, 38.912249315187097 ], [ -104.821387977100343, 38.912328314510376 ], [ -104.821377976542266, 38.912335315338041 ], [ -104.821314976532264, 38.912380315294044 ], [ -104.821129800846549, 38.912528081852123 ], [ -104.821116976589579, 38.912538315598646 ], [ -104.821073976791581, 38.912571314633695 ], [ -104.820947975902939, 38.912671315604797 ], [ -104.820906976174342, 38.912705314509964 ], [ -104.82082497645348, 38.912770315091286 ], [ -104.820659976515245, 38.912901314702914 ], [ -104.820576975718268, 38.912962314817626 ], [ -104.82049297666849, 38.913025315270602 ], [ -104.820387976250714, 38.913102314907746 ], [ -104.820074975799002, 38.913335314968812 ], [ -104.820065976643193, 38.9133433151963 ], [ -104.81997197628057, 38.913415315910484 ], [ -104.819625976427758, 38.913680315157599 ], [ -104.819100976562737, 38.91408331505589 ], [ -104.818582976399313, 38.914469315522886 ], [ -104.81831097689745, 38.914673315298359 ], [ -104.818237975136753, 38.914734315619263 ], [ -104.817903975733387, 38.915010315761087 ], [ -104.817696975271531, 38.915199315773833 ], [ -104.817427975824316, 38.915446315967984 ], [ -104.817220975449516, 38.915675315433262 ], [ -104.816942975666763, 38.915911316130661 ], [ -104.81662397568202, 38.916236316000621 ], [ -104.816129975046621, 38.916917315707948 ], [ -104.815622975847134, 38.917758316352867 ], [ -104.815208975878804, 38.91879931617671 ], [ -104.814743975509074, 38.920521315977396 ], [ -104.81473797650176, 38.920556317131329 ], [ -104.81472097584556, 38.920661316552639 ], [ -104.814715976219631, 38.920697316349248 ], [ -104.814646975052213, 38.921126316776125 ], [ -104.814438975936611, 38.922413316345967 ], [ -104.814370976604479, 38.922843317004741 ], [ -104.814352975990261, 38.922951317546996 ], [ -104.814348975909169, 38.922979316312947 ], [ -104.81430497629853, 38.923278316589681 ], [ -104.814288975918643, 38.923387316261127 ], [ -104.814193975796485, 38.924036316718535 ], [ -104.814191976721801, 38.924045317196047 ], [ -104.81409197626833, 38.924839317593687 ], [ -104.814006975898948, 38.925713317653859 ], [ -104.813963975654076, 38.926027317633434 ], [ -104.813902976431635, 38.926480317736065 ], [ -104.813878975907627, 38.926687317677427 ], [ -104.813865975862186, 38.926794317916737 ], [ -104.813855976659681, 38.926888317443201 ], [ -104.813811976365969, 38.927116317466975 ], [ -104.813797975704105, 38.927193317457856 ], [ -104.813792975495531, 38.927223318322454 ], [ -104.813753976166538, 38.927447317350328 ], [ -104.813680975867385, 38.927878317583065 ], [ -104.813648976310134, 38.928123318315855 ], [ -104.813620976223433, 38.928350318113452 ], [ -104.813515975747833, 38.928916317777464 ], [ -104.813471976826463, 38.929272318055247 ], [ -104.813427976822297, 38.92963231814133 ], [ -104.813199977210161, 38.930996317709052 ], [ -104.813108976558453, 38.931482317994302 ], [ -104.813018976490284, 38.932040318566784 ], [ -104.813007976222295, 38.932112318328983 ], [ -104.81288697742805, 38.932730317981665 ], [ -104.81288197697485, 38.932774318239368 ], [ -104.812868150336513, 38.932897443416856 ], [ -104.812867278083132, 38.932905214534117 ], [ -104.812860977006338, 38.932961318341071 ], [ -104.812686977125352, 38.932955318371974 ], [ -104.812491076901679, 38.932950117483394 ], [ -104.81248641837891, 38.932949993554089 ], [ -104.812460977520047, 38.932949318865276 ], [ -104.812166977138247, 38.932943318581785 ], [ -104.811993975474564, 38.932941317916203 ], [ -104.811853976419471, 38.932938318610901 ], [ -104.811433976550347, 38.932930318727252 ], [ -104.811293975908484, 38.93292831869897 ], [ -104.811204976166096, 38.932926318754582 ], [ -104.81093797647641, 38.932921319371474 ], [ -104.810848976267792, 38.932920319112611 ], [ -104.810658975741546, 38.932916318515957 ], [ -104.810453975303815, 38.932912318768871 ], [ -104.8100899763417, 38.932930318889056 ], [ -104.810062976634228, 38.932932319008543 ], [ -104.809900976557941, 38.932943318721485 ], [ -104.809771976124168, 38.932952318637078 ], [ -104.809588976251945, 38.932958318708877 ], [ -104.809484976003745, 38.93296431817862 ], [ -104.809171975399849, 38.932986318944138 ], [ -104.808237975095025, 38.932996319296699 ], [ -104.808014975526319, 38.932999319633247 ], [ -104.80782197459142, 38.933000317977616 ], [ -104.806919975921403, 38.933008318996599 ], [ -104.806372975725239, 38.933014319085579 ], [ -104.805987974225076, 38.933017319539374 ], [ -104.805779975407518, 38.933012318926444 ], [ -104.805543974532355, 38.933015318903415 ], [ -104.805323974838444, 38.933026319070983 ], [ -104.80480697485406, 38.933043318482085 ], [ -104.804392974892707, 38.9330713195342 ], [ -104.804366974962974, 38.933073318906807 ], [ -104.804038974485906, 38.933099318702304 ], [ -104.803319973940006, 38.933155319994142 ], [ -104.803141974471231, 38.933170319714044 ], [ -104.803034974580854, 38.933170319103453 ], [ -104.802602974591082, 38.933186319000342 ], [ -104.802310974120019, 38.933189319863835 ], [ -104.800782973516661, 38.933184319591348 ], [ -104.799684974097204, 38.93318431965865 ], [ -104.799299973046246, 38.933161318798589 ], [ -104.79725197277287, 38.932787318869352 ], [ -104.796926972685029, 38.932751319103126 ], [ -104.796644973371656, 38.93272431958178 ], [ -104.79648822838513, 38.932714177349631 ], [ -104.796479940798008, 38.932713640752759 ], [ -104.796474972850177, 38.932713319723078 ], [ -104.796359027398779, 38.932574378542377 ], [ -104.796358930509783, 38.932574262645282 ], [ -104.796353972182658, 38.932568320260231 ], [ -104.79614597242508, 38.93255731974503 ], [ -104.796145631193397, 38.932557302365304 ], [ -104.796118289898118, 38.932555920733698 ], [ -104.796118189603703, 38.932555915622416 ], [ -104.796086280864046, 38.932554302745935 ], [ -104.795690971841154, 38.932534319299776 ], [ -104.795685380784263, 38.932534144006944 ], [ -104.795403972754585, 38.932525320036227 ], [ -104.795210980242871, 38.932520104039746 ], [ -104.795205642623955, 38.932519959988127 ], [ -104.794747086175022, 38.932507566330273 ], [ -104.794725893685182, 38.932506993697793 ], [ -104.794700972131466, 38.932506320073024 ], [ -104.794465972520015, 38.932507319928035 ], [ -104.794272677625329, 38.932508395797491 ], [ -104.794246000513738, 38.932508543824042 ], [ -104.79385159143051, 38.93251073802503 ], [ -104.793766096158649, 38.932511213481746 ], [ -104.793746971866639, 38.932511319870606 ], [ -104.793531971476327, 38.93250831961209 ], [ -104.793325544223251, 38.932506017867901 ], [ -104.793286274445933, 38.932505580172744 ], [ -104.793206844582272, 38.93250469392715 ], [ -104.792993971758492, 38.932502319994107 ], [ -104.792837779024666, 38.932500860550917 ], [ -104.792806446605454, 38.932500567345642 ], [ -104.792341174929433, 38.932496216757805 ], [ -104.792326613567965, 38.932496080415163 ], [ -104.79189041392415, 38.932492000398867 ], [ -104.791846780582176, 38.93249159240596 ], [ -104.791827949761611, 38.932491416492951 ], [ -104.791392968046409, 38.932487345629845 ], [ -104.7913669465038, 38.932487102410242 ], [ -104.790918486409012, 38.932482904410421 ], [ -104.790887113639471, 38.932482610442008 ], [ -104.790428970633187, 38.932478319988817 ], [ -104.790407282457465, 38.932477954348073 ], [ -104.790405716418604, 38.932477927677319 ], [ -104.789927485747882, 38.93246985787453 ], [ -104.789921383031967, 38.932469754853628 ], [ -104.789447689147835, 38.93246175942182 ], [ -104.789445991640235, 38.93246173103406 ], [ -104.789243971266814, 38.932458320179997 ], [ -104.788978099810578, 38.932455881668673 ], [ -104.788967871326605, 38.932455787608831 ], [ -104.788807970654162, 38.932454319904195 ], [ -104.788579658053479, 38.932477323611423 ], [ -104.788487684801808, 38.932486590370438 ], [ -104.788410971323216, 38.932494319848786 ], [ -104.788224971207597, 38.932535319803549 ], [ -104.788174506389126, 38.932552608506263 ], [ -104.788162845875618, 38.93255660365709 ], [ -104.78800897099795, 38.932609320169007 ], [ -104.788006571008509, 38.932609757712733 ], [ -104.787966035800878, 38.932617147120276 ], [ -104.787816970623822, 38.932644320802773 ], [ -104.787681948545156, 38.932677290898859 ], [ -104.787558970796013, 38.932707319412721 ], [ -104.787525633733296, 38.932715062657024 ], [ -104.787403970048445, 38.93274332074499 ], [ -104.787218744968413, 38.932789941654505 ], [ -104.787166748696038, 38.932803028800762 ], [ -104.787044561362663, 38.93283378321204 ], [ -104.786962970098969, 38.932854320099807 ], [ -104.786728971118293, 38.932914319984093 ], [ -104.786721650479876, 38.932916042591749 ], [ -104.786563479764794, 38.932953259358413 ], [ -104.786388970365905, 38.932994320565534 ], [ -104.786250057716884, 38.933017540271578 ], [ -104.786082670360855, 38.933045519987942 ], [ -104.786047970749465, 38.933051320284484 ], [ -104.785873971084513, 38.9330663199529 ], [ -104.785676639789699, 38.93307197911497 ], [ -104.7856025008047, 38.933074104747874 ], [ -104.785594970378838, 38.933074320646689 ], [ -104.785172287835508, 38.933069633639946 ], [ -104.785143970374023, 38.933069319965874 ], [ -104.78512266810327, 38.933069215162377 ], [ -104.784940970235269, 38.933068320761308 ], [ -104.784649219341304, 38.933062627789958 ], [ -104.784642853813537, 38.933062503957764 ], [ -104.784530970512478, 38.933060320331457 ], [ -104.784382969465184, 38.933056320747269 ], [ -104.784203771076307, 38.933055652276629 ], [ -104.784163042540925, 38.933055500712463 ], [ -104.78411496942887, 38.933055321044975 ], [ -104.783726436291516, 38.933054698283755 ], [ -104.783683169441019, 38.933054629114288 ], [ -104.783240493071219, 38.933053917202137 ], [ -104.783203294171273, 38.933053857320864 ], [ -104.782869970020144, 38.933053320586751 ], [ -104.782754251552731, 38.933053320532089 ], [ -104.782723417670297, 38.933053320468204 ], [ -104.782454969227928, 38.933053320444792 ], [ -104.782351969042779, 38.933052321013747 ], [ -104.7822705861863, 38.933052320624554 ], [ -104.782243545842178, 38.93305232042016 ], [ -104.782218540098924, 38.933052320153514 ], [ -104.782046969303096, 38.933052320633891 ], [ -104.781944969386586, 38.933052320673951 ], [ -104.781791065557471, 38.933051719961263 ], [ -104.78176367104578, 38.933051612957684 ], [ -104.781688969333018, 38.933051320998551 ], [ -104.781283792025221, 38.933051321491874 ], [ -104.781283419472473, 38.93305132189235 ], [ -104.780920969927791, 38.933051321188742 ], [ -104.780838662029225, 38.933051321285554 ], [ -104.780803910041115, 38.933051320809895 ], [ -104.780716760164424, 38.933051320608875 ], [ -104.780664968963578, 38.933051321018901 ], [ -104.780396969155703, 38.93305132082196 ], [ -104.780343553966702, 38.933051320950874 ], [ -104.780324028029654, 38.933051320850502 ], [ -104.779867516221231, 38.933051321273155 ], [ -104.779844145990737, 38.933051321613611 ], [ -104.779716392902358, 38.933051321495697 ], [ -104.779593969686971, 38.933051320917968 ], [ -104.779387666466377, 38.933051321253657 ], [ -104.779364262789372, 38.933051321290471 ], [ -104.779326969852221, 38.933051320845877 ], [ -104.778907797086632, 38.933051320934581 ], [ -104.778884380723042, 38.933051320796238 ], [ -104.77880596899945, 38.933051321088954 ], [ -104.778410755308769, 38.933051712981602 ], [ -104.778404494579988, 38.933051719183055 ], [ -104.777947685139168, 38.933052170567692 ], [ -104.7779246076432, 38.933052193059694 ], [ -104.77779496856482, 38.93305232145994 ], [ -104.777471954651787, 38.93305290891184 ], [ -104.777444717709429, 38.933052958620898 ], [ -104.777244967847437, 38.933053321081012 ], [ -104.776980639251263, 38.93305433759091 ], [ -104.776964820871626, 38.933054398711263 ], [ -104.776724968416929, 38.933055320855658 ], [ -104.776540960429827, 38.933055883596815 ], [ -104.77648492179145, 38.933056054817882 ], [ -104.776397968697367, 38.933056321063731 ], [ -104.776059614356072, 38.933058049650107 ], [ -104.776005016365048, 38.933058328702423 ], [ -104.775581333459385, 38.933060492252764 ], [ -104.775418968623271, 38.933061320446051 ], [ -104.775314967642615, 38.933062321087924 ], [ -104.775220097086162, 38.933062747925291 ], [ -104.77509296783262, 38.93306332046987 ], [ -104.774918816112915, 38.933063833970138 ], [ -104.774753968007957, 38.933064320540851 ], [ -104.77470752772183, 38.933064966956707 ], [ -104.774106967035081, 38.933073321751969 ], [ -104.773776967712138, 38.933078320951601 ], [ -104.77339296714625, 38.933083321500128 ], [ -104.772814967059148, 38.933084320743397 ], [ -104.772639443105305, 38.93308479342403 ], [ -104.77263894943431, 38.933084794841115 ], [ -104.772638664534298, 38.933084795762049 ], [ -104.772442968167141, 38.933085321265935 ], [ -104.771852329475223, 38.933086162794943 ], [ -104.771851227962799, 38.933086164006845 ], [ -104.771740967924785, 38.933086321396821 ], [ -104.77173828934923, 38.933086357776503 ], [ -104.771573825833684, 38.933088580924945 ], [ -104.771222697302889, 38.933093325237856 ], [ -104.771148967291651, 38.933094321740946 ], [ -104.771080966197346, 38.933095321669583 ], [ -104.770937966735829, 38.933112321152599 ], [ -104.770847966531846, 38.933122321458143 ], [ -104.770846749511591, 38.933122563369174 ], [ -104.770480966421388, 38.933195321046874 ], [ -104.770190966519408, 38.933300321352306 ], [ -104.77014800750166, 38.933316056623234 ], [ -104.770018967093137, 38.933363321674307 ], [ -104.769353966950618, 38.933648321386777 ], [ -104.769165173583389, 38.933732017815991 ], [ -104.768841772591031, 38.933875387303722 ], [ -104.768017490133289, 38.934240800346934 ], [ -104.767977966134168, 38.934258321240627 ], [ -104.767926226921617, 38.934280468674004 ], [ -104.767706966054121, 38.934374321964931 ], [ -104.767449352890637, 38.934486748848151 ], [ -104.767360966621482, 38.934525321380001 ], [ -104.766850966320249, 38.934745321487135 ], [ -104.76664538620112, 38.93483455468531 ], [ -104.766615541040366, 38.934847509281795 ], [ -104.766016965966344, 38.935107321469388 ], [ -104.765697965639603, 38.935249321802708 ], [ -104.765115966023302, 38.935509322310388 ], [ -104.764886965811797, 38.935613321934433 ], [ -104.76446896587332, 38.935725322162689 ], [ -104.763980965022071, 38.935960322224958 ], [ -104.763046964675553, 38.936456321996282 ], [ -104.762951965105358, 38.936555321925951 ], [ -104.762471965311605, 38.936797322910699 ], [ -104.761842964687787, 38.937115322365088 ], [ -104.761726964865062, 38.937162322303351 ], [ -104.761680856692678, 38.937181213644735 ], [ -104.76165013913365, 38.937193799288572 ], [ -104.761582965209271, 38.93722132232385 ], [ -104.761406965279505, 38.937294322074656 ], [ -104.761094964899129, 38.937394322472095 ], [ -104.760931965566741, 38.937447321923116 ], [ -104.760860785026225, 38.937443849913116 ], [ -104.760685964370168, 38.937435322924792 ], [ -104.760362964770636, 38.937516322395958 ], [ -104.759962964926572, 38.937602321902581 ], [ -104.759351964870859, 38.937711322677202 ], [ -104.759062965156417, 38.937767322418601 ], [ -104.75888796503169, 38.937800322555383 ], [ -104.758714964804213, 38.937834323428497 ], [ -104.758659964972097, 38.937844322989832 ], [ -104.758185965001417, 38.93788632286126 ], [ -104.757064963964666, 38.937891322815794 ], [ -104.75682296470417, 38.937888322881399 ], [ -104.756828723459236, 38.937964141697655 ], [ -104.756828964661921, 38.937967323307213 ], [ -104.756830964042109, 38.938037322811461 ], [ -104.756703640984597, 38.938035801175751 ], [ -104.756579964800764, 38.938034322527947 ], [ -104.756376964299264, 38.938032322239266 ], [ -104.755729963908564, 38.938044323222208 ], [ -104.755374964127782, 38.938051322930022 ], [ -104.754950964792073, 38.938089323558742 ], [ -104.754385963033542, 38.938170322756875 ], [ -104.753934964087094, 38.938258323242366 ], [ -104.753574963841487, 38.938364322477341 ], [ -104.753109963870713, 38.938523322946942 ], [ -104.752528963062716, 38.938755323178853 ], [ -104.752466963172324, 38.938781322927674 ], [ -104.751524962717383, 38.939206323256464 ], [ -104.750888963136902, 38.939504323994584 ], [ -104.750755963734491, 38.939567323730103 ], [ -104.750267963246969, 38.939733323063173 ], [ -104.750014962825574, 38.939826323047356 ], [ -104.74960396334869, 38.939943323178369 ], [ -104.749167962292233, 38.940037324341617 ], [ -104.748872962236405, 38.940095324023666 ], [ -104.748727963229157, 38.940125323487941 ], [ -104.748358962719692, 38.940173324418119 ], [ -104.748187824509628, 38.940196141933164 ], [ -104.748178962175558, 38.940197323349324 ], [ -104.748167987514123, 38.940122438789871 ], [ -104.748162892865253, 38.940087672828902 ], [ -104.748161962352967, 38.940081323790849 ], [ -104.740672960630633, 38.940102324047828 ], [ -104.740089960491218, 38.940093324231739 ], [ -104.74000973882832, 38.940092147896706 ], [ -104.739680961074825, 38.940087324660595 ], [ -104.739624501287025, 38.940180169567654 ], [ -104.739590960940646, 38.940235324116266 ], [ -104.739416960105999, 38.940235324317513 ], [ -104.73816896065, 38.940234324732742 ], [ -104.737606960041745, 38.940233324518815 ], [ -104.734486959646432, 38.940232324812499 ], [ -104.734271959471286, 38.940231324994478 ], [ -104.733526959181631, 38.94023032544554 ], [ -104.731697958301254, 38.94022932467405 ], [ -104.731433958150589, 38.940237324475284 ], [ -104.731093958950467, 38.940248324822193 ], [ -104.730610958394848, 38.940269324889492 ], [ -104.729387184435069, 38.940269325528256 ], [ -104.729376958443325, 38.940269325347373 ], [ -104.729380972675472, 38.940174705505079 ], [ -104.729383688875373, 38.940110699478858 ], [ -104.72938395882818, 38.940104324900339 ], [ -104.729340279614163, 38.940104533703305 ], [ -104.729186279915368, 38.940105270910003 ], [ -104.729174957514971, 38.940105324704973 ], [ -104.728992981954391, 38.940106758217723 ], [ -104.727141958185427, 38.940121324883535 ], [ -104.724766957419831, 38.940129325337701 ], [ -104.724739699954483, 38.940129405828152 ], [ -104.724538611400263, 38.940129999604565 ], [ -104.722729957427404, 38.940135325678789 ], [ -104.722117956382334, 38.940138325373724 ], [ -104.720467956288743, 38.940139325068436 ], [ -104.720210955627905, 38.94013032613671 ], [ -104.720075956041811, 38.940127325624346 ], [ -104.72005295568087, 38.940316325710562 ], [ -104.7199529564286, 38.940318325346688 ], [ -104.719911956035276, 38.940319325126168 ], [ -104.719752644813227, 38.940317334132295 ], [ -104.719751987405502, 38.940316695508663 ], [ -104.71975195509502, 38.940317325902384 ], [ -104.719742265447991, 38.940317118569027 ], [ -104.719724437284768, 38.940316736826539 ], [ -104.719564955976665, 38.940313325561014 ], [ -104.719511654546906, 38.940316302061042 ], [ -104.719443412683461, 38.940320113387344 ], [ -104.719424433588316, 38.940321173378926 ], [ -104.71934581051876, 38.940325564513181 ], [ -104.719265589986364, 38.940330043968359 ], [ -104.719243062768683, 38.940331301730254 ], [ -104.718400955976051, 38.940378325805497 ], [ -104.717489614922599, 38.940400305872565 ], [ -104.717239955074291, 38.940406325864146 ], [ -104.715234328575917, 38.940472752863307 ], [ -104.714870021293137, 38.940484814749382 ], [ -104.714612955310358, 38.940493325883757 ], [ -104.713961954203342, 38.940524326579293 ], [ -104.713884953962577, 38.940527326838279 ], [ -104.713368954708756, 38.940561326523003 ], [ -104.712561747829668, 38.940622382681731 ], [ -104.712249570611348, 38.940645994305243 ], [ -104.712231954070532, 38.940647326307733 ], [ -104.711183954730075, 38.94072732598984 ], [ -104.710368954715889, 38.940751326072061 ], [ -104.709856306664477, 38.940760449035288 ], [ -104.709629581806411, 38.940764483335705 ], [ -104.708513953557755, 38.940784326532565 ], [ -104.70725821801993, 38.940825474762704 ], [ -104.707010135420376, 38.940833602417051 ], [ -104.706346952917912, 38.94085532732629 ], [ -104.70522695206671, 38.940914326896333 ], [ -104.704915985029558, 38.940937575791494 ], [ -104.704905952376095, 38.94093832610988 ], [ -104.704389868052758, 38.940975518665581 ], [ -104.703892953208751, 38.941011327565754 ], [ -104.702609951687748, 38.941060327093638 ], [ -104.701853277084908, 38.941069409268998 ], [ -104.701112931699029, 38.941078291473787 ], [ -104.701109951705078, 38.941078326861692 ], [ -104.701018951735989, 38.941080326993983 ], [ -104.700672952003444, 38.941085327174562 ], [ -104.700362952439121, 38.941092327809315 ], [ -104.699361951439343, 38.941098326605591 ], [ -104.698924950627784, 38.941102327643435 ], [ -104.698564951080769, 38.941121327421428 ], [ -104.698449951322729, 38.941127327631776 ], [ -104.697487950511743, 38.941163327698703 ], [ -104.697128951775284, 38.941178327359005 ], [ -104.696876950253184, 38.941190327874303 ], [ -104.696723950431377, 38.941197327036335 ], [ -104.696496950873467, 38.941210327283024 ], [ -104.696091950446458, 38.941241327113133 ], [ -104.695862949819698, 38.941257327520233 ], [ -104.695613950490525, 38.941275326959655 ], [ -104.695266950654727, 38.941300327882132 ], [ -104.694779950166435, 38.941323328130743 ], [ -104.694078950085981, 38.941357327297233 ], [ -104.692811950233306, 38.941370327170404 ], [ -104.691286949600823, 38.941373327279422 ], [ -104.690688949641839, 38.941371327655979 ], [ -104.690185950014623, 38.941369327828916 ], [ -104.689092949037146, 38.941375327480493 ], [ -104.688338948592857, 38.941380327929139 ], [ -104.687913948683786, 38.941383328142919 ], [ -104.687566949189716, 38.941385328409545 ], [ -104.68729194832207, 38.94138732800505 ], [ -104.687081948584378, 38.941388328115544 ], [ -104.685988948150353, 38.941380328742646 ], [ -104.684289948566771, 38.94135832816432 ], [ -104.683327947341652, 38.941334328226013 ], [ -104.682478947704908, 38.941278328109775 ], [ -104.681892947272914, 38.941228328419975 ], [ -104.681585947351834, 38.941204328937232 ], [ -104.680964947287819, 38.941154327852416 ], [ -104.679275947030689, 38.940990328397504 ], [ -104.679191222388127, 38.94098309022889 ], [ -104.678310335988712, 38.940907836058557 ], [ -104.678163946623187, 38.940895329232156 ], [ -104.677634945983101, 38.940870328976608 ], [ -104.676809945336828, 38.940859327895907 ], [ -104.673816945981528, 38.940840328210271 ], [ -104.673364964763536, 38.940848154642566 ], [ -104.673354945396241, 38.940848328478346 ], [ -104.673352945248411, 38.940976328754644 ], [ -104.67335167476503, 38.941030717325432 ], [ -104.673325945373676, 38.942132329251777 ], [ -104.67331094606233, 38.942838329190337 ], [ -104.673298075754815, 38.944013777944811 ], [ -104.673298075313937, 38.944013815778497 ], [ -104.673298074967562, 38.944013845504919 ], [ -104.673298074589638, 38.944013877933777 ], [ -104.673298074169765, 38.944013913965833 ], [ -104.673298073697367, 38.944013954501841 ], [ -104.673292945562366, 38.944482329283787 ], [ -104.673283478299822, 38.944826300112823 ], [ -104.673283476401011, 38.944826364061477 ], [ -104.67328347423971, 38.944826450530179 ], [ -104.673262945965078, 38.945572329637962 ], [ -104.673247946262407, 38.946260329781154 ], [ -104.673245945622469, 38.946360328957098 ], [ -104.673236945833537, 38.946773329905014 ], [ -104.673236946340253, 38.946798330102702 ], [ -104.673219946536975, 38.947674329510654 ], [ -104.673216946595687, 38.948321330339837 ], [ -104.673212946313058, 38.948725330039089 ], [ -104.673207946393006, 38.948958330198941 ], [ -104.673171945920842, 38.950869330372925 ], [ -104.673159946475494, 38.951506331235088 ], [ -104.673163148318665, 38.951522340916931 ], [ -104.673164946013415, 38.951531330010795 ], [ -104.673167946025984, 38.951557330762377 ], [ -104.67316794572902, 38.951608330188776 ], [ -104.673171945952404, 38.951654330263963 ], [ -104.673174993902435, 38.951701557769475 ], [ -104.673175946580116, 38.951716330780229 ], [ -104.673187946676904, 38.951869330563802 ], [ -104.673197393744928, 38.951869295002624 ], [ -104.676599947227686, 38.951856330194133 ], [ -104.676601804729444, 38.95185632892666 ], [ -104.677924946955187, 38.95185533039939 ], [ -104.682572948762086, 38.951838330176237 ], [ -104.682575948992664, 38.951624329711912 ], [ -104.682631669609762, 38.948232338748269 ], [ -104.682631948657814, 38.948215329497131 ], [ -104.683827948870785, 38.948212328628294 ], [ -104.684134949023303, 38.948214328912684 ], [ -104.684363949171455, 38.948216329274949 ], [ -104.690879033179101, 38.948265596994418 ], [ -104.691772950775785, 38.948272327980398 ], [ -104.691772814918721, 38.948278581802022 ], [ -104.691730145157223, 38.950240277023006 ], [ -104.691699951388316, 38.951628329233841 ], [ -104.691708950012384, 38.951731329132016 ], [ -104.69170244785839, 38.951737489171805 ], [ -104.691695957362739, 38.95174363848178 ], [ -104.691691042553856, 38.951748294280691 ], [ -104.691667018974584, 38.951771053689455 ], [ -104.691651950295892, 38.951785328729414 ], [ -104.691570694016562, 38.951862676141239 ], [ -104.691536913579611, 38.951894831397347 ], [ -104.69141465547527, 38.952011207874428 ], [ -104.691251262264188, 38.952166738507678 ], [ -104.691173950987491, 38.952240329401064 ], [ -104.691118977709664, 38.952292796929321 ], [ -104.6911140192571, 38.952297529875736 ], [ -104.690909824194279, 38.952492419268133 ], [ -104.690823939018969, 38.95257438968396 ], [ -104.690818980537259, 38.952579121716788 ], [ -104.690528896832177, 38.952855981672336 ], [ -104.690523938311088, 38.952860713692424 ], [ -104.690403729712671, 38.95297544216578 ], [ -104.690233853466836, 38.953137572009631 ], [ -104.690149494771433, 38.953218084133042 ], [ -104.690009125159065, 38.953352051445194 ], [ -104.689938807748817, 38.95341916248946 ], [ -104.689643758534615, 38.953700752202963 ], [ -104.689638799885145, 38.953705485085621 ], [ -104.689572950524848, 38.953768329866605 ], [ -104.689352679029085, 38.953982368834204 ], [ -104.68934780802897, 38.953987101414477 ], [ -104.689276683078461, 38.954056214481398 ], [ -104.689062852399275, 38.954263993476026 ], [ -104.689047587060159, 38.954278827153821 ], [ -104.688936950551593, 38.954386330077568 ], [ -104.688873244935195, 38.95444825250221 ], [ -104.688554325509685, 38.95475824154552 ], [ -104.688554171493678, 38.954758391818082 ], [ -104.688542187930054, 38.954770039408558 ], [ -104.688529438968786, 38.954782432086731 ], [ -104.688528705095209, 38.954783144964075 ], [ -104.688528583752912, 38.954783263033036 ], [ -104.688513214297359, 38.954798202218115 ], [ -104.688502613312565, 38.954808505435437 ], [ -104.688455075637307, 38.95485471206068 ], [ -104.688436950304194, 38.954872330127721 ], [ -104.688436636574934, 38.954872624326562 ], [ -104.688433088767596, 38.954875949926098 ], [ -104.688404434511966, 38.954902813174961 ], [ -104.688398726740118, 38.954908165084611 ], [ -104.688388950999553, 38.954917329939533 ], [ -104.688405740413216, 38.954917247065438 ], [ -104.691620951091764, 38.954901329591159 ], [ -104.699883952659277, 38.954871329478316 ], [ -104.700566953344648, 38.954869329243358 ], [ -104.700590953695169, 38.954868329324739 ], [ -104.700677900501503, 38.954867694311197 ], [ -104.700727953784806, 38.954867329193043 ], [ -104.700727953183815, 38.954873730785813 ], [ -104.700727953327714, 38.954891329322678 ], [ -104.700727939219149, 38.95489196704316 ], [ -104.700724953180227, 38.95503132945467 ], [ -104.700717953255491, 38.955545328851883 ], [ -104.700714953825553, 38.955675329298209 ], [ -104.700709953347982, 38.956065329260824 ], [ -104.700707953333861, 38.95619632932523 ], [ -104.700697952506872, 38.956840329063489 ], [ -104.700691953835218, 38.957303328761299 ], [ -104.700686454145313, 38.958038723037781 ], [ -104.700680953099265, 38.958774329841631 ], [ -104.700676954195188, 38.959419330029 ], [ -104.700672953865165, 38.960308329386493 ], [ -104.700672954015985, 38.960373329964689 ], [ -104.700669954241974, 38.961001330233898 ], [ -104.700663953930402, 38.962070330467434 ], [ -104.700657954417537, 38.962975329673235 ], [ -104.700655954897854, 38.963427329818181 ], [ -104.700651953902749, 38.963864330197765 ], [ -104.700647953798239, 38.964412330475056 ], [ -104.700634954072711, 38.966014331017455 ], [ -104.700634954467432, 38.966080330615029 ], [ -104.70062795461844, 38.967677330754363 ], [ -104.700613955365583, 38.968718331013179 ], [ -104.700605275849966, 38.969353806646723 ], [ -104.700604954135301, 38.969377330666902 ], [ -104.700595954774286, 38.970173331028164 ], [ -104.700603955047129, 38.971559331558488 ], [ -104.700595955373657, 38.971844331727951 ], [ -104.700566954653013, 38.9728863310322 ], [ -104.700559956184378, 38.974328331504424 ], [ -104.700552955153299, 38.974681331574352 ], [ -104.700530954810219, 38.975871331996998 ], [ -104.700483955311398, 38.977551332569014 ], [ -104.700501956142205, 38.978820332490045 ], [ -104.700507515489235, 38.979036644161013 ], [ -104.700512956181129, 38.979248332650158 ], [ -104.700504955538889, 38.979456332530731 ], [ -104.700503298004818, 38.979496779179421 ], [ -104.700479955851847, 38.980066332982958 ], [ -104.700474956004783, 38.980218332008484 ], [ -104.700472956318379, 38.980272332580412 ], [ -104.70045095623243, 38.98115333226005 ], [ -104.700432956328697, 38.981861333031091 ], [ -104.700424956183468, 38.982260333253279 ], [ -104.700404956570381, 38.983460333241126 ], [ -104.700403956629074, 38.98353733352878 ], [ -104.700391956210325, 38.983860332322458 ], [ -104.700402148032154, 38.983860340178644 ], [ -104.70041370300352, 38.983860348389726 ], [ -104.701785956964983, 38.983861332430834 ], [ -104.704207957761412, 38.983863332916449 ], [ -104.705305957366718, 38.983863332431199 ], [ -104.705967957309056, 38.983861332676803 ], [ -104.707216957370321, 38.983858333522896 ], [ -104.707361958267967, 38.983858332816176 ], [ -104.707913958144601, 38.983856333175552 ], [ -104.709568958258814, 38.983851332443649 ], [ -104.71012195787317, 38.983850332688554 ], [ -104.710680958653597, 38.983847332339458 ], [ -104.711989958908134, 38.983840333151051 ], [ -104.712357958932614, 38.98383733232582 ], [ -104.712916959385709, 38.983834332948604 ], [ -104.713444958888971, 38.983830332235186 ], [ -104.715028960102998, 38.983820332786927 ], [ -104.715557960468388, 38.983817332806098 ], [ -104.716043960445106, 38.983813331821821 ], [ -104.716206960243525, 38.983813332320636 ], [ -104.717504960102247, 38.983804331345077 ], [ -104.717991961000052, 38.983801332523541 ], [ -104.718184961073206, 38.983800332756424 ], [ -104.718516960157885, 38.983802331701646 ], [ -104.720093960941924, 38.983815331677683 ], [ -104.72034896052989, 38.98381833189309 ], [ -104.720349292370088, 38.983818384564465 ], [ -104.720461960646617, 38.983836332253716 ], [ -104.726061962092501, 38.983824331218088 ], [ -104.732108963197561, 38.983814331400431 ], [ -104.73212596362184, 38.983812331026691 ], [ -104.732363964253494, 38.983801331145351 ], [ -104.732495963716161, 38.983795331627668 ], [ -104.732805963787328, 38.983790330599511 ], [ -104.733039963747643, 38.983803330861498 ], [ -104.733228963747592, 38.983797331336739 ], [ -104.733389963695799, 38.983798331495073 ], [ -104.734246963952842, 38.983803330541811 ], [ -104.734875964565305, 38.983807331009309 ], [ -104.735676965052548, 38.983809330774193 ], [ -104.73601999437345, 38.983813006213062 ], [ -104.736983964801411, 38.983823330244817 ], [ -104.737455540362944, 38.983810542041454 ], [ -104.73757396561345, 38.983807330606012 ], [ -104.737741330007708, 38.983810049251296 ], [ -104.73782226624175, 38.983809909929938 ], [ -104.73785367370715, 38.98381187408016 ], [ -104.738004964786995, 38.983814331247068 ], [ -104.738128890411545, 38.983803555555518 ], [ -104.738625965056215, 38.983760330723342 ], [ -104.739142965150648, 38.983789330280679 ], [ -104.740298965720811, 38.983793330935669 ], [ -104.740686965699282, 38.98379533035618 ], [ -104.741224965688119, 38.983791330137571 ], [ -104.742822965739734, 38.98378533005657 ], [ -104.7437689666951, 38.983784330087197 ], [ -104.744925966675581, 38.983783330218138 ], [ -104.745119966557453, 38.983782330114586 ], [ -104.745295028710473, 38.983782330273961 ], [ -104.745704967549131, 38.983782330078029 ], [ -104.745899966722348, 38.983782329705235 ], [ -104.746175966325836, 38.983782329331056 ], [ -104.746870966572715, 38.983782329515954 ], [ -104.747003967155635, 38.9837833296599 ], [ -104.747280966767235, 38.983786329410904 ], [ -104.748657967254445, 38.983774329898402 ], [ -104.749149968072516, 38.98376932947113 ], [ -104.749481967708192, 38.983767329440589 ], [ -104.749596967289961, 38.983766329542647 ], [ -104.749849968131272, 38.98376332905066 ], [ -104.751625967688994, 38.983762329797614 ], [ -104.753098968565837, 38.983764329555832 ], [ -104.753960350566615, 38.983751914977475 ], [ -104.75400096828146, 38.983751329403596 ], [ -104.754243968538646, 38.983748329136112 ], [ -104.754599968937143, 38.983745329591905 ], [ -104.75475696845217, 38.983744328708404 ], [ -104.756626969564209, 38.983741329865147 ], [ -104.756626995379534, 38.983747674814715 ], [ -104.756629968845218, 38.984478329550662 ], [ -104.756631969403458, 38.984751330191258 ], [ -104.756636968907173, 38.985610330305285 ], [ -104.756638969737182, 38.985929329003596 ], [ -104.756643969779589, 38.986688329522359 ], [ -104.756644969867978, 38.986839330551092 ], [ -104.756647970024346, 38.987426329853882 ], [ -104.756650969385475, 38.988154329539739 ], [ -104.756652969536987, 38.988361330086533 ], [ -104.756655969699125, 38.988865330027757 ], [ -104.756658970141771, 38.989535330199921 ], [ -104.75666796968018, 38.99033832970931 ], [ -104.75667197000044, 38.990694330403564 ], [ -104.756675969896435, 38.991067330362355 ], [ -104.756680970201373, 38.991481330459173 ], [ -104.756674969976771, 38.992071330339236 ], [ -104.756673970328009, 38.992143330827666 ], [ -104.756672022329653, 38.992349817780031 ], [ -104.756655970771902, 38.994051330616863 ], [ -104.756656970405132, 38.994124330296671 ], [ -104.756657970509252, 38.99418033070085 ], [ -104.756669969904166, 38.99482533034714 ], [ -104.756677970543507, 38.995374331016045 ], [ -104.7566799704354, 38.99546633085307 ], [ -104.756695970225152, 38.996451331468116 ], [ -104.756692970600326, 38.996673330737536 ], [ -104.756686970843987, 38.997339331438454 ], [ -104.756684970804997, 38.997562331614603 ], [ -104.756677971179428, 38.998131331825363 ], [ -104.756676971202666, 38.998266331341007 ], [ -104.756686989309742, 38.998266253870575 ], [ -104.760528970840085, 38.998236330651253 ], [ -104.764171973300492, 38.99820033057987 ], [ -104.765991972614145, 38.998186330859788 ], [ -104.765991933965026, 38.998192739343892 ], [ -104.765957304530744, 39.003849827287638 ], [ -104.765946974427919, 39.005537331609617 ], [ -104.756674971695148, 39.005503333019227 ], [ -104.756677971764105, 39.005812332239501 ], [ -104.756678971302975, 39.005900332034898 ], [ -104.756697972419531, 39.00690433328333 ], [ -104.756704972745553, 39.007268333017763 ], [ -104.756706971252356, 39.008057333273463 ], [ -104.75670497278486, 39.008358332354639 ], [ -104.756703972501796, 39.008919333418376 ], [ -104.756704972882218, 39.00910833317981 ], [ -104.756682972598227, 39.009709333465345 ], [ -104.75670697239913, 39.011329333018118 ], [ -104.756703972625942, 39.011631332727895 ], [ -104.756700973087149, 39.012027333600024 ], [ -104.756701228313503, 39.012204702016412 ], [ -104.756701972586697, 39.012722333880788 ], [ -104.756711935728035, 39.012722407388956 ], [ -104.757243972570578, 39.012726332961087 ], [ -104.757789972299165, 39.012732333301976 ], [ -104.758869973267011, 39.012747333577913 ], [ -104.75941297313841, 39.012756333201999 ], [ -104.760557973606353, 39.012751333034714 ], [ -104.761043973115093, 39.012756333502466 ], [ -104.761529973810894, 39.012762332804229 ], [ -104.762271006445118, 39.01275257756221 ], [ -104.765096974692156, 39.012715332913118 ], [ -104.765738973889412, 39.012716332710497 ], [ -104.765938974657061, 39.012712332690072 ], [ -104.766884975222965, 39.012694333283662 ], [ -104.767331975487863, 39.012695333304791 ], [ -104.767569974220038, 39.012679333193695 ], [ -104.767677975043114, 39.012671332700371 ], [ -104.768016975392086, 39.012624333174308 ], [ -104.768192975846745, 39.012593332801444 ], [ -104.768311975280795, 39.012573332932789 ], [ -104.768851975688833, 39.012459333029128 ], [ -104.769462974445986, 39.012308332772058 ], [ -104.769585975049765, 39.012273333078596 ], [ -104.76975012473892, 39.012226954026438 ], [ -104.769900975036293, 39.01218433261954 ], [ -104.771407976065234, 39.01175733272234 ], [ -104.7726719761298, 39.011432332420917 ], [ -104.773255138552827, 39.011272503734389 ], [ -104.773616975978129, 39.011173332020114 ], [ -104.773912413547848, 39.011087515682384 ], [ -104.774456975919875, 39.0109293320997 ], [ -104.774593976060018, 39.010920332086513 ], [ -104.775538977086953, 39.010635332685418 ], [ -104.775565976582811, 39.010628331633029 ], [ -104.776090977165325, 39.01045333212403 ], [ -104.776342977088106, 39.010362332603258 ], [ -104.776471976343558, 39.010315331977971 ], [ -104.77682997713643, 39.010167332358414 ], [ -104.776884998343093, 39.010140560017945 ], [ -104.777090976784393, 39.010040332044078 ], [ -104.777351977081167, 39.00987433206658 ], [ -104.777421977259067, 39.009824331901449 ], [ -104.777461608282337, 39.009795570176024 ], [ -104.777596976289971, 39.00969733184035 ], [ -104.777719976515741, 39.009594332162294 ], [ -104.777822976757861, 39.009508330936811 ], [ -104.778141169552399, 39.009292697050888 ], [ -104.778185976416196, 39.009262331208596 ], [ -104.77820443325291, 39.009254179343408 ], [ -104.778305977657993, 39.009209331617861 ], [ -104.778383976701505, 39.009174331111893 ], [ -104.778390311937628, 39.009182297032801 ], [ -104.778690976980712, 39.009560331676369 ], [ -104.778881072170378, 39.009794579345019 ], [ -104.778906726716443, 39.009826192614277 ], [ -104.778908895972847, 39.009828949163655 ], [ -104.778908944703446, 39.00982892604312 ], [ -104.779310977304235, 39.010324330824936 ], [ -104.779646977020661, 39.010823331769842 ], [ -104.779814977831776, 39.011139331891904 ], [ -104.779931978554558, 39.011502332166195 ], [ -104.780192977358766, 39.012788332226322 ], [ -104.780381977964325, 39.013719332111556 ], [ -104.780512978039269, 39.014367331643903 ], [ -104.780591978373451, 39.014758331822847 ], [ -104.780757978053401, 39.015577331834805 ], [ -104.780812977568232, 39.016488331658906 ], [ -104.780784978156447, 39.016663332335632 ], [ -104.78075497871329, 39.017610332310085 ], [ -104.78064797848198, 39.018559332978356 ], [ -104.780581978597908, 39.019104332342621 ], [ -104.780525978840714, 39.019464332972206 ], [ -104.78028508575035, 39.021286747264782 ], [ -104.780251799087495, 39.021538561757289 ], [ -104.780249978916075, 39.02155233362317 ], [ -104.780249978150138, 39.021578333258226 ], [ -104.780191979045924, 39.021957332951004 ], [ -104.780093756515299, 39.022682858983117 ], [ -104.780072978121424, 39.022836333871574 ], [ -104.779865979390237, 39.023914333884655 ], [ -104.779778028086426, 39.024158200591117 ], [ -104.779535978829514, 39.024829333633491 ], [ -104.779376979222292, 39.025233333693116 ], [ -104.778988978973757, 39.026243333986095 ], [ -104.778634979228272, 39.027150334163416 ], [ -104.778112979571105, 39.028520334000284 ], [ -104.778092978764121, 39.028613334262644 ], [ -104.777793979081238, 39.029357334730584 ], [ -104.777751538442587, 39.029465670689461 ], [ -104.777451978973929, 39.030230335102672 ], [ -104.777258979590684, 39.030821334399924 ], [ -104.775898978929362, 39.034261335467725 ], [ -104.775709979347766, 39.034816336134035 ], [ -104.775662929877697, 39.035059067418423 ], [ -104.775621979408541, 39.035270335483709 ], [ -104.775586978504776, 39.03531033561228 ], [ -104.775526519757506, 39.035352267376545 ], [ -104.775524979528925, 39.03535333522013 ], [ -104.775522982889825, 39.035400054691515 ], [ -104.775519979515025, 39.035470335186837 ], [ -104.775514978762999, 39.035576335698842 ], [ -104.775505979896209, 39.035802335944652 ], [ -104.775522979459268, 39.036245335634938 ], [ -104.775529979391749, 39.036395335592488 ], [ -104.775530979595004, 39.036469335387046 ], [ -104.77553197964464, 39.036576335320291 ], [ -104.775537979922717, 39.036899335650837 ], [ -104.775539979317614, 39.037007335435902 ], [ -104.775539979807775, 39.0370373357283 ], [ -104.775528978660802, 39.037220335551545 ], [ -104.775515979246521, 39.037458335479052 ], [ -104.775466979443081, 39.037708335184625 ], [ -104.775417979373913, 39.037849335864635 ], [ -104.775391979635558, 39.037928335896467 ], [ -104.775336979394126, 39.03804733636067 ], [ -104.775305980300033, 39.038113336556421 ], [ -104.775165979702408, 39.038324335838929 ], [ -104.775148979691622, 39.038351335889672 ], [ -104.775062978836317, 39.038449335352546 ], [ -104.774937979769433, 39.038590335770778 ], [ -104.774501979479126, 39.0389753356773 ], [ -104.77446597983301, 39.039004336104135 ], [ -104.774217979629199, 39.039216336206685 ], [ -104.773841979458084, 39.039528336418705 ], [ -104.773713978739138, 39.039631336757218 ], [ -104.773619979054075, 39.039709336746142 ], [ -104.773327979350128, 39.039898336510994 ], [ -104.772975979284126, 39.040057336461579 ], [ -104.772616979579553, 39.040170336316372 ], [ -104.772362978875734, 39.040233336799879 ], [ -104.771911978641782, 39.040344336423537 ], [ -104.77146297895824, 39.040456336859897 ], [ -104.771280979180091, 39.040509337159193 ], [ -104.771008978268654, 39.040589336545985 ], [ -104.770785979525911, 39.0406803370186 ], [ -104.770765978950749, 39.040689336577472 ], [ -104.770505979266488, 39.040820337079843 ], [ -104.770302978626489, 39.04096133592239 ], [ -104.770102978110074, 39.041125336734027 ], [ -104.769631978806444, 39.041585335958175 ], [ -104.76950497797327, 39.041717337403426 ], [ -104.769228977932173, 39.042008337443733 ], [ -104.769135979008581, 39.042120336591523 ], [ -104.768839978575997, 39.042473336810062 ], [ -104.768634977932777, 39.042704337267956 ], [ -104.76808697884421, 39.043327336718541 ], [ -104.767962977756198, 39.04347633735334 ], [ -104.767797978554839, 39.04367233723584 ], [ -104.767228978045466, 39.044452337708968 ], [ -104.76719297840107, 39.044503337484315 ], [ -104.767145058121955, 39.044572751407813 ], [ -104.76675597858393, 39.045136337383909 ], [ -104.766453978455388, 39.045564337692497 ], [ -104.766147978084973, 39.046037337647029 ], [ -104.766112978292057, 39.046084338183221 ], [ -104.765915978323164, 39.046358337915059 ], [ -104.765776977832715, 39.046538337409871 ], [ -104.765546978147086, 39.04678733790454 ], [ -104.765350978120182, 39.046981338056739 ], [ -104.764732978719877, 39.047445337910283 ], [ -104.764459977654397, 39.047678337737544 ], [ -104.76421797784684, 39.047925338328326 ], [ -104.764063978291702, 39.048149337896625 ], [ -104.763936977789726, 39.048367337890632 ], [ -104.763878977887899, 39.048534337642131 ], [ -104.763860977852062, 39.048613337876482 ], [ -104.763808977307079, 39.048848337783546 ], [ -104.763795978601863, 39.049227338924396 ], [ -104.763794978261799, 39.049754338900577 ], [ -104.763792977663002, 39.050087338882044 ], [ -104.763799978975925, 39.050360338459569 ], [ -104.763820978297105, 39.051118338431642 ], [ -104.763863977894545, 39.052059338132956 ], [ -104.76387097877344, 39.052176338480308 ], [ -104.76390697842524, 39.052782338169166 ], [ -104.763887978416847, 39.052937338013386 ], [ -104.763892978613583, 39.053482338622359 ], [ -104.7639019788474, 39.054222338093403 ], [ -104.763909978383538, 39.054360338207566 ], [ -104.763926978177011, 39.054648339617046 ], [ -104.763933978274849, 39.054767339801423 ], [ -104.763950979280608, 39.055369339214714 ], [ -104.763951979045061, 39.055587338643612 ], [ -104.763952979084266, 39.055678339303022 ], [ -104.76393297873885, 39.055972339009131 ], [ -104.763894979369027, 39.056286339249169 ], [ -104.763887979020481, 39.056332338556679 ], [ -104.763859933910169, 39.056467727240218 ], [ -104.763858978980309, 39.056472338982985 ], [ -104.763851978524059, 39.056507338863042 ], [ -104.763847978538209, 39.056518339138954 ], [ -104.763755978678745, 39.056795339680477 ], [ -104.7636885966769, 39.056951972310195 ], [ -104.763641978822264, 39.057060339567691 ], [ -104.763470979745989, 39.057415339163114 ], [ -104.763409978788047, 39.057543339592577 ], [ -104.763356979021779, 39.057648339533642 ], [ -104.763162979087639, 39.058039339991261 ], [ -104.763033978653624, 39.058281339294737 ], [ -104.762620978225257, 39.059065339900705 ], [ -104.762576978577471, 39.059149339884662 ], [ -104.762439979054761, 39.059420339509423 ], [ -104.762320978953639, 39.059652339671594 ], [ -104.762172978505802, 39.059989339711322 ], [ -104.762157978671354, 39.060025340119537 ], [ -104.762037709505037, 39.060329713706437 ], [ -104.762027979159427, 39.060354339964988 ], [ -104.761955978392237, 39.060658339906801 ], [ -104.761924667411165, 39.060853240264862 ], [ -104.76190697925054, 39.060963340406254 ], [ -104.761882978974555, 39.061103340414725 ], [ -104.761861978422047, 39.061236339970307 ], [ -104.761826978842052, 39.061525339858541 ], [ -104.761809979332611, 39.061667339943341 ], [ -104.761790979390128, 39.061817340437841 ], [ -104.761773979738365, 39.061959340510732 ], [ -104.761720978449546, 39.062268340535269 ], [ -104.761695979914023, 39.062418339930666 ], [ -104.761673979290975, 39.062543340724829 ], [ -104.761650978854234, 39.062677340103939 ], [ -104.761639980021101, 39.062747339655381 ], [ -104.761537979483975, 39.063457340122596 ], [ -104.761500979185286, 39.063718340351045 ], [ -104.761428978950647, 39.06416734110806 ], [ -104.761425979612284, 39.064192340581037 ], [ -104.761377978989941, 39.064685340593712 ], [ -104.761365980103179, 39.064947340602231 ], [ -104.761368979267232, 39.065203340497895 ], [ -104.761375979436991, 39.065405340711919 ], [ -104.761380979415904, 39.065527340639072 ], [ -104.761399979744709, 39.065982340261201 ], [ -104.761436980075459, 39.066943341114857 ], [ -104.761455118871936, 39.067414205474151 ], [ -104.761460980096274, 39.067566340720354 ], [ -104.761559980223268, 39.069827341176783 ], [ -104.761568979968231, 39.070011341358025 ], [ -104.761616979741532, 39.070788341050303 ], [ -104.761656980321519, 39.071414341427143 ], [ -104.761694677399589, 39.071697592718955 ], [ -104.761765979564913, 39.072233341252897 ], [ -104.761904980151002, 39.072704341860124 ], [ -104.761910981148588, 39.072724341834522 ], [ -104.762002979830584, 39.072904342535004 ], [ -104.762032979955549, 39.072972341396614 ], [ -104.762094979665591, 39.0731093417889 ], [ -104.762228980619128, 39.073347341992871 ], [ -104.762532980303376, 39.073754341968773 ], [ -104.762585590652392, 39.073811087075434 ], [ -104.762952980940497, 39.074207341646158 ], [ -104.764045980511924, 39.075296342111791 ], [ -104.764187188252507, 39.075439527621626 ], [ -104.765762981804457, 39.077037342059199 ], [ -104.765973981634843, 39.077250342176249 ], [ -104.76608560574563, 39.077390131041028 ], [ -104.766185428320966, 39.077515140006469 ], [ -104.766623981608262, 39.078064341805046 ], [ -104.766680982001731, 39.078174342048506 ], [ -104.766708615071579, 39.078227368795524 ], [ -104.766902982742081, 39.078600341789503 ], [ -104.766980982860801, 39.078748342094343 ], [ -104.767206982661207, 39.079282342237462 ], [ -104.767359981579673, 39.079842342787678 ], [ -104.767450982594681, 39.08034834294719 ], [ -104.767498982228972, 39.081125342048693 ], [ -104.767540889740999, 39.08178588593497 ], [ -104.767582982890232, 39.082449342441173 ], [ -104.767672982713947, 39.083121342629653 ], [ -104.767714982269354, 39.083325342616448 ], [ -104.767810982339427, 39.083603342460549 ], [ -104.767910983177856, 39.083856342641873 ], [ -104.768113983671824, 39.084284342579473 ], [ -104.76832098344515, 39.084642343312829 ], [ -104.768778983253341, 39.085233343028619 ], [ -104.769523983205673, 39.086212342690942 ], [ -104.76968935134164, 39.086429772694842 ], [ -104.769739983248172, 39.086496343735362 ], [ -104.770063285579994, 39.086988428650592 ], [ -104.770147984099808, 39.087117343457898 ], [ -104.770335984170742, 39.087464343615771 ], [ -104.770434984105336, 39.087771342785508 ], [ -104.770499984294247, 39.088135342867119 ], [ -104.770503983514359, 39.088167343512481 ], [ -104.770526593156518, 39.088349005974365 ], [ -104.770589984828618, 39.088858343282858 ], [ -104.770622983946268, 39.089183343434811 ], [ -104.770757984752663, 39.090532344361627 ], [ -104.77078198454052, 39.090774343383679 ], [ -104.77087798516952, 39.091785343099815 ], [ -104.77091698420152, 39.092615344461777 ], [ -104.770918985143609, 39.09263634402695 ], [ -104.770926984020477, 39.092937343868506 ], [ -104.770926984771663, 39.09301034406927 ], [ -104.770910984359134, 39.093636343948596 ], [ -104.770779984525234, 39.095788344659844 ], [ -104.770702985504357, 39.097236344232492 ], [ -104.770658985204079, 39.098147344210098 ], [ -104.770643985621987, 39.098485344533607 ], [ -104.770637984648701, 39.099162344753204 ], [ -104.770695984663078, 39.099992344192664 ], [ -104.77069690868187, 39.100006119414225 ], [ -104.770707986172894, 39.100171344529407 ], [ -104.770858985391854, 39.101378345031485 ], [ -104.770979985486591, 39.102263345463896 ], [ -104.771027985227406, 39.102691344871353 ], [ -104.771077986539012, 39.103019344796223 ], [ -104.771097986487717, 39.103721345166491 ], [ -104.771107985561983, 39.105836346109371 ], [ -104.771126986363541, 39.109755346070443 ], [ -104.771130986726249, 39.110521347014419 ], [ -104.771149986865552, 39.111650346958136 ], [ -104.77111598730248, 39.112577346908132 ], [ -104.771052987122047, 39.113031347238056 ], [ -104.770909986535713, 39.11348234659004 ], [ -104.770896986487415, 39.113522347484647 ], [ -104.770806986441428, 39.113750346996099 ], [ -104.770709986303387, 39.113943347185135 ], [ -104.769920986891492, 39.115410347507584 ], [ -104.769334987106362, 39.116444347167985 ], [ -104.768917986972269, 39.117142347184156 ], [ -104.76850998631113, 39.117927347988093 ], [ -104.768058985969134, 39.118724347832362 ], [ -104.767689986224923, 39.119394348188962 ], [ -104.767339986337944, 39.120011347554552 ], [ -104.76684598681156, 39.120961348285306 ], [ -104.766666987135224, 39.12145734801291 ], [ -104.766640986120009, 39.12158634837003 ], [ -104.766583986513069, 39.121867348597519 ], [ -104.766520986231129, 39.122354348366969 ], [ -104.766521987285302, 39.123068347844111 ], [ -104.766522986656341, 39.124709348176353 ], [ -104.766523986992112, 39.125003349109299 ], [ -104.766532987253385, 39.125541348617503 ], [ -104.766532988124936, 39.126257349374669 ], [ -104.766558986965848, 39.126777348717425 ], [ -104.766574986521661, 39.127377348417951 ], [ -104.766577987107325, 39.127730348960185 ], [ -104.766587987926684, 39.128122348632687 ], [ -104.766568987552901, 39.128677349920856 ], [ -104.766580987280307, 39.129680349403451 ] ] ] } },
{ "type": "Feature", "properties": { "OBJECTID": 53, "LANDBASE_EPC_SENATEDIST_AREA": null, "PERIMETER": null, "SENATE": 35, "Shape__Area": 38996264264.71096, "Shape__Length": 1018812.2645248423 }, "geometry": { "type": "Polygon", "coordinates": [ [ [ -104.051631017721917, 39.128374930881172 ], [ -104.070031158512194, 39.128482133132799 ], [ -104.070125133611953, 39.128482674496851 ], [ -104.079372210190968, 39.128535445705374 ], [ -104.087163442907382, 39.128579337838076 ], [ -104.088619300430878, 39.128587485599844 ], [ -104.097922253091042, 39.128585481545024 ], [ -104.107225205108634, 39.12858273639111 ], [ -104.125784295834379, 39.12866129252464 ], [ -104.130424074795215, 39.128680490182774 ], [ -104.132743965821007, 39.128690018454542 ], [ -104.1374107261951, 39.128709043633499 ], [ -104.139586394081533, 39.128717848034711 ], [ -104.140157599262693, 39.128720152628929 ], [ -104.141554417837185, 39.128725777280735 ], [ -104.144343425802603, 39.128736957720406 ], [ -104.152373524744974, 39.12876651703251 ], [ -104.15681876364323, 39.128782644457779 ], [ -104.162614356806174, 39.128803414471804 ], [ -104.167324445667205, 39.128792126530975 ], [ -104.171906571759152, 39.128780962509381 ], [ -104.181200571330223, 39.128757766184485 ], [ -104.181214515496123, 39.128757743677369 ], [ -104.190477794154603, 39.128743449160758 ], [ -104.199661278895761, 39.128728442001169 ], [ -104.20973813642982, 39.128736268860045 ], [ -104.218183869040246, 39.128742066465648 ], [ -104.232246190146284, 39.128707462856894 ], [ -104.236536846488605, 39.128696567978743 ], [ -104.255373345646575, 39.128702433663641 ], [ -104.273913167506365, 39.128749765557039 ], [ -104.292453011083609, 39.128794150475436 ], [ -104.311043985882009, 39.128855161486939 ], [ -104.329636023124621, 39.128867303163283 ], [ -104.348278599767852, 39.128968444497524 ], [ -104.366748598923195, 39.129060822674113 ], [ -104.38521863220295, 39.129150241702092 ], [ -104.385218637915401, 39.129149805730371 ], [ -104.408313516322266, 39.12923534326341 ], [ -104.417561049786528, 39.129277192726853 ], [ -104.450075124366748, 39.129447801238626 ], [ -104.460896330446374, 39.129490268417008 ], [ -104.465184837028445, 39.129479523249557 ], [ -104.468473990341451, 39.129492003209286 ], [ -104.472820711261164, 39.129508352498327 ], [ -104.477158928639966, 39.129524512055028 ], [ -104.479172006394819, 39.129531943676476 ], [ -104.481038973667538, 39.129538815486107 ], [ -104.485281455352762, 39.129554321147225 ], [ -104.488026994849477, 39.129564273797577 ], [ -104.489518063444621, 39.129569652224028 ], [ -104.496036236823329, 39.129588906882219 ], [ -104.514828108204512, 39.129556503006782 ], [ -104.528566687824295, 39.129506555723971 ], [ -104.551774757430479, 39.12938012498681 ], [ -104.551774938018852, 39.129433363798618 ], [ -104.553998938517395, 39.129435363827554 ], [ -104.560670940305513, 39.129442362572853 ], [ -104.561330939751016, 39.129443362767383 ], [ -104.562894940862307, 39.129445363192552 ], [ -104.567659940883118, 39.129424362143368 ], [ -104.574879942743053, 39.129456362410174 ], [ -104.579867943622801, 39.129460361668919 ], [ -104.582654944709773, 39.129463360990535 ], [ -104.586340945237652, 39.129411361339848 ], [ -104.588090947022962, 39.129405361416318 ], [ -104.589260947009763, 39.129402360541569 ], [ -104.589359903912168, 39.129402121539115 ], [ -104.59132394739909, 39.129397361210948 ], [ -104.591604946965319, 39.129396361045167 ], [ -104.591728947207883, 39.12939836182688 ], [ -104.593708948355427, 39.129423360763731 ], [ -104.593889947034185, 39.129426360662443 ], [ -104.594458947270269, 39.129423360253654 ], [ -104.59598494858875, 39.129414361173339 ], [ -104.596088948710147, 39.129414360946576 ], [ -104.600981949783204, 39.129427360131864 ], [ -104.602062949442555, 39.129430360679265 ], [ -104.602612950093217, 39.129425359895443 ], [ -104.602838949489026, 39.129423359958921 ], [ -104.603518950781535, 39.129416360355762 ], [ -104.603745949472454, 39.129415360888991 ], [ -104.603972949265255, 39.12941336013705 ], [ -104.604449949823774, 39.129416360609923 ], [ -104.605952950475555, 39.129428359779446 ], [ -104.606562950763831, 39.129427359559408 ], [ -104.607267950161699, 39.129426359931344 ], [ -104.60750395084743, 39.12942635984421 ], [ -104.607862951364808, 39.129426359673801 ], [ -104.609119950352721, 39.129430359830799 ], [ -104.609648950672991, 39.129435360456483 ], [ -104.610244952010106, 39.129441359888389 ], [ -104.610725951459926, 39.129446359692913 ], [ -104.610885951320611, 39.129444359831311 ], [ -104.610983951924396, 39.129444359143982 ], [ -104.612074952001677, 39.129438359784622 ], [ -104.612495951164092, 39.129440359590177 ], [ -104.612811952199138, 39.129442359210231 ], [ -104.613401946411088, 39.129446954539148 ], [ -104.613453952306742, 39.129447359759062 ], [ -104.614505952333218, 39.129488359564476 ], [ -104.617664952601118, 39.129612359772707 ], [ -104.618001953658606, 39.129626359443428 ], [ -104.618718953653087, 39.129654359149889 ], [ -104.620067953539859, 39.129738359394054 ], [ -104.620438954051764, 39.129762359368307 ], [ -104.621210953656316, 39.129801358844389 ], [ -104.621875954248495, 39.129806359281837 ], [ -104.622320953524166, 39.129802359563733 ], [ -104.62276995400525, 39.129714358296795 ], [ -104.62401295523145, 39.129513358957333 ], [ -104.624097954109672, 39.129506358962082 ], [ -104.624288954554331, 39.129491358880564 ], [ -104.624652954474357, 39.129490359030974 ], [ -104.624909954740986, 39.12948435821437 ], [ -104.625449954628408, 39.129478359446082 ], [ -104.62563795416672, 39.129475359265143 ], [ -104.626201954158887, 39.129470358511668 ], [ -104.626264955288804, 39.129470358434446 ], [ -104.626390955262735, 39.129467358314983 ], [ -104.626672954440366, 39.129461357983992 ], [ -104.626813954966352, 39.129459357969019 ], [ -104.62686190767468, 39.129458952130925 ], [ -104.627167955973974, 39.1294563592975 ], [ -104.627518955139863, 39.129452358768738 ], [ -104.627801955030762, 39.129450358484775 ], [ -104.627883955536845, 39.129449358226672 ], [ -104.628133955463753, 39.129446358168138 ], [ -104.628216955668165, 39.129446358791334 ], [ -104.628618956436071, 39.129452359078243 ], [ -104.629254469816814, 39.129463417560302 ], [ -104.629825956182415, 39.129473358908953 ], [ -104.630228956206523, 39.129481358293681 ], [ -104.630249956669971, 39.12948335804429 ], [ -104.630344956547901, 39.129485358246839 ], [ -104.631182956757613, 39.129482358073673 ], [ -104.632694957040286, 39.129478358837552 ], [ -104.633712956845429, 39.129494358095627 ], [ -104.634045956929484, 39.129489358338382 ], [ -104.634334956646597, 39.129486357973995 ], [ -104.634999956655349, 39.12951935780584 ], [ -104.63504595712979, 39.129534358543417 ], [ -104.635183956890799, 39.129580357878886 ], [ -104.635229957301107, 39.129597357537087 ], [ -104.635449957327523, 39.129579357974372 ], [ -104.636109956724255, 39.129525357696807 ], [ -104.636330957271781, 39.129508358428488 ], [ -104.636523957391304, 39.129496358386127 ], [ -104.636968956988269, 39.129497358396669 ], [ -104.637144957617437, 39.129495358035584 ], [ -104.637457957519686, 39.129493358069581 ], [ -104.637890957199659, 39.129507357924211 ], [ -104.638393668217418, 39.129495763527451 ], [ -104.638627957587616, 39.129490358373197 ], [ -104.638906116312995, 39.129497594905459 ], [ -104.639588958177313, 39.129515357844994 ], [ -104.639822957891624, 39.129522357408639 ], [ -104.64040395807676, 39.12953035772199 ], [ -104.641050959091814, 39.129527358039958 ], [ -104.642994958429128, 39.129520357570549 ], [ -104.643359959158786, 39.129519357143671 ], [ -104.64364395949093, 39.129518357248237 ], [ -104.643777958644847, 39.129522357072354 ], [ -104.644133068190968, 39.129532905319699 ], [ -104.644181959437361, 39.12953435770789 ], [ -104.644316959756168, 39.129539356998322 ], [ -104.644472959872573, 39.129537357397076 ], [ -104.644941959607181, 39.129533357355001 ], [ -104.645098959640364, 39.129532357887825 ], [ -104.645342959937523, 39.129530357995122 ], [ -104.645626959453836, 39.12952635702888 ], [ -104.646164960336165, 39.129534357781203 ], [ -104.646513960302457, 39.129526357743217 ], [ -104.64692461746867, 39.129520927347862 ], [ -104.647647960805458, 39.129511357909166 ], [ -104.648420960547583, 39.129513357658709 ], [ -104.649603959961667, 39.12950435660948 ], [ -104.650036960051438, 39.129511357679682 ], [ -104.650893960392636, 39.129510356949453 ], [ -104.652282961055874, 39.129509356717037 ], [ -104.653207961639623, 39.129518356105606 ], [ -104.653400961891137, 39.129518356335929 ], [ -104.653784961705895, 39.129532356779109 ], [ -104.654125962493069, 39.129530356686267 ], [ -104.654583962072621, 39.129516357557172 ], [ -104.655782961870671, 39.129510356505477 ], [ -104.656720962755244, 39.129513356692691 ], [ -104.657277962454998, 39.129522356101198 ], [ -104.659879963464988, 39.129526356883815 ], [ -104.660273962921465, 39.129526356500087 ], [ -104.66138496277523, 39.129516356341995 ], [ -104.661967963215815, 39.129518355823016 ], [ -104.662474962894464, 39.129535356268015 ], [ -104.662905963003283, 39.129533356946993 ], [ -104.663382964320022, 39.129539355852636 ], [ -104.663528376509959, 39.129543958956759 ], [ -104.663528561542407, 39.129543961184595 ], [ -104.665026964417095, 39.129591356852352 ], [ -104.665512965095843, 39.129580355656572 ], [ -104.666265964078974, 39.129573356680098 ], [ -104.667003964152428, 39.129559356017005 ], [ -104.667264676335776, 39.129545969899581 ], [ -104.667267186555335, 39.129545840982956 ], [ -104.66741296442359, 39.12953835603895 ], [ -104.667981964593437, 39.129537355407031 ], [ -104.66855596534613, 39.129514356442229 ], [ -104.669172965019783, 39.129525355473049 ], [ -104.669717965057245, 39.129504355797444 ], [ -104.670351966201139, 39.12949135564967 ], [ -104.670479965715373, 39.129489355414805 ], [ -104.670529965048502, 39.129489356068291 ], [ -104.671031965780301, 39.129485355196195 ], [ -104.675459967052007, 39.129497356187194 ], [ -104.676422966467641, 39.129507355335839 ], [ -104.67758596792666, 39.129518355168742 ], [ -104.679100966888399, 39.129532355552293 ], [ -104.6864799695649, 39.129552354917323 ], [ -104.686828969570641, 39.129546354882464 ], [ -104.688591968872942, 39.129539353938043 ], [ -104.689506969797179, 39.129558353817345 ], [ -104.690107970671406, 39.129555355125369 ], [ -104.690694939944876, 39.12956616327827 ], [ -104.69069716711941, 39.129566203955854 ], [ -104.690976969641042, 39.129571354817557 ], [ -104.69120840632398, 39.129566969265227 ], [ -104.691209844304183, 39.129566942301899 ], [ -104.692506970864684, 39.129542354268715 ], [ -104.697689972375329, 39.129573353927704 ], [ -104.701686973014645, 39.129578353276223 ], [ -104.701846972854526, 39.129581353578125 ], [ -104.703011972788261, 39.129584353628317 ], [ -104.703473947100989, 39.129590336307004 ], [ -104.703478082549367, 39.129590389772353 ], [ -104.703706973097908, 39.129593353491344 ], [ -104.703770835185864, 39.129591224758741 ], [ -104.703772161161311, 39.129591180660668 ], [ -104.704366972540527, 39.129571353723016 ], [ -104.704841973546039, 39.129584353667084 ], [ -104.705668974241902, 39.129588353730114 ], [ -104.706243973202447, 39.129572353228035 ], [ -104.706845973890367, 39.129578352937187 ], [ -104.708364973791902, 39.12957035301875 ], [ -104.708387973811185, 39.129569353336272 ], [ -104.709185974488634, 39.129570353422281 ], [ -104.710773974679554, 39.12958735334324 ], [ -104.711305975119217, 39.129582352471509 ], [ -104.712513975779032, 39.129571352832386 ], [ -104.712635975311201, 39.129587353034616 ], [ -104.712725975955337, 39.129587353389297 ], [ -104.713217975528039, 39.129589352632628 ], [ -104.713891975774956, 39.129580353011264 ], [ -104.714387975765021, 39.129584352540867 ], [ -104.715097976079377, 39.12958435276466 ], [ -104.715898975413964, 39.129587353104355 ], [ -104.716455975567101, 39.129580352792367 ], [ -104.716770055485, 39.129592089662495 ], [ -104.716783946430965, 39.129592609042142 ], [ -104.717124975939456, 39.129605352897599 ], [ -104.717443727329922, 39.129591494732651 ], [ -104.717456154159535, 39.129590954722872 ], [ -104.717607975819348, 39.12958435298043 ], [ -104.718276057950277, 39.129589591067521 ], [ -104.718327638377573, 39.129589995316643 ], [ -104.718327688108218, 39.12958999564993 ], [ -104.71850097637838, 39.12959135325216 ], [ -104.718934976512145, 39.129591352458135 ], [ -104.719346976160168, 39.129603352513108 ], [ -104.720766976354454, 39.12960735287853 ], [ -104.72137897771141, 39.1296193521245 ], [ -104.721708977569477, 39.129625352589088 ], [ -104.722559976921801, 39.129623351944574 ], [ -104.723342977214784, 39.129622351688504 ], [ -104.723861978521484, 39.129625352440399 ], [ -104.723952977875513, 39.129626352518137 ], [ -104.724165978288198, 39.129622351853016 ], [ -104.724319977736656, 39.129624351734272 ], [ -104.725027978073811, 39.129626351956048 ], [ -104.725559978678078, 39.129618352022256 ], [ -104.725755978713678, 39.129619351476343 ], [ -104.726251977925315, 39.129623351891752 ], [ -104.726605978167825, 39.129626351958898 ], [ -104.728226979349273, 39.129629351925011 ], [ -104.729089979155333, 39.12962235182269 ], [ -104.729684978475447, 39.129648351884555 ], [ -104.730755979096841, 39.129635351290169 ], [ -104.731724980034784, 39.129658351457074 ], [ -104.73268698004803, 39.129621351678544 ], [ -104.732701979983631, 39.129624351979615 ], [ -104.73284897992454, 39.129663351713639 ], [ -104.733601979499653, 39.129643351286617 ], [ -104.734299979718472, 39.129670351377278 ], [ -104.734451980251407, 39.129631351626429 ], [ -104.735238980065773, 39.129648351595755 ], [ -104.735555979919411, 39.129676351483923 ], [ -104.736161980352762, 39.129641351147967 ], [ -104.736553980455042, 39.129643351027674 ], [ -104.737115980755405, 39.129644350958422 ], [ -104.737716980428559, 39.129646351672633 ], [ -104.738634981318128, 39.129649351507666 ], [ -104.739625980730381, 39.12964835094234 ], [ -104.740560980915191, 39.129649351074654 ], [ -104.741455982662742, 39.12965935057403 ], [ -104.741504981534121, 39.129662351041866 ], [ -104.741929982251477, 39.129675350378179 ], [ -104.742584982198451, 39.129676350923219 ], [ -104.744540982358501, 39.129653351309415 ], [ -104.74644398342609, 39.129656350508583 ], [ -104.747707983005185, 39.129684350217161 ], [ -104.748067982813538, 39.129683350213611 ], [ -104.751077984415758, 39.129676350403237 ], [ -104.754836984150771, 39.129668350062879 ], [ -104.755974984955628, 39.129666349773636 ], [ -104.756100985957957, 39.129666349916569 ], [ -104.756478985485913, 39.129666350407312 ], [ -104.756605985797847, 39.129666350069073 ], [ -104.756751985723781, 39.129666349953546 ], [ -104.757189985482597, 39.129666350311894 ], [ -104.757336985779148, 39.129667350365729 ], [ -104.757945985541895, 39.129667350158826 ], [ -104.758184986068841, 39.129667349841455 ], [ -104.758530986366779, 39.129673350571522 ], [ -104.758738985494659, 39.129668349641953 ], [ -104.760663987048758, 39.129677349049146 ], [ -104.760806985680532, 39.129673350314754 ], [ -104.761090987029078, 39.129687349966382 ], [ -104.761697266373417, 39.129676712722009 ], [ -104.761703340838153, 39.129676606137252 ], [ -104.761774987361775, 39.129675348930718 ], [ -104.762333986715518, 39.129677349723977 ], [ -104.762783987331559, 39.129673350281756 ], [ -104.763487987199355, 39.129673350427055 ], [ -104.763892987502587, 39.129664349331016 ], [ -104.764167987309605, 39.129663349609125 ], [ -104.764648987114469, 39.129661349228968 ], [ -104.765099986770252, 39.129659348823374 ], [ -104.765554987230445, 39.129662349020883 ], [ -104.766436988219652, 39.129676349443052 ], [ -104.766580987280307, 39.129680349403451 ], [ -104.766568987552901, 39.128677349920856 ], [ -104.766587987926684, 39.128122348632687 ], [ -104.766577987107325, 39.127730348960185 ], [ -104.766574986521661, 39.127377348417951 ], [ -104.766558986965848, 39.126777348717425 ], [ -104.766532988124936, 39.126257349374669 ], [ -104.766532987253385, 39.125541348617503 ], [ -104.766523986992112, 39.125003349109299 ], [ -104.766522986656341, 39.124709348176353 ], [ -104.766521987285302, 39.123068347844111 ], [ -104.766520986231129, 39.122354348366969 ], [ -104.766583986513069, 39.121867348597519 ], [ -104.766640986120009, 39.12158634837003 ], [ -104.766666987135224, 39.12145734801291 ], [ -104.76684598681156, 39.120961348285306 ], [ -104.767339986337944, 39.120011347554552 ], [ -104.767689986224923, 39.119394348188962 ], [ -104.768058985969134, 39.118724347832362 ], [ -104.76850998631113, 39.117927347988093 ], [ -104.768917986972269, 39.117142347184156 ], [ -104.769334987106362, 39.116444347167985 ], [ -104.769920986891492, 39.115410347507584 ], [ -104.770709986303387, 39.113943347185135 ], [ -104.770806986441428, 39.113750346996099 ], [ -104.770896986487415, 39.113522347484647 ], [ -104.770909986535713, 39.11348234659004 ], [ -104.771052987122047, 39.113031347238056 ], [ -104.77111598730248, 39.112577346908132 ], [ -104.771149986865552, 39.111650346958136 ], [ -104.771130986726249, 39.110521347014419 ], [ -104.771126986363541, 39.109755346070443 ], [ -104.771107985561983, 39.105836346109371 ], [ -104.771097986487717, 39.103721345166491 ], [ -104.771077986539012, 39.103019344796223 ], [ -104.771027985227406, 39.102691344871353 ], [ -104.770979985486591, 39.102263345463896 ], [ -104.770858985391854, 39.101378345031485 ], [ -104.770707986172894, 39.100171344529407 ], [ -104.77069690868187, 39.100006119414225 ], [ -104.770695984663078, 39.099992344192664 ], [ -104.770637984648701, 39.099162344753204 ], [ -104.770643985621987, 39.098485344533607 ], [ -104.770658985204079, 39.098147344210098 ], [ -104.770702985504357, 39.097236344232492 ], [ -104.770779984525234, 39.095788344659844 ], [ -104.770910984359134, 39.093636343948596 ], [ -104.770926984771663, 39.09301034406927 ], [ -104.770926984020477, 39.092937343868506 ], [ -104.770918985143609, 39.09263634402695 ], [ -104.77091698420152, 39.092615344461777 ], [ -104.77087798516952, 39.091785343099815 ], [ -104.77078198454052, 39.090774343383679 ], [ -104.770757984752663, 39.090532344361627 ], [ -104.770622983946268, 39.089183343434811 ], [ -104.770589984828618, 39.088858343282858 ], [ -104.770526593156518, 39.088349005974365 ], [ -104.770503983514359, 39.088167343512481 ], [ -104.770499984294247, 39.088135342867119 ], [ -104.770434984105336, 39.087771342785508 ], [ -104.770335984170742, 39.087464343615771 ], [ -104.770147984099808, 39.087117343457898 ], [ -104.770063285579994, 39.086988428650592 ], [ -104.769739983248172, 39.086496343735362 ], [ -104.76968935134164, 39.086429772694842 ], [ -104.769523983205673, 39.086212342690942 ], [ -104.768778983253341, 39.085233343028619 ], [ -104.76832098344515, 39.084642343312829 ], [ -104.768113983671824, 39.084284342579473 ], [ -104.767910983177856, 39.083856342641873 ], [ -104.767810982339427, 39.083603342460549 ], [ -104.767714982269354, 39.083325342616448 ], [ -104.767672982713947, 39.083121342629653 ], [ -104.767582982890232, 39.082449342441173 ], [ -104.767540889740999, 39.08178588593497 ], [ -104.767498982228972, 39.081125342048693 ], [ -104.767450982594681, 39.08034834294719 ], [ -104.767359981579673, 39.079842342787678 ], [ -104.767206982661207, 39.079282342237462 ], [ -104.766980982860801, 39.078748342094343 ], [ -104.766902982742081, 39.078600341789503 ], [ -104.766708615071579, 39.078227368795524 ], [ -104.766680982001731, 39.078174342048506 ], [ -104.766623981608262, 39.078064341805046 ], [ -104.766185428320966, 39.077515140006469 ], [ -104.76608560574563, 39.077390131041028 ], [ -104.765973981634843, 39.077250342176249 ], [ -104.765762981804457, 39.077037342059199 ], [ -104.764187188252507, 39.075439527621626 ], [ -104.764045980511924, 39.075296342111791 ], [ -104.762952980940497, 39.074207341646158 ], [ -104.762585590652392, 39.073811087075434 ], [ -104.762532980303376, 39.073754341968773 ], [ -104.762228980619128, 39.073347341992871 ], [ -104.762094979665591, 39.0731093417889 ], [ -104.762032979955549, 39.072972341396614 ], [ -104.762002979830584, 39.072904342535004 ], [ -104.761910981148588, 39.072724341834522 ], [ -104.761904980151002, 39.072704341860124 ], [ -104.761765979564913, 39.072233341252897 ], [ -104.761694677399589, 39.071697592718955 ], [ -104.761656980321519, 39.071414341427143 ], [ -104.761616979741532, 39.070788341050303 ], [ -104.761568979968231, 39.070011341358025 ], [ -104.761559980223268, 39.069827341176783 ], [ -104.761460980096274, 39.067566340720354 ], [ -104.761455118871936, 39.067414205474151 ], [ -104.761436980075459, 39.066943341114857 ], [ -104.761399979744709, 39.065982340261201 ], [ -104.761380979415904, 39.065527340639072 ], [ -104.761375979436991, 39.065405340711919 ], [ -104.761368979267232, 39.065203340497895 ], [ -104.761365980103179, 39.064947340602231 ], [ -104.761377978989941, 39.064685340593712 ], [ -104.761425979612284, 39.064192340581037 ], [ -104.761428978950647, 39.06416734110806 ], [ -104.761500979185286, 39.063718340351045 ], [ -104.761537979483975, 39.063457340122596 ], [ -104.761639980021101, 39.062747339655381 ], [ -104.761650978854234, 39.062677340103939 ], [ -104.761673979290975, 39.062543340724829 ], [ -104.761695979914023, 39.062418339930666 ], [ -104.761720978449546, 39.062268340535269 ], [ -104.761773979738365, 39.061959340510732 ], [ -104.761790979390128, 39.061817340437841 ], [ -104.761809979332611, 39.061667339943341 ], [ -104.761826978842052, 39.061525339858541 ], [ -104.761861978422047, 39.061236339970307 ], [ -104.761882978974555, 39.061103340414725 ], [ -104.76190697925054, 39.060963340406254 ], [ -104.761924667411165, 39.060853240264862 ], [ -104.761955978392237, 39.060658339906801 ], [ -104.762027979159427, 39.060354339964988 ], [ -104.762037709505037, 39.060329713706437 ], [ -104.762157978671354, 39.060025340119537 ], [ -104.762172978505802, 39.059989339711322 ], [ -104.762320978953639, 39.059652339671594 ], [ -104.762439979054761, 39.059420339509423 ], [ -104.762576978577471, 39.059149339884662 ], [ -104.762620978225257, 39.059065339900705 ], [ -104.763033978653624, 39.058281339294737 ], [ -104.763162979087639, 39.058039339991261 ], [ -104.763356979021779, 39.057648339533642 ], [ -104.763409978788047, 39.057543339592577 ], [ -104.763470979745989, 39.057415339163114 ], [ -104.763641978822264, 39.057060339567691 ], [ -104.7636885966769, 39.056951972310195 ], [ -104.763755978678745, 39.056795339680477 ], [ -104.763847978538209, 39.056518339138954 ], [ -104.763851978524059, 39.056507338863042 ], [ -104.763858978980309, 39.056472338982985 ], [ -104.763859933910169, 39.056467727240218 ], [ -104.763887979020481, 39.056332338556679 ], [ -104.763894979369027, 39.056286339249169 ], [ -104.76393297873885, 39.055972339009131 ], [ -104.763952979084266, 39.055678339303022 ], [ -104.763951979045061, 39.055587338643612 ], [ -104.763950979280608, 39.055369339214714 ], [ -104.763933978274849, 39.054767339801423 ], [ -104.763926978177011, 39.054648339617046 ], [ -104.763909978383538, 39.054360338207566 ], [ -104.7639019788474, 39.054222338093403 ], [ -104.763892978613583, 39.053482338622359 ], [ -104.763887978416847, 39.052937338013386 ], [ -104.76390697842524, 39.052782338169166 ], [ -104.76387097877344, 39.052176338480308 ], [ -104.763863977894545, 39.052059338132956 ], [ -104.763820978297105, 39.051118338431642 ], [ -104.763799978975925, 39.050360338459569 ], [ -104.763792977663002, 39.050087338882044 ], [ -104.763794978261799, 39.049754338900577 ], [ -104.763795978601863, 39.049227338924396 ], [ -104.763808977307079, 39.048848337783546 ], [ -104.763860977852062, 39.048613337876482 ], [ -104.763878977887899, 39.048534337642131 ], [ -104.763936977789726, 39.048367337890632 ], [ -104.764063978291702, 39.048149337896625 ], [ -104.76421797784684, 39.047925338328326 ], [ -104.764459977654397, 39.047678337737544 ], [ -104.764732978719877, 39.047445337910283 ], [ -104.765350978120182, 39.046981338056739 ], [ -104.765546978147086, 39.04678733790454 ], [ -104.765776977832715, 39.046538337409871 ], [ -104.765915978323164, 39.046358337915059 ], [ -104.766112978292057, 39.046084338183221 ], [ -104.766147978084973, 39.046037337647029 ], [ -104.766453978455388, 39.045564337692497 ], [ -104.76675597858393, 39.045136337383909 ], [ -104.767145058121955, 39.044572751407813 ], [ -104.76719297840107, 39.044503337484315 ], [ -104.767228978045466, 39.044452337708968 ], [ -104.767797978554839, 39.04367233723584 ], [ -104.767962977756198, 39.04347633735334 ], [ -104.76808697884421, 39.043327336718541 ], [ -104.768634977932777, 39.042704337267956 ], [ -104.768839978575997, 39.042473336810062 ], [ -104.769135979008581, 39.042120336591523 ], [ -104.769228977932173, 39.042008337443733 ], [ -104.76950497797327, 39.041717337403426 ], [ -104.769631978806444, 39.041585335958175 ], [ -104.770102978110074, 39.041125336734027 ], [ -104.770302978626489, 39.04096133592239 ], [ -104.770505979266488, 39.040820337079843 ], [ -104.770765978950749, 39.040689336577472 ], [ -104.770785979525911, 39.0406803370186 ], [ -104.771008978268654, 39.040589336545985 ], [ -104.771280979180091, 39.040509337159193 ], [ -104.77146297895824, 39.040456336859897 ], [ -104.771911978641782, 39.040344336423537 ], [ -104.772362978875734, 39.040233336799879 ], [ -104.772616979579553, 39.040170336316372 ], [ -104.772975979284126, 39.040057336461579 ], [ -104.773327979350128, 39.039898336510994 ], [ -104.773619979054075, 39.039709336746142 ], [ -104.773713978739138, 39.039631336757218 ], [ -104.773841979458084, 39.039528336418705 ], [ -104.774217979629199, 39.039216336206685 ], [ -104.77446597983301, 39.039004336104135 ], [ -104.774501979479126, 39.0389753356773 ], [ -104.774937979769433, 39.038590335770778 ], [ -104.775062978836317, 39.038449335352546 ], [ -104.775148979691622, 39.038351335889672 ], [ -104.775165979702408, 39.038324335838929 ], [ -104.775305980300033, 39.038113336556421 ], [ -104.775336979394126, 39.03804733636067 ], [ -104.775391979635558, 39.037928335896467 ], [ -104.775417979373913, 39.037849335864635 ], [ -104.775466979443081, 39.037708335184625 ], [ -104.775515979246521, 39.037458335479052 ], [ -104.775528978660802, 39.037220335551545 ], [ -104.775539979807775, 39.0370373357283 ], [ -104.775539979317614, 39.037007335435902 ], [ -104.775537979922717, 39.036899335650837 ], [ -104.77553197964464, 39.036576335320291 ], [ -104.775530979595004, 39.036469335387046 ], [ -104.775529979391749, 39.036395335592488 ], [ -104.775522979459268, 39.036245335634938 ], [ -104.775505979896209, 39.035802335944652 ], [ -104.775514978762999, 39.035576335698842 ], [ -104.775519979515025, 39.035470335186837 ], [ -104.775522982889825, 39.035400054691515 ], [ -104.775524979528925, 39.03535333522013 ], [ -104.775526519757506, 39.035352267376545 ], [ -104.775586978504776, 39.03531033561228 ], [ -104.775621979408541, 39.035270335483709 ], [ -104.775662929877697, 39.035059067418423 ], [ -104.775709979347766, 39.034816336134035 ], [ -104.775898978929362, 39.034261335467725 ], [ -104.777258979590684, 39.030821334399924 ], [ -104.777451978973929, 39.030230335102672 ], [ -104.777751538442587, 39.029465670689461 ], [ -104.777793979081238, 39.029357334730584 ], [ -104.778092978764121, 39.028613334262644 ], [ -104.778112979571105, 39.028520334000284 ], [ -104.778634979228272, 39.027150334163416 ], [ -104.778988978973757, 39.026243333986095 ], [ -104.779376979222292, 39.025233333693116 ], [ -104.779535978829514, 39.024829333633491 ], [ -104.779778028086426, 39.024158200591117 ], [ -104.779865979390237, 39.023914333884655 ], [ -104.780072978121424, 39.022836333871574 ], [ -104.780093756515299, 39.022682858983117 ], [ -104.780191979045924, 39.021957332951004 ], [ -104.780249978150138, 39.021578333258226 ], [ -104.780249978916075, 39.02155233362317 ], [ -104.780251799087495, 39.021538561757289 ], [ -104.78028508575035, 39.021286747264782 ], [ -104.780525978840714, 39.019464332972206 ], [ -104.780581978597908, 39.019104332342621 ], [ -104.78064797848198, 39.018559332978356 ], [ -104.78075497871329, 39.017610332310085 ], [ -104.780784978156447, 39.016663332335632 ], [ -104.780812977568232, 39.016488331658906 ], [ -104.780757978053401, 39.015577331834805 ], [ -104.780591978373451, 39.014758331822847 ], [ -104.780512978039269, 39.014367331643903 ], [ -104.780381977964325, 39.013719332111556 ], [ -104.780192977358766, 39.012788332226322 ], [ -104.779931978554558, 39.011502332166195 ], [ -104.779814977831776, 39.011139331891904 ], [ -104.779646977020661, 39.010823331769842 ], [ -104.779310977304235, 39.010324330824936 ], [ -104.778908944703446, 39.00982892604312 ], [ -104.778908895972847, 39.009828949163655 ], [ -104.778906726716443, 39.009826192614277 ], [ -104.778881072170378, 39.009794579345019 ], [ -104.778690976980712, 39.009560331676369 ], [ -104.778390311937628, 39.009182297032801 ], [ -104.778383976701505, 39.009174331111893 ], [ -104.778305977657993, 39.009209331617861 ], [ -104.77820443325291, 39.009254179343408 ], [ -104.778185976416196, 39.009262331208596 ], [ -104.778141169552399, 39.009292697050888 ], [ -104.777822976757861, 39.009508330936811 ], [ -104.777719976515741, 39.009594332162294 ], [ -104.777596976289971, 39.00969733184035 ], [ -104.777461608282337, 39.009795570176024 ], [ -104.777421977259067, 39.009824331901449 ], [ -104.777351977081167, 39.00987433206658 ], [ -104.777090976784393, 39.010040332044078 ], [ -104.776884998343093, 39.010140560017945 ], [ -104.77682997713643, 39.010167332358414 ], [ -104.776471976343558, 39.010315331977971 ], [ -104.776342977088106, 39.010362332603258 ], [ -104.776090977165325, 39.01045333212403 ], [ -104.775565976582811, 39.010628331633029 ], [ -104.775538977086953, 39.010635332685418 ], [ -104.774593976060018, 39.010920332086513 ], [ -104.774456975919875, 39.0109293320997 ], [ -104.773912413547848, 39.011087515682384 ], [ -104.773616975978129, 39.011173332020114 ], [ -104.773255138552827, 39.011272503734389 ], [ -104.7726719761298, 39.011432332420917 ], [ -104.771407976065234, 39.01175733272234 ], [ -104.769900975036293, 39.01218433261954 ], [ -104.76975012473892, 39.012226954026438 ], [ -104.769585975049765, 39.012273333078596 ], [ -104.769462974445986, 39.012308332772058 ], [ -104.768851975688833, 39.012459333029128 ], [ -104.768311975280795, 39.012573332932789 ], [ -104.768192975846745, 39.012593332801444 ], [ -104.768016975392086, 39.012624333174308 ], [ -104.767677975043114, 39.012671332700371 ], [ -104.767569974220038, 39.012679333193695 ], [ -104.767331975487863, 39.012695333304791 ], [ -104.766884975222965, 39.012694333283662 ], [ -104.765938974657061, 39.012712332690072 ], [ -104.765738973889412, 39.012716332710497 ], [ -104.765096974692156, 39.012715332913118 ], [ -104.762271006445118, 39.01275257756221 ], [ -104.761529973810894, 39.012762332804229 ], [ -104.761043973115093, 39.012756333502466 ], [ -104.760557973606353, 39.012751333034714 ], [ -104.75941297313841, 39.012756333201999 ], [ -104.758869973267011, 39.012747333577913 ], [ -104.757789972299165, 39.012732333301976 ], [ -104.757243972570578, 39.012726332961087 ], [ -104.756711935728035, 39.012722407388956 ], [ -104.756701972586697, 39.012722333880788 ], [ -104.756701228313503, 39.012204702016412 ], [ -104.756700973087149, 39.012027333600024 ], [ -104.756703972625942, 39.011631332727895 ], [ -104.75670697239913, 39.011329333018118 ], [ -104.756682972598227, 39.009709333465345 ], [ -104.756704972882218, 39.00910833317981 ], [ -104.756703972501796, 39.008919333418376 ], [ -104.75670497278486, 39.008358332354639 ], [ -104.756706971252356, 39.008057333273463 ], [ -104.756704972745553, 39.007268333017763 ], [ -104.756697972419531, 39.00690433328333 ], [ -104.756678971302975, 39.005900332034898 ], [ -104.756677971764105, 39.005812332239501 ], [ -104.756674971695148, 39.005503333019227 ], [ -104.765946974427919, 39.005537331609617 ], [ -104.765957304530744, 39.003849827287638 ], [ -104.765991933965026, 38.998192739343892 ], [ -104.765991972614145, 38.998186330859788 ], [ -104.764171973300492, 38.99820033057987 ], [ -104.760528970840085, 38.998236330651253 ], [ -104.756686989309742, 38.998266253870575 ], [ -104.756676971202666, 38.998266331341007 ], [ -104.756677971179428, 38.998131331825363 ], [ -104.756684970804997, 38.997562331614603 ], [ -104.756686970843987, 38.997339331438454 ], [ -104.756692970600326, 38.996673330737536 ], [ -104.756695970225152, 38.996451331468116 ], [ -104.7566799704354, 38.99546633085307 ], [ -104.756677970543507, 38.995374331016045 ], [ -104.756669969904166, 38.99482533034714 ], [ -104.756657970509252, 38.99418033070085 ], [ -104.756656970405132, 38.994124330296671 ], [ -104.756655970771902, 38.994051330616863 ], [ -104.756672022329653, 38.992349817780031 ], [ -104.756673970328009, 38.992143330827666 ], [ -104.756674969976771, 38.992071330339236 ], [ -104.756680970201373, 38.991481330459173 ], [ -104.756675969896435, 38.991067330362355 ], [ -104.75667197000044, 38.990694330403564 ], [ -104.75666796968018, 38.99033832970931 ], [ -104.756658970141771, 38.989535330199921 ], [ -104.756655969699125, 38.988865330027757 ], [ -104.756652969536987, 38.988361330086533 ], [ -104.756650969385475, 38.988154329539739 ], [ -104.756647970024346, 38.987426329853882 ], [ -104.756644969867978, 38.986839330551092 ], [ -104.756643969779589, 38.986688329522359 ], [ -104.756638969737182, 38.985929329003596 ], [ -104.756636968907173, 38.985610330305285 ], [ -104.756631969403458, 38.984751330191258 ], [ -104.756629968845218, 38.984478329550662 ], [ -104.756626995379534, 38.983747674814715 ], [ -104.756626969564209, 38.983741329865147 ], [ -104.75475696845217, 38.983744328708404 ], [ -104.754599968937143, 38.983745329591905 ], [ -104.754243968538646, 38.983748329136112 ], [ -104.75400096828146, 38.983751329403596 ], [ -104.753960350566615, 38.983751914977475 ], [ -104.753098968565837, 38.983764329555832 ], [ -104.751625967688994, 38.983762329797614 ], [ -104.749849968131272, 38.98376332905066 ], [ -104.749596967289961, 38.983766329542647 ], [ -104.749481967708192, 38.983767329440589 ], [ -104.749149968072516, 38.98376932947113 ], [ -104.748657967254445, 38.983774329898402 ], [ -104.747280966767235, 38.983786329410904 ], [ -104.747003967155635, 38.9837833296599 ], [ -104.746870966572715, 38.983782329515954 ], [ -104.746175966325836, 38.983782329331056 ], [ -104.745899966722348, 38.983782329705235 ], [ -104.745704967549131, 38.983782330078029 ], [ -104.745295028710473, 38.983782330273961 ], [ -104.745119966557453, 38.983782330114586 ], [ -104.744925966675581, 38.983783330218138 ], [ -104.7437689666951, 38.983784330087197 ], [ -104.742822965739734, 38.98378533005657 ], [ -104.741224965688119, 38.983791330137571 ], [ -104.740686965699282, 38.98379533035618 ], [ -104.740298965720811, 38.983793330935669 ], [ -104.739142965150648, 38.983789330280679 ], [ -104.738625965056215, 38.983760330723342 ], [ -104.738128890411545, 38.983803555555518 ], [ -104.738004964786995, 38.983814331247068 ], [ -104.73785367370715, 38.98381187408016 ], [ -104.73782226624175, 38.983809909929938 ], [ -104.737741330007708, 38.983810049251296 ], [ -104.73757396561345, 38.983807330606012 ], [ -104.737455540362944, 38.983810542041454 ], [ -104.736983964801411, 38.983823330244817 ], [ -104.73601999437345, 38.983813006213062 ], [ -104.735676965052548, 38.983809330774193 ], [ -104.734875964565305, 38.983807331009309 ], [ -104.734246963952842, 38.983803330541811 ], [ -104.733389963695799, 38.983798331495073 ], [ -104.733228963747592, 38.983797331336739 ], [ -104.733039963747643, 38.983803330861498 ], [ -104.732805963787328, 38.983790330599511 ], [ -104.732495963716161, 38.983795331627668 ], [ -104.732363964253494, 38.983801331145351 ], [ -104.73212596362184, 38.983812331026691 ], [ -104.732108963197561, 38.983814331400431 ], [ -104.726061962092501, 38.983824331218088 ], [ -104.720461960646617, 38.983836332253716 ], [ -104.720349292370088, 38.983818384564465 ], [ -104.72034896052989, 38.98381833189309 ], [ -104.720093960941924, 38.983815331677683 ], [ -104.718516960157885, 38.983802331701646 ], [ -104.718184961073206, 38.983800332756424 ], [ -104.717991961000052, 38.983801332523541 ], [ -104.717504960102247, 38.983804331345077 ], [ -104.716206960243525, 38.983813332320636 ], [ -104.716043960445106, 38.983813331821821 ], [ -104.715557960468388, 38.983817332806098 ], [ -104.715028960102998, 38.983820332786927 ], [ -104.713444958888971, 38.983830332235186 ], [ -104.712916959385709, 38.983834332948604 ], [ -104.712357958932614, 38.98383733232582 ], [ -104.711989958908134, 38.983840333151051 ], [ -104.710680958653597, 38.983847332339458 ], [ -104.71012195787317, 38.983850332688554 ], [ -104.709568958258814, 38.983851332443649 ], [ -104.707913958144601, 38.983856333175552 ], [ -104.707361958267967, 38.983858332816176 ], [ -104.707216957370321, 38.983858333522896 ], [ -104.705967957309056, 38.983861332676803 ], [ -104.705305957366718, 38.983863332431199 ], [ -104.704207957761412, 38.983863332916449 ], [ -104.701785956964983, 38.983861332430834 ], [ -104.70041370300352, 38.983860348389726 ], [ -104.700402148032154, 38.983860340178644 ], [ -104.700391956210325, 38.983860332322458 ], [ -104.700403956629074, 38.98353733352878 ], [ -104.700404956570381, 38.983460333241126 ], [ -104.700424956183468, 38.982260333253279 ], [ -104.700432956328697, 38.981861333031091 ], [ -104.70045095623243, 38.98115333226005 ], [ -104.700472956318379, 38.980272332580412 ], [ -104.700474956004783, 38.980218332008484 ], [ -104.700479955851847, 38.980066332982958 ], [ -104.700503298004818, 38.979496779179421 ], [ -104.700504955538889, 38.979456332530731 ], [ -104.700512956181129, 38.979248332650158 ], [ -104.700507515489235, 38.979036644161013 ], [ -104.700501956142205, 38.978820332490045 ], [ -104.700483955311398, 38.977551332569014 ], [ -104.700530954810219, 38.975871331996998 ], [ -104.700552955153299, 38.974681331574352 ], [ -104.700559956184378, 38.974328331504424 ], [ -104.700566954653013, 38.9728863310322 ], [ -104.700595955373657, 38.971844331727951 ], [ -104.700603955047129, 38.971559331558488 ], [ -104.700595954774286, 38.970173331028164 ], [ -104.700604954135301, 38.969377330666902 ], [ -104.700605275849966, 38.969353806646723 ], [ -104.700613955365583, 38.968718331013179 ], [ -104.70062795461844, 38.967677330754363 ], [ -104.700634954467432, 38.966080330615029 ], [ -104.700634954072711, 38.966014331017455 ], [ -104.700647953798239, 38.964412330475056 ], [ -104.700651953902749, 38.963864330197765 ], [ -104.700655954897854, 38.963427329818181 ], [ -104.700657954417537, 38.962975329673235 ], [ -104.700663953930402, 38.962070330467434 ], [ -104.700669954241974, 38.961001330233898 ], [ -104.700672954015985, 38.960373329964689 ], [ -104.700672953865165, 38.960308329386493 ], [ -104.700676954195188, 38.959419330029 ], [ -104.700680953099265, 38.958774329841631 ], [ -104.700686454145313, 38.958038723037781 ], [ -104.700691953835218, 38.957303328761299 ], [ -104.700697952506872, 38.956840329063489 ], [ -104.700707953333861, 38.95619632932523 ], [ -104.700709953347982, 38.956065329260824 ], [ -104.700714953825553, 38.955675329298209 ], [ -104.700717953255491, 38.955545328851883 ], [ -104.700724953180227, 38.95503132945467 ], [ -104.700727939219149, 38.95489196704316 ], [ -104.700727953327714, 38.954891329322678 ], [ -104.700727953183815, 38.954873730785813 ], [ -104.700727953784806, 38.954867329193043 ], [ -104.700677900501503, 38.954867694311197 ], [ -104.700590953695169, 38.954868329324739 ], [ -104.700566953344648, 38.954869329243358 ], [ -104.699883952659277, 38.954871329478316 ], [ -104.691620951091764, 38.954901329591159 ], [ -104.688405740413216, 38.954917247065438 ], [ -104.688388950999553, 38.954917329939533 ], [ -104.688398726740118, 38.954908165084611 ], [ -104.688404434511966, 38.954902813174961 ], [ -104.688433088767596, 38.954875949926098 ], [ -104.688436636574934, 38.954872624326562 ], [ -104.688436950304194, 38.954872330127721 ], [ -104.688455075637307, 38.95485471206068 ], [ -104.688502613312565, 38.954808505435437 ], [ -104.688513214297359, 38.954798202218115 ], [ -104.688528583752912, 38.954783263033036 ], [ -104.688528705095209, 38.954783144964075 ], [ -104.688529438968786, 38.954782432086731 ], [ -104.688542187930054, 38.954770039408558 ], [ -104.688554171493678, 38.954758391818082 ], [ -104.688554325509685, 38.95475824154552 ], [ -104.688873244935195, 38.95444825250221 ], [ -104.688936950551593, 38.954386330077568 ], [ -104.689047587060159, 38.954278827153821 ], [ -104.689062852399275, 38.954263993476026 ], [ -104.689276683078461, 38.954056214481398 ], [ -104.68934780802897, 38.953987101414477 ], [ -104.689352679029085, 38.953982368834204 ], [ -104.689572950524848, 38.953768329866605 ], [ -104.689638799885145, 38.953705485085621 ], [ -104.689643758534615, 38.953700752202963 ], [ -104.689938807748817, 38.95341916248946 ], [ -104.690009125159065, 38.953352051445194 ], [ -104.690149494771433, 38.953218084133042 ], [ -104.690233853466836, 38.953137572009631 ], [ -104.690403729712671, 38.95297544216578 ], [ -104.690523938311088, 38.952860713692424 ], [ -104.690528896832177, 38.952855981672336 ], [ -104.690818980537259, 38.952579121716788 ], [ -104.690823939018969, 38.95257438968396 ], [ -104.690909824194279, 38.952492419268133 ], [ -104.6911140192571, 38.952297529875736 ], [ -104.691118977709664, 38.952292796929321 ], [ -104.691173950987491, 38.952240329401064 ], [ -104.691251262264188, 38.952166738507678 ], [ -104.69141465547527, 38.952011207874428 ], [ -104.691536913579611, 38.951894831397347 ], [ -104.691570694016562, 38.951862676141239 ], [ -104.691651950295892, 38.951785328729414 ], [ -104.691667018974584, 38.951771053689455 ], [ -104.691691042553856, 38.951748294280691 ], [ -104.691695957362739, 38.95174363848178 ], [ -104.69170244785839, 38.951737489171805 ], [ -104.691708950012384, 38.951731329132016 ], [ -104.691699951388316, 38.951628329233841 ], [ -104.691730145157223, 38.950240277023006 ], [ -104.691772814918721, 38.948278581802022 ], [ -104.691772950775785, 38.948272327980398 ], [ -104.690879033179101, 38.948265596994418 ], [ -104.684363949171455, 38.948216329274949 ], [ -104.684134949023303, 38.948214328912684 ], [ -104.683827948870785, 38.948212328628294 ], [ -104.682631948657814, 38.948215329497131 ], [ -104.682631669609762, 38.948232338748269 ], [ -104.682575948992664, 38.951624329711912 ], [ -104.682572948762086, 38.951838330176237 ], [ -104.677924946955187, 38.95185533039939 ], [ -104.676601804729444, 38.95185632892666 ], [ -104.676599947227686, 38.951856330194133 ], [ -104.673197393744928, 38.951869295002624 ], [ -104.673187946676904, 38.951869330563802 ], [ -104.673175946580116, 38.951716330780229 ], [ -104.673174993902435, 38.951701557769475 ], [ -104.673171945952404, 38.951654330263963 ], [ -104.67316794572902, 38.951608330188776 ], [ -104.673167946025984, 38.951557330762377 ], [ -104.673164946013415, 38.951531330010795 ], [ -104.673163148318665, 38.951522340916931 ], [ -104.673159946475494, 38.951506331235088 ], [ -104.673171945920842, 38.950869330372925 ], [ -104.673207946393006, 38.948958330198941 ], [ -104.673212946313058, 38.948725330039089 ], [ -104.673216946595687, 38.948321330339837 ], [ -104.673219946536975, 38.947674329510654 ], [ -104.673236946340253, 38.946798330102702 ], [ -104.673236945833537, 38.946773329905014 ], [ -104.673245945622469, 38.946360328957098 ], [ -104.673247946262407, 38.946260329781154 ], [ -104.673262945965078, 38.945572329637962 ], [ -104.67328347423971, 38.944826450530179 ], [ -104.673283476401011, 38.944826364061477 ], [ -104.673283478299822, 38.944826300112823 ], [ -104.673292945562366, 38.944482329283787 ], [ -104.673298073697367, 38.944013954501841 ], [ -104.673298074169765, 38.944013913965833 ], [ -104.673298074589638, 38.944013877933777 ], [ -104.673298074967562, 38.944013845504919 ], [ -104.673298075313937, 38.944013815778497 ], [ -104.673298075754815, 38.944013777944811 ], [ -104.67331094606233, 38.942838329190337 ], [ -104.673325945373676, 38.942132329251777 ], [ -104.67335167476503, 38.941030717325432 ], [ -104.673352945248411, 38.940976328754644 ], [ -104.673354945396241, 38.940848328478346 ], [ -104.673357874961482, 38.940592446433193 ], [ -104.673357945096043, 38.940586328181055 ], [ -104.673357067474939, 38.940586309331927 ], [ -104.67313262510568, 38.940581563743265 ], [ -104.673132587052649, 38.940581562571893 ], [ -104.672695945327249, 38.940572328336742 ], [ -104.672200869531054, 38.940557812800776 ], [ -104.671177909410687, 38.940527812829224 ], [ -104.671177862130222, 38.940527811591458 ], [ -104.670990945071779, 38.940522329267722 ], [ -104.670901944529462, 38.940519329235542 ], [ -104.670458944190784, 38.940491329173128 ], [ -104.670066443956657, 38.940467341696952 ], [ -104.669509944594907, 38.940433329204239 ], [ -104.669220670813246, 38.940404942628255 ], [ -104.669220332061442, 38.940404909579065 ], [ -104.66922017996599, 38.940404894979658 ], [ -104.668867943992112, 38.940370329149872 ], [ -104.66833894453417, 38.94031932871723 ], [ -104.668283944103777, 38.940313328411257 ], [ -104.668121943958852, 38.940297328926619 ], [ -104.668067944628646, 38.940292329344622 ], [ -104.667928944461522, 38.940278329170752 ], [ -104.667645308395166, 38.940266726292606 ], [ -104.667268944207365, 38.940251329280869 ], [ -104.667019011698329, 38.940242029157751 ], [ -104.6668389434559, 38.94023532887249 ], [ -104.666677390773231, 38.940224879077299 ], [ -104.666399595228384, 38.940206910666952 ], [ -104.66590983952031, 38.940175229435596 ], [ -104.66590979456825, 38.940175226410659 ], [ -104.665524943346725, 38.94015032981072 ], [ -104.665303740533716, 38.940145595045621 ], [ -104.66530163240941, 38.940145550189165 ], [ -104.664870943779917, 38.940136330173921 ], [ -104.66457033734774, 38.94012938430874 ], [ -104.664567943268707, 38.940129329277291 ], [ -104.664265943732019, 38.939878329544079 ], [ -104.664265943061025, 38.939843329566258 ], [ -104.664263354055649, 38.939804495777459 ], [ -104.664262943372037, 38.939798329026203 ], [ -104.664155817544284, 38.939796498966537 ], [ -104.664145943064426, 38.939796329815174 ], [ -104.66411901266531, 38.937371676731466 ], [ -104.664118843085589, 38.93737167821547 ], [ -104.664118772535929, 38.937365330126951 ], [ -104.659374634691645, 38.937374310666513 ], [ -104.659364941739426, 38.937374328900354 ], [ -104.659363189416325, 38.937329658825433 ], [ -104.659362941436015, 38.937323329267912 ], [ -104.659020853721017, 38.937323329342881 ], [ -104.659010941824619, 38.937323329748423 ], [ -104.659005971811084, 38.936288678861523 ], [ -104.659005940955836, 38.93628232925105 ], [ -104.654606940250119, 38.936291329651695 ], [ -104.645409939171913, 38.936308330185106 ], [ -104.645106938352015, 38.936309330514973 ], [ -104.639629937184964, 38.936244330710579 ], [ -104.637580936751803, 38.93621933039168 ], [ -104.631458935710043, 38.936146330975255 ], [ -104.631450934691358, 38.938940331741165 ], [ -104.629453935010929, 38.938909331303975 ], [ -104.62756202164698, 38.93890535358603 ], [ -104.627551934433555, 38.938905331979967 ], [ -104.627579934685599, 38.937748331123657 ], [ -104.627539933976465, 38.936269331727779 ], [ -104.627557921777097, 38.926408558778881 ], [ -104.62755792231151, 38.926407952489356 ], [ -104.627557932618174, 38.926402330162723 ], [ -104.626764932737899, 38.926394329924889 ], [ -104.626533931940557, 38.926392329437526 ], [ -104.625005932908479, 38.9263773297548 ], [ -104.62441498289806, 38.9263739181077 ], [ -104.621893931570156, 38.92635932993619 ], [ -104.620940727024049, 38.926337371489623 ], [ -104.62093893183382, 38.926337329992954 ], [ -104.620735932335279, 38.926358330074443 ], [ -104.620547931045479, 38.926401330163429 ], [ -104.620369932009837, 38.926491329874835 ], [ -104.620326931336223, 38.926513330299116 ], [ -104.61992193241332, 38.926768330324037 ], [ -104.619609931666091, 38.926976330359153 ], [ -104.618727931287069, 38.927609330934011 ], [ -104.618715931250478, 38.927619329887243 ], [ -104.618350931411911, 38.927873330321859 ], [ -104.617841931275692, 38.928196330620594 ], [ -104.617480931350997, 38.928438330108158 ], [ -104.617220931093783, 38.92860033103323 ], [ -104.617051931467515, 38.928739330873057 ], [ -104.617016930340583, 38.92878033097427 ], [ -104.615797930355868, 38.929574330987364 ], [ -104.615287930605376, 38.929908331320703 ], [ -104.614407930405136, 38.929890331411499 ], [ -104.613771930268072, 38.929895331694837 ], [ -104.613674930438478, 38.929958330881675 ], [ -104.613448929739306, 38.930107331465663 ], [ -104.612963930370512, 38.930415331710698 ], [ -104.612792929839813, 38.930524331487952 ], [ -104.612608930655028, 38.93064233075593 ], [ -104.612282929365051, 38.930856331413054 ], [ -104.612196930277918, 38.930913331484071 ], [ -104.6121129305034, 38.930967331500135 ], [ -104.6119989306261, 38.931039331771899 ], [ -104.61165592978891, 38.93125633146353 ], [ -104.611542930289104, 38.931329331706827 ], [ -104.611519929346869, 38.931343331393428 ], [ -104.611182930457844, 38.931562331371147 ], [ -104.611083741783204, 38.931630094479388 ], [ -104.611083240371642, 38.931630437487094 ], [ -104.611081930439909, 38.931631331961874 ], [ -104.611074664694272, 38.931624558546183 ], [ -104.609506199509937, 38.930162295091478 ], [ -104.609229802440055, 38.929904604214727 ], [ -104.609229011260751, 38.929903866637872 ], [ -104.609220929612007, 38.929896331913028 ], [ -104.60860992966559, 38.930294331932153 ], [ -104.608236424897768, 38.930528993772555 ], [ -104.608236283066901, 38.930529082773432 ], [ -104.608227928903474, 38.930534332127401 ], [ -104.608164928405998, 38.930071331931963 ], [ -104.608129928395684, 38.929701331983679 ], [ -104.608072928985052, 38.929336331661972 ], [ -104.608067928191204, 38.929298330982071 ], [ -104.607882928963036, 38.927833331209079 ], [ -104.607866929292669, 38.927555331811845 ], [ -104.607810640152252, 38.927061528337063 ], [ -104.607800928945451, 38.926976331133673 ], [ -104.607743928278722, 38.926473331310341 ], [ -104.607732928974826, 38.926410330997584 ], [ -104.607713452317611, 38.926207777293364 ], [ -104.607712929153365, 38.926202331040123 ], [ -104.607751929477956, 38.926202331169179 ], [ -104.607868929527129, 38.926204331432693 ], [ -104.607907928814527, 38.926205331482471 ], [ -104.607899928801899, 38.926159331346902 ], [ -104.608000928928931, 38.926161331263977 ], [ -104.608288928919507, 38.926163330862735 ], [ -104.608354929334183, 38.926163331508072 ], [ -104.608753928666516, 38.926167331357995 ], [ -104.608866928870484, 38.926168331514774 ], [ -104.609648928931847, 38.926176330874625 ], [ -104.611034928732764, 38.926170331209264 ], [ -104.611323928796324, 38.92618733154692 ], [ -104.613405930531599, 38.926198330569427 ], [ -104.613731930289347, 38.926208331446922 ], [ -104.614247807665038, 38.926217303900259 ], [ -104.614651930674171, 38.926224330582897 ], [ -104.615140930801374, 38.926226330628161 ], [ -104.615542365496893, 38.926227809546312 ], [ -104.616227930312917, 38.926230331308219 ], [ -104.6163899622494, 38.926234679571458 ], [ -104.616935930683738, 38.926249330773921 ], [ -104.617026930748551, 38.926251330699131 ], [ -104.61709193126309, 38.92625133140637 ], [ -104.617090243643844, 38.926257660810059 ], [ -104.617075929899855, 38.92631133034773 ], [ -104.617084775796286, 38.926311329938777 ], [ -104.617087549503765, 38.926311330276064 ], [ -104.617759930635913, 38.92631133034709 ], [ -104.617920931333117, 38.926089330844853 ], [ -104.617990930862248, 38.925993330349307 ], [ -104.618213930669157, 38.925652330054923 ], [ -104.618674931033624, 38.924981330844197 ], [ -104.618823931551489, 38.924780330629943 ], [ -104.618910930644617, 38.924664329963782 ], [ -104.619126931160821, 38.924346330296721 ], [ -104.619178930751559, 38.924268330225296 ], [ -104.619213931690624, 38.92421833055672 ], [ -104.619341930913038, 38.924036329700265 ], [ -104.61939693025181, 38.923960329686345 ], [ -104.619464931152393, 38.923858329511731 ], [ -104.619671931157768, 38.92355232981906 ], [ -104.619741931303977, 38.923451330183639 ], [ -104.619834930662321, 38.923317329563716 ], [ -104.619985930802571, 38.923103329752138 ], [ -104.620117930983369, 38.922920329515804 ], [ -104.620140930952559, 38.922890330260913 ], [ -104.620210931230957, 38.922786329505023 ], [ -104.620331931106833, 38.922605330449009 ], [ -104.620375930336749, 38.922539330349906 ], [ -104.620665930913816, 38.922120329212866 ], [ -104.620707931275533, 38.922059329991171 ], [ -104.62087193161004, 38.921831329415348 ], [ -104.621097931005593, 38.921484329305578 ], [ -104.621173931223183, 38.921373330217023 ], [ -104.621260930776813, 38.921247329810257 ], [ -104.621489930882291, 38.920935329304328 ], [ -104.621732931248232, 38.920578328675212 ], [ -104.622039931771752, 38.920153329226046 ], [ -104.6223409302916, 38.919701329251005 ], [ -104.622528930825283, 38.919434328986824 ], [ -104.622619931476379, 38.919282329446879 ], [ -104.6226759314481, 38.919188329492684 ], [ -104.622989930858893, 38.918757329126016 ], [ -104.623529931851834, 38.918004328945273 ], [ -104.623768930767, 38.917663328752198 ], [ -104.623929931326288, 38.917425328516146 ], [ -104.624013932074106, 38.917309328500565 ], [ -104.624113931688655, 38.917170328669059 ], [ -104.62415193157176, 38.917119329413985 ], [ -104.624345931317109, 38.916833328551988 ], [ -104.624484931686084, 38.916648328404378 ], [ -104.624827931900057, 38.916157328233126 ], [ -104.625104931451517, 38.915777329203394 ], [ -104.625993931746649, 38.914519327748089 ], [ -104.626253932084779, 38.914145327837737 ], [ -104.626372931457738, 38.913965328209429 ], [ -104.626452931427821, 38.913510328215423 ], [ -104.626453781850955, 38.913509249940788 ], [ -104.626493932273164, 38.913458328243429 ], [ -104.626533930767764, 38.913387328304168 ], [ -104.62658493170747, 38.913309328252168 ], [ -104.626602931489842, 38.913260328377021 ], [ -104.626601931303711, 38.913210328142554 ], [ -104.626522931424944, 38.913118328381351 ], [ -104.62648393114155, 38.913013327522712 ], [ -104.626470931424322, 38.912934327789209 ], [ -104.626459931550926, 38.91285932768497 ], [ -104.626461931453079, 38.912434327515363 ], [ -104.626454932332138, 38.912008328203918 ], [ -104.626448038200834, 38.911585890852166 ], [ -104.626447931025083, 38.911579328011044 ], [ -104.626449493877899, 38.911579385697657 ], [ -104.626474930532453, 38.91158032813523 ], [ -104.626519930991734, 38.911582328331505 ], [ -104.626520344354688, 38.911478470372074 ], [ -104.626521931081456, 38.911079327798411 ], [ -104.626524931416114, 38.910498327233846 ], [ -104.626524517385519, 38.910447645813235 ], [ -104.626516347792546, 38.909448898068732 ], [ -104.626515245367329, 38.909314177931144 ], [ -104.626508931538126, 38.908542328000564 ], [ -104.626505343346054, 38.908252164179444 ], [ -104.626504459876926, 38.908180698529591 ], [ -104.6264929315968, 38.907248327647544 ], [ -104.626491505480544, 38.907095132416678 ], [ -104.626491059977084, 38.907047199336709 ], [ -104.626482930600218, 38.906173326652734 ], [ -104.626483777330819, 38.905977573595834 ], [ -104.626484053187667, 38.905913747126021 ], [ -104.626485931158641, 38.905479326962812 ], [ -104.626476910000932, 38.904798891598404 ], [ -104.626476663863812, 38.904780292795294 ], [ -104.626469930451975, 38.904272327246638 ], [ -104.626463427430039, 38.903651773572989 ], [ -104.626463375721812, 38.903646793996508 ], [ -104.626453931051898, 38.902745326906938 ], [ -104.62645085463798, 38.902513299911909 ], [ -104.626450837435513, 38.902511980887731 ], [ -104.626435997519337, 38.901392786990293 ], [ -104.626435825455232, 38.901379787734264 ], [ -104.6264349309089, 38.901312326376448 ], [ -104.626430930526212, 38.900450326272939 ], [ -104.626429646561945, 38.900306305699893 ], [ -104.626429111749246, 38.900246337893442 ], [ -104.62641900568245, 38.899112862416175 ], [ -104.626418969054185, 38.899108718971561 ], [ -104.626418929721723, 38.899104326862378 ], [ -104.626404218662358, 38.897979350716525 ], [ -104.62640396914361, 38.897960280710578 ], [ -104.626401929465331, 38.897804325799903 ], [ -104.626411229762681, 38.896901491794992 ], [ -104.626411801866141, 38.896846007880832 ], [ -104.626414930212192, 38.896542325913785 ], [ -104.626418065591835, 38.895772374667487 ], [ -104.626418309353539, 38.895712656821459 ], [ -104.626418929610509, 38.895560325402165 ], [ -104.626442928985838, 38.895358325493262 ], [ -104.626450426058142, 38.894654339115981 ], [ -104.626462862051227, 38.893486650049304 ], [ -104.626462929497421, 38.893480325439846 ], [ -104.626357928895274, 38.893480325516727 ], [ -104.625229928208839, 38.893483325989571 ], [ -104.625114804842156, 38.893483624435241 ], [ -104.625055945668166, 38.893483776912142 ], [ -104.62314774377252, 38.893488700002372 ], [ -104.622162871258638, 38.893491228683828 ], [ -104.621745536722173, 38.893492297890255 ], [ -104.621744919966275, 38.893492299536717 ], [ -104.621734928535773, 38.893492324947033 ], [ -104.621734940213599, 38.893492219631618 ], [ -104.621736085776945, 38.893481527564809 ], [ -104.621736783091961, 38.893475014023366 ], [ -104.62173759772034, 38.893467404089286 ], [ -104.621737927457488, 38.893464325551008 ], [ -104.621738689691171, 38.893404295376421 ], [ -104.621739392131971, 38.893349005211071 ], [ -104.621739951169587, 38.893305027286459 ], [ -104.621741928070179, 38.893149325902854 ], [ -104.621742055312794, 38.893135033408925 ], [ -104.621742066035935, 38.893133793871002 ], [ -104.621743482037786, 38.892973764895324 ], [ -104.621743558909785, 38.892965034990986 ], [ -104.621745051475585, 38.892796300429431 ], [ -104.621745062510698, 38.892795035668975 ], [ -104.621746477289165, 38.89263519766606 ], [ -104.621746567245921, 38.89262503725336 ], [ -104.621747953716977, 38.892468418799972 ], [ -104.621748071985124, 38.892455037933814 ], [ -104.621749524753142, 38.892290916499334 ], [ -104.621749576705938, 38.892285039511897 ], [ -104.621751056853654, 38.892117772387458 ], [ -104.621751081430673, 38.89211504018602 ], [ -104.621752533215343, 38.891950997115217 ], [ -104.621752586137148, 38.891945041757765 ], [ -104.621754069697943, 38.89177740438889 ], [ -104.621754090836333, 38.89177504332639 ], [ -104.621755595539511, 38.891605043991078 ], [ -104.621755605961283, 38.891603828774528 ], [ -104.621757098118195, 38.891435215804883 ], [ -104.621757099071658, 38.891435045544661 ], [ -104.621758548314986, 38.891271298834191 ], [ -104.621758603760384, 38.891265046202982 ], [ -104.621760084478467, 38.891097729515892 ], [ -104.621760108430792, 38.891095047759052 ], [ -104.621761561065142, 38.890930932605862 ], [ -104.621761613105107, 38.890925048411091 ], [ -104.621763077553268, 38.890759511745919 ], [ -104.621763116608449, 38.890755049952105 ], [ -104.621764587547432, 38.890588801632923 ], [ -104.621764621268355, 38.890585050597913 ], [ -104.621766085591105, 38.890419522934621 ], [ -104.621766124757343, 38.890415052132639 ], [ -104.621767589701946, 38.890249566812692 ], [ -104.621767629391712, 38.890245053672949 ], [ -104.621769134029989, 38.890075054309328 ], [ -104.621769146980853, 38.890073634610552 ], [ -104.621770579980179, 38.889911662499372 ], [ -104.621770871775382, 38.889878661639472 ], [ -104.621770927107235, 38.889872418015329 ], [ -104.621770928254946, 38.88987232523273 ], [ -104.621647054466692, 38.889872451385123 ], [ -104.62155387218003, 38.889872546297234 ], [ -104.621482014292326, 38.889872619425859 ], [ -104.62138176575769, 38.889872721152699 ], [ -104.621308559170814, 38.889872795691034 ], [ -104.621266109795883, 38.889872838746889 ], [ -104.621023591012843, 38.889873084339222 ], [ -104.620978348561962, 38.889873130492845 ], [ -104.620693944083513, 38.889873418091163 ], [ -104.620690586173112, 38.88987342151772 ], [ -104.620434432862936, 38.889873679853153 ], [ -104.620402823781902, 38.889873711830255 ], [ -104.620146253180124, 38.889873969976421 ], [ -104.620115061388375, 38.889874001430414 ], [ -104.619837732371565, 38.889874280133668 ], [ -104.619827298992476, 38.889874290318168 ], [ -104.619792926803058, 38.889874325530542 ], [ -104.619571302758942, 38.889874707397915 ], [ -104.619539534315294, 38.889874762257151 ], [ -104.619259040845677, 38.88987524443516 ], [ -104.619251769343734, 38.889875256904574 ], [ -104.618983154890827, 38.889875717616469 ], [ -104.618964004368181, 38.8898757508396 ], [ -104.618692675202084, 38.889876215528517 ], [ -104.61867624054122, 38.889876244071004 ], [ -104.618410925230776, 38.889876697844905 ], [ -104.618388475557666, 38.889876736581272 ], [ -104.618121403464684, 38.889877192585821 ], [ -104.618100710570161, 38.889877228379135 ], [ -104.617836424644878, 38.889877679642957 ], [ -104.617812945578663, 38.889877719464629 ], [ -104.617544533988863, 38.889878176590109 ], [ -104.617525180583129, 38.88987820983774 ], [ -104.617456926672617, 38.889878325857339 ], [ -104.617245027845371, 38.889879650088119 ], [ -104.617146899665485, 38.889880262455968 ], [ -104.617140605329325, 38.889880302034626 ], [ -104.617137082337663, 38.889880324825143 ], [ -104.617136926712902, 38.889880325444885 ], [ -104.617137030368198, 38.889866149880092 ], [ -104.617137313716682, 38.889827141839064 ], [ -104.617137912973234, 38.889744931475654 ], [ -104.617137974335236, 38.889736474417852 ], [ -104.617138606301026, 38.889649686896966 ], [ -104.617138634940943, 38.889645807896549 ], [ -104.61713927881938, 38.889557506074844 ], [ -104.6171392955561, 38.889555140473576 ], [ -104.617139520780057, 38.88952414357496 ], [ -104.617139825680368, 38.889482289795225 ], [ -104.617139938213114, 38.889466844047021 ], [ -104.61714007104581, 38.889448653451367 ], [ -104.617140906503138, 38.889334006651779 ], [ -104.617140992155598, 38.889322205686774 ], [ -104.61714111802695, 38.889304945653855 ], [ -104.617141751710093, 38.889218019405483 ], [ -104.617141778635826, 38.889214278227541 ], [ -104.617142385784859, 38.889130968836895 ], [ -104.617142439242969, 38.889123610800311 ], [ -104.61714307309208, 38.889036578246895 ], [ -104.617143099837278, 38.889032944272991 ], [ -104.617143728909426, 38.888946573834183 ], [ -104.617143760441095, 38.88894227684402 ], [ -104.617144421043179, 38.888851609414147 ], [ -104.617144424484351, 38.888851147285365 ], [ -104.617145081643613, 38.888760941983378 ], [ -104.617145083044917, 38.88876073659187 ], [ -104.617145742231131, 38.888670275452519 ], [ -104.617145747567605, 38.888669475505637 ], [ -104.617146327604004, 38.888589828909794 ], [ -104.617146401675626, 38.888579608011241 ], [ -104.617147030280492, 38.888493274501087 ], [ -104.617147062270959, 38.888488940577808 ], [ -104.617147697980471, 38.888401664793186 ], [ -104.61714772285346, 38.888398274044299 ], [ -104.617148361475941, 38.888310578467738 ], [ -104.617148383445425, 38.888307606609104 ], [ -104.617149044035742, 38.888216939173034 ], [ -104.617149047668391, 38.888216368939268 ], [ -104.617149703460555, 38.888126272628114 ], [ -104.617149705578754, 38.888126009585271 ], [ -104.617150364047518, 38.888035605190275 ], [ -104.617150367174929, 38.888035168283906 ], [ -104.617150983226864, 38.887950585096462 ], [ -104.617151024632733, 38.887944937751499 ], [ -104.617151648562114, 38.887859350134335 ], [ -104.617151685216314, 38.887854270311877 ], [ -104.617152321104854, 38.887766979207719 ], [ -104.617152345786991, 38.887763603772171 ], [ -104.617152984162843, 38.88767592710645 ], [ -104.617153006367147, 38.887672936330787 ], [ -104.617153632702284, 38.887586969456038 ], [ -104.617153666945669, 38.887582268888515 ], [ -104.617154302918948, 38.887494970575347 ], [ -104.617154327511244, 38.887491602346167 ], [ -104.617154929644073, 38.887408879379564 ], [ -104.617154988086384, 38.887400934902139 ], [ -104.61715562839349, 38.887313102394266 ], [ -104.617155648659832, 38.887310267457188 ], [ -104.617156277354241, 38.887223924927191 ], [ -104.617156309220334, 38.887219600912182 ], [ -104.617156910081704, 38.887137072525086 ], [ -104.617156969790443, 38.887128933465462 ], [ -104.617157582328474, 38.887044909694026 ], [ -104.617157630358776, 38.887038266017896 ], [ -104.61715824687505, 38.886953644086951 ], [ -104.617158290925474, 38.886947598569435 ], [ -104.61715891588014, 38.886861834377136 ], [ -104.61715895147924, 38.886856932020876 ], [ -104.61715961204257, 38.886766264570646 ], [ -104.617159619887758, 38.88676526284398 ], [ -104.617160266002372, 38.886676498857234 ], [ -104.617160272604238, 38.886675597119556 ], [ -104.617160896264849, 38.886590029308294 ], [ -104.617160933152945, 38.886584930568411 ], [ -104.617161584642957, 38.886495548612302 ], [ -104.617161593711216, 38.886494263115516 ], [ -104.617162236703649, 38.886406027923151 ], [ -104.61716225426774, 38.886403595661768 ], [ -104.617162900846196, 38.886314793837855 ], [ -104.617162914811431, 38.88631292910793 ], [ -104.617163520084048, 38.886229859313332 ], [ -104.617163575364586, 38.886222261652406 ], [ -104.61716421208753, 38.886134808379786 ], [ -104.617164235916135, 38.886131594196023 ], [ -104.617164872794234, 38.886044128311333 ], [ -104.617164896465965, 38.886040926738737 ], [ -104.617165506577095, 38.885957096629873 ], [ -104.617165555850335, 38.885950260172621 ], [ -104.617166189059191, 38.885863367222548 ], [ -104.617166216396811, 38.885859592713572 ], [ -104.617166838653077, 38.885774229385646 ], [ -104.617166876941525, 38.885768925253664 ], [ -104.617167507669535, 38.885682416961863 ], [ -104.617167537473406, 38.885678258693659 ], [ -104.617168181516234, 38.885589845126049 ], [ -104.617168198014767, 38.885587591231982 ], [ -104.617168818450708, 38.885502466622874 ], [ -104.617168858554479, 38.885496923769445 ], [ -104.617169508578542, 38.885407750797818 ], [ -104.617169519081273, 38.885406257206824 ], [ -104.617170151922011, 38.88531939307736 ], [ -104.617170179617617, 38.885315589742532 ], [ -104.617170802862333, 38.885230053446868 ], [ -104.617170840152255, 38.885224922277331 ], [ -104.617171473202532, 38.885138041030949 ], [ -104.617171500685188, 38.885134254811248 ], [ -104.617172155456075, 38.885044328730622 ], [ -104.617172161205275, 38.885043588245104 ], [ -104.617172805023756, 38.884955191786744 ], [ -104.617172821734798, 38.88495292077728 ], [ -104.617173463186234, 38.88486489997004 ], [ -104.617173482262729, 38.884862253308576 ], [ -104.61717410797705, 38.884776332348842 ], [ -104.617174142777699, 38.884771586739809 ], [ -104.617174763445831, 38.8846864423056 ], [ -104.61717480330222, 38.88468091926935 ], [ -104.617175451842954, 38.884591957086386 ], [ -104.617175463825077, 38.884590251797995 ], [ -104.617176095507716, 38.884503572334147 ], [ -104.617176124334989, 38.884499585226628 ], [ -104.617176746332277, 38.884414240803153 ], [ -104.617176784854465, 38.884408917753547 ], [ -104.617177421354455, 38.884321479777597 ], [ -104.617177445372207, 38.884318250279584 ], [ -104.6171781058883, 38.884227582804741 ], [ -104.617178765091154, 38.884137113514271 ], [ -104.617178766391518, 38.884136916229835 ], [ -104.617179396765735, 38.884050434046209 ], [ -104.617179426904201, 38.884046248753243 ], [ -104.617180068092765, 38.88395824775511 ], [ -104.617180087415235, 38.883955581275764 ], [ -104.617180740763246, 38.883865860575511 ], [ -104.617180747913338, 38.883864914698215 ], [ -104.617181387887939, 38.883777103776438 ], [ -104.617181408421004, 38.883774247219009 ], [ -104.617182055454421, 38.883685497625493 ], [ -104.617182068926937, 38.883683579738928 ], [ -104.617182701624969, 38.883596724601553 ], [ -104.617182729420037, 38.883592913158736 ], [ -104.617183369356127, 38.883505104936845 ], [ -104.617183389922644, 38.883502245676908 ], [ -104.617184031045383, 38.883414249177719 ], [ -104.617184050423518, 38.883411578194213 ], [ -104.617184674307921, 38.88332589504175 ], [ -104.617184710922743, 38.883320910710609 ], [ -104.617185337865351, 38.883234796055589 ], [ -104.617185353208129, 38.883232727734928 ], [ -104.617185371409036, 38.883230244126985 ], [ -104.617186023353767, 38.88314072791065 ], [ -104.617186031904893, 38.883139576641661 ], [ -104.617186642704283, 38.883055779845293 ], [ -104.617186692399073, 38.883048909155455 ], [ -104.617187332202136, 38.882961110837286 ], [ -104.617187352880308, 38.882958242569174 ], [ -104.617187402618626, 38.882951461067421 ], [ -104.61718800712724, 38.882868540784976 ], [ -104.617188014523592, 38.882867575090003 ], [ -104.61718867485591, 38.882776920212393 ], [ -104.617188926340447, 38.882742324446227 ], [ -104.617190198745732, 38.882691435779378 ], [ -104.617190616425077, 38.882674713978815 ], [ -104.617191426304373, 38.882642299898329 ], [ -104.61719192592669, 38.882622324715101 ], [ -104.617196445895189, 38.88262273832072 ], [ -104.617333926109154, 38.882635324655432 ], [ -104.618209925909809, 38.882635324631487 ], [ -104.618987926092572, 38.882632323872272 ], [ -104.620342926359385, 38.882634324218927 ], [ -104.621288926762759, 38.882634323571637 ], [ -104.621715927264333, 38.882623324279187 ], [ -104.62183592644449, 38.882633323670461 ], [ -104.621835823988008, 38.882638812000096 ], [ -104.621833926508145, 38.882740324010349 ], [ -104.621800927851709, 38.886251324749345 ], [ -104.621810914493665, 38.88625132452961 ], [ -104.623106927505432, 38.886251324838845 ], [ -104.626501928053202, 38.886253324838087 ], [ -104.626501924385281, 38.886249781625565 ], [ -104.626499928695722, 38.884292323837307 ], [ -104.626499927810059, 38.883558324007552 ], [ -104.626471928843472, 38.883372323785586 ], [ -104.62647992782091, 38.882765323409451 ], [ -104.626481927881002, 38.882631323477234 ], [ -104.62652192755084, 38.879009323031156 ], [ -104.626562926926113, 38.875387323339595 ], [ -104.62656492731503, 38.875151323065744 ], [ -104.626582927763735, 38.873576322844976 ], [ -104.626590927266463, 38.872805322528059 ], [ -104.626595926945342, 38.872379322362043 ], [ -104.626603927331416, 38.871605322904045 ], [ -104.626622927141725, 38.869953321756725 ], [ -104.62662750318583, 38.869953330924744 ], [ -104.636008929600166, 38.869972320689428 ], [ -104.63600898431315, 38.869968770701668 ], [ -104.636009690873948, 38.869923291986524 ], [ -104.636009946736309, 38.869906807661955 ], [ -104.636025187861819, 38.868924833690194 ], [ -104.636036531241615, 38.868193980788384 ], [ -104.636036719839922, 38.868181793191269 ], [ -104.63603683131123, 38.868174619356978 ], [ -104.636036928674073, 38.868168321079843 ], [ -104.635813670247458, 38.868167800553181 ], [ -104.635689265713523, 38.868167510420797 ], [ -104.63514468203563, 38.868166237752909 ], [ -104.63511394244955, 38.868166165717263 ], [ -104.634549260982695, 38.868164843370835 ], [ -104.634538618055146, 38.86816481815675 ], [ -104.634008650588967, 38.868163574250673 ], [ -104.633963293682612, 38.868163467747912 ], [ -104.633413277975578, 38.868162174408631 ], [ -104.63338796933202, 38.868162114490637 ], [ -104.632837936362066, 38.86816081829928 ], [ -104.632812646155585, 38.868160758393572 ], [ -104.632264519164337, 38.868159463802016 ], [ -104.632237321848891, 38.86815939943952 ], [ -104.631686463848467, 38.868158096140931 ], [ -104.631661997553195, 38.868158038537878 ], [ -104.631131967955284, 38.868156781948194 ], [ -104.63108667327964, 38.868156674787826 ], [ -104.630550511005325, 38.868155400317981 ], [ -104.630511350191426, 38.868155307297251 ], [ -104.629978852341466, 38.868154039591268 ], [ -104.629936025962095, 38.868153937850487 ], [ -104.629409065089092, 38.868152680163163 ], [ -104.629360701766046, 38.868152564654544 ], [ -104.628866686042215, 38.86815138377905 ], [ -104.628313418649981, 38.868150058138923 ], [ -104.626487419412271, 38.868145664827622 ], [ -104.625667261993769, 38.868143682152287 ], [ -104.623875030970154, 38.868139329795675 ], [ -104.623749516844924, 38.868139023919674 ], [ -104.621873426369319, 38.868134437116815 ], [ -104.62183177078515, 38.868134334930545 ], [ -104.62182692524172, 38.868134322635228 ], [ -104.619914086066018, 38.868124777885406 ], [ -104.619905818353502, 38.86812473688849 ], [ -104.619422924285459, 38.86812232173542 ], [ -104.618671925325046, 38.86811732280551 ], [ -104.618060489910448, 38.868113300881205 ], [ -104.617911925298785, 38.868112322765477 ], [ -104.617299847473149, 38.868122162043562 ], [ -104.617289923620589, 38.868122321790551 ], [ -104.617289715764926, 38.867347174851972 ], [ -104.617289704857313, 38.867305218578757 ], [ -104.61728941037984, 38.866207906767741 ], [ -104.617289400373764, 38.866171811679344 ], [ -104.617289111210468, 38.865093635565572 ], [ -104.617288926009323, 38.864400665856309 ], [ -104.617288924196004, 38.864394321782129 ], [ -104.616205118711974, 38.864396662424021 ], [ -104.615117624528224, 38.864399000902047 ], [ -104.615033724084043, 38.864399180838063 ], [ -104.615015492968013, 38.864399220360873 ], [ -104.615013297765174, 38.864399225262723 ], [ -104.614985836436475, 38.864399284568698 ], [ -104.61497823447877, 38.864399300540178 ], [ -104.614750332343959, 38.864399788755094 ], [ -104.614738515136679, 38.86439981403727 ], [ -104.614516760705428, 38.86440028917297 ], [ -104.614498795779824, 38.864400327940601 ], [ -104.614262979390375, 38.864400832362918 ], [ -104.614259076430784, 38.864400840448582 ], [ -104.614030152153418, 38.86440133027007 ], [ -104.614019357067036, 38.864401353362844 ], [ -104.613783501484889, 38.864401857414222 ], [ -104.613779637699807, 38.864401865782575 ], [ -104.61354041384088, 38.864402376082694 ], [ -104.613539918340408, 38.864402376806964 ], [ -104.613312248951914, 38.864402862175304 ], [ -104.613300198966272, 38.864402888237571 ], [ -104.613062635617183, 38.864403394009621 ], [ -104.61306047959998, 38.864403398272856 ], [ -104.612827907015273, 38.864403893012351 ], [ -104.612630530243806, 38.864404311938287 ], [ -104.612625923202174, 38.864404321799185 ], [ -104.612625895074416, 38.86441395119175 ], [ -104.61262588470656, 38.864417455572543 ], [ -104.612624196100057, 38.864986808398612 ], [ -104.612622581644573, 38.865531317932913 ], [ -104.612622274450914, 38.86563494218602 ], [ -104.612614933684981, 38.868110773876026 ], [ -104.612614922753323, 38.868114323295679 ], [ -104.608026754521831, 38.868105342040899 ], [ -104.608016922778219, 38.868105322426146 ], [ -104.607964009440167, 38.864421414132096 ], [ -104.607963922333738, 38.864415321645794 ], [ -104.605955921336047, 38.864368322487557 ], [ -104.599003919820206, 38.864223322685483 ], [ -104.59870487097092, 38.864216549416554 ], [ -104.598694920230912, 38.864216323583641 ], [ -104.598716919457118, 38.859877321980122 ], [ -104.598733919080672, 38.856886321599745 ], [ -104.598738516520584, 38.856886395100922 ], [ -104.603373920322838, 38.856960321561651 ], [ -104.603373910632513, 38.856956708012973 ], [ -104.603373564358975, 38.856829793218509 ], [ -104.603372653507776, 38.856496141190632 ], [ -104.603372353031702, 38.856386135568307 ], [ -104.603372327039807, 38.856376420158412 ], [ -104.603371090877104, 38.855923047987993 ], [ -104.603371077086265, 38.855917842532698 ], [ -104.603369889799083, 38.855482231788059 ], [ -104.603368646177657, 38.855026075766567 ], [ -104.60336863246674, 38.855020864005191 ], [ -104.60336816511311, 38.854849508190007 ], [ -104.603368125323541, 38.854834953084598 ], [ -104.603366913975094, 38.854390480941838 ], [ -104.60336688921447, 38.854381580846116 ], [ -104.603365711587955, 38.853949863762729 ], [ -104.603365651980553, 38.85392820767796 ], [ -104.603364455527739, 38.853489585999057 ], [ -104.603363937236509, 38.853299539873433 ], [ -104.603363920099, 38.853293321789103 ], [ -104.603067946284398, 38.853290261461815 ], [ -104.602328822273037, 38.853282615858959 ], [ -104.602301083846527, 38.853282328555068 ], [ -104.601913919721312, 38.853278320986213 ], [ -104.601581475614907, 38.85327460737399 ], [ -104.601534225510804, 38.853274079809403 ], [ -104.601376919102606, 38.853272321721242 ], [ -104.600799071979466, 38.853266248873837 ], [ -104.600767366224261, 38.853265915181574 ], [ -104.600022523435925, 38.8532580827112 ], [ -104.600000505778752, 38.853257850886052 ], [ -104.599239768240651, 38.853249846117642 ], [ -104.599189918920189, 38.853249321770747 ], [ -104.598703776564378, 38.853243440518568 ], [ -104.598693918185234, 38.853243320794277 ], [ -104.598693425609312, 38.853193247208075 ], [ -104.598693199346741, 38.853170309648185 ], [ -104.598692919869777, 38.853141941099508 ], [ -104.598691918837446, 38.853040321745397 ], [ -104.598696011509475, 38.852802940571515 ], [ -104.598697005025898, 38.852745341651243 ], [ -104.598697982845934, 38.852688616473955 ], [ -104.598699919220579, 38.852576320912412 ], [ -104.598704932288115, 38.852275657411916 ], [ -104.598705604330775, 38.85223531257887 ], [ -104.598712902687296, 38.851797570867234 ], [ -104.598713162370302, 38.851782007271126 ], [ -104.598720460576544, 38.851344270043938 ], [ -104.598720720301941, 38.851328702843965 ], [ -104.598728019420818, 38.850890886326511 ], [ -104.598730040480319, 38.850769638337944 ], [ -104.598732402278443, 38.850627980579866 ], [ -104.598734277344306, 38.850515514252116 ], [ -104.598734603958064, 38.850495945807388 ], [ -104.598735452546876, 38.850445042981598 ], [ -104.598748918005214, 38.849637321125535 ], [ -104.598757917763194, 38.849081320681286 ], [ -104.598760918486377, 38.848945320955778 ], [ -104.598761072835359, 38.848945323054103 ], [ -104.599210918715798, 38.848951320150334 ], [ -104.602657918688635, 38.84899532056685 ], [ -104.607961920627972, 38.849031320210251 ], [ -104.607961866305104, 38.849037572879368 ], [ -104.607955919645704, 38.849721320777775 ], [ -104.607965894792926, 38.84972136944603 ], [ -104.612669920644862, 38.849744320033338 ], [ -104.612669943259348, 38.84974075718317 ], [ -104.612670176468583, 38.849704286402691 ], [ -104.612670251442623, 38.849692473594992 ], [ -104.612670651683558, 38.849629626008969 ], [ -104.612670684953287, 38.849624472267102 ], [ -104.612671077803924, 38.84956276965643 ], [ -104.612671446754135, 38.849504917269897 ], [ -104.612671572869132, 38.849485136473803 ], [ -104.612671745697838, 38.849458111070945 ], [ -104.612671870594696, 38.849438612244278 ], [ -104.612672002831658, 38.849417880154128 ], [ -104.612672339141014, 38.849365131063735 ], [ -104.612672522462589, 38.849336435489242 ], [ -104.612673579025682, 38.849170685060571 ], [ -104.612673605650897, 38.849166432158469 ], [ -104.61267461703288, 38.849007711033003 ], [ -104.612674688822722, 38.848996429725801 ], [ -104.612675670849242, 38.848842364177251 ], [ -104.6126757720006, 38.848826426389493 ], [ -104.612676809357978, 38.848663780275935 ], [ -104.612676856314039, 38.848656423960051 ], [ -104.612677902273617, 38.848492350898503 ], [ -104.612677940633461, 38.848486420627033 ], [ -104.612679020954985, 38.848317013650494 ], [ -104.612679024936511, 38.848316418192063 ], [ -104.612680064307, 38.848153425243098 ], [ -104.612680109245616, 38.848146414853574 ], [ -104.612681193538236, 38.847976412413054 ], [ -104.612681198775675, 38.847975624173557 ], [ -104.612681921643471, 38.847862319241422 ], [ -104.612682257599872, 38.847813470998268 ], [ -104.612682306623867, 38.847806410189776 ], [ -104.61268343489516, 38.847642754856309 ], [ -104.61268347846358, 38.847636407511679 ], [ -104.61268461412277, 38.847471699090505 ], [ -104.612684650286354, 38.84746640573163 ], [ -104.612685797783186, 38.847299919039536 ], [ -104.612685822114798, 38.847296403048027 ], [ -104.612686967668168, 38.847130255974299 ], [ -104.612686993926403, 38.847126401262443 ], [ -104.612688131192186, 38.846961378434735 ], [ -104.61268816574362, 38.846956398573298 ], [ -104.612689323061417, 38.846788478630693 ], [ -104.61268933754404, 38.846786396782221 ], [ -104.612690443708914, 38.846625984471899 ], [ -104.61269050933879, 38.846616394988381 ], [ -104.612691625324445, 38.846454550333824 ], [ -104.612691681139182, 38.846446392291035 ], [ -104.612692808658451, 38.846282793687131 ], [ -104.612693921161366, 38.846121319267098 ], [ -104.612698512812059, 38.846121339925226 ], [ -104.61275545923894, 38.846121592002987 ], [ -104.614273921519327, 38.846128319462572 ], [ -104.618763921959399, 38.846149319149191 ], [ -104.618752921735151, 38.844241318896387 ], [ -104.618743954332473, 38.842541417866705 ], [ -104.618743921706283, 38.842535318588681 ], [ -104.618718031830099, 38.842534744695911 ], [ -104.618036900710649, 38.842519631932745 ], [ -104.617356882358223, 38.84250453984486 ], [ -104.617346921885144, 38.842504319115726 ], [ -104.61736892057165, 38.8390223180429 ], [ -104.620213922643771, 38.839032318239965 ], [ -104.621617922812078, 38.839066317737171 ], [ -104.624052923156398, 38.839325317930196 ], [ -104.625975923462718, 38.839430318097804 ], [ -104.626501923217958, 38.839378316990434 ], [ -104.627254922854576, 38.839632317525044 ], [ -104.627254908359149, 38.839627214774033 ], [ -104.627253923494592, 38.839282317772245 ], [ -104.627258549515702, 38.839282317395991 ], [ -104.627884923181952, 38.839282317616529 ], [ -104.628538924454304, 38.839090317737913 ], [ -104.628655051062424, 38.839083960195595 ], [ -104.628739858538026, 38.839079317145192 ], [ -104.628774232216315, 38.839077435360558 ], [ -104.628860180818066, 38.839072729611246 ], [ -104.628916165844728, 38.839069663935618 ], [ -104.629565456871902, 38.839034112989189 ], [ -104.629683487504039, 38.839027649770962 ], [ -104.630280664674117, 38.838994947545153 ], [ -104.630450808266815, 38.83898562963644 ], [ -104.630564956569287, 38.83897937789822 ], [ -104.631332924077199, 38.838937317146062 ], [ -104.631349925410916, 38.838630317418193 ], [ -104.631315973522803, 38.835633558257157 ], [ -104.631312994618568, 38.83537063641112 ], [ -104.631312923293592, 38.835364317034021 ], [ -104.627161923377074, 38.835365317177299 ], [ -104.626617782534467, 38.835369246462385 ], [ -104.626607923122734, 38.835369317366592 ], [ -104.626607812352844, 38.83535808873394 ], [ -104.626577692890834, 38.832298980521195 ], [ -104.626572983420374, 38.831820536008557 ], [ -104.62657292165639, 38.831814316694128 ], [ -104.626311872156322, 38.831811752320867 ], [ -104.621999922140361, 38.831769316350943 ], [ -104.622001405319708, 38.832431890787142 ], [ -104.6220079229318, 38.835343317630382 ], [ -104.617826632128072, 38.835315035641756 ], [ -104.617435874472221, 38.8353123850803 ], [ -104.617425921166912, 38.835312317556166 ], [ -104.617482920314899, 38.824499315996029 ], [ -104.617482920886175, 38.82449917726295 ], [ -104.617485918930825, 38.824013316352051 ], [ -104.617489919999031, 38.82340031648878 ], [ -104.617543895051185, 38.812326381157497 ], [ -104.617554887961589, 38.810070524063022 ], [ -104.617554917858854, 38.810064313530695 ], [ -104.616404918511492, 38.810052314311505 ], [ -104.612490710290501, 38.810012358473507 ], [ -104.610824916456025, 38.80999531416979 ], [ -104.609488915818517, 38.809979314637999 ], [ -104.608651915252963, 38.809965314543277 ], [ -104.60854778240008, 38.809965621362259 ], [ -104.608321872785467, 38.809966285703453 ], [ -104.608311916060984, 38.809966314641116 ], [ -104.608330915901746, 38.806960314398225 ], [ -104.608356915136412, 38.802810313586143 ], [ -104.60838091420014, 38.799099313062385 ], [ -104.608383915185499, 38.798546312590879 ], [ -104.608387914756577, 38.797950313728457 ], [ -104.608391915068182, 38.797313312396149 ], [ -104.608394915523917, 38.796776312644752 ], [ -104.608397914431251, 38.796293313428215 ], [ -104.608400914804079, 38.795898312766489 ], [ -104.608407757016053, 38.795654922660418 ], [ -104.608407914858702, 38.795649313096128 ], [ -104.608250200306884, 38.795638308897196 ], [ -104.608235915001984, 38.795637312674621 ], [ -104.608377914246518, 38.795464312618655 ], [ -104.60838291387293, 38.795113312606915 ], [ -104.608407914831062, 38.793217312358372 ], [ -104.608408914524361, 38.793117312518383 ], [ -104.608419913820711, 38.791719312371214 ], [ -104.608419913518645, 38.791622312028544 ], [ -104.608417913437137, 38.790247312640687 ], [ -104.608418913857605, 38.790125312007049 ], [ -104.608419906015214, 38.790036648057445 ], [ -104.608421913200544, 38.78985731223522 ], [ -104.608423913524405, 38.789713312195111 ], [ -104.608425913973434, 38.789570311247843 ], [ -104.608429913626992, 38.789161311828458 ], [ -104.608428914302195, 38.789084311789424 ], [ -104.608427913393712, 38.78882431095451 ], [ -104.608426914319736, 38.788749310904251 ], [ -104.608424913925958, 38.788524312101302 ], [ -104.608424914120135, 38.788450311611328 ], [ -104.608423913507821, 38.788334311773333 ], [ -104.608419913784203, 38.787892311410218 ], [ -104.608418913444865, 38.787712311919606 ], [ -104.608435913510149, 38.786967311426459 ], [ -104.608448913643301, 38.786375310876359 ], [ -104.608448913236714, 38.786221310798901 ], [ -104.608451913788741, 38.785664311596854 ], [ -104.608451913760135, 38.785579311147643 ], [ -104.608452914214666, 38.78533631111241 ], [ -104.608457912571012, 38.78453231139742 ], [ -104.608459913235166, 38.78435531147462 ], [ -104.608464913598866, 38.784029310141655 ], [ -104.608472913679662, 38.783433310714436 ], [ -104.608475912686387, 38.782190311269311 ], [ -104.608472912797751, 38.781097310827114 ], [ -104.608472913168086, 38.781053310147989 ], [ -104.608472913094189, 38.780921310803272 ], [ -104.608472912805553, 38.780759310703338 ], [ -104.608491913088969, 38.779291309796079 ], [ -104.608500911910241, 38.777707310829648 ], [ -104.608486912257291, 38.77675031047773 ], [ -104.608475912190997, 38.775324310014938 ], [ -104.608473912551474, 38.774953309849707 ], [ -104.608504123928071, 38.77366064052589 ], [ -104.608506912271253, 38.773541309322056 ], [ -104.608508912188967, 38.77345530975095 ], [ -104.608510057770474, 38.773075577881961 ], [ -104.608510912428571, 38.772792310013038 ], [ -104.608519911661247, 38.769811308076491 ], [ -104.608520911472198, 38.769137308633894 ], [ -104.608526911301468, 38.767362308759452 ], [ -104.608521911204221, 38.767118309152572 ], [ -104.608508911570752, 38.766446308322934 ], [ -104.608508760513402, 38.766435317115331 ], [ -104.608468911246419, 38.763542308459314 ], [ -104.60840591096688, 38.758822307749639 ], [ -104.608363909867393, 38.755677306966497 ], [ -104.608351910091784, 38.754833306575954 ], [ -104.608312909926482, 38.75193030563991 ], [ -104.608304909908583, 38.749914306633684 ], [ -104.608299909289371, 38.748605306006276 ], [ -104.608299139987182, 38.748390880848149 ], [ -104.608282908592813, 38.743867305353049 ], [ -104.608278408870063, 38.742572005326714 ], [ -104.608275908935866, 38.741852304864793 ], [ -104.608276753096391, 38.741849657306346 ], [ -104.608337901618938, 38.741657849435526 ], [ -104.608392515699961, 38.741486536303405 ], [ -104.608392908433075, 38.741485305090819 ], [ -104.6084419080522, 38.739494304101562 ], [ -104.608618764695265, 38.732374794211218 ], [ -104.608618902490392, 38.732369303387784 ], [ -104.608620564923683, 38.732302611774259 ], [ -104.608677907319517, 38.729994303120208 ], [ -104.608682907953565, 38.72966330333194 ], [ -104.608699907702743, 38.728673303062962 ], [ -104.608705907712277, 38.728343302820569 ], [ -104.608706407282, 38.728343360713922 ], [ -104.608713123298017, 38.728344142057878 ], [ -104.608748907237285, 38.728348303546163 ], [ -104.608805484726432, 38.728356623007151 ], [ -104.608816907217886, 38.728358302673087 ], [ -104.60887790716464, 38.728373302919707 ], [ -104.608920907492816, 38.728384303578437 ], [ -104.60892090422449, 38.728384105355445 ], [ -104.608895906846755, 38.726936302785397 ], [ -104.608837684402047, 38.723460475265021 ], [ -104.608825905812864, 38.722757301800748 ], [ -104.608822907396103, 38.722592302373386 ], [ -104.608798906661534, 38.721144301522081 ], [ -104.60880006703087, 38.720745656810138 ], [ -104.608802906410332, 38.719770301253931 ], [ -104.608804332252234, 38.719318311756872 ], [ -104.608808134588187, 38.718113604274166 ], [ -104.608810060487059, 38.717503302501584 ], [ -104.608815905505992, 38.715651301198889 ], [ -104.608820906281025, 38.714278301001848 ], [ -104.608820906414834, 38.714261301014723 ], [ -104.608821869586379, 38.714213121964555 ], [ -104.608821906190272, 38.714211300625536 ], [ -104.608822644003212, 38.714199486484716 ], [ -104.608822905697494, 38.71419530021069 ], [ -104.608833905877304, 38.713649300442867 ], [ -104.60883920541724, 38.713394287288153 ], [ -104.60886536476896, 38.712135546780438 ], [ -104.608865376552203, 38.712134972997482 ], [ -104.608875557202055, 38.71213497646896 ], [ -104.60887588375931, 38.712134976276097 ], [ -104.608921434505476, 38.712134993024769 ], [ -104.613508969499875, 38.712137201389254 ], [ -104.625429247374086, 38.712142091490939 ], [ -104.627199690676335, 38.712142714356432 ], [ -104.627199777857214, 38.712142731228901 ], [ -104.627203029926747, 38.712143361113235 ], [ -104.627336909614144, 38.712169299402618 ], [ -104.627411775729996, 38.712169293490057 ], [ -104.638969028140835, 38.712167817503264 ], [ -104.641438235747756, 38.712167352353077 ], [ -104.641707912421822, 38.712167298517684 ], [ -104.644914913707524, 38.712167297830959 ], [ -104.652622789842496, 38.712159155970241 ], [ -104.654316916053389, 38.712157297993663 ], [ -104.657358917272546, 38.71215329729543 ], [ -104.658418916450799, 38.712152296998624 ], [ -104.6584274979311, 38.712158596187017 ], [ -104.659470260476851, 38.712924023299578 ], [ -104.660140917448899, 38.713416297310957 ], [ -104.659397916999225, 38.714037297607803 ], [ -104.658051917300227, 38.715605297978421 ], [ -104.658052344637198, 38.715605528107062 ], [ -104.658062469629868, 38.715610857451018 ], [ -104.659330189293172, 38.716278282218958 ], [ -104.659335916984816, 38.716281297601029 ], [ -104.659454917369473, 38.716346297747165 ], [ -104.659501918326058, 38.716291298248073 ], [ -104.659513917303016, 38.716277297922666 ], [ -104.659528917906414, 38.716258298663114 ], [ -104.659740917637279, 38.716017297881656 ], [ -104.659962917651981, 38.715761298090797 ], [ -104.660077917625202, 38.715627297771597 ], [ -104.660137917309811, 38.71556029765803 ], [ -104.66022291757983, 38.715463297688224 ], [ -104.660640918165669, 38.715057297107585 ], [ -104.661607918036665, 38.714186297718761 ], [ -104.661911917634299, 38.713933297943676 ], [ -104.661974918345791, 38.713880296878997 ], [ -104.66201391757545, 38.713849296955161 ], [ -104.662034631270487, 38.713831906224954 ], [ -104.662070236842993, 38.713802011478997 ], [ -104.66211557210427, 38.713763946543793 ], [ -104.662119918977396, 38.713760298699512 ], [ -104.66212016747636, 38.713760092388455 ], [ -104.662276085334895, 38.7136315135022 ], [ -104.662333706326422, 38.713583995864923 ], [ -104.662638918081157, 38.713332297556462 ], [ -104.66291191824854, 38.713106297276042 ], [ -104.663101918423919, 38.712942297809278 ], [ -104.663370918898011, 38.712711296455346 ], [ -104.663797918484931, 38.712355297044169 ], [ -104.664372743866977, 38.711874067781025 ], [ -104.664491918667366, 38.711774296634708 ], [ -104.664530917935764, 38.711743296778167 ], [ -104.664954918183497, 38.711384296803011 ], [ -104.665017918707321, 38.711332296805189 ], [ -104.665171650251494, 38.711205406436726 ], [ -104.665206918576757, 38.711176296597209 ], [ -104.66521745634482, 38.711167598650739 ], [ -104.665269918721862, 38.711124297362709 ], [ -104.666079918542835, 38.710506295880094 ], [ -104.666435918151493, 38.710249297188291 ], [ -104.66731491886631, 38.709533296513975 ], [ -104.667570918807655, 38.709341296442631 ], [ -104.668074918417034, 38.708990296464194 ], [ -104.668106753712337, 38.708971596188292 ], [ -104.668217918939462, 38.708906296904104 ], [ -104.668391717757331, 38.70882864146445 ], [ -104.668405919239788, 38.708822296522754 ], [ -104.668672919922429, 38.7087092967543 ], [ -104.668963919915342, 38.708630296103877 ], [ -104.669294919946267, 38.708551296650327 ], [ -104.669640919551668, 38.708511296215576 ], [ -104.669806396597025, 38.708497080444452 ], [ -104.669931919122007, 38.708486296383924 ], [ -104.669988250579436, 38.708485560042057 ], [ -104.670849610182316, 38.708474301805175 ], [ -104.671996919349908, 38.70845929593677 ], [ -104.672335920295808, 38.708456296691239 ], [ -104.672840570835646, 38.708453349561118 ], [ -104.67287030830586, 38.708453176133204 ], [ -104.67302092052023, 38.708452296482918 ], [ -104.673352920052764, 38.708452295653906 ], [ -104.673482920267247, 38.708453296352211 ], [ -104.67360192060913, 38.708454295977063 ], [ -104.673612680192122, 38.708454296092931 ], [ -104.67361992031546, 38.708454296347348 ], [ -104.673619180704137, 38.708105621485373 ], [ -104.673614920015424, 38.70609529539017 ], [ -104.673612919986155, 38.704973295264729 ], [ -104.673610918958047, 38.703758294806001 ], [ -104.673610041275708, 38.703302581770579 ], [ -104.673604920000273, 38.700643294853123 ], [ -104.673603919005799, 38.699964294973299 ], [ -104.673602919536535, 38.69967129431047 ], [ -104.673601919766739, 38.699053294901866 ], [ -104.673600106409012, 38.698091427079873 ], [ -104.673596919133487, 38.696401294712381 ], [ -104.6735949181477, 38.695804293334433 ], [ -104.673593918237444, 38.69557729398224 ], [ -104.673587918571783, 38.695036294341826 ], [ -104.6735896910496, 38.694987582967869 ], [ -104.67358975529757, 38.694985811365278 ], [ -104.673589919235837, 38.694981294545094 ], [ -104.671452829491287, 38.694980299199869 ], [ -104.671443098549517, 38.694980294509868 ], [ -104.671442918073666, 38.694980294120789 ], [ -104.67144267645034, 38.694763107258176 ], [ -104.671441925414513, 38.694088706971222 ], [ -104.671441918427405, 38.694082294348298 ], [ -104.671358917892988, 38.694083294722624 ], [ -104.670261992166132, 38.694091220904681 ], [ -104.670251917876556, 38.694091293835861 ], [ -104.670253762446308, 38.694015680470926 ], [ -104.670253918503903, 38.694009293338432 ], [ -104.669820917908808, 38.69401329390022 ], [ -104.669759917839812, 38.694011293954411 ], [ -104.669292052759317, 38.694003077127178 ], [ -104.668279917141959, 38.693985294115784 ], [ -104.667982916965684, 38.693980294249947 ], [ -104.667786917564555, 38.693982294435813 ], [ -104.667543918018168, 38.693984294602195 ], [ -104.666814916977017, 38.693990293830105 ], [ -104.666750725328541, 38.693991090064067 ], [ -104.666572917245077, 38.693993293736852 ], [ -104.666124916386664, 38.69399029430236 ], [ -104.664780915995337, 38.693982294627922 ], [ -104.664444915915652, 38.69398029475181 ], [ -104.664344258932772, 38.693979388064342 ], [ -104.664333916458034, 38.693979294584622 ], [ -104.664332179457872, 38.693979298278286 ], [ -104.663812459995611, 38.693980307956267 ], [ -104.662267915978774, 38.693983294396403 ], [ -104.659028671482815, 38.693991202722067 ], [ -104.658990914839151, 38.693991294555225 ], [ -104.657485474165355, 38.693979954199605 ], [ -104.656072914410558, 38.693969294871259 ], [ -104.656025755599316, 38.693969294763129 ], [ -104.655989914035146, 38.69396929415737 ], [ -104.655230994377249, 38.693963482925987 ], [ -104.654814914090437, 38.693960294925994 ], [ -104.654752680889658, 38.693960913211647 ], [ -104.654008914150893, 38.693968295403899 ], [ -104.653505358891294, 38.693972693043101 ], [ -104.653321914259763, 38.693974294692794 ], [ -104.65315864256263, 38.693976024511592 ], [ -104.651999913852933, 38.693988294805756 ], [ -104.651687154031848, 38.693985325265132 ], [ -104.651262912710436, 38.693981295423676 ], [ -104.650576914149141, 38.693975294836235 ], [ -104.648928912901539, 38.693961295886758 ], [ -104.648403219337553, 38.693966836742298 ], [ -104.646079912162492, 38.693991295164608 ], [ -104.645566911490249, 38.693997295942978 ], [ -104.644940836255557, 38.693996943309116 ], [ -104.632591909304708, 38.693989296398435 ], [ -104.631328909710831, 38.693989296017854 ], [ -104.628778517365106, 38.694016103922763 ], [ -104.628664908072579, 38.694017296824576 ], [ -104.628095907492906, 38.694007297559423 ], [ -104.628068056981263, 38.694006678158814 ], [ -104.628005907598819, 38.694005297135369 ], [ -104.627738908632026, 38.694000297301571 ], [ -104.627649908100253, 38.693999296912267 ], [ -104.627431907808017, 38.693995296641639 ], [ -104.624996907319456, 38.694005297156899 ], [ -104.623710188601535, 38.69399533473203 ], [ -104.622157906760918, 38.693983297638439 ], [ -104.620653906040701, 38.693984297909097 ], [ -104.620256905836939, 38.693985297260767 ], [ -104.615892904765175, 38.693988297165866 ], [ -104.608860904380862, 38.693994297423956 ], [ -104.604633902648814, 38.694017298705603 ], [ -104.602335902285077, 38.694022298494311 ], [ -104.599668901289149, 38.694027298057229 ], [ -104.599172573073758, 38.694028275290513 ], [ -104.599171007346996, 38.694028278437933 ], [ -104.599160901405014, 38.694028298098303 ], [ -104.599161901763935, 38.693997298622115 ], [ -104.599168901307266, 38.693163298685668 ], [ -104.599176900719556, 38.692194298179565 ], [ -104.599191901960253, 38.690295298353732 ], [ -104.600785901436865, 38.69029829790793 ], [ -104.602335901751545, 38.690301298761199 ], [ -104.605404902530125, 38.690306297228297 ], [ -104.605410902624968, 38.689551297805011 ], [ -104.605435901409805, 38.686613297735171 ], [ -104.60905590362168, 38.686624297221194 ], [ -104.609167901810068, 38.679280296180856 ], [ -104.618898904717938, 38.679301295680261 ], [ -104.620587904873574, 38.679305294768753 ], [ -104.621047718353935, 38.679306969510229 ], [ -104.621411904396084, 38.679308294981745 ], [ -104.62210227325464, 38.679308721284748 ], [ -104.623042904663507, 38.679309295149928 ], [ -104.623042913279008, 38.679310275394798 ], [ -104.623042961685073, 38.679315583866519 ], [ -104.623053708321748, 38.680496185285243 ], [ -104.62305790578263, 38.680957295165236 ], [ -104.623067753289547, 38.680957202110825 ], [ -104.627063906507843, 38.680919295076286 ], [ -104.627064084577668, 38.680925676591343 ], [ -104.627111906544229, 38.682637295364948 ], [ -104.627121603350119, 38.682637231459914 ], [ -104.627121636689623, 38.68263723081013 ], [ -104.627414906470449, 38.682635295057089 ], [ -104.627874907329016, 38.682631295317165 ], [ -104.6314959076185, 38.682606294915011 ], [ -104.632647908436141, 38.682592295000426 ], [ -104.63343890741055, 38.68258629488777 ], [ -104.633420779118651, 38.681716445523321 ], [ -104.633369907799192, 38.679275294369859 ], [ -104.636622908673019, 38.679271294282792 ], [ -104.636584038112545, 38.675950891929645 ], [ -104.636497908117107, 38.668592292712674 ], [ -104.636494907997161, 38.668372292298415 ], [ -104.636453144896478, 38.664842406660334 ], [ -104.636452907311465, 38.664822292303384 ], [ -104.643093310558726, 38.66475570109197 ], [ -104.643093359975282, 38.664755700556505 ], [ -104.643093395604154, 38.664755699919105 ], [ -104.645517908476975, 38.664731291693393 ], [ -104.652727910001033, 38.664687290818087 ], [ -104.654955654476481, 38.66468434066455 ], [ -104.654992911349609, 38.664684290758167 ], [ -104.662027912733436, 38.664582290074662 ], [ -104.662508913560558, 38.66456429034303 ], [ -104.663861913016476, 38.664555290797097 ], [ -104.66396291362949, 38.664583289761381 ], [ -104.663962913505969, 38.664551289892721 ], [ -104.663963913644523, 38.664331289909001 ], [ -104.663963912760153, 38.664251290232293 ], [ -104.663965913145049, 38.663648290025911 ], [ -104.663970913734232, 38.662153289845982 ], [ -104.663975913150225, 38.660346289911814 ], [ -104.663981912342678, 38.657910288704706 ], [ -104.663984912386184, 38.657389288944934 ], [ -104.669499913929727, 38.657347289224752 ], [ -104.669978690945044, 38.65734299869694 ], [ -104.673267469722177, 38.657313474205623 ], [ -104.673267131923254, 38.657292785407755 ], [ -104.673266502202637, 38.657254285603038 ], [ -104.673298913740837, 38.6572562889464 ], [ -104.673412914847219, 38.657264288806573 ], [ -104.6742569150625, 38.657259288468936 ], [ -104.676631915275721, 38.657248288031845 ], [ -104.677896916332543, 38.65722428854172 ], [ -104.679769916062639, 38.657227288392328 ], [ -104.681283917023933, 38.657231287342491 ], [ -104.681607916402015, 38.657225288241072 ], [ -104.681934916777408, 38.657219287802711 ], [ -104.682003916737287, 38.657222288493045 ], [ -104.682018460483135, 38.657222955138231 ], [ -104.682243916726378, 38.657233288103903 ], [ -104.682444915897435, 38.657252287637455 ], [ -104.682444631894413, 38.657257611729136 ], [ -104.682440917304064, 38.657327287821637 ], [ -104.682467916928857, 38.659149288605228 ], [ -104.682488916769572, 38.66052128918075 ], [ -104.682505917191605, 38.661674287969319 ], [ -104.682520917831823, 38.662663288877049 ], [ -104.682533918088055, 38.663541288902131 ], [ -104.682543739921428, 38.663541208648503 ], [ -104.684982918223753, 38.663521289287594 ], [ -104.685387629559386, 38.663518305670472 ], [ -104.685389917509639, 38.663518288423049 ], [ -104.685374918478459, 38.663465288704927 ], [ -104.685368918138394, 38.663443288997115 ], [ -104.685340804502417, 38.663340210891974 ], [ -104.685334561593905, 38.663317319392078 ], [ -104.685332917345306, 38.663311288949735 ], [ -104.685493918417905, 38.663278288634153 ], [ -104.685575010447593, 38.663262258763751 ], [ -104.685579918760425, 38.663261288766073 ], [ -104.685589085623874, 38.663255578460685 ], [ -104.686539917582735, 38.662663288679333 ], [ -104.686981918235503, 38.662386288288701 ], [ -104.687081918874938, 38.662320287667853 ], [ -104.687090177024388, 38.662327629345157 ], [ -104.687090205470213, 38.6623276538689 ], [ -104.687090918666414, 38.66232828859841 ], [ -104.687151918711535, 38.662378288317306 ], [ -104.687159077166726, 38.6623823150885 ], [ -104.687183918271984, 38.662396288368306 ], [ -104.687314919167434, 38.662469288816631 ], [ -104.68740565851067, 38.662500975486452 ], [ -104.687448569315762, 38.662515960114597 ], [ -104.687503918265477, 38.662535287777843 ], [ -104.687648013477968, 38.662566333090524 ], [ -104.687749917749301, 38.662588288821738 ], [ -104.687873879841007, 38.662593333417874 ], [ -104.68792191926434, 38.662595288135698 ], [ -104.688055919373099, 38.662595288509841 ], [ -104.688185918563917, 38.662595287723306 ], [ -104.689620062007378, 38.662574286013616 ], [ -104.690779919685014, 38.662557288122535 ], [ -104.691541918897769, 38.662547288732554 ], [ -104.691688918729781, 38.662545288238718 ], [ -104.691689049528748, 38.662551683702233 ], [ -104.6916890503812, 38.662551709834112 ], [ -104.691689919592676, 38.662594287679923 ], [ -104.691708919499177, 38.66270428884755 ], [ -104.691755919892387, 38.662964287917831 ], [ -104.691811919922486, 38.663168287960623 ], [ -104.691857919950635, 38.663275288259484 ], [ -104.691864935561142, 38.663274820979034 ], [ -104.691917920068775, 38.663271288744724 ], [ -104.691979919811061, 38.663269288715703 ], [ -104.691983142554392, 38.663269215695408 ], [ -104.693785920080259, 38.663228288513629 ], [ -104.694111920328297, 38.663221288013148 ], [ -104.694334920799321, 38.663216287538752 ], [ -104.694940920054535, 38.663201288146944 ], [ -104.694887919756681, 38.66214428777554 ], [ -104.694883919947571, 38.66203928775515 ], [ -104.696580920483555, 38.661883287576522 ], [ -104.696762920189258, 38.661865288328549 ], [ -104.696765920184276, 38.661557287043848 ], [ -104.696791920191188, 38.660879287528779 ], [ -104.696898919660683, 38.659439287413953 ], [ -104.697045920412961, 38.657957287214082 ], [ -104.698111920327378, 38.65797528729825 ], [ -104.698276921294124, 38.657982286822062 ], [ -104.698710920826102, 38.657990286505814 ], [ -104.698713344999945, 38.65799642574941 ], [ -104.701052920945727, 38.663919287220622 ], [ -104.701153246229012, 38.664082757868528 ], [ -104.701222922515271, 38.664196287797793 ], [ -104.70128192179655, 38.664291287470853 ], [ -104.701306736131542, 38.664376707405019 ], [ -104.70138592137755, 38.664649288017657 ], [ -104.701445922067961, 38.664880288030034 ], [ -104.701549922016056, 38.665344287576666 ], [ -104.701632922100785, 38.665810287349267 ], [ -104.701666922745886, 38.666044287331097 ], [ -104.701728922251746, 38.666546287977617 ], [ -104.701737943602666, 38.66654609967938 ], [ -104.701738044745412, 38.666546097673475 ], [ -104.701872922434475, 38.666543288085414 ], [ -104.701934922672137, 38.666542288113057 ], [ -104.70194892179974, 38.666541288143556 ], [ -104.702042923159354, 38.666540287793957 ], [ -104.702011921612637, 38.666291287990603 ], [ -104.701982922552801, 38.6660522883734 ], [ -104.701947922325076, 38.66581428794499 ], [ -104.701908921235685, 38.665576287872717 ], [ -104.701863922520261, 38.665339287903507 ], [ -104.701812921640808, 38.66510328799891 ], [ -104.701757922351575, 38.664867287548397 ], [ -104.7016969221403, 38.664632288056524 ], [ -104.701561921934669, 38.664164287653399 ], [ -104.7016979216653, 38.664151287012693 ], [ -104.70170128558145, 38.664158202027053 ], [ -104.701715921718304, 38.664188288215527 ], [ -104.701888922187393, 38.664554287930251 ], [ -104.70202792236897, 38.664904287578018 ], [ -104.70206492178643, 38.664998287585398 ], [ -104.702131922757701, 38.665165287289078 ], [ -104.702146922203156, 38.665203288470707 ], [ -104.702188922413853, 38.665292287774434 ], [ -104.702194527464158, 38.665289427291398 ], [ -104.70219484181456, 38.665289266394062 ], [ -104.702331922938498, 38.665219288210324 ], [ -104.702672922020199, 38.665049287042088 ], [ -104.702762923033191, 38.665003287782504 ], [ -104.702906922381445, 38.664931287173289 ], [ -104.702820922880292, 38.6648162874327 ], [ -104.702496921940721, 38.66437028749872 ], [ -104.702125921244075, 38.663806287338225 ], [ -104.701848921686803, 38.663340287700144 ], [ -104.701613922222663, 38.662904287360327 ], [ -104.701577921631582, 38.662842287516987 ], [ -104.701424921149652, 38.662575287417013 ], [ -104.701253921409659, 38.662159287597476 ], [ -104.700497920958966, 38.660313286542092 ], [ -104.697658919865134, 38.653144286388873 ], [ -104.69705991999686, 38.651631285580493 ], [ -104.696478919598164, 38.650132285451043 ], [ -104.696204918773759, 38.649425286685926 ], [ -104.696073919215479, 38.649087286237879 ], [ -104.695638919318156, 38.64796528490546 ], [ -104.694878918825907, 38.646061285254035 ], [ -104.694834918637611, 38.645961285482251 ], [ -104.69464391822747, 38.645521285794601 ], [ -104.694482918645093, 38.645113286082832 ], [ -104.694416918677902, 38.644923285084793 ], [ -104.694309917901734, 38.644616285209416 ], [ -104.694099918710094, 38.643876284954601 ], [ -104.693866917720683, 38.64279828488926 ], [ -104.69378991833743, 38.642442285465734 ], [ -104.692478916444628, 38.636356284776291 ], [ -104.692016916937519, 38.634209284419526 ], [ -104.691846915991121, 38.633423283985913 ], [ -104.691812916311605, 38.633263283703521 ], [ -104.6913939167449, 38.631278283121055 ], [ -104.691345916203801, 38.631067283411781 ], [ -104.691168915438197, 38.630284283362769 ], [ -104.690623915792912, 38.627780282555165 ], [ -104.690285914557222, 38.626221282391384 ], [ -104.690134915048162, 38.625496283596277 ], [ -104.690061915416848, 38.625143283077563 ], [ -104.689862915030005, 38.624186282718561 ], [ -104.68960091495255, 38.623020282736007 ], [ -104.689504914660631, 38.622593282491081 ], [ -104.689216913894057, 38.621313282097759 ], [ -104.689121913927863, 38.620887282176298 ], [ -104.689032915036051, 38.620492281689309 ], [ -104.688938913524353, 38.619972281864435 ], [ -104.688800914482457, 38.619380282206961 ], [ -104.688780915110286, 38.619312282087677 ], [ -104.688434913264587, 38.618120281658044 ], [ -104.68823291370758, 38.617571281984446 ], [ -104.68781691361626, 38.616653282004833 ], [ -104.687652148062909, 38.616272823550815 ], [ -104.687651913092509, 38.616272282265307 ], [ -104.687649436400463, 38.616268036982454 ], [ -104.68732794823508, 38.61571691527886 ], [ -104.687287913067649, 38.615648282364042 ], [ -104.687255092967447, 38.615598949534593 ], [ -104.686808913627004, 38.61492828133165 ], [ -104.686631266514141, 38.614660667267081 ], [ -104.686575913269323, 38.614577281514563 ], [ -104.686534838688189, 38.614522169789758 ], [ -104.685864913239854, 38.613623280786399 ], [ -104.685630913187012, 38.613305281720251 ], [ -104.684929911975985, 38.612353281397624 ], [ -104.684696912359485, 38.612036281107514 ], [ -104.684109912044889, 38.611239281241787 ], [ -104.683490912033974, 38.610397281653022 ], [ -104.682908912325246, 38.609650280798263 ], [ -104.682329911172701, 38.608905280970696 ], [ -104.682309910973473, 38.608878281274443 ], [ -104.681719911432666, 38.60808528099615 ], [ -104.681424911401976, 38.607689281036912 ], [ -104.681249911853726, 38.607454281491037 ], [ -104.680581910364353, 38.606472281081551 ], [ -104.680304911147573, 38.606064280390598 ], [ -104.680283910282554, 38.606032281374574 ], [ -104.680221910094232, 38.605939280578077 ], [ -104.680201910455466, 38.605908280524162 ], [ -104.679575910565816, 38.604953280392174 ], [ -104.679439911307185, 38.604745281303558 ], [ -104.678565909269025, 38.603370280293468 ], [ -104.677755909837018, 38.60205128086249 ], [ -104.67763490979506, 38.601854280652141 ], [ -104.677208909451366, 38.601050279983482 ], [ -104.676830909371532, 38.600337280839184 ], [ -104.676249875227413, 38.599241349735024 ], [ -104.675925909630507, 38.598630279372969 ], [ -104.67568890896743, 38.598202279897443 ], [ -104.675679556833188, 38.598185351196271 ], [ -104.675298908805715, 38.597496279208542 ], [ -104.675012908590858, 38.596980279923045 ], [ -104.674539908700183, 38.596103280146238 ], [ -104.674319908039436, 38.59569327997896 ], [ -104.673748908218087, 38.594670279101052 ], [ -104.672750908621552, 38.592808279156571 ], [ -104.672260907941734, 38.591928279640719 ], [ -104.671938907670324, 38.591349279988073 ], [ -104.671503907617449, 38.590535278489753 ], [ -104.671300906946598, 38.590157279475342 ], [ -104.670693907081898, 38.589023279219163 ], [ -104.670513907145576, 38.588686447044907 ], [ -104.670491906746804, 38.588645278674981 ], [ -104.67038090652386, 38.588436279162536 ], [ -104.670307079603759, 38.588305402566753 ], [ -104.67029290692858, 38.588280278514759 ], [ -104.669680905835421, 38.587194279049093 ], [ -104.669477905533739, 38.586832278443083 ], [ -104.669456905873119, 38.586794278301049 ], [ -104.669440905879938, 38.586764278877375 ], [ -104.669330906589067, 38.586563278263895 ], [ -104.66929936240092, 38.586504569132295 ], [ -104.669294906783563, 38.586496278615385 ], [ -104.6691779066892, 38.586539278343629 ], [ -104.669028905526673, 38.586595278802825 ], [ -104.668829905905767, 38.586668279446073 ], [ -104.668713905959876, 38.586712278681965 ], [ -104.668676906200702, 38.586725278666634 ], [ -104.668568489933477, 38.586766301605046 ], [ -104.668565906283831, 38.586767279439243 ], [ -104.668534736126915, 38.586779400537466 ], [ -104.668529906030983, 38.586781279347683 ], [ -104.668421816645605, 38.586607564479316 ], [ -104.668417905907759, 38.586601278738875 ], [ -104.668407733113881, 38.586588562435864 ], [ -104.668301906606331, 38.58645627802391 ], [ -104.668299294789264, 38.586452979984323 ], [ -104.668244906194062, 38.586384278494798 ], [ -104.668193425454803, 38.586334338372708 ], [ -104.66814966590178, 38.58629188973935 ], [ -104.66807790584825, 38.586222278632967 ], [ -104.667969621292158, 38.586144932866283 ], [ -104.667951905712158, 38.586132278514476 ], [ -104.667734102033066, 38.585989315570828 ], [ -104.667724905156689, 38.58598327918115 ], [ -104.667583906241276, 38.585935278809572 ], [ -104.667406906221018, 38.585890278742767 ], [ -104.667298905656082, 38.585871278392105 ], [ -104.666907905563122, 38.585806279201201 ], [ -104.666879906094024, 38.585801278570059 ], [ -104.666787905556987, 38.585790279379928 ], [ -104.666510905564678, 38.585757278684206 ], [ -104.666444905202113, 38.585756278145631 ], [ -104.666427906199772, 38.585762279127756 ], [ -104.666316905151035, 38.585810279523351 ], [ -104.666289905463145, 38.585821278708337 ], [ -104.666211905740056, 38.585853278015428 ], [ -104.666185905514695, 38.585865278968896 ], [ -104.666162905147715, 38.585874278112023 ], [ -104.666094905780525, 38.585902279125847 ], [ -104.666072904905278, 38.585912278243171 ], [ -104.666055905834384, 38.585918279170663 ], [ -104.666007905103157, 38.5859382792015 ], [ -104.665995203879987, 38.585944630007461 ], [ -104.665991905326877, 38.585946279207903 ], [ -104.6659669048057, 38.5859162783985 ], [ -104.665893905095473, 38.585826278652142 ], [ -104.665869905305499, 38.585797278724691 ], [ -104.665207905062317, 38.584989278676993 ], [ -104.664249904184629, 38.583821278895172 ], [ -104.663211905120363, 38.582575278287045 ], [ -104.662634912152342, 38.581881506276439 ], [ -104.662634825011423, 38.581881401141636 ], [ -104.662634772960615, 38.581881337702072 ], [ -104.662544903916015, 38.581773278618179 ], [ -104.661086904331555, 38.580022277866149 ], [ -104.660617803064056, 38.57943658456719 ], [ -104.660044902742058, 38.578721277611031 ], [ -104.659999903247098, 38.578664278105791 ], [ -104.65935890273569, 38.577895277911551 ], [ -104.658094657739255, 38.576378015519765 ], [ -104.655362901324949, 38.573099277411899 ], [ -104.652498900749066, 38.569604277460279 ], [ -104.652289901152443, 38.569349277301114 ], [ -104.649977899537021, 38.566570276838661 ], [ -104.649433898843611, 38.565916277547849 ], [ -104.647823898944182, 38.563981277266763 ], [ -104.647803898625128, 38.56395527680808 ], [ -104.647467898564031, 38.563523276355532 ], [ -104.647278898939334, 38.563287277294307 ], [ -104.647391898654604, 38.563270276703363 ], [ -104.65015389937146, 38.563266276921858 ], [ -104.651084900177906, 38.56328027629678 ], [ -104.65114928327128, 38.563281396406012 ], [ -104.651199899982757, 38.563282276751117 ], [ -104.651561899270021, 38.563254275975787 ], [ -104.651185899513536, 38.562519276136072 ], [ -104.651099998768331, 38.562317974820466 ], [ -104.651086899147259, 38.562287276917438 ], [ -104.649048782993958, 38.558159714690461 ], [ -104.648548898124645, 38.557147275695456 ], [ -104.647680898300905, 38.555476275278579 ], [ -104.647472549358, 38.5550929148866 ], [ -104.647380897907539, 38.554924275487657 ], [ -104.646843897847504, 38.55387027503253 ], [ -104.646777896654442, 38.553741275648008 ], [ -104.645971896872396, 38.552091275782857 ], [ -104.645879896609202, 38.55186327489016 ], [ -104.645814897178866, 38.551695275107448 ], [ -104.645780897694081, 38.551573275378743 ], [ -104.645726896193082, 38.551412274771714 ], [ -104.645577897338256, 38.551083275195836 ], [ -104.645022467629119, 38.549923490956431 ], [ -104.644964896524769, 38.549803275314041 ], [ -104.644867896349098, 38.549601274459384 ], [ -104.644675896778068, 38.549220274682966 ], [ -104.644495896308513, 38.548842275024441 ], [ -104.644303896436, 38.548421274580434 ], [ -104.643905896121638, 38.547397274391159 ], [ -104.643058895078141, 38.54510127456961 ], [ -104.642864895058139, 38.544578274734455 ], [ -104.642515895356524, 38.543756274094129 ], [ -104.642228895825539, 38.543119274592449 ], [ -104.642117894473373, 38.542874273750854 ], [ -104.642072895637796, 38.542785274176488 ], [ -104.641861894204851, 38.542365273551987 ], [ -104.641575894628232, 38.541798273506245 ], [ -104.641410895213937, 38.541469273836675 ], [ -104.640939894420697, 38.540537274146082 ], [ -104.639807894032529, 38.538298273533023 ], [ -104.639530894150326, 38.537751273873766 ], [ -104.639525893832868, 38.53774227360207 ], [ -104.639044893616571, 38.536817273419985 ], [ -104.638712894104728, 38.536178273907034 ], [ -104.638484893634896, 38.535934273755281 ], [ -104.638336893142821, 38.53572027371245 ], [ -104.638296893641353, 38.535662272941273 ], [ -104.638177893226299, 38.535443273425606 ], [ -104.638262893167493, 38.535394273382813 ], [ -104.638281096048402, 38.535375550427609 ], [ -104.638297893596913, 38.535358273757573 ], [ -104.638333893085758, 38.535303272535764 ], [ -104.63835689398924, 38.535221273535285 ], [ -104.638234893449749, 38.534940273277648 ], [ -104.637928892931882, 38.534373273301306 ], [ -104.637888893370899, 38.53430027326462 ], [ -104.637460893135, 38.533450273922675 ], [ -104.635378892290802, 38.529321272617075 ], [ -104.634741892070537, 38.528095272443359 ], [ -104.633916892288539, 38.52643927273995 ], [ -104.633210890710885, 38.525092271993621 ], [ -104.632064890586477, 38.522820272570954 ], [ -104.632158926990471, 38.522764745810441 ], [ -104.632169889869417, 38.522758272217828 ], [ -104.631900890446488, 38.522239271153659 ], [ -104.631581890987789, 38.521622272154872 ], [ -104.631101890353065, 38.520680271881062 ], [ -104.63083789095667, 38.520160271566567 ], [ -104.630748437116509, 38.520015062845204 ], [ -104.630691890058827, 38.519923271813305 ], [ -104.629939890589426, 38.519927271826738 ], [ -104.629566889530778, 38.519929271851836 ], [ -104.62819888981808, 38.519936271481441 ], [ -104.627850889905048, 38.519941271586269 ], [ -104.627520889194315, 38.519946272219912 ], [ -104.62659688878945, 38.519943271481559 ], [ -104.626439889104219, 38.519933271981984 ], [ -104.62628588956494, 38.51993927155133 ], [ -104.626146889161433, 38.519963271696554 ], [ -104.626136889455395, 38.519941271751549 ], [ -104.625666889572912, 38.519949272076161 ], [ -104.620046071792984, 38.520042479294752 ], [ -104.612433885928482, 38.520168273467171 ], [ -104.605264884074785, 38.520285273350517 ], [ -104.604117884486342, 38.520304273718146 ], [ -104.603972883539271, 38.520304273641997 ], [ -104.591232881170924, 38.520015274052838 ], [ -104.591006880661979, 38.520010274228021 ], [ -104.573728877323376, 38.519945275703869 ], [ -104.573537877483716, 38.51994727530105 ], [ -104.567096875847724, 38.520007276200303 ], [ -104.560066974491392, 38.519975868176154 ], [ -104.560066926332979, 38.519975867784673 ], [ -104.560066891934113, 38.519975867505067 ], [ -104.532646867640523, 38.519849277987994 ], [ -104.532372868186869, 38.519849278257183 ], [ -104.5275678658722, 38.519858278032643 ], [ -104.515112863138029, 38.519878279171976 ], [ -104.509928862094185, 38.519887279528554 ], [ -104.500532860868447, 38.519904280450568 ], [ -104.495600858206529, 38.520036279747778 ], [ -104.491048196993319, 38.520127602983543 ], [ -104.486368856585273, 38.520221280889203 ], [ -104.485029855983015, 38.520237280989278 ], [ -104.484759856587885, 38.520240281097841 ], [ -104.480001855669997, 38.520296281304581 ], [ -104.477071855507262, 38.520299281866528 ], [ -104.472668853781769, 38.52030428234869 ], [ -104.470473853455388, 38.520309282156369 ], [ -104.470222853696328, 38.520310282313325 ], [ -104.463755850846923, 38.520349282677692 ], [ -104.457091865520681, 38.520336449293985 ], [ -104.457091823095737, 38.520336448911365 ], [ -104.456495850380577, 38.520335283071887 ], [ -104.455600978074614, 38.520345430478528 ], [ -104.44924684761574, 38.520417283841496 ], [ -104.444988011734495, 38.520408810330217 ], [ -104.443732847136602, 38.520406283273353 ], [ -104.442733605148604, 38.520422148122265 ], [ -104.441968847411403, 38.520434284203482 ], [ -104.441210845877976, 38.520446283394833 ], [ -104.440207845873715, 38.520462284815352 ], [ -104.438367443701225, 38.520460801934568 ], [ -104.438367407009366, 38.520460801597686 ], [ -104.436520845643344, 38.520459285031919 ], [ -104.436464845108077, 38.52045728435273 ], [ -104.434463845075996, 38.520402285148734 ], [ -104.430708843777424, 38.520355284897562 ], [ -104.428562843482993, 38.520331284819477 ], [ -104.422869842555201, 38.520344285340798 ], [ -104.419957841507312, 38.520399285354415 ], [ -104.419159841053556, 38.520409285299415 ], [ -104.415335839689376, 38.520459285802865 ], [ -104.41312783996473, 38.520467286144836 ], [ -104.411152130887046, 38.520600138061333 ], [ -104.410807839185082, 38.520623285448593 ], [ -104.410693839708017, 38.520620285396006 ], [ -104.410028546442959, 38.520604276192394 ], [ -104.408948839495238, 38.520578286834528 ], [ -104.408804839168198, 38.520578286616576 ], [ -104.406493838863554, 38.520615286441227 ], [ -104.403762838570586, 38.520626286386239 ], [ -104.400240836468498, 38.520620286735046 ], [ -104.399132041610358, 38.520643842214412 ], [ -104.397980836601107, 38.520668287433494 ], [ -104.396122836130061, 38.520709287453919 ], [ -104.392598834939704, 38.520673287346071 ], [ -104.392178834853127, 38.520669287679901 ], [ -104.388646834006607, 38.520703287220122 ], [ -104.386950833808385, 38.520711287645113 ], [ -104.381816832453168, 38.520739287806805 ], [ -104.380563803611068, 38.520714198681169 ], [ -104.375530830957615, 38.520613288168271 ], [ -104.372705830647348, 38.520655289363063 ], [ -104.367002829858279, 38.520710288873708 ], [ -104.365513829410986, 38.520718288514452 ], [ -104.365337829184867, 38.520719288723399 ], [ -104.361841827555153, 38.520740289166135 ], [ -104.354193826118788, 38.52081029018597 ], [ -104.346155825345889, 38.520838290450548 ], [ -104.337810823042474, 38.520850291427415 ], [ -104.327313820235958, 38.520880291617296 ], [ -104.3265068191876, 38.52088329145289 ], [ -104.32396781870959, 38.520913291357104 ], [ -104.319063818457366, 38.520934291422058 ], [ -104.314517817544598, 38.520955292096993 ], [ -104.308588815655924, 38.520966293464738 ], [ -104.29852481318342, 38.520997293480015 ], [ -104.290783811125237, 38.521063293857438 ], [ -104.279642809112403, 38.521131294337778 ], [ -104.275480807905851, 38.521139294828359 ], [ -104.275479245874862, 38.521139299008333 ], [ -104.275063808375862, 38.521140295478148 ], [ -104.274676808305884, 38.52114129539504 ], [ -104.267263806415158, 38.521189295137681 ], [ -104.256615804097436, 38.521265295657138 ], [ -104.255766803947353, 38.52126629616464 ], [ -104.251577801849294, 38.521274296427627 ], [ -104.250528802296685, 38.521313296527275 ], [ -104.193531789084432, 38.521840300533988 ], [ -104.19190578886645, 38.521863301190294 ], [ -104.191212788346974, 38.521872300108875 ], [ -104.183738786755114, 38.522017301503446 ], [ -104.181374785738527, 38.522079301642037 ], [ -104.174518784615799, 38.522193301532262 ], [ -104.169551783248878, 38.522253302655606 ], [ -104.1655767821984, 38.522274302594603 ], [ -104.165294783169557, 38.52227730145534 ], [ -104.159414781360809, 38.522139303155733 ], [ -104.156037780538838, 38.522025302725773 ], [ -104.154607780754688, 38.521977302704897 ], [ -104.154554780174763, 38.52197530304619 ], [ -104.152510779171635, 38.52190830241102 ], [ -104.150161779478523, 38.521738303444224 ], [ -104.147822779121014, 38.521752302974825 ], [ -104.147012778418159, 38.521757302888382 ], [ -104.142558777541964, 38.521787303960714 ], [ -104.134095775903518, 38.52181130390985 ], [ -104.12878177389554, 38.52183830477999 ], [ -104.125524773195153, 38.521818305172111 ], [ -104.124356773457379, 38.521752304615241 ], [ -104.110969769925632, 38.521867305431307 ], [ -104.10947376914352, 38.521872305744786 ], [ -104.109305769822143, 38.521873305369212 ], [ -104.109281769577535, 38.521873305924601 ], [ -104.101628767714928, 38.521901306892488 ], [ -104.09018876545467, 38.52201030687602 ], [ -104.086955998706699, 38.522217492525783 ], [ -104.083477763674438, 38.522440307893596 ], [ -104.073540761194138, 38.522441308113308 ], [ -104.072492760489425, 38.52239630837569 ], [ -104.055040756352966, 38.522396309128887 ], [ -104.054360757097129, 38.522398309589533 ], [ -104.054100517924226, 38.522398914604914 ], [ -104.054100609822228, 38.522405246908441 ], [ -104.054304986477561, 38.536480424876828 ], [ -104.054258222962162, 38.543813646061203 ], [ -104.054274228059569, 38.56524272902562 ], [ -104.054354433510454, 38.580065809626241 ], [ -104.054454771720401, 38.609134437705499 ], [ -104.054109497541631, 38.623653228289967 ], [ -104.053774249187143, 38.652979094219234 ], [ -104.053543020751903, 38.667299658677173 ], [ -104.05342738656276, 38.674459939679956 ], [ -104.053311726857331, 38.681620216561448 ], [ -104.053171792053533, 38.694344473878694 ], [ -104.051994244901095, 38.694340164795982 ], [ -104.052448927380468, 38.709006716393894 ], [ -104.052676358338203, 38.71633996413378 ], [ -104.052903837298231, 38.723673209378155 ], [ -104.053131342188479, 38.731006463444359 ], [ -104.053358895142864, 38.738339712974188 ], [ -104.053747719040231, 38.752985160191905 ], [ -104.05394218945365, 38.760307870816526 ], [ -104.054136700733309, 38.767630593672102 ], [ -104.054331253404726, 38.774953303418592 ], [ -104.054525844977704, 38.782276009816393 ], [ -104.054543174478155, 38.783855257625596 ], [ -104.054544681429562, 38.783992497255255 ], [ -104.054546188405112, 38.784129735982731 ], [ -104.054547694272287, 38.784266972893001 ], [ -104.054549198957815, 38.784404211588949 ], [ -104.054550706005742, 38.784541447609861 ], [ -104.054552213077841, 38.784678682728632 ], [ -104.054553717854063, 38.784815917817269 ], [ -104.054555223823542, 38.784953151117307 ], [ -104.054556730931367, 38.785090385330967 ], [ -104.054558235761661, 38.785227618613803 ], [ -104.05455974293605, 38.785364850122306 ], [ -104.054561248947124, 38.785502082515841 ], [ -104.054562755018893, 38.78563931220566 ], [ -104.054564261096516, 38.78577654189403 ], [ -104.054565767161648, 38.78591377248172 ], [ -104.0545672732692, 38.786051001266451 ], [ -104.054568779382592, 38.786188230049703 ], [ -104.0545702855201, 38.786325457930829 ], [ -104.054571792814272, 38.78646268582478 ], [ -104.054573297830814, 38.786599912787878 ], [ -104.054574805173289, 38.786737138877427 ], [ -104.054576310201483, 38.786874365837605 ], [ -104.054577816422992, 38.78701159100919 ], [ -104.054579322632009, 38.787148817079995 ], [ -104.054580827732565, 38.787286041333637 ], [ -104.05458233514068, 38.7874232656144 ], [ -104.054583840252917, 38.787560489865051 ], [ -104.054585346521833, 38.787697714128534 ], [ -104.054586852814836, 38.787834937489855 ], [ -104.054588359131998, 38.787972159948993 ], [ -104.054589865436597, 38.788109383307372 ], [ -104.054591371747065, 38.788246606664281 ], [ -104.05459287808165, 38.788383829118978 ], [ -104.054594383289512, 38.788521050657174 ], [ -104.054595889635678, 38.788658273108908 ], [ -104.054597396006017, 38.788795494658515 ], [ -104.054598902363878, 38.788932717107322 ], [ -104.054600408764173, 38.789069937753197 ], [ -104.054616835354338, 38.79056646923442 ], [ -104.054641962507475, 38.792855567282082 ], [ -104.054657646306865, 38.794284358914496 ], [ -104.054659153865117, 38.79442159032557 ], [ -104.054660659145554, 38.794558820805683 ], [ -104.054662166715445, 38.794696052213737 ], [ -104.0546636719709, 38.794833284492363 ], [ -104.054665178364871, 38.794970517684533 ], [ -104.054666685897288, 38.79510775179029 ], [ -104.054668191133587, 38.795244985865828 ], [ -104.054684220874307, 38.796705059454446 ], [ -104.054699833470693, 38.798127073573994 ], [ -104.054701339692912, 38.798264322042307 ], [ -104.054717843461077, 38.799767515073732 ], [ -104.054732986389325, 38.801146609981835 ], [ -104.054734492593013, 38.80128386562231 ], [ -104.054735999971896, 38.801421120374897 ], [ -104.054737506168919, 38.801558376913015 ], [ -104.054739013541123, 38.801695632563174 ], [ -104.054740519768075, 38.801832888197488 ], [ -104.054742028284679, 38.801970144759657 ], [ -104.054743535656044, 38.802107401305932 ], [ -104.054745041882143, 38.802244657836333 ], [ -104.054746549246829, 38.802381915280264 ], [ -104.054748056635646, 38.80251917182192 ], [ -104.054749562860891, 38.80265642924838 ], [ -104.054751071394179, 38.802793686701968 ], [ -104.054752578782157, 38.802930944139717 ], [ -104.054754085024783, 38.803068201561544 ], [ -104.054755592424456, 38.803205458996146 ], [ -104.054757098642099, 38.803342718216328 ], [ -104.054758606035108, 38.803479976548594 ], [ -104.054760114603269, 38.803617233992867 ], [ -104.054761620838434, 38.803754493208416 ], [ -104.054763128248823, 38.803891751535986 ], [ -104.05476463451393, 38.804029009847639 ], [ -104.054766141917668, 38.804166269072844 ], [ -104.054767650496629, 38.804303527410077 ], [ -104.05476915674258, 38.804440787518537 ], [ -104.054770664182087, 38.804578045838326 ], [ -104.054772171590827, 38.804715305957998 ], [ -104.054773677890793, 38.804852564260329 ], [ -104.054775186462322, 38.804989824391178 ], [ -104.054776693925106, 38.805127082704701 ], [ -104.054778200205959, 38.80526434280381 ], [ -104.05477970764376, 38.805401602915637 ], [ -104.054781213972888, 38.805538861210159 ], [ -104.054782722573464, 38.805676121333214 ], [ -104.054784230047048, 38.805813380539654 ], [ -104.054785736357005, 38.805950640630883 ], [ -104.054787243842227, 38.806087899834175 ], [ -104.054788750182126, 38.80622515902153 ], [ -104.054790258811877, 38.806362419136732 ], [ -104.054791766296248, 38.80649967923604 ], [ -104.054793272671944, 38.806636937517972 ], [ -104.054794780167938, 38.806774197614089 ], [ -104.054796287688106, 38.806911456807967 ], [ -104.054797796365222, 38.807048716014556 ], [ -104.054799302745849, 38.807185975190926 ], [ -104.054800810265164, 38.807323235280734 ], [ -104.054802316675747, 38.807460493553236 ], [ -104.054803824206701, 38.807597753639932 ], [ -104.054805332931323, 38.807735011937901 ], [ -104.054806839341069, 38.807872271106341 ], [ -104.054808346907791, 38.808009530287542 ], [ -104.054809853329161, 38.808146789452827 ], [ -104.054811360925854, 38.808284047730183 ], [ -104.05481286966122, 38.808421306920977 ], [ -104.054814376118372, 38.808558565180817 ], [ -104.054815883750834, 38.808695822552608 ], [ -104.054817391352529, 38.80883308172433 ], [ -104.054818897845422, 38.808970339078627 ], [ -104.054820405477045, 38.809107597346454 ], [ -104.054821914284048, 38.809244854726238 ], [ -104.05482342079442, 38.809382112075781 ], [ -104.054824928461827, 38.809519369438114 ], [ -104.054826434983866, 38.809656626784474 ], [ -104.054842662224175, 38.811134092339763 ], [ -104.054857408509605, 38.812532421046114 ], [ -104.054872436569937, 38.813957413531234 ], [ -104.054887810013469, 38.815415174610557 ], [ -104.054889258813319, 38.815552450987653 ], [ -104.054890706449115, 38.815689728249488 ], [ -104.054892155260148, 38.815827004623323 ], [ -104.054893601774111, 38.815964280966867 ], [ -104.054895049426634, 38.816101558223849 ], [ -104.05489649825445, 38.816238834592781 ], [ -104.054897945954849, 38.816376110045056 ], [ -104.054899392491166, 38.81651338638207 ], [ -104.054900841335765, 38.816650662746149 ], [ -104.054916138937415, 38.818100996780061 ], [ -104.054931247022438, 38.819533382859262 ], [ -104.054932693870526, 38.819670650151259 ], [ -104.054934143063591, 38.819807915668832 ], [ -104.054935589977788, 38.819945180255317 ], [ -104.05493703804899, 38.820082444854471 ], [ -104.054938486144067, 38.8202197085512 ], [ -104.054939934263089, 38.820356971345646 ], [ -104.05495452132493, 38.82173986970065 ], [ -104.054970337201098, 38.823239245374005 ], [ -104.054971785974317, 38.823376482010538 ], [ -104.054973233601757, 38.823513718631098 ], [ -104.054974681271361, 38.823650953448514 ], [ -104.054976129001503, 38.82378818556203 ], [ -104.05497757671894, 38.823925418574667 ], [ -104.054979023363785, 38.824062647968304 ], [ -104.054980472317141, 38.824199877388978 ], [ -104.054981920179571, 38.824337104091413 ], [ -104.054983368084208, 38.824474328990711 ], [ -104.054984814842996, 38.824611553874021 ], [ -104.054995495028351, 38.825623901561507 ], [ -104.055000163833782, 38.826066438257115 ], [ -104.055015211068621, 38.827492750034153 ], [ -104.055016658994418, 38.827629923538495 ], [ -104.055018105810987, 38.827767095225319 ], [ -104.055019553821253, 38.827904265123387 ], [ -104.055020999589004, 38.828041432288813 ], [ -104.055022447683712, 38.828178598580543 ], [ -104.055023894687466, 38.828315762153991 ], [ -104.055025341733383, 38.82845292392431 ], [ -104.055026788803261, 38.828590084792175 ], [ -104.055028235915344, 38.828727243856889 ], [ -104.055029683087938, 38.828864400217704 ], [ -104.055031129114653, 38.829001556562446 ], [ -104.055032577504861, 38.829138710231973 ], [ -104.055034024767536, 38.829275862984773 ], [ -104.055035472072419, 38.829413013934357 ], [ -104.055036918231323, 38.829550164867911 ], [ -104.055038365602329, 38.829687313111876 ], [ -104.055039813015512, 38.829824459552697 ], [ -104.055041259264485, 38.8299616068782 ], [ -104.055042706725459, 38.830098751514157 ], [ -104.055044154173785, 38.83023589704915 ], [ -104.055045600549363, 38.830373038965114 ], [ -104.055047048063784, 38.830510181794487 ], [ -104.055048494450546, 38.830647323707076 ], [ -104.055049942012801, 38.830784464731551 ], [ -104.055051389598944, 38.830921604853593 ], [ -104.055052834924155, 38.831058743143785 ], [ -104.0550542825398, 38.831195882361627 ], [ -104.055055729027714, 38.831333020662733 ], [ -104.055057176691164, 38.831470158075739 ], [ -104.055058624341839, 38.831607296387723 ], [ -104.055060070883215, 38.831744432882211 ], [ -104.055061517430133, 38.831881569375014 ], [ -104.055062964000939, 38.832018704965328 ], [ -104.055064411692328, 38.832155842369758 ], [ -104.055065859425909, 38.83229297797098 ], [ -104.055067306013513, 38.832430113556185 ], [ -104.055068752606644, 38.832567249139636 ], [ -104.055070199187114, 38.832704385622151 ], [ -104.055071646942991, 38.832841521216494 ], [ -104.055073094704554, 38.832978656809154 ], [ -104.055074541301721, 38.833115793286446 ], [ -104.055075987904516, 38.833252929762054 ], [ -104.055077434494549, 38.833390067136712 ], [ -104.055078882260105, 38.833527203623191 ], [ -104.055080330012899, 38.833664341008685 ], [ -104.055081776601412, 38.833801479278868 ], [ -104.05508322432874, 38.833938618462398 ], [ -104.055084669758429, 38.834075757615558 ], [ -104.055086117478666, 38.834212897696318 ], [ -104.055087565204488, 38.834350037775437 ], [ -104.055089011765929, 38.834487178739224 ], [ -104.055090459447968, 38.834624321517012 ], [ -104.055091907153852, 38.834761463392425 ], [ -104.055107495031237, 38.836238687826935 ], [ -104.055122301206438, 38.837641774716644 ], [ -104.055123749454239, 38.837778952597453 ], [ -104.055125197670989, 38.837916132278025 ], [ -104.055126644705055, 38.838053313743949 ], [ -104.0551280928414, 38.838190497924664 ], [ -104.055129540946709, 38.838327683905142 ], [ -104.055130989002649, 38.83846487258603 ], [ -104.05513243700922, 38.838602063967414 ], [ -104.055148091910482, 38.840085364779497 ], [ -104.055195390191045, 38.844566639776531 ], [ -104.055224373634289, 38.847312335198602 ], [ -104.055262632893758, 38.850936654902938 ], [ -104.055300898379585, 38.854560972462124 ], [ -104.055320093782484, 38.855624119274239 ], [ -104.055322571975992, 38.855761342152121 ], [ -104.055325049063768, 38.855898563212314 ], [ -104.05532752729475, 38.856035785185682 ], [ -104.055330004438261, 38.856173004440606 ], [ -104.055332482761671, 38.856310222807259 ], [ -104.055334959961002, 38.856447440256986 ], [ -104.055337438358535, 38.856584655917622 ], [ -104.055339915631976, 38.856721870661353 ], [ -104.055342392933255, 38.856859084502446 ], [ -104.055344871414476, 38.856996297455218 ], [ -104.055347348789923, 38.857133508590344 ], [ -104.05534982619325, 38.857270718822797 ], [ -104.055352303624446, 38.857407928152675 ], [ -104.055354779931591, 38.857545136565562 ], [ -104.055357259740873, 38.85768234321808 ], [ -104.055359736085435, 38.857819550726461 ], [ -104.055365534957943, 38.858140685678599 ], [ -104.055385318246891, 38.859236322636377 ], [ -104.055430176899492, 38.861720397587156 ], [ -104.055456353783498, 38.863169936118766 ], [ -104.055458832194205, 38.863307117443711 ], [ -104.05546130946243, 38.86344429875232 ], [ -104.055463786740205, 38.863581480059047 ], [ -104.055466264027572, 38.863718661363826 ], [ -104.055468742476549, 38.863855842680998 ], [ -104.055494825357229, 38.865300108188208 ], [ -104.055520771085838, 38.866736664047949 ], [ -104.055523249672191, 38.866873848925316 ], [ -104.055525727115921, 38.867011033786497 ], [ -104.05552820455091, 38.86714821954638 ], [ -104.055530681995535, 38.86728540530433 ], [ -104.055533160601797, 38.867422591074707 ], [ -104.055559481484295, 38.86887981748206 ], [ -104.055323902845203, 38.876099207531567 ], [ -104.055088277473175, 38.883318590817659 ], [ -104.054886750452951, 38.890550894350234 ], [ -104.054685182389946, 38.897783190984214 ], [ -104.054632945248073, 38.899657245226827 ], [ -104.0546306872521, 38.899738240228857 ], [ -104.054585087171731, 38.901374096902806 ], [ -104.054543355303366, 38.902871083748792 ], [ -104.054539529368952, 38.903008340199172 ], [ -104.054535703401399, 38.903145597548026 ], [ -104.054531877455744, 38.903282853093238 ], [ -104.054528049171438, 38.903420109508204 ], [ -104.054524223196182, 38.903557365048897 ], [ -104.054520397187801, 38.903694621488128 ], [ -104.05451657118293, 38.903831877024352 ], [ -104.054512745144947, 38.903969133459128 ], [ -104.05450891793943, 38.904106389877278 ], [ -104.054505091890178, 38.904243645406808 ], [ -104.054501264655016, 38.904380901820502 ], [ -104.054497438576178, 38.904518157345528 ], [ -104.054493611293111, 38.90465541465548 ], [ -104.054489785203046, 38.904792669275324 ], [ -104.05448595904312, 38.904929926595123 ], [ -104.054483573216501, 38.905015483306762 ], [ -104.054478306733969, 38.905204438525764 ], [ -104.05447447824244, 38.905341694909453 ], [ -104.054470652060004, 38.905478950418775 ], [ -104.054466825844457, 38.905616206826629 ], [ -104.054462999632449, 38.905753462331496 ], [ -104.05445917223453, 38.905890718720471 ], [ -104.05445534599292, 38.906027974220869 ], [ -104.054451519718171, 38.906165230619692 ], [ -104.054447692257511, 38.906302487902707 ], [ -104.054443864837054, 38.906439742481275 ], [ -104.054440038499564, 38.906576999774074 ], [ -104.054436212183958, 38.906714255263203 ], [ -104.054432385835227, 38.906851511650757 ], [ -104.054428559490034, 38.906988767135417 ], [ -104.054424731958918, 38.907126023504105 ], [ -104.054420904431325, 38.907263278969879 ], [ -104.054417078023405, 38.907400535348458 ], [ -104.054413251619025, 38.907537790824051 ], [ -104.054409424028648, 38.907675047183794 ], [ -104.05440559757632, 38.907812303555566 ], [ -104.05440177112753, 38.907949559024367 ], [ -104.054397944645601, 38.908086815391663 ], [ -104.054394115861626, 38.908224070827252 ], [ -104.054390289331764, 38.908361328090749 ], [ -104.054386462823757, 38.908498583550525 ], [ -104.054382636282639, 38.908635839908783 ], [ -104.05437880974506, 38.908773095363998 ], [ -104.054374983174327, 38.908910351717694 ], [ -104.054371155454291, 38.909047607154044 ], [ -104.054367327701144, 38.909184863488903 ], [ -104.054363501104362, 38.909322118935059 ], [ -104.054359674474441, 38.909459375279745 ], [ -104.054355846695245, 38.909596630707021 ], [ -104.054352020035708, 38.909733887047089 ], [ -104.054348193379681, 38.909871142484235 ], [ -104.054344366690557, 38.910008398819755 ], [ -104.054340537699304, 38.910145654223633 ], [ -104.054336710980579, 38.910282910554656 ], [ -104.054332884265406, 38.910420165982678 ], [ -104.05432905749872, 38.910557423209852 ], [ -104.05432523075396, 38.910694678633327 ], [ -104.05432140282312, 38.910831934940923 ], [ -104.054317576048746, 38.910969190359836 ], [ -104.054313748088347, 38.911106446662835 ], [ -104.054309921284371, 38.911243702077215 ], [ -104.054306093294372, 38.911380958375673 ], [ -104.054302266460795, 38.911518213785428 ], [ -104.054298439594049, 38.911655470093713 ], [ -104.054294612730857, 38.911792725498941 ], [ -104.05429078583451, 38.911929981802658 ], [ -104.054286956635949, 38.912067237174625 ], [ -104.054281924127977, 38.912247768514952 ], [ -104.054279016560685, 38.912341760627058 ], [ -104.054274771143938, 38.912479009916396 ], [ -104.054270525747455, 38.912616257401943 ], [ -104.054266280334559, 38.912753504885188 ], [ -104.054262034868543, 38.91289075416757 ], [ -104.054257789422806, 38.913028001646168 ], [ -104.054253543942352, 38.913165250023212 ], [ -104.054249300769541, 38.913302497525855 ], [ -104.054245055237914, 38.91343974679895 ], [ -104.054240809726494, 38.913576994268318 ], [ -104.054236564198661, 38.91371424173532 ], [ -104.054232318617721, 38.913851491001488 ], [ -104.054228073057047, 38.913988738463821 ], [ -104.054223827461612, 38.914125986824644 ], [ -104.054219581868097, 38.914263234282338 ], [ -104.05421533737443, 38.914400483553543 ], [ -104.054211091748087, 38.914537731006597 ], [ -104.054206846086956, 38.914674979358118 ], [ -104.054202600427786, 38.914812226806511 ], [ -104.054155977373199, 38.916319423304252 ], [ -104.054138007433494, 38.91690035669609 ], [ -104.054092212904933, 38.918380678632992 ], [ -104.05408796676565, 38.91851792781975 ], [ -104.054083720646702, 38.918655175202673 ], [ -104.054079474474605, 38.918792424384705 ], [ -104.054075228322816, 38.918929671762932 ], [ -104.054070983270833, 38.91906692095462 ], [ -104.054066737067828, 38.919204169228877 ], [ -104.054062490848366, 38.919341417500775 ], [ -104.054058244612506, 38.919478665770335 ], [ -104.05405399836026, 38.919615914037514 ], [ -104.054049753244541, 38.919753162316724 ], [ -104.054045506941051, 38.919890411479933 ], [ -104.05404126065784, 38.920027658839331 ], [ -104.054037015474549, 38.920164908012183 ], [ -104.054032769158511, 38.920302155366883 ], [ -104.054028522789309, 38.920439404520629 ], [ -104.054024276403709, 38.920576653672057 ], [ -104.054020030038387, 38.920713901019681 ], [ -104.054015783619988, 38.920851150166392 ], [ -104.054011537203451, 38.920988398409975 ], [ -104.054007290770485, 38.92112564665122 ], [ -104.054003044321121, 38.921262894890084 ], [ -104.053998799008383, 38.921400143140936 ], [ -104.053994553679189, 38.921537391389442 ], [ -104.053990307162167, 38.92167464052195 ], [ -104.053986060665451, 38.921811887850652 ], [ -104.053981814115602, 38.921949136978398 ], [ -104.053977567586074, 38.922086384302354 ], [ -104.053973321003383, 38.922223633425403 ], [ -104.053969074404264, 38.922360882546052 ], [ -104.053964828978451, 38.922498129877241 ], [ -104.053960582346505, 38.922635378993142 ], [ -104.053956335716464, 38.92277262720598 ], [ -104.053952089069995, 38.922909875416408 ], [ -104.053947842407098, 38.923047123624521 ], [ -104.053943595727759, 38.923184371830231 ], [ -104.053939349032021, 38.923321620033512 ], [ -104.05393510230148, 38.923458869135203 ], [ -104.053930855591275, 38.923596116433046 ], [ -104.053926611133988, 38.923733365558618 ], [ -104.053922364390957, 38.923870612851729 ], [ -104.053918117594705, 38.924007861943892 ], [ -104.053913870782054, 38.924145111033674 ], [ -104.053909623989668, 38.924282358319601 ], [ -104.053905377144147, 38.924419607404609 ], [ -104.053901130300559, 38.924556855586495 ], [ -104.053896883440544, 38.924694103766043 ], [ -104.053892637717226, 38.924831351957508 ], [ -104.053888390824369, 38.924968600132232 ], [ -104.05388414391507, 38.925105848304618 ], [ -104.053879896970983, 38.925243097375336 ], [ -104.053875650047232, 38.925380344642157 ], [ -104.053871403070318, 38.925517593708094 ], [ -104.053867156113654, 38.925654840970154 ], [ -104.05386290910387, 38.925792090031322 ], [ -104.053858662077644, 38.925929339090068 ], [ -104.053854417377934, 38.926066586373658 ], [ -104.053850170318881, 38.926203835427621 ], [ -104.053810086227656, 38.927637509605916 ], [ -104.05377062768288, 38.929112169426197 ], [ -104.053766958822735, 38.9292493292198 ], [ -104.053763287660402, 38.929386488081583 ], [ -104.053759618790238, 38.92952364696972 ], [ -104.053755947581237, 38.929660806727519 ], [ -104.053752277547844, 38.929797964695815 ], [ -104.053748608635146, 38.929935123576861 ], [ -104.053744937401916, 38.930072282426799 ], [ -104.053741268442465, 38.930209442203783 ], [ -104.053737597180813, 38.930346601048974 ], [ -104.053733927058204, 38.930483759906167 ], [ -104.053730255749841, 38.930620919647367 ], [ -104.053726586752006, 38.930758078514117 ], [ -104.053722916550029, 38.930895239165615 ], [ -104.053719246370662, 38.931032398013308 ], [ -104.053715576177098, 38.931169556858606 ], [ -104.053711904797737, 38.931306716587855 ], [ -104.053708235728976, 38.931443875442753 ], [ -104.053704564339654, 38.931581034266571 ], [ -104.053700895224154, 38.931718194017364 ], [ -104.053697223806395, 38.931855352836429 ], [ -104.053693553527694, 38.931992511667417 ], [ -104.053689884369632, 38.932129671411097 ], [ -104.053686212909355, 38.932266830223014 ], [ -104.053682543741289, 38.932403989061179 ], [ -104.053678872234215, 38.93254114876904 ], [ -104.053675201884545, 38.932678307588112 ], [ -104.05367153152072, 38.932815466404776 ], [ -104.053667861124268, 38.932952626119807 ], [ -104.05366419073205, 38.933089784931745 ], [ -104.053660520307261, 38.93322694464193 ], [ -104.053656849886664, 38.933364103449073 ], [ -104.053653178298617, 38.933501262239496 ], [ -104.053649508984478, 38.933638421956886 ], [ -104.053645837368109, 38.93377558074247 ], [ -104.053643697876325, 38.933855520087384 ], [ -104.053642168062311, 38.933912738653639 ], [ -104.053638496417491, 38.934049897434477 ], [ -104.053634825893383, 38.934187057127907 ], [ -104.053631156545038, 38.934324215031921 ], [ -104.053627484857614, 38.934461373805526 ], [ -104.053623815462544, 38.934598532605463 ], [ -104.053620143765187, 38.934735690473559 ], [ -104.053616473170109, 38.934872850155031 ], [ -104.053612802597556, 38.935010008032663 ], [ -104.053609131992459, 38.935147166808669 ], [ -104.053605462544795, 38.935284324695829 ], [ -104.053601790776455, 38.935421482551888 ], [ -104.053598120110379, 38.935558642221409 ], [ -104.053594448313646, 38.935695800072658 ], [ -104.053590778809237, 38.935832957950218 ], [ -104.053587106984068, 38.935970115796735 ], [ -104.053583437451266, 38.93610727366945 ], [ -104.053579766751014, 38.936244431525452 ], [ -104.053576094883311, 38.936381589364686 ], [ -104.053572425307934, 38.936518747230231 ], [ -104.05356875341181, 38.936655905064669 ], [ -104.053565083826427, 38.936793062024655 ], [ -104.053561411901953, 38.936930219854254 ], [ -104.053557741116506, 38.937067377695776 ], [ -104.053554071488534, 38.937204534648501 ], [ -104.053550399521484, 38.937341692470859 ], [ -104.053546729865161, 38.937478849418781 ], [ -104.053543057888035, 38.93761600633561 ], [ -104.053539387068398, 38.937753162363606 ], [ -104.053535716216217, 38.937890319289956 ], [ -104.053532045349826, 38.93802747621384 ], [ -104.053528375622534, 38.938164633149675 ], [ -104.053524703574439, 38.938301790054417 ], [ -104.053521032683847, 38.938438946070299 ], [ -104.053517360625719, 38.938576102069455 ], [ -104.053513690841669, 38.938713258995605 ], [ -104.053510018773565, 38.938850414089181 ], [ -104.053506348961122, 38.938987571010465 ], [ -104.053502678017949, 38.939124726113597 ], [ -104.053499005888838, 38.939261882100595 ], [ -104.053495336070569, 38.939399037213164 ], [ -104.053491663913121, 38.939536193195337 ], [ -104.053487994066472, 38.939673348303067 ], [ -104.053449929477466, 38.941095450955423 ], [ -104.053414262947001, 38.942552632054806 ], [ -104.053410906568075, 38.942689788308407 ], [ -104.053407549059514, 38.9428269427438 ], [ -104.053404191501244, 38.942964098978251 ], [ -104.053400833948359, 38.943101254309497 ], [ -104.053397477554199, 38.943238408751945 ], [ -104.053394121147122, 38.943375563191942 ], [ -104.05339076359202, 38.943512716714501 ], [ -104.053387407140633, 38.943649872050365 ], [ -104.053384048387784, 38.943787026454437 ], [ -104.053380691947169, 38.94392417998403 ], [ -104.053377334321766, 38.944061334397496 ], [ -104.053373977836756, 38.944198488822948 ], [ -104.053370620203822, 38.944335642330891 ], [ -104.053367263711223, 38.944472795850722 ], [ -104.053363904862138, 38.944609951140862 ], [ -104.053360548343619, 38.944747104655832 ], [ -104.053323602947984, 38.946256403721115 ], [ -104.053286684916287, 38.947764509989142 ], [ -104.053283326872261, 38.947901667036405 ], [ -104.053279969950381, 38.948038824996232 ], [ -104.053276611880378, 38.94817598203857 ], [ -104.053273254932535, 38.948313139993516 ], [ -104.053269897971646, 38.948450297945996 ], [ -104.053266538672503, 38.948587456768024 ], [ -104.053263180513881, 38.948724615601996 ], [ -104.053259823477305, 38.948861775348512 ], [ -104.053256466427825, 38.94899893509259 ], [ -104.05325310821182, 38.949136094819885 ], [ -104.053249749946104, 38.949273256346153 ], [ -104.053246391685803, 38.949410416969222 ], [ -104.053243034547563, 38.949547578504884 ], [ -104.053239676242924, 38.949684740023734 ], [ -104.053236319060389, 38.949821902455234 ], [ -104.053232959539486, 38.949959065756261 ], [ -104.053229602331015, 38.950096228182758 ], [ -104.053226243919269, 38.950233392393926 ], [ -104.053222886629712, 38.950370557517715 ], [ -104.05318911256677, 38.951750056119508 ], [ -104.053168335416515, 38.952598730335609 ], [ -104.053153844702152, 38.953190503307738 ], [ -104.053118794550244, 38.954622074070173 ], [ -104.053115434295151, 38.954759307555051 ], [ -104.053112075198982, 38.95489654015114 ], [ -104.053108713782677, 38.955033772715979 ], [ -104.053099793149087, 38.955398098427878 ], [ -104.053094571149359, 38.955611375170513 ], [ -104.053096655735587, 38.955995403686892 ], [ -104.053097401254433, 38.956132676498711 ], [ -104.053098145622542, 38.956269949293798 ], [ -104.053098891128712, 38.956407223001506 ], [ -104.053099636637782, 38.956544496706819 ], [ -104.053100380996142, 38.956681770395406 ], [ -104.053101125339012, 38.956819044982204 ], [ -104.053101871992013, 38.956956319595321 ], [ -104.053102616340652, 38.95709359417733 ], [ -104.053103361845771, 38.957230868771269 ], [ -104.05310410620018, 38.957368143348432 ], [ -104.053104851692694, 38.957505418838245 ], [ -104.05310559720651, 38.957642693424908 ], [ -104.053106341532811, 38.957779969796292 ], [ -104.053107088169213, 38.957917246193858 ], [ -104.053107832519643, 38.958054521659676 ], [ -104.053108576854584, 38.958191798023705 ], [ -104.053109322346032, 38.958329074399721 ], [ -104.053110067822061, 38.958466351673955 ], [ -104.053110813300904, 38.958603628945802 ], [ -104.053111557647384, 38.958740905300168 ], [ -104.053112304267231, 38.958878183482227 ], [ -104.053113048601105, 38.959015460732459 ], [ -104.05311379291949, 38.959152738880938 ], [ -104.053114538412814, 38.959290016140628 ], [ -104.053115282736968, 38.959427294284289 ], [ -104.053123365155713, 38.960916101667706 ], [ -104.05313093396137, 38.962310241294873 ], [ -104.053131678165173, 38.962447528391998 ], [ -104.053132424660873, 38.962584816416062 ], [ -104.053133168833696, 38.962722105309716 ], [ -104.053133914181529, 38.962859393314545 ], [ -104.053134660685856, 38.962996681331276 ], [ -104.053135404867348, 38.963133970217598 ], [ -104.053143065713499, 38.964545059258718 ], [ -104.053151057609583, 38.966017034761009 ], [ -104.053151801854483, 38.966154323593109 ], [ -104.053152548409827, 38.966291612451414 ], [ -104.053153293814262, 38.966428901292865 ], [ -104.053154038086205, 38.966566189216849 ], [ -104.053154784668521, 38.966703477166966 ], [ -104.053155528909485, 38.966840766887394 ], [ -104.053156274343877, 38.966978054818277 ], [ -104.053157020916487, 38.967115343661703 ], [ -104.053157765202855, 38.967252631573267 ], [ -104.053158510627512, 38.967389920397387 ], [ -104.053159257227179, 38.967527208332704 ], [ -104.053160001522201, 38.967664496236786 ], [ -104.05316074695547, 38.967801785053503 ], [ -104.053161492410084, 38.967939072966971 ], [ -104.0531622378859, 38.968076359977246 ], [ -104.053162983346198, 38.968213647885797 ], [ -104.053163728791048, 38.968350936692566 ], [ -104.053164474275562, 38.968488223695374 ], [ -104.053165219744557, 38.968625511596443 ], [ -104.053165965234797, 38.968762798594291 ], [ -104.053166710709604, 38.968900086490422 ], [ -104.05316745505182, 38.969037373468929 ], [ -104.053168201704509, 38.969174660473662 ], [ -104.053168947206316, 38.969311947461584 ], [ -104.053169691557187, 38.969449234432616 ], [ -104.053170438218601, 38.969586521429889 ], [ -104.053172541798858, 38.969973901006362 ], [ -104.053174599784825, 38.970272954495464 ], [ -104.053175546149916, 38.97041024035677 ], [ -104.053176491383269, 38.970547525300503 ], [ -104.053177436601871, 38.970684811142455 ], [ -104.053178382977947, 38.970822096996258 ], [ -104.053179328222228, 38.970959381932452 ], [ -104.053180273433483, 38.971096668667634 ], [ -104.053181218685097, 38.971233953598833 ], [ -104.05318216507581, 38.971371239442632 ], [ -104.053183110334757, 38.971508524368836 ], [ -104.053184055578967, 38.971645810193259 ], [ -104.053185000845275, 38.971783095114439 ], [ -104.053185947250654, 38.971920380948191 ], [ -104.053186892524238, 38.972057665864369 ], [ -104.053187837764696, 38.972194952579464 ], [ -104.053188784199492, 38.972332237504986 ], [ -104.053189729465672, 38.972469523314338 ], [ -104.053190674753907, 38.972606808220434 ], [ -104.053191618873569, 38.972744094010451 ], [ -104.053192566476838, 38.972881378940237 ], [ -104.053193510603762, 38.973018664725231 ], [ -104.053194455906691, 38.973155949621265 ], [ -104.053195401176424, 38.973293236316309 ], [ -104.053196347640466, 38.973430521221665 ], [ -104.053197292935934, 38.973567807010902 ], [ -104.053207022777954, 38.974980503668739 ], [ -104.053217152020181, 38.976450802683758 ], [ -104.053218096260665, 38.976588087502336 ], [ -104.053219041640318, 38.976725373233442 ], [ -104.053219988195949, 38.976862658075675 ], [ -104.053220933582978, 38.976999943801701 ], [ -104.053221878955242, 38.977137230425924 ], [ -104.053222106429232, 38.977170091758509 ], [ -104.053222824367936, 38.977274515246179 ], [ -104.053223770919828, 38.977411800978963 ], [ -104.053224716339841, 38.977549085794074 ], [ -104.053225661745188, 38.977686371507446 ], [ -104.053226608289705, 38.977823658133296 ], [ -104.053227553720689, 38.977960942940847 ], [ -104.053228499136964, 38.978098228646587 ], [ -104.05322944457528, 38.978235513448993 ], [ -104.053230391152866, 38.978372799163971 ], [ -104.05323133658014, 38.978510084862052 ], [ -104.053232282029441, 38.978647369656876 ], [ -104.053233228599638, 38.978784656264907 ], [ -104.053234174056257, 38.978921941054644 ], [ -104.053235119498183, 38.979059226742557 ], [ -104.053236064962121, 38.979196511527128 ], [ -104.053237011565358, 38.979333797224278 ], [ -104.053237957018254, 38.979471082904503 ], [ -104.053238902493192, 38.97960836768145 ], [ -104.053239846781068, 38.979745654242983 ], [ -104.053240794571252, 38.97988293904352 ], [ -104.053241740038843, 38.980020224713577 ], [ -104.053242684356036, 38.980157510366645 ], [ -104.053243632157248, 38.980294795159523 ], [ -104.053244576481802, 38.980432080807539 ], [ -104.053245521982376, 38.980569365566616 ], [ -104.053246467449839, 38.98070665212456 ], [ -104.053247414093377, 38.980843937793594 ], [ -104.053248359604936, 38.980981222544955 ], [ -104.053249305101772, 38.981118508194513 ], [ -104.053250251774614, 38.981255792955146 ], [ -104.05325119727884, 38.981393078599567 ], [ -104.053252142768272, 38.981530365142156 ], [ -104.053253088298135, 38.981667649880748 ], [ -104.053254034967296, 38.981804935531834 ], [ -104.053254980504448, 38.981942220265267 ], [ -104.053255926026978, 38.982079505896856 ], [ -104.053256871571477, 38.982216790625195 ], [ -104.053257818255275, 38.98235407626602 ], [ -104.053258763770344, 38.982491362790618 ], [ -104.053259709325857, 38.982628647511248 ], [ -104.053260656020697, 38.982765933144343 ], [ -104.0532616015835, 38.9829032178598 ], [ -104.05327200509322, 38.984413247778726 ], [ -104.05328188314202, 38.986180646388121 ], [ -104.053351240653498, 38.998588181049527 ], [ -104.053386871483156, 39.00597432508755 ], [ -104.053422510894109, 39.013360461323252 ], [ -104.05344246878235, 39.020553961353237 ], [ -104.053462428413397, 39.027747453717687 ], [ -104.053481347475127, 39.034950290643508 ], [ -104.053484629163421, 39.03619964050079 ], [ -104.05350063629804, 39.04229288259792 ], [ -104.0531478989287, 39.056690914837823 ], [ -104.053146421557145, 39.056765778882202 ], [ -104.053041947724665, 39.062063366128562 ], [ -104.052933955293824, 39.067538705168104 ], [ -104.052862624294534, 39.071154629153185 ], [ -104.052717201843876, 39.078399718166061 ], [ -104.052571749631568, 39.085644798329724 ], [ -104.0524150143236, 39.09276739927946 ], [ -104.052260940011337, 39.099767735040139 ], [ -104.05225824861202, 39.099889992334383 ], [ -104.051945972862811, 39.114074133947391 ], [ -104.051944630621449, 39.114135151674503 ], [ -104.051631017721917, 39.128374930881172 ] ] ] } }
]
}
